"Authors","Author full names","Author(s) ID","Title","Year","Source title","Volume","Issue","Art. No.","Page start","Page end","Cited by","DOI","Link","Document Type","Publication Stage","Open Access","Source","EID"
"Gorup L.F.; Perlatti B.; Kuznetsov A.; Nascente P.A.D.P.; Wendler E.P.; Dos Santos A.A.; Padilha Barros W.R.; Sequinel T.; Tomitao I.D.M.; Kubo A.M.; Longo E.; Camargo E.R.","Gorup, Luiz Fernando (26658481300); Perlatti, Bruno (55430897000); Kuznetsov, Aleksey (57192936699); Nascente, Pedro Augusto De Paula (6604030527); Wendler, Edison Perevalo (22952252300); Dos Santos, Alcindo A. (35568145300); Padilha Barros, Willyam Róger (55701996900); Sequinel, Thiago (33267843100); Tomitao, Isabela De Macedo (57214934176); Kubo, Andressa Mayumi (57190296082); Longo, Elson (7103022316); Camargo, Emerson Rodrigues (7102485529)","26658481300; 55430897000; 57192936699; 6604030527; 22952252300; 35568145300; 55701996900; 33267843100; 57214934176; 57190296082; 7103022316; 7102485529","Stability of di-butyl-dichalcogenide-capped gold nanoparticles: Experimental data and theoretical insights","2020","RSC Advances","10","11","","6259","6270","14","10.1039/c9ra07147d","https://www.scopus.com/pages/publications/85079526820?origin=resultslist","Article","Final","All Open Access; Gold Open Access; Green Open Access","Scopus","2-s2.0-85079526820"
"Valencia P.; Ibañez F.","Valencia, Pedro (57201824872); Ibañez, Francisco (57225115758)","57201824872; 57225115758","Estimation of the effectiveness factor for immobilized enzyme catalysts through a simple conversion assay","2019","Catalysts","9","11","930","","","11","10.3390/catal9110930","https://www.scopus.com/pages/publications/85075161796?origin=resultslist","Article","Final","All Open Access; Gold Open Access; Green Open Access","Scopus","2-s2.0-85075161796"
"Sáez-Delgado F.; Mella-Norambuena J.; López-Angulo Y.; León-Ron V.","Sáez-Delgado, Fabiola (57205729343); Mella-Norambuena, Javier (57220104352); López-Angulo, Yaranay (57218448927); León-Ron, Verónica (57223132002)","57205729343; 57220104352; 57218448927; 57223132002","Scales to measure self-regulated learning phases in secondary school students; [Escalas para medir las fases de autorregulación del aprendizaje en estudiantes de secundaria]","2021","Informacion Tecnologica","32","2","","41","50","17","10.4067/S0718-07642021000200041","https://www.scopus.com/pages/publications/85105016914?origin=resultslist","Article","Final","All Open Access; Gold Open Access; Green Open Access","Scopus","2-s2.0-85105016914"
"Rodríguez-Blanco T.; Sarabia D.; Navia D.; de Prada C.","Rodríguez-Blanco, Tania (57050236200); Sarabia, Daniel (22981364500); Navia, Daniel (55263003900); de Prada, César (6603379715)","57050236200; 22981364500; 55263003900; 6603379715","Efficient Nested Modifier Adaptation for RTO using Lagrangian functions","2017","Computer Aided Chemical Engineering","40","","","1723","1728","0","10.1016/B978-0-444-63965-3.50289-0","https://www.scopus.com/pages/publications/85041422283?origin=resultslist","Book chapter","Final","","Scopus","2-s2.0-85041422283"
"Lauzurique Y.; Segura S.; Guerra S.; Carvajal A.; Huiliñir C.; Poblete-Castro I.","Lauzurique, Yeney (57225882014); Segura, Sofia (59257778700); Guerra, Silvana (59257890400); Carvajal, Andrea (52063234100); Huiliñir, Cesar (57216785072); Poblete-Castro, Ignacio (54973889700)","57225882014; 59257778700; 59257890400; 52063234100; 57216785072; 54973889700","Enhancing methane production using various forms of steel shavings and their effect on microbial consortia during anaerobic digestion of swine wastewater","2024","Journal of Environmental Chemical Engineering","12","5","113764","","","10","10.1016/j.jece.2024.113764","https://www.scopus.com/pages/publications/85201110353?origin=resultslist","Article","Final","","Scopus","2-s2.0-85201110353"
"Bubnovich V.; Hernandez H.; Toledo M.; Flores C.","Bubnovich, V. (35562140300); Hernandez, H. (57221631503); Toledo, M. (58984742000); Flores, C. (57221635733)","35562140300; 57221631503; 58984742000; 57221635733","Experimental investigation of flame stability in the premixed propane-air combustion in two-section porous media burner","2021","Fuel","291","","120117","","","50","10.1016/j.fuel.2020.120117","https://www.scopus.com/pages/publications/85099665479?origin=resultslist","Article","Final","","Scopus","2-s2.0-85099665479"
"Espinoza-Cartagena F.; Ormazábal-Latorre S.; Pazo-Carballo C.; Gajardo-Parra N.F.; Núñez G.A.; Garrido J.M.; Cea-Klapp E.; Santiago R.; Held C.; Canales R.I.","Espinoza-Cartagena, Franco (58523345300); Ormazábal-Latorre, Sebastián (22035782300); Pazo-Carballo, César (57217833201); Gajardo-Parra, Nicolás F. (57206894689); Núñez, Gonzalo A. (18437589700); Garrido, José Matías (56343679600); Cea-Klapp, Esteban (57204791869); Santiago, Rubén (57200411500); Held, Christoph (60253881400); Canales, Roberto I. (56619042400)","58523345300; 22035782300; 57217833201; 57206894689; 18437589700; 56343679600; 57204791869; 57200411500; 60253881400; 56619042400","Separation of Isoeugenol from Methylcyclohexane as a Model Mixture of Biojet Fuel Purification: Solvent Selection and Liquid-Liquid Equilibrium","2023","Industrial and Engineering Chemistry Research","62","30","","12006","12020","3","10.1021/acs.iecr.3c01440","https://www.scopus.com/pages/publications/85166766003?origin=resultslist","Article","Final","","Scopus","2-s2.0-85166766003"
"Schanze E.; Leiva G.; Gómez M.; Lopez A.","Schanze, Edmundo (57222811889); Leiva, Gilberto (57250353900); Gómez, Miguel (57222013376); Lopez, Alvaro (57203782718)","57222811889; 57250353900; 57222013376; 57203782718","Numerical study of the seismic response of an instrumented building with underground stories","2021","Applied Sciences (Switzerland)","11","7","3190","","","9","10.3390/app11073190","https://www.scopus.com/pages/publications/85104080953?origin=resultslist","Article","Final","All Open Access; Gold Open Access; Green Open Access","Scopus","2-s2.0-85104080953"
"Bravo L.; Ampuero M.; Correa-Puerta J.; Corrales T.P.; Flores S.; Schleyer B.; Hassan N.; Häberle P.; Henríquez R.; del Campo V.","Bravo, Luciano (59400009900); Ampuero, Martín (59399838300); Correa-Puerta, Jonathan (56162308100); Corrales, Tomás P. (54884299600); Flores, Sofía (59399661200); Schleyer, Benjamín (59399661300); Hassan, Natalia (36611719700); Häberle, Patricio (6602338067); Henríquez, Ricardo (12787744700); del Campo, Valeria (35304707500)","59400009900; 59399838300; 56162308100; 54884299600; 59399661200; 59399661300; 36611719700; 6602338067; 12787744700; 35304707500","Glass Surface Nanostructuring by Soft Lithography and Chemical Etching","2024","Nanomaterials","14","21","1714","","","4","10.3390/nano14211714","https://www.scopus.com/pages/publications/85208414099?origin=resultslist","Article","Final","All Open Access; Gold Open Access; Green Open Access","Scopus","2-s2.0-85208414099"
"Valencia P.L.; Sepúlveda B.; Gajardo D.; Astudillo-Castro C.","Valencia, Pedro L. (57201824872); Sepúlveda, Bastián (57218375798); Gajardo, Diego (57193254410); Astudillo-Castro, Carolina (7004510679)","57201824872; 57218375798; 57193254410; 7004510679","Estimating the product inhibition constant from enzyme kinetic equations using the direct linear plot method in one-stage treatment","2020","Catalysts","10","8","853","","","2","10.3390/catal10080853","https://www.scopus.com/pages/publications/85088976611?origin=resultslist","Article","Final","All Open Access; Gold Open Access; Green Open Access","Scopus","2-s2.0-85088976611"
"Villablanca-Ahues R.; López-Porfiri P.; Canales R.I.; de la Fuente J.C.","Villablanca-Ahues, Rafael (57195735320); López-Porfiri, Pablo (57195741941); Canales, Roberto I. (56619042400); de la Fuente, Juan C. (8648287000)","57195735320; 57195741941; 56619042400; 8648287000","High-pressure vapor + liquid equilibria for the binary system CO2 + (E)-2-hexenal","2021","Journal of Supercritical Fluids","168","","105027","","","3","10.1016/j.supflu.2020.105027","https://www.scopus.com/pages/publications/85095418559?origin=resultslist","Article","Final","All Open Access; Green Open Access","Scopus","2-s2.0-85095418559"
"Fuentes A.N.; Claros M.; Barrueto Y.; Jiménez Y.; Justel F.J.","Fuentes, Aldo N. (57224223393); Claros, Martha (36975002400); Barrueto, Yahaira (56612039400); Jiménez, Yecid (27967833900); Justel, Francisca J. (56940698300)","57224223393; 36975002400; 56612039400; 27967833900; 56940698300","Volumetric properties modeling in unsaturated solutions of the ternary Na2SO4 – H2SO4 – H2O and MgSO4 – H2SO4 – H2O systems from 298.15 to 318.15K and at 101.3kPa using the Pitzer equations","2025","Electrochimica Acta","525","","146155","","","0","10.1016/j.electacta.2025.146155","https://www.scopus.com/pages/publications/105001718379?origin=resultslist","Article","Final","","Scopus","2-s2.0-105001718379"
"Casas J.M.; Lagos J.","Casas, Jesús M. (59823947200); Lagos, Josué (57222052480)","59823947200; 57222052480","Drowning-out crystallization of sodium molybdate in aqueous– –ethanol solutions; [Kristalizacija natrijum-molibdata precipitacijom u vodeno-etanolnim rastvorima]","2020","Chemical Industry and Chemical Engineering Quarterly","26","4","","395","399","0","10.2298/CICEQ191029017C","https://www.scopus.com/pages/publications/85101180725?origin=resultslist","Article","Final","All Open Access; Gold Open Access; Green Open Access","Scopus","2-s2.0-85101180725"
"Canales D.; Riff M.-C.; Montero E.","Canales, Darío (57210734854); Riff, María-Cristina (8968006800); Montero, Elizabeth (23398175800)","57210734854; 8968006800; 23398175800","A Simple and Efficient Local Search Algorithm for the Machine Reassignment Problem","2025","Applied Sciences (Switzerland)","15","13","7474","","","0","10.3390/app15137474","https://www.scopus.com/pages/publications/105010199423?origin=resultslist","Article","Final","All Open Access; Gold Open Access; Green Open Access","Scopus","2-s2.0-105010199423"
"Piñones E.; Morosi F.; Apablaza V.; Ozdemir M.","Piñones, Eduardo (57200552273); Morosi, Federico (57204217679); Apablaza, Valentina (59660927700); Ozdemir, Mehmet (57218312365)","57200552273; 57204217679; 59660927700; 57218312365","Development of a Decision Support Tool for Projector-Based Augmented Reality Component Selection Through Design for Mass Personalization Methodology","2025","Lecture Notes in Mechanical Engineering","","","","393","400","0","10.1007/978-3-031-76594-0_45","https://www.scopus.com/pages/publications/85219168360?origin=resultslist","Conference paper","Final","","Scopus","2-s2.0-85219168360"
"de la Fuente J.C.; del Valle J.M.","de la Fuente, Juan C. (8648287000); del Valle, José M. (7005396861)","8648287000; 7005396861","PREFACE","2017","Journal of Supercritical Fluids","129","","","1","2","0","10.1016/j.supflu.2017.07.025","https://www.scopus.com/pages/publications/85028944235?origin=resultslist","Editorial","Final","","Scopus","2-s2.0-85028944235"
"Becerra D.; Walther J.H.; Zambrano H.A.","Becerra, Diego (57218263917); Walther, Jens H. (7102935431); Zambrano, Harvey A. (26222017000)","57218263917; 7102935431; 26222017000","Role of Underlying Substrates on the Interfacial Thermal Transport in Supported Graphene Nanochannels: Implications of Thermal Translucency","2024","Nano Letters","24","39","","12054","12061","5","10.1021/acs.nanolett.4c02106","https://www.scopus.com/pages/publications/85201893999?origin=resultslist","Article","Final","","Scopus","2-s2.0-85201893999"
"Sengupta D.; Sandoval-Pauker C.; Schueller E.; Encerrado-Manriquez A.M.; Metta-Magaña A.; Lee W.-Y.; Seshadri R.; Pinter B.; Fortier S.","Sengupta, Debabrata (56152535400); Sandoval-Pauker, Christian (57209822423); Schueller, Emily (57195733770); Encerrado-Manriquez, Angela M. (57215546682); Metta-Magaña, Alejandro (8358354300); Lee, Wen-Yee (7407089930); Seshadri, Ram (7101697263); Pinter, Balazs (57193426092); Fortier, Skye (24461235800)","56152535400; 57209822423; 57195733770; 57215546682; 8358354300; 7407089930; 7101697263; 57193426092; 24461235800","Isolation of a Bimetallic Cobalt(III) Nitride and Examination of Its Hydrogen Atom Abstraction Chemistry and Reactivity toward H2                         ","2020","Journal of the American Chemical Society","142","18","","8233","8242","15","10.1021/jacs.0c00291","https://www.scopus.com/pages/publications/85084243591?origin=resultslist","Article","Final","","Scopus","2-s2.0-85084243591"
"Huiliñir C.; Acosta L.; Yanez D.; Montalvo S.; Esposito G.; Retamal G.; Levicán G.; Guerrero L.","Huiliñir, C. (57216785072); Acosta, L. (57216209048); Yanez, D. (57193016038); Montalvo, S. (6701371309); Esposito, G. (59514439400); Retamal, G. (57360392200); Levicán, G. (6508286912); Guerrero, L. (7006028997)","57216785072; 57216209048; 57193016038; 6701371309; 59514439400; 57360392200; 6508286912; 7006028997","Corrigendum to “Elemental sulfur-based autotrophic denitrification in stoichiometric S0/N ratio: Calibration and validation of a kinetic model” [Bioresour. Technol. 307 (2020) 123229] (Bioresource Technology (2020) 307, (S0960852420305009), (10.1016/j.biortech.2020.123229))","2022","Bioresource Technology","347","","126445","","","1","10.1016/j.biortech.2021.126445","https://www.scopus.com/pages/publications/85120488665?origin=resultslist","Erratum","Final","","Scopus","2-s2.0-85120488665"
"Ortiz-Soto R.; Leal D.; Gutierrez C.; Aracena A.; León M.; Lazo A.; Lazo P.; Ottosen L.; Hansen H.","Ortiz-Soto, Rodrigo (59506121300); Leal, Daniela (57204756602); Gutierrez, Claudia (35190237200); Aracena, Alvaro (6504525592); León, Marcelo (58332207400); Lazo, Andrea (57191916725); Lazo, Pamela (57191909004); Ottosen, Lisbeth (7003887668); Hansen, Henrik (7403333704)","59506121300; 57204756602; 35190237200; 6504525592; 58332207400; 57191916725; 57191909004; 7003887668; 7403333704","Incidence of Electric Field and Sulfuric Acid Concentration in Electrokinetic Remediation of Cobalt, Copper, and Nickel in Fresh Copper Mine Tailings","2023","Processes","11","1","108","","","4","10.3390/pr11010108","https://www.scopus.com/pages/publications/85146692351?origin=resultslist","Article","Final","All Open Access; Gold Open Access; Green Open Access","Scopus","2-s2.0-85146692351"
"Stoddart C.; Muhammad-Sukki F.; Anderson M.; Ardila-Rey J.A.; Ayub A.S.; Mohd Sahabuddin M.F.; Rahmat M.K.; Muhtazaruddin M.N.; Zulkipli M.","Stoddart, Christopher (57562033300); Muhammad-Sukki, Firdaus (36634597400); Anderson, Mark (57562033400); Ardila-Rey, Jorge Alfredo (55320465400); Ayub, Ahmad Syahrir (57211311586); Mohd Sahabuddin, Mohd Firrdhaus (57562602000); Rahmat, Mohd Khairil (16647443700); Muhtazaruddin, Mohd Nabil (55578437800); Zulkipli, Muhammad (57216158897)","57562033300; 36634597400; 57562033400; 55320465400; 57211311586; 57562602000; 16647443700; 55578437800; 57216158897","A Study of Zero Bid Wind Farm for Future Scotland’s Energy Demands—A New Approach","2022","Applied Sciences (Switzerland)","12","7","3326","","","1","10.3390/app12073326","https://www.scopus.com/pages/publications/85127592979?origin=resultslist","Article","Final","All Open Access; Gold Open Access; Green Open Access","Scopus","2-s2.0-85127592979"
"Martínez M.; Cooper C.D.; Poma A.B.; Guzman H.V.","Martínez, Matías (57214328151); Cooper, Christopher D. (7403318762); Poma, Adolfo B. (57206326030); Guzman, Horacio V. (55658981700)","57214328151; 7403318762; 57206326030; 55658981700","Free Energies of the Disassembly of Viral Capsids from a Multiscale Molecular Simulation Approach","2020","Journal of Chemical Information and Modeling","60","2","","974","981","25","10.1021/acs.jcim.9b00883","https://www.scopus.com/pages/publications/85078681763?origin=resultslist","Article","Final","All Open Access; Green Open Access; Hybrid Gold Open Access","Scopus","2-s2.0-85078681763"
"Pugazhenthiran N.; Valdés H.; Mangalaraja R.V.; Sathishkumar P.; Murugesan S.","Pugazhenthiran, Nalandhiran (23989733500); Valdés, Héctor (14523781400); Mangalaraja, Ramalinga V. (57938995400); Sathishkumar, Panneerselvam (36982069900); Murugesan, Sepperumal (11939362800)","23989733500; 14523781400; 57938995400; 36982069900; 11939362800","Graphene modified “black {0 0 1}TiO2” nanosheets for photocatalytic oxidation of ethylene: The implications of chemical surface characteristics in the reaction mechanism","2022","Separation and Purification Technology","292","","121008","","","23","10.1016/j.seppur.2022.121008","https://www.scopus.com/pages/publications/85127889608?origin=resultslist","Article","Final","","Scopus","2-s2.0-85127889608"
"Huiliñir C.; Fuentes V.; Esposito G.; Montalvo S.; Guerrero L.","Huiliñir, Cesar (57216785072); Fuentes, Vivian (57211664326); Esposito, Giovanni (59514439400); Montalvo, Silvio (6701371309); Guerrero, Lorna (7006028997)","57216785072; 57211664326; 59514439400; 6701371309; 7006028997","Nitrification in the presence of sulfide and organic matter in a sequencing moving bed biofilm reactor (SMBBR) with zeolite as biomass carrier","2020","Journal of Chemical Technology and Biotechnology","95","1","","173","182","10","10.1002/jctb.6219","https://www.scopus.com/pages/publications/85074776531?origin=resultslist","Article","Final","","Scopus","2-s2.0-85074776531"
"Govinda raj M.; Komal M.; Pugazhenthiran N.; Vinoth V.; Sathishkumar P.; Suresh S.; Srituravanich W.; Vasantharaj S.; Anandan S.","Govinda raj, Muniyandi (57223036612); Komal, Murugan (40261740600); Pugazhenthiran, Nalandhiran (23989733500); Vinoth, Victor (59815713100); Sathishkumar, Panneerselvam (36982069900); Suresh, Santhanakrishnan (59959882400); Srituravanich, Werayut (10042690200); Vasantharaj, Seerangaraj (55693580400); Anandan, Sambandam (7004483736)","57223036612; 40261740600; 23989733500; 59815713100; 36982069900; 59959882400; 10042690200; 55693580400; 7004483736","Exploring MXene-based nanomaterials for multifunctional photocatalysis: Competitiveness, challenges, and future directions","2025","Journal of Environmental Chemical Engineering","13","6","120077","","","1","10.1016/j.jece.2025.120077","https://www.scopus.com/pages/publications/105021988011?origin=resultslist","Article","Final","","Scopus","2-s2.0-105021988011"
"Pacheco D.F.; Ceballos L.G.; Castro A.Z.; Conde González M.R.; de la Torre L.G.; Rostgaard L.P.; Espinoza L.; Díaz K.; Olea A.F.; García Y.C.","Pacheco, Daylin Fernández (57222130772); Ceballos, Leonardo González (57219456821); Castro, Armando Zaldo (57193926375); Conde González, Marcos R. (57215584462); de la Torre, Laura González (57222122506); Rostgaard, Lia Pérez (57222128823); Espinoza, Luis (7103098526); Díaz, Katy (56049836400); Olea, Andrés F. (6603911583); García, Yamilet Coll (59158243400)","57222130772; 57219456821; 57193926375; 57215584462; 57222122506; 57222128823; 7103098526; 56049836400; 6603911583; 59158243400","Synthesis of new steroidal carbamates with plant-growth-promoting activity: Theoretical and experimental evidence","2021","International Journal of Molecular Sciences","22","5","2330","1","19","9","10.3390/ijms22052330","https://www.scopus.com/pages/publications/85101506258?origin=resultslist","Article","Final","All Open Access; Gold Open Access; Green Open Access","Scopus","2-s2.0-85101506258"
"Nagarajan P.; Cole I.; Deng Q.; Kuznetsov A.; Oz T.; Kujawska M.","Nagarajan, Palaniappan (56806734800); Cole, Ivan (7006232330); Deng, Qiushi (57471416800); Kuznetsov, Aleksey (57192936699); Oz, Tuba (58545479700); Kujawska, Malgorzata (22634904400)","56806734800; 7006232330; 57471416800; 57192936699; 58545479700; 22634904400","Experimental and theoretical studies of a novel europium decorated carbon nanotube material: investigation of cytotoxicity, electrocatalytic properties, and corrosion inhibition behaviour on Mg AZ31 alloy in 3.5% NaCl environment","2024","New Journal of Chemistry","48","44","","18768","18780","2","10.1039/d4nj03786c","https://www.scopus.com/pages/publications/85207392207?origin=resultslist","Article","Final","","Scopus","2-s2.0-85207392207"
"Martínez-Rojas P.; Benavides-Vergara M.E.; Peña F.J.; Vargas P.","Martínez-Rojas, Patricia (58641595600); Benavides-Vergara, M. Esperanza (58641595700); Peña, Francisco J. (57196489005); Vargas, Patricio (7005330462)","58641595600; 58641595700; 57196489005; 7005330462","Caloric Effect Due to the Aharonov–Bohm Flux in an Antidot","2023","Nanomaterials","13","19","2714","","","1","10.3390/nano13192714","https://www.scopus.com/pages/publications/85173808783?origin=resultslist","Article","Final","All Open Access; Gold Open Access; Green Open Access","Scopus","2-s2.0-85173808783"
"Mellado M.; Madrid A.; Martínez Ú.; Mella J.; Salas C.O.; Cuellar M.","Mellado, Marco (55442913900); Madrid, Alejandro (54915256200); Martínez, Úrsula (57200758548); Mella, Jaime (56925090500); Salas, Cristian O. (7005142287); Cuellar, Mauricio (7005051317)","55442913900; 54915256200; 57200758548; 56925090500; 7005142287; 7005051317","Hansch’s analysis application to chalcone synthesis by Claisen–Schmidt reaction based in DFT methodology","2018","Chemical Papers","72","3","","703","709","28","10.1007/s11696-017-0316-3","https://www.scopus.com/pages/publications/85042386999?origin=resultslist","Article","Final","","Scopus","2-s2.0-85042386999"
"Pavez J.; Allende H.","Pavez, Juan (56909926000); Allende, Héctor (22333831700)","56909926000; 22333831700","A Hybrid System Based on Bayesian Networks and Deep Learning for Explainable Mental Health Diagnosis","2024","Applied Sciences (Switzerland)","14","18","8283","","","12","10.3390/app14188283","https://www.scopus.com/pages/publications/85205325536?origin=resultslist","Article","Final","All Open Access; Gold Open Access","Scopus","2-s2.0-85205325536"
"Carrasco S.; Silva J.; Pino-Cortés E.; Gómez J.; Vallejo F.; Díaz-Robles L.; Campos V.; Cubillos F.; Pelz S.; Paczkowski S.; Cereceda-Balic F.; Vergara-Fernández A.; Lapuerta M.; Pazo A.; Monedero E.; Hoekman K.","Carrasco, Samuel (57204606950); Silva, Javier (7403023118); Pino-Cortés, Ernesto (56830455800); Gómez, Jaime (56391913100); Vallejo, Fidel (57211057346); Díaz-Robles, Luis (23060179200); Campos, Valeria (57209136007); Cubillos, Francisco (6603422314); Pelz, Stefan (56856721500); Paczkowski, Sebastian (39161793400); Cereceda-Balic, Francisco (6508361398); Vergara-Fernández, Albero (16240235200); Lapuerta, Magín (6701834060); Pazo, Amparo (23978248400); Monedero, Esperanza (8963423600); Hoekman, Kent (55340849900)","57204606950; 7403023118; 56830455800; 56391913100; 57211057346; 23060179200; 57209136007; 6603422314; 56856721500; 39161793400; 6508361398; 16240235200; 6701834060; 23978248400; 8963423600; 55340849900","Experimental study on hydrothermal carbonization of lignocellulosic biomass with magnesium chloride for solid fuel production","2020","Processes","8","4","444","","","20","10.3390/PR8040444","https://www.scopus.com/pages/publications/85084575399?origin=resultslist","Article","Final","All Open Access; Gold Open Access; Green Open Access","Scopus","2-s2.0-85084575399"
"Araque I.; Vergara R.; Mella J.; Aránguiz P.; Espinoza-Catalán L.; Salas C.O.; Barrero A.F.; Quílez del Moral J.; Villena J.; Cuellar M.A.","Araque, Ileana (58041960800); Vergara, Rut (58249474100); Mella, Jaime (56925090500); Aránguiz, Pablo (25645588400); Espinoza-Catalán, Luis (7103098526); Salas, Cristian O. (7005142287); Barrero, Alejandro F. (7005888987); Quílez del Moral, José (6602348937); Villena, Joan (23111305400); Cuellar, Mauricio A. (7005051317)","58041960800; 58249474100; 56925090500; 25645588400; 7103098526; 7005142287; 7005888987; 6602348937; 23111305400; 7005051317","New Dimethoxyaryl-Sesquiterpene Derivatives with Cytotoxic Activity Against MCF-7 Breast Cancer Cells: From Synthesis to Topoisomerase I/II Inhibition and Cell Death Mechanism Studies","2025","International Journal of Molecular Sciences","26","10","4539","","","2","10.3390/ijms26104539","https://www.scopus.com/pages/publications/105007053868?origin=resultslist","Article","Final","All Open Access; Gold Open Access; Green Open Access","Scopus","2-s2.0-105007053868"
"Hernández N.; Fuentes A.; Reszka P.; Fernández-Pello A.C.","Hernández, N. (57199996868); Fuentes, A. (8725383200); Reszka, P. (23098198000); Fernández-Pello, A.C. (56577851600)","57199996868; 8725383200; 23098198000; 56577851600","Piloted ignition delay times on optically thin PMMA cylinders","2019","Proceedings of the Combustion Institute","37","3","","3993","4000","22","10.1016/j.proci.2018.06.053","https://www.scopus.com/pages/publications/85051602186?origin=resultslist","Article","Final","","Scopus","2-s2.0-85051602186"
"Barros-Everett T.; Montero E.; Rojas-Morales N.","Barros-Everett, Tomás (59707343000); Montero, Elizabeth (23398175800); Rojas-Morales, Nicolás (57191042436)","59707343000; 23398175800; 57191042436","Parameter Prediction for Metaheuristic Algorithms Solving Routing Problem Instances Using Machine Learning","2025","Applied Sciences (Switzerland)","15","6","2946","","","5","10.3390/app15062946","https://www.scopus.com/pages/publications/105000899344?origin=resultslist","Article","Final","All Open Access; Gold Open Access; Green Open Access","Scopus","2-s2.0-105000899344"
"Cepeda F.; Demarco R.; Escudero F.; Cruz Villanueva J.J.; Carvajal G.; Fuentes A.","Cepeda, Francisco (57193537729); Demarco, Rodrigo (42361029000); Escudero, Felipe (57021488500); Cruz Villanueva, Juan José (58221978600); Carvajal, Gonzalo (14824758100); Fuentes, Andrés (8725383200)","57193537729; 42361029000; 57021488500; 58221978600; 14824758100; 8725383200","Influence of the oxygen index on acoustically forced laminar ethylene non-premixed flames","2022","Combustion and Flame","236","","111745","","","11","10.1016/j.combustflame.2021.111745","https://www.scopus.com/pages/publications/85116405983?origin=resultslist","Article","Final","","Scopus","2-s2.0-85116405983"
"Herrera F.; Mora A.; Cárdenas R.; Díaz M.; Rodríguez J.; Rivera M.","Herrera, Felipe (57200985096); Mora, Andrés (56893222400); Cárdenas, Roberto (35608353200); Díaz, Matías (55788130700); Rodríguez, José (57203271100); Rivera, Marco (35230846600)","57200985096; 56893222400; 35608353200; 55788130700; 57203271100; 35230846600","An Optimal Switching Sequence Model Predictive Control Scheme for the 3L-NPC Converter with Output LC Filter","2024","Processes","12","2","348","","","7","10.3390/pr12020348","https://www.scopus.com/pages/publications/85185940310?origin=resultslist","Article","Final","All Open Access; Gold Open Access; Green Open Access","Scopus","2-s2.0-85185940310"
"Seccatore J.; Ordóñez Guaycha C.; Montalvo Rodríguez P.; Reyes Céspedes E.; Andrade Rodríguez L.D.; Marin T.","Seccatore, Jacopo (54986227400); Ordóñez Guaycha, Christian (60543865400); Montalvo Rodríguez, Pamela (60544655400); Reyes Céspedes, Ernesto (58636176200); Andrade Rodríguez, Luis David (60543470700); Marin, Tatiane (36613362700)","54986227400; 60543865400; 60544655400; 58636176200; 60543470700; 36613362700","Experimental Evaluation of Agricultural Ammonium Nitrate as an Explosive in Underground Artisanal Mining","2026","Applied Sciences (Switzerland)","16","6","2630","","","0","10.3390/app16062630","https://www.scopus.com/pages/publications/105034260501?origin=resultslist","Article","Final","All Open Access; Gold Open Access; Green Open Access","Scopus","2-s2.0-105034260501"
"Malik A.N.; Tahir M.N.; Ali A.; Ashfaq M.; Ibrahim M.; Kuznetsov A.E.; Assiri M.A.; Sameeh M.Y.","Malik, Abida Naseem (57390689500); Tahir, Muhammad Nawaz (57218157967); Ali, Akbar (58781465400); Ashfaq, Muhammad (57307211600); Ibrahim, Muhammad (7402468437); Kuznetsov, Aleksey E. (57192936699); Assiri, Mohammed A. (57195309416); Sameeh, Manal Y. (57074085500)","57390689500; 57218157967; 58781465400; 57307211600; 7402468437; 57192936699; 57195309416; 57074085500","Preparation, Crystal Structure, Supramolecular Assembly, and DFT Studies of Two Organic Salts Bearing Pyridine and Pyrimidine","2023","ACS Omega","8","28","","25034","25047","22","10.1021/acsomega.3c01659","https://www.scopus.com/pages/publications/85164928373?origin=resultslist","Article","Final","All Open Access; Gold Open Access; Green Open Access","Scopus","2-s2.0-85164928373"
"Rosati V.; Cruz J.J.; Escudero F.; Chen D.; Fuentes A.","Rosati, V. (58675080500); Cruz, J.J. (58221978600); Escudero, F. (57021488500); Chen, D. (55696850100); Fuentes, A. (8725383200)","58675080500; 58221978600; 57021488500; 55696850100; 8725383200","Soot properties characterization of aviation Jet A-1 laminar non-premixed coflow flame","2024","Experimental Thermal and Fluid Science","151","","111092","","","9","10.1016/j.expthermflusci.2023.111092","https://www.scopus.com/pages/publications/85175464401?origin=resultslist","Article","Final","","Scopus","2-s2.0-85175464401"
"Hansen H.K.; Neira Z.; Gutiérrez C.; Lazo A.; Lazo P.; Hansen M.E.; Ollino M.; Caneo C.; Ottosen L.M.","Hansen, Henrik K. (7403333704); Neira, Zenovia (57571823200); Gutiérrez, Claudia (35190237200); Lazo, Andrea (57191916725); Lazo, Pamela (57191909004); Hansen, Marcela E. (57571823300); Ollino, Mario (6507864297); Caneo, Cecilia (8668785200); Ottosen, Lisbeth M. (7003887668)","7403333704; 57571823200; 35190237200; 57191916725; 57191909004; 57571823300; 6507864297; 8668785200; 7003887668","As(III)-to-As(V) Oxidation in Copper Smelter Wastewater by In Situ-Generated Ozone","2022","Chemical Engineering and Technology","45","6","","1201","1206","3","10.1002/ceat.202100584","https://www.scopus.com/pages/publications/85127939187?origin=resultslist","Article","Final","All Open Access; Bronze Open Access; Green Open Access","Scopus","2-s2.0-85127939187"
"Viveros P.; Pantoja N.C.; Kristjanpoller F.; Mena R.","Viveros, Pablo (55234845600); Pantoja, Nicolás Cárdenas (57242489000); Kristjanpoller, Fredy (55227316300); Mena, Rodrigo (55575303800)","55234845600; 57242489000; 55227316300; 55575303800","Reportability Tool Design: Assessing Grouping Schemes for Strategic Decision Making in Maintenance Planning from a Stochastic Perspective","2022","Applied Sciences (Switzerland)","12","11","5386","","","2","10.3390/app12115386","https://www.scopus.com/pages/publications/85131560648?origin=resultslist","Article","Final","All Open Access; Gold Open Access; Green Open Access","Scopus","2-s2.0-85131560648"
"Mohammadnejad S.; Mohammadi M.R.; Ghartavol H.M.; Askari M.","Mohammadnejad, S. (57201444374); Mohammadi, M. Reza (7006407516); Ghartavol, H. Mokarami (57191825191); Askari, M. (6701646460)","57201444374; 7006407516; 57191825191; 6701646460","Lithium-functionalized graphene oxide with a low load of Pt as an efficient counter electrode for dye-sensitized solar cells","2024","Journal of Applied Electrochemistry","54","2","","275","287","6","10.1007/s10800-023-01967-z","https://www.scopus.com/pages/publications/85169589635?origin=resultslist","Article","Final","All Open Access","Scopus","2-s2.0-85169589635"
"Orellana-Saez M.; Gutierrez-Urrutia I.; Rodriguez-Oyarzo F.; Cordero-Jorquera B.; Carvajal A.; Castro-Nallar E.; Saldias C.; Hernandez-Vargas E.A.; Rivero-Buceta V.; Zacconi F.C.; Poblete-Castro I.","Orellana-Saez, Matias (57208862589); Gutierrez-Urrutia, Izabook (57201923767); Rodriguez-Oyarzo, Fabian (60164615700); Cordero-Jorquera, Benjamin (60164615800); Carvajal, Andrea (52063234100); Castro-Nallar, Eduardo (54411924800); Saldias, Cesar (26429986800); Hernandez-Vargas, Esteban A. (12038776500); Rivero-Buceta, Virginia (57218627585); Zacconi, Flavia C. (33667991400); Poblete-Castro, Ignacio (54973889700)","57208862589; 57201923767; 60164615700; 60164615800; 52063234100; 54411924800; 26429986800; 12038776500; 57218627585; 33667991400; 54973889700","Sustainable Open Production of Short–Medium-Chain Length Polyhydroxyalkanoates from Crude Glycerol in Batch and Fed-Batch Bioreactors by Pseudomonas frigusceleri MPC6","2025","ACS Sustainable Chemistry and Engineering","13","43","","18448","18461","1","10.1021/acssuschemeng.5c03946","https://www.scopus.com/pages/publications/105020376007?origin=resultslist","Article","Final","All Open Access; Green Open Access","Scopus","2-s2.0-105020376007"
"Aravena R.I.; del Valle J.M.; de la Fuente J.C.","Aravena, Raúl I. (57218526186); del Valle, José M. (7005396861); de la Fuente, Juan C. (8648287000)","57218526186; 7005396861; 8648287000","Supercritical CO2 extraction of aqueous suspensions of disrupted Haematococcus pluvialis cysts","2022","Journal of Supercritical Fluids","181","","105392","","","7","10.1016/j.supflu.2021.105392","https://www.scopus.com/pages/publications/85120498312?origin=resultslist","Article","Final","","Scopus","2-s2.0-85120498312"
"Duran M.I.; González C.; Acosta A.; Olea A.F.; Díaz K.; Espinoza L.","Duran, María Isabel (57193555607); González, Cesar (57210538317); Acosta, Alison (57193557427); Olea, Andrés F. (6603911583); Díaz, Katy (56049836400); Espinoza, Luis (7103098526)","57193555607; 57210538317; 57193557427; 6603911583; 56049836400; 7103098526","Synthesis of five known brassinosteroid analogs from hyodeoxycholic acid and their activities as plant-growth regulators","2017","International Journal of Molecular Sciences","18","3","516","","","22","10.3390/ijms18030516","https://www.scopus.com/pages/publications/85014827888?origin=resultslist","Article","Final","All Open Access; Gold Open Access; Green Open Access","Scopus","2-s2.0-85014827888"
"Ahmed M.A.; Kim Y.-C.","Ahmed, Mohamed A. (57211429785); Kim, Young-Chon (8917739800)","57211429785; 8917739800","Energy trading with electric vehicles in smart campus parking lots","2018","Applied Sciences (Switzerland)","8","10","1749","","","29","10.3390/app8101749","https://www.scopus.com/pages/publications/85054079355?origin=resultslist","Article","Final","All Open Access; Gold Open Access; Green Open Access","Scopus","2-s2.0-85054079355"
"Pinto P.E.; Verdugo I.; Littin M.; Severino G.; Cruz J.J.; Escudero F.; Demarco R.; Fuentes A.","Pinto, Pablo E. (57216417316); Verdugo, Ignacio (57217955968); Littin, Mijail (58550141200); Severino, Gonzalo (55911944000); Cruz, Juan J. (58221978600); Escudero, Felipe (57021488500); Demarco, Rodrigo (42361029000); Fuentes, Andrés (8725383200)","57216417316; 57217955968; 58550141200; 55911944000; 58221978600; 57021488500; 42361029000; 8725383200","Soot propensity of Eucalyptus globulus laminar flames at different coflow indices","2026","Fuel","415","","138357","","","0","10.1016/j.fuel.2026.138357","https://www.scopus.com/pages/publications/105027870664?origin=resultslist","Article","Final","","Scopus","2-s2.0-105027870664"
"Grant L.N.; Krzystek J.; Pinter B.; Telser J.; Grützmacher H.; Mindiola D.J.","Grant, Lauren N. (56943040900); Krzystek, J. (24425373800); Pinter, Balazs (57193426092); Telser, Joshua (7004435585); Grützmacher, Hansjörg (7006612159); Mindiola, Daniel J. (6701799019)","56943040900; 24425373800; 57193426092; 7004435585; 7006612159; 6701799019","Finding a soft spot for vanadium: A P-bound OCP ligand","2019","Chemical Communications","55","42","","5966","5969","25","10.1039/c9cc01500k","https://www.scopus.com/pages/publications/85065976310?origin=resultslist","Article","Final","All Open Access; Green Open Access","Scopus","2-s2.0-85065976310"
"Cordero-Jorquera B.; Gutierrez-Urrutia I.; Guerra-Arredondo S.; Orellana-Saez M.; Fuentes I.; Jofre-Dupre P.; Lebrero R.; Rivero-Buceta V.; Carvajal A.; Poblete-Castro I.","Cordero-Jorquera, Benjamin (60164615800); Gutierrez-Urrutia, Izabook (57201923767); Guerra-Arredondo, Silvana (60560793700); Orellana-Saez, Matias (57208862589); Fuentes, Ismael (57212081477); Jofre-Dupre, Pablo (59175471600); Lebrero, Raquel (36134644700); Rivero-Buceta, Virginia (57218627585); Carvajal, Andrea (52063234100); Poblete-Castro, Ignacio (54973889700)","60164615800; 57201923767; 60560793700; 57208862589; 57212081477; 59175471600; 36134644700; 57218627585; 52063234100; 54973889700","Poly(3-hydroxybutyrate) production from swine wastewater and waste vegetable oil by Cupriavidus necator in nonsterile bioreactors","2026","Bioresource Technology","451","","134554","","","0","10.1016/j.biortech.2026.134554","https://www.scopus.com/pages/publications/105034889896?origin=resultslist","Article","Final","All Open Access; Green Open Access","Scopus","2-s2.0-105034889896"
"Brito D.; Gómez R.; Carvajal G.; Reyes-Chamorro L.; Ramírez G.","Brito, Diego (58030347500); Gómez, René (57146229200); Carvajal, Gonzalo (14824758100); Reyes-Chamorro, Lorenzo (56374774600); Ramírez, Guillermo (57195339923)","58030347500; 57146229200; 14824758100; 56374774600; 57195339923","Identification of Impact Frequency for Down-the-Hole Drills Using Motor Current Signature Analysis","2023","Applied Sciences (Switzerland)","13","8","4650","","","3","10.3390/app13084650","https://www.scopus.com/pages/publications/85156172295?origin=resultslist","Article","Final","All Open Access; Gold Open Access; Green Open Access","Scopus","2-s2.0-85156172295"
"Ferrada P.; Marzo A.; Ferrández M.R.; Reina E.R.; Ivorra B.; Correa-Puerta J.; Campo V.D.","Ferrada, Pablo (36703939600); Marzo, Aitor (36704736200); Ferrández, Miriam Ruiz (57201429990); Reina, Emilio Ruiz (57946964900); Ivorra, Benjamin (58843082200); Correa-Puerta, Jonathan (56162308100); Campo, Valeria del (35304707500)","36703939600; 36704736200; 57201429990; 57946964900; 58843082200; 56162308100; 35304707500","Optimization of N-PERT Solar Cell under Atacama Desert Solar Spectrum","2022","Nanomaterials","12","20","3554","","","6","10.3390/nano12203554","https://www.scopus.com/pages/publications/85140930975?origin=resultslist","Article","Final","All Open Access; Gold Open Access; Green Open Access","Scopus","2-s2.0-85140930975"
"Orellana F.; Rivera M.; Benítez M.; Belmonte K.; Vinnett L.","Orellana, Francisca (57903787800); Rivera, Marcelo (58946707100); Benítez, Matías (58945960300); Belmonte, Karyn (58360238400); Vinnett, Luis (36905627300)","57903787800; 58946707100; 58945960300; 58360238400; 36905627300","On the selection of the coarsest size class in flotation rate characterizations","2023","Physicochemical Problems of Mineral Processing","59","5","176950","","","0","10.37190/PPMP/176950","https://www.scopus.com/pages/publications/85188168837?origin=resultslist","Article","Final","All Open Access; Gold Open Access; Green Open Access","Scopus","2-s2.0-85188168837"
"Rivera J.I.; Ebensperger F.; Valenzuela F.; Escandar L.; Reszka P.; Fuentes A.","Rivera, José Ignacio (57214812189); Ebensperger, Fernando (58000015400); Valenzuela, Francisco (57434817000); Escandar, Leonardo (57999802900); Reszka, Pedro (23098198000); Fuentes, Andrés (8725383200)","57214812189; 58000015400; 57434817000; 57999802900; 23098198000; 8725383200","Understanding the role of fire retardants on the discontinuous ignition of wildland fuels","2023","Proceedings of the Combustion Institute","39","3","","3775","3783","7","10.1016/j.proci.2022.09.067","https://www.scopus.com/pages/publications/85143739613?origin=resultslist","Article","Final","","Scopus","2-s2.0-85143739613"
"Guerrero K.; Gallardo R.; González E.; Veliz F.; Conejeros R.; Gentina J.C.; Aroca G.","Guerrero, Karlo (23134789700); Gallardo, Roberto (55999234200); González, Ernesto (56856511800); Veliz, Fabián (57382042800); Conejeros, Raúl (35611393300); Gentina, Juan Carlos (7004106285); Aroca, Germán (6603177229)","23134789700; 55999234200; 56856511800; 57382042800; 35611393300; 7004106285; 6603177229","Butanol production by Clostridium acetobutylicum ATCC 824 using electro-fermentation in culture medium supplemented with butyrate and neutral red","2022","Journal of Chemical Technology and Biotechnology","97","6","","1526","1535","15","10.1002/jctb.7007","https://www.scopus.com/pages/publications/85121561788?origin=resultslist","Article","Final","","Scopus","2-s2.0-85121561788"
"Cirera A.; Vourkas I.; Rubio A.; Perez M.","Cirera, Albert (8432064600); Vourkas, Ioannis (35173992700); Rubio, Antonio (55910353000); Perez, Marcelo (7403043717)","8432064600; 35173992700; 55910353000; 7403043717","Stochastic Resonance Exploration in Current-driven ReRAM Devices","2022","Proceedings of the IEEE Conference on Nanotechnology","2022-July","","","543","546","7","10.1109/NANO54668.2022.9928748","https://www.scopus.com/pages/publications/85142456577?origin=resultslist","Conference paper","Final","All Open Access; Green Open Access","Scopus","2-s2.0-85142456577"
"Otero M.; Lea-Carnall C.; Prado P.; Escobar M.-J.; El-Deredy W.","Otero, Monica (57205191839); Lea-Carnall, Caroline (57151401000); Prado, Pavel (11240325600); Escobar, Maria-Jose (24437696600); El-Deredy, Wael (6603616278)","57205191839; 57151401000; 11240325600; 24437696600; 6603616278","Modelling neural entrainment and its persistence: influence of frequency of stimulation and phase at the stimulus offset","2022","Biomedical Physics and Engineering Express","8","4","045014","","","11","10.1088/2057-1976/ac605a","https://www.scopus.com/pages/publications/85133144208?origin=resultslist","Article","Final","All Open Access; Hybrid Gold Open Access","Scopus","2-s2.0-85133144208"
"Dolado Fernández J.; Eloy-García J.; Arnaltes Gómez S.; Kouro S.; Renaudineau H.; Rodríguez Amenedo J.L.","Dolado Fernández, Juan (58107272200); Eloy-García, Joaquín (37664770800); Arnaltes Gómez, Santiago (22940466300); Kouro, Samir (55897205100); Renaudineau, Hugues (48761935200); Rodríguez Amenedo, José Luis (9333506100)","58107272200; 37664770800; 22940466300; 55897205100; 48761935200; 9333506100","Virtual Flux Control Methods for Grid-Forming Converters: A Four-Method Comparison","2025","Applied Sciences (Switzerland)","15","9","5157","","","1","10.3390/app15095157","https://www.scopus.com/pages/publications/105004908873?origin=resultslist","Article","Final","All Open Access; Gold Open Access; Green Open Access","Scopus","2-s2.0-105004908873"
"Cepeda F.; Nobakht A.; Verdugo I.; Fuentes A.; Dworkin S.B.; Karataş A.E.","Cepeda, Francisco (57193537729); Nobakht, Aryan (59510840500); Verdugo, Ignacio (57217955968); Fuentes, Andrés (8725383200); Dworkin, Seth B. (13004256700); Karataş, Ahmet E. (36486796500)","57193537729; 59510840500; 57217955968; 8725383200; 13004256700; 36486796500","The effect of pressure up to 6 atm over soot maturity in laminar ethylene flames","2025","Combustion and Flame","274","","113977","","","5","10.1016/j.combustflame.2025.113977","https://www.scopus.com/pages/publications/85214794073?origin=resultslist","Article","Final","","Scopus","2-s2.0-85214794073"
"Nagarajan P.; Cole I.S.; Kuznetsov A.; Manickam S.","Nagarajan, Palaniappan (56806734800); Cole, Ivan S. (7006232330); Kuznetsov, Aleksey (57192936699); Manickam, Sivakumar (45661701600)","56806734800; 7006232330; 57192936699; 45661701600","Facile synthesis of Tb-decorated graphene oxide: Electrochemical stability, hydrogen storage, and corrosion inhibition of Mg AZ13 alloy in 3.5% NaCl medium","2020","RSC Advances","11","2","","662","670","5","10.1039/d0ra08766a","https://www.scopus.com/pages/publications/85099393555?origin=resultslist","Article","Final","All Open Access; Gold Open Access; Green Open Access","Scopus","2-s2.0-85099393555"
"Arshad A.A.; Ramirez C.; Colicigno F.; Marra F.","Arshad, Ahmad Adeel (60023229700); Ramirez, Cristian (36870781000); Colicigno, Francesca (60145850100); Marra, Francesco (7005436761)","60023229700; 36870781000; 60145850100; 7005436761","Easy Digital Control of Refractance Window and Microwave Heating Drying for Sustainable Valorization of Orange Residuals","2025","Chemical Engineering Transactions ","118","","","13","18","0","","https://www.scopus.com/pages/publications/105019090153?origin=resultslist","Article","Final","","Scopus","2-s2.0-105019090153"
"Taborda M.I.; Catalan K.N.; Orellana N.; Bezjak D.; Enrione J.; Acevedo C.A.; Corrales T.P.","Taborda, María I. (58769895300); Catalan, Karina N. (57208834444); Orellana, Nicole (57201341543); Bezjak, Dragica (58487944500); Enrione, Javier (15829018400); Acevedo, Cristian A. (7004963806); Corrales, Tomas P. (54884299600)","58769895300; 57208834444; 57201341543; 58487944500; 15829018400; 7004963806; 54884299600","Micropatterned Nanofiber Scaffolds of Salmon Gelatin, Chitosan, and Poly(vinyl alcohol) for Muscle Tissue Engineering","2023","ACS Omega","8","50","","47883","47896","13","10.1021/acsomega.3c06436","https://www.scopus.com/pages/publications/85180115690?origin=resultslist","Article","Final","All Open Access; Gold Open Access; Green Open Access","Scopus","2-s2.0-85180115690"
"Figueroa H.; Aristizabal J.; Reinoso-Guerra E.; Arce B.; Vargas-Straube M.J.; Gentil D.; Ramírez C.; Cordero J.; Barrera N.P.; Parra C.","Figueroa, Helen (58749769600); Aristizabal, Juliet (55326069100); Reinoso-Guerra, Elías (57222905786); Arce, Bárbara (57218529042); Vargas-Straube, María José (37125291400); Gentil, Dana (57199049148); Ramírez, Cristian (36870781000); Cordero, José (58283324200); Barrera, Nelson P. (8885141600); Parra, Carolina (23980927900)","58749769600; 55326069100; 57222905786; 57218529042; 37125291400; 57199049148; 36870781000; 58283324200; 8885141600; 23980927900","Fractional Factorial Design to Evaluate the Synthesis and Electrochemical Transfer Parameters of h-BN Coatings","2023","Nanomaterials","13","23","2992","","","3","10.3390/nano13232992","https://www.scopus.com/pages/publications/85178956237?origin=resultslist","Article","Final","All Open Access; Gold Open Access; Green Open Access","Scopus","2-s2.0-85178956237"
"Pacheco D.F.; Alonso D.; Ceballos L.G.; Castro A.Z.; Brown Roldán S.; García Díaz M.; Villa Testa A.; Wagner S.F.; Piloto-Ferrer J.; García Y.C.; Olea A.F.; Espinoza L.","Pacheco, Daylin Fernández (57222130772); Alonso, Dayana (57203782417); Ceballos, Leonardo González (57219456821); Castro, Armando Zaldo (57193926375); Brown Roldán, Sheila (57853424100); García Díaz, Mairelys (57853699100); Villa Testa, Anabel (57853645200); Wagner, Sarah Fuentes (57853475600); Piloto-Ferrer, Janet (24468492600); García, Yamilet Coll (59158243400); Olea, Andrés F. (6603911583); Espinoza, Luis (7103098526)","57222130772; 57203782417; 57219456821; 57193926375; 57853424100; 57853699100; 57853645200; 57853475600; 24468492600; 59158243400; 6603911583; 7103098526","Synthesis of Four Steroidal Carbamates with Antitumor Activity against Mouse Colon Carcinoma CT26WT Cells: In Vitro and In Silico Evidence","2022","International Journal of Molecular Sciences","23","15","8775","","","2","10.3390/ijms23158775","https://www.scopus.com/pages/publications/85136342540?origin=resultslist","Article","Final","All Open Access; Gold Open Access; Green Open Access","Scopus","2-s2.0-85136342540"
"Ibarra E.J.; Arias-Londoño J.D.; Zañartu M.; Godino-Llorente J.I.","Ibarra, Emiro J. (55859117100); Arias-Londoño, Julián D. (25935867100); Zañartu, Matías (15838299100); Godino-Llorente, Juan I. (6506282623)","55859117100; 25935867100; 15838299100; 6506282623","Towards a Corpus (and Language)-Independent Screening of Parkinson’s Disease from Voice and Speech through Domain Adaptation","2023","Bioengineering","10","11","1316","","","23","10.3390/bioengineering10111316","https://www.scopus.com/pages/publications/85178154148?origin=resultslist","Article","Final","All Open Access; Gold Open Access; Green Open Access","Scopus","2-s2.0-85178154148"
"Arriagada S.; Jaques A.; Vinnett L.; Acuña C.","Arriagada, S. (57214682495); Jaques, A. (22834960500); Vinnett, L. (36905627300); Acuña, C. (24337375500)","57214682495; 22834960500; 36905627300; 24337375500","A modified Yoon and Luttrell model for predicting the efficiency of particle-bubble collision","2020","Powder Technology","361","","","990","994","12","10.1016/j.powtec.2019.10.099","https://www.scopus.com/pages/publications/85078874654?origin=resultslist","Article","Final","","Scopus","2-s2.0-85078874654"
"Lopez C.; Herrmann B.; Demarco R.; Escudero F.","Lopez, Constanza (60357001100); Herrmann, Benjamin (56652225000); Demarco, Rodrigo (42361029000); Escudero, Felipe (57021488500)","60357001100; 56652225000; 42361029000; 57021488500","Sparse Sensor Placement and Physics Informed Neural Networks for Temperature and Velocity Fields Reconstruction in Non-Premixed Laminar Flames","2026","Combustion Science and Technology","","","","","","0","10.1080/00102202.2026.2642891","https://www.scopus.com/pages/publications/105032839384?origin=resultslist","Article","Article in press","","Scopus","2-s2.0-105032839384"
"Quintanilla P.; Navia D.; Neethling S.J.; Brito-Parada P.R.","Quintanilla, Paulina (57202787636); Navia, Daniel (55263003900); Neethling, Stephen J. (57204345798); Brito-Parada, Pablo R. (53879322500)","57202787636; 55263003900; 57204345798; 53879322500","Centralised economic model predictive control of froth flotation banks with experimental implementation","2025","Chemical Engineering Research and Design","224","","","467","481","1","10.1016/j.cherd.2025.11.037","https://www.scopus.com/pages/publications/105022684338?origin=resultslist","Article","Final","All Open Access; Hybrid Gold Open Access","Scopus","2-s2.0-105022684338"
"Kubo M.T.K.; Baicu A.; Erdogdu F.; Poças M.F.; Silva C.L.M.; Simpson R.; Vitali A.A.; Augusto P.E.D.","Kubo, Mirian T. K. (55627064800); Baicu, Adina (57203836077); Erdogdu, Ferruh (6602143510); Poças, Maria Fátima (57215893447); Silva, Cristina L. M. (7201387397); Simpson, Ricardo (56239119700); Vitali, Alfredo A. (7004899904); Augusto, Pedro E. D. (34869073400)","55627064800; 57203836077; 6602143510; 57215893447; 7201387397; 56239119700; 7004899904; 34869073400","Thermal processing of food: Challenges, innovations and opportunities. A position paper","2023","Food Reviews International","39","6","","3344","3369","27","10.1080/87559129.2021.2012789","https://www.scopus.com/pages/publications/85122092273?origin=resultslist","Review","Final","","Scopus","2-s2.0-85122092273"
"Menéndez-Proupin E.; Morell E.S.; Marques G.E.; Trallero-Giner C.","Menéndez-Proupin, E. (6602902940); Morell, E. Suárez (36545126000); Marques, G.E. (7006311213); Trallero-Giner, C. (7005476176)","6602902940; 36545126000; 7006311213; 7005476176","Lattice vibration modes and electron-phonon interactions in monolayer vs. bilayer of transition metal dichalcogenides","2024","RSC Advances","14","8","","5234","5247","7","10.1039/d3ra08759j","https://www.scopus.com/pages/publications/85184993133?origin=resultslist","Article","Final","All Open Access; Gold Open Access; Green Open Access","Scopus","2-s2.0-85184993133"
"Cortés E.; Gaviño D.; Calderón-Vásquez I.; García J.; Estay D.; Cardemil J.M.; Barraza R.","Cortés, Eduardo (57225453803); Gaviño, David (57698365600); Calderón-Vásquez, Ignacio (57222377356); García, Jesús (55839829200); Estay, Danilo (55577212400); Cardemil, José M. (36536484300); Barraza, Rodrigo (56979154900)","57225453803; 57698365600; 57222377356; 55839829200; 55577212400; 36536484300; 56979154900","Application of layer view factor method in high temperature thermal storage packed bed","2024","Applied Thermal Engineering","236","","121471","","","4","10.1016/j.applthermaleng.2023.121471","https://www.scopus.com/pages/publications/85171636164?origin=resultslist","Article","Final","","Scopus","2-s2.0-85171636164"
"Littin M.; Poux A.; Lefevre G.; Mazur M.; Escudero F.; Fuentes A.; Yon J.","Littin, M. (58550141200); Poux, A. (37011563400); Lefevre, G. (59267923800); Mazur, M. (57057054500); Escudero, F. (57021488500); Fuentes, A. (8725383200); Yon, J. (15123574200)","58550141200; 37011563400; 59267923800; 57057054500; 57021488500; 8725383200; 15123574200","Spline-based Abel Transform (SAT) radial property reconstruction for noise and trapping correction: Application to axisymmetric sooting flames","2024","Fuel","374","","132365","","","9","10.1016/j.fuel.2024.132365","https://www.scopus.com/pages/publications/85197521453?origin=resultslist","Article","Final","","Scopus","2-s2.0-85197521453"
"Acosta A.; Antipán J.; Fernández M.; Prado G.; Sandoval-Altamirano C.; Günther G.; Gutiérrez-Urrutia I.; Poblete-Castro I.; Vega A.; Pizarro N.","Acosta, Alison (57193557427); Antipán, Javier (57355478300); Fernández, Mariano (57220909645); Prado, Gaspar (57194780432); Sandoval-Altamirano, Catalina (57195067713); Günther, Germán (7004556991); Gutiérrez-Urrutia, Izabook (57201923767); Poblete-Castro, Ignacio (54973889700); Vega, Andrés (57218171110); Pizarro, Nancy (56193145500)","57193557427; 57355478300; 57220909645; 57194780432; 57195067713; 7004556991; 57201923767; 54973889700; 57218171110; 56193145500","Photochemistry of P,N-bidentate rhenium(i) tricarbonyl complexes: Reactive species generation and potential application for antibacterial photodynamic therapy","2021","RSC Advances","11","51","","31959","31966","16","10.1039/d1ra06416a","https://www.scopus.com/pages/publications/85120053842?origin=resultslist","Article","Final","All Open Access; Gold Open Access; Green Open Access","Scopus","2-s2.0-85120053842"
"Barrueto Guzmán A.; Chávez Oróstica H.; Barbosa K.A.","Barrueto Guzmán, Aldo (56907023000); Chávez Oróstica, Héctor (57195871307); Barbosa, Karina A. (13806427500)","56907023000; 57195871307; 13806427500","Stability Analysis: Two-Area Power System with Wind Power Integration","2023","Processes","11","8","2488","","","6","10.3390/pr11082488","https://www.scopus.com/pages/publications/85169093564?origin=resultslist","Article","Final","All Open Access; Gold Open Access; Green Open Access","Scopus","2-s2.0-85169093564"
"Parot R.; Rivera J.I.; Reszka P.; Torero J.L.; Fuentes A.","Parot, Roberto (57357376300); Rivera, José Ignacio (57214812189); Reszka, Pedro (23098198000); Torero, José Luis (7004558676); Fuentes, Andrés (8725383200)","57357376300; 57214812189; 23098198000; 7004558676; 8725383200","A simplified analytical model for radiation dominated ignition of solid fuels exposed to multiple non-steady heat fluxes","2022","Combustion and Flame","237","","111866","","","16","10.1016/j.combustflame.2021.111866","https://www.scopus.com/pages/publications/85120360311?origin=resultslist","Article","Final","All Open Access; Green Open Access","Scopus","2-s2.0-85120360311"
"Núnez F. A.; Vial R.; Evensen C.; Munoz-Herrera C.; Díaz R. L.; Jovicic V.; Delgado A.; Toledo M.","Núnez F., Alfredo (58637717500); Vial, Rocío (58637540800); Evensen, Cristóbal (58637078500); Munoz-Herrera, Claudio (58632430600); Díaz R., Luis (58637717600); Jovicic, Vojislav (56594932400); Delgado, Antonio (7201675989); Toledo, Mario (58984742000)","58637717500; 58637540800; 58637078500; 58632430600; 58637717600; 56594932400; 7201675989; 58984742000","Numerical and experimental investigation of irradiance profiles on suspended particles in a flat disk photoreactor for hydrogen generation","2023","Chemical Engineering Science","282","","119298","","","2","10.1016/j.ces.2023.119298","https://www.scopus.com/pages/publications/85173604902?origin=resultslist","Article","Final","","Scopus","2-s2.0-85173604902"
"Oliveira-Silva E.; de Prada C.; Montes D.; Navia D.","Oliveira-Silva, Erika (57207877554); de Prada, Cesar (6603379715); Montes, Daniel (57312074700); Navia, Daniel (55263003900)","57207877554; 6603379715; 57312074700; 55263003900","Economic MPC with modifier adaptation using transient measurements","2023","Computers and Chemical Engineering","173","","108205","","","8","10.1016/j.compchemeng.2023.108205","https://www.scopus.com/pages/publications/85149775303?origin=resultslist","Article","Final","All Open Access; Green Open Access; Hybrid Gold Open Access","Scopus","2-s2.0-85149775303"
"Sadino-Riquelme M.C.; Rivas J.; Jeison D.; Donoso-Bravo A.; Hayes R.E.","Sadino-Riquelme, M. Constanza (57214892787); Rivas, José (57204664136); Jeison, David (6507881259); Donoso-Bravo, Andrés (25723108900); Hayes, Robert E. (57203044203)","57214892787; 57204664136; 6507881259; 25723108900; 57203044203","Integrating mechanical mixing, headspace, and rheology in a computational model for a fermentation process","2023","Canadian Journal of Chemical Engineering","101","11","","6240","6260","3","10.1002/cjce.24845","https://www.scopus.com/pages/publications/85147592487?origin=resultslist","Article","Final","All Open Access; Hybrid Gold Open Access","Scopus","2-s2.0-85147592487"
"Corvalán C.; Espinoza Pérez A.T.; Díaz-Robles L.A.; Cubillos F.; Vallejo F.; Gómez J.; Pino-Cortés E.; Espinoza-Pérez L.; Pelz S.K.; Paczkowski S.; Rumberg M.; Carrasco S.; Silva J.; Lapuerta M.; Cereceda-Balic F.; Pazo A.; Monedero E.; Meriño J.F.","Corvalán, Constanza (57223848729); Espinoza Pérez, Andrea Teresa (57203582471); Díaz-Robles, Luis A. (23060179200); Cubillos, Francisco (6603422314); Vallejo, Fidel (57211057346); Gómez, Jaime (56391913100); Pino-Cortés, Ernesto (56830455800); Espinoza-Pérez, Lorena (57222140496); Pelz, Stefan K. (56856721500); Paczkowski, Sebastian (39161793400); Rumberg, Michael (57223852068); Carrasco, Samuel (57204606950); Silva, Javier (7403023118); Lapuerta, Magín (6701834060); Cereceda-Balic, Francisco (6508361398); Pazo, Amparo (23978248400); Monedero, Esperanza (8963423600); Meriño, Juan Figueroa (57223869748)","57223848729; 57203582471; 23060179200; 6603422314; 57211057346; 56391913100; 56830455800; 57222140496; 56856721500; 39161793400; 57223852068; 57204606950; 7403023118; 6701834060; 6508361398; 23978248400; 8963423600; 57223869748","Life cycle assessment for hydrothermal carbonization of urban organic solid waste in comparison with gasification process: A case study of Southern Chile","2021","Environmental Progress and Sustainable Energy","40","6","e13688","","","25","10.1002/ep.13688","https://www.scopus.com/pages/publications/85106331948?origin=resultslist","Article","Final","","Scopus","2-s2.0-85106331948"
"González I.A.; Henríquez M.A.; Cortés-Arriagada D.; Natali M.; Daniliuc C.G.; Dreyse P.; Maze J.; Rojas R.S.; Salas C.O.; Cabrera A.R.","González, Iván A. (8304295700); Henríquez, Marco A. (57203159778); Cortés-Arriagada, Diego (47560926600); Natali, Mirco (54991922900); Daniliuc, Constantin G. (14522335700); Dreyse, Paulina (14035589500); Maze, Jerónimo (16426150300); Rojas, René S. (56441810100); Salas, Cristian O. (7005142287); Cabrera, Alan R. (36704519900)","8304295700; 57203159778; 47560926600; 54991922900; 14522335700; 14035589500; 16426150300; 56441810100; 7005142287; 36704519900","Heteroleptic Cu(i) complexes bearing methoxycarbonyl-imidoylindazole and POP ligands-an experimental and theoretical study of their photophysical properties","2018","New Journal of Chemistry","42","15","","12576","12586","13","10.1039/c8nj00699g","https://www.scopus.com/pages/publications/85050748171?origin=resultslist","Article","Final","","Scopus","2-s2.0-85050748171"
"Escudero F.; Cruz J.J.; Verdugo I.; Gutierrez N.; Liu F.; Yon J.; Fuentes A.","Escudero, Felipe (57021488500); Cruz, Juan J. (58221978600); Verdugo, Ignacio (57217955968); Gutierrez, Nicolás (57225207479); Liu, Fengshan (55493554300); Yon, Jérôme (15123574200); Fuentes, Andrés (8725383200)","57021488500; 58221978600; 57217955968; 57225207479; 55493554300; 15123574200; 8725383200","Effect of maturity on soot volume fraction measurements using the AC-LII technique in a laminar coflow ethylene diffusion flame","2023","Proceedings of the Combustion Institute","39","1","","1505","1514","11","10.1016/j.proci.2022.10.013","https://www.scopus.com/pages/publications/85142859931?origin=resultslist","Article","Final","","Scopus","2-s2.0-85142859931"
"Mery-Araya C.; Lear G.; Perez-Garcia O.; Astudillo-Garcia C.; Singhal N.","Mery-Araya, Camila (55000014900); Lear, G. (23978142300); Perez-Garcia, Octavio (36237664600); Astudillo-Garcia, Carmen (57189729895); Singhal, Naresh (7004394142)","55000014900; 23978142300; 36237664600; 57189729895; 7004394142","Using carbon substrate as a selection pressure to enhance the potential of aerobic granular sludge microbial communities for removing contaminants of emerging concern","2019","Bioresource Technology","290","","121705","","","24","10.1016/j.biortech.2019.121705","https://www.scopus.com/pages/publications/85068436162?origin=resultslist","Article","Final","","Scopus","2-s2.0-85068436162"
"Araus K.A.; Casado V.; del Valle J.M.; Robert P.S.; de la Fuente J.C.","Araus, Karina A. (26022760500); Casado, Víctor (54381441900); del Valle, José M. (7005396861); Robert, Paz S. (7201370337); de la Fuente, Juan C. (8648287000)","26022760500; 54381441900; 7005396861; 7201370337; 8648287000","Cosolvent effect of ethanol on the solubility of lutein in supercritical carbon dioxide","2019","Journal of Supercritical Fluids","143","","","205","210","37","10.1016/j.supflu.2018.08.012","https://www.scopus.com/pages/publications/85052873421?origin=resultslist","Article","Final","All Open Access; Green Open Access","Scopus","2-s2.0-85052873421"
"Sluka V.; Schneider T.; Gallardo R.A.; Kákay A.; Weigand M.; Warnatz T.; Mattheis R.; Roldán-Molina A.; Landeros P.; Tiberkevich V.; Slavin A.; Schütz G.; Erbe A.; Deac A.; Lindner J.; Raabe J.; Fassbender J.; Wintz S.","Sluka, Volker (52164473300); Schneider, Tobias (56954241900); Gallardo, Rodolfo A. (36439493500); Kákay, Attila (56002209700); Weigand, Markus (32467534200); Warnatz, Tobias (56109430500); Mattheis, Roland (7006297211); Roldán-Molina, Alejandro (56100390900); Landeros, Pedro (8450437400); Tiberkevich, Vasil (6602716924); Slavin, Andrei (7005346692); Schütz, Gisela (7102515792); Erbe, Artur (6701683585); Deac, Alina (8323762100); Lindner, Jürgen (7201829701); Raabe, Jörg (9242126200); Fassbender, Jürgen (9247546900); Wintz, Sebastian (35192582500)","52164473300; 56954241900; 36439493500; 56002209700; 32467534200; 56109430500; 7006297211; 56100390900; 8450437400; 6602716924; 7005346692; 7102515792; 6701683585; 8323762100; 7201829701; 9242126200; 9247546900; 35192582500","Emission and propagation of 1D and 2D spin waves with nanoscale wavelengths in anisotropic spin textures","2019","Nature Nanotechnology","14","4","","328","333","161","10.1038/s41565-019-0383-4","https://www.scopus.com/pages/publications/85062075074?origin=resultslist","Article","Final","All Open Access; Green Open Access","Scopus","2-s2.0-85062075074"
"Stavroulakis E.; Vasileiadis N.; Mavropoulis A.; Chatzipaschalis I.K.; Tsipas E.; Rallis K.; Vourkas I.; Dimitrakis P.; Sirakoulis G.C.","Stavroulakis, Emmanouil (58519566600); Vasileiadis, Nikolaos (59956516700); Mavropoulis, Alexandros (57673604200); Chatzipaschalis, Ioannis K. (58532989400); Tsipas, Evangelos (58092774100); Rallis, Konstantinos (57216847222); Vourkas, Ioannis (35173992700); Dimitrakis, Panagiotis (6602434067); Sirakoulis, Georgios Ch. (6603624934)","58519566600; 59956516700; 57673604200; 58532989400; 58092774100; 57216847222; 35173992700; 6602434067; 6603624934","A TCAD Model for Silicon Nitride Based Memristive Devices","2023","Proceedings of the IEEE Conference on Nanotechnology","2023-July","","","571","575","2","10.1109/NANO58406.2023.10231233","https://www.scopus.com/pages/publications/85173589442?origin=resultslist","Conference paper","Final","All Open Access; Green Open Access","Scopus","2-s2.0-85173589442"
"Escudero F.; Chernov V.; Cruz J.J.; Magaña E.; Herrmann B.; Fuentes A.","Escudero, Felipe (57021488500); Chernov, Victor (7201429513); Cruz, Juan J. (58221978600); Magaña, Efraín (59229069600); Herrmann, Benjamín (56652225000); Fuentes, Andrés (8725383200)","57021488500; 7201429513; 58221978600; 59229069600; 56652225000; 8725383200","Robust automatic retrieval of soot volume fraction, temperature and radiation for axisymmetric flames","2024","Proceedings of the Combustion Institute","40","1-4","105493","","","4","10.1016/j.proci.2024.105493","https://www.scopus.com/pages/publications/85199284912?origin=resultslist","Article","Final","All Open Access; Hybrid Gold Open Access","Scopus","2-s2.0-85199284912"
"Olea A.F.; Rubio J.; Sedan C.; Carvajal D.; Nuñez M.; Espinoza L.; Llovera L.; Nuñez G.; Taborga L.; Carrasco H.","Olea, Andres F. (6603911583); Rubio, Julia (57192646797); Sedan, Claudia (57192644012); Carvajal, Denisse (57208085960); Nuñez, Maria (57195949103); Espinoza, Luis (7103098526); Llovera, Ligia (35170135700); Nuñez, Gerard (59428781300); Taborga, Lautaro (54917081900); Carrasco, Héctor (9041590400)","6603911583; 57192646797; 57192644012; 57208085960; 57195949103; 7103098526; 35170135700; 59428781300; 54917081900; 9041590400","Antifungal Activity of 2-Allylphenol Derivatives on the Botrytis cinerea Strain: Assessment of Possible Action Mechanism","2023","International Journal of Molecular Sciences","24","7","6530","","","10","10.3390/ijms24076530","https://www.scopus.com/pages/publications/85152325174?origin=resultslist","Article","Final","All Open Access; Gold Open Access; Green Open Access","Scopus","2-s2.0-85152325174"
"Díaz P.; Reinao C.; Cornejo I.","Díaz, Pablo (59792005300); Reinao, Consuelo (58161138200); Cornejo, Iván (39761491700)","59792005300; 58161138200; 39761491700","A predictive model for flow distribution in dual-zone packed bed reactors","2025","Chemical Engineering Journal","515","","162962","","","3","10.1016/j.cej.2025.162962","https://www.scopus.com/pages/publications/105004550180?origin=resultslist","Article","Final","","Scopus","2-s2.0-105004550180"
"Carrasco-Sáez J.L.; Contreras-Saavedra C.; San-Martín-Quiroga S.; Contreras-Saavedra C.E.; Viveros-Muñoz R.","Carrasco-Sáez, José Luis (57198803447); Contreras-Saavedra, Carolina (58034728700); San-Martín-Quiroga, Sheny (59734985000); Contreras-Saavedra, Carla E. (57218440663); Viveros-Muñoz, Rhoddy (57464390300)","57198803447; 58034728700; 59734985000; 57218440663; 57464390300","Analyzing Higher Education Students’ Prompting Techniques and Their Impact on ChatGPT’s Performance: An Exploratory Study in Spanish","2025","Applied Sciences (Switzerland)","15","14","7651","","","3","10.3390/app15147651","https://www.scopus.com/pages/publications/105011744904?origin=resultslist","Article","Final","All Open Access; Gold Open Access; Green Open Access","Scopus","2-s2.0-105011744904"
"Mehta D.D.; Kobler J.B.; Zeitels S.M.; Zañartu M.; Erath B.D.; Motie-Shirazi M.; Peterson S.D.; Petrillo R.H.; Hillman R.E.","Mehta, Daryush D. (24179154700); Kobler, James B. (57205990002); Zeitels, Steven M. (7006611260); Zañartu, Matías (15838299100); Erath, Byron D. (13404663000); Motie-Shirazi, Mohsen (57209296738); Peterson, Sean D. (7202288175); Petrillo, Robert H. (57203662458); Hillman, Robert E. (7103042301)","24179154700; 57205990002; 7006611260; 15838299100; 13404663000; 57209296738; 7202288175; 57203662458; 7103042301","Toward development of a vocal fold contact pressure probe: Bench-Top validation of a Dual-Sensor Probe using excised human larynx models","2019","Applied Sciences (Switzerland)","9","20","4360","","","13","10.3390/app9204360","https://www.scopus.com/pages/publications/85074133236?origin=resultslist","Article","Final","All Open Access; Gold Open Access; Green Open Access","Scopus","2-s2.0-85074133236"
"Lascano S.; Arévalo C.; Montealegre-Melendez I.; Muñoz S.; Rodriguez-Ortiz J.A.; Trueba P.; Torres Y.","Lascano, Sheila (56010754300); Arévalo, Cristina (56105337200); Montealegre-Melendez, Isabel (35275710500); Muñoz, Sergio (14054592200); Rodriguez-Ortiz, José A. (55568532702); Trueba, Paloma (55858061100); Torres, Yadir (7003715500)","56010754300; 56105337200; 35275710500; 14054592200; 55568532702; 55858061100; 7003715500","Porous titanium for biomedical applications: Evaluation of the conventional powder metallurgy frontier and space-holder technique","2019","Applied Sciences (Switzerland)","9","5","982","","","83","10.3390/app9050982","https://www.scopus.com/pages/publications/85063695529?origin=resultslist","Article","Final","All Open Access; Gold Open Access; Green Open Access","Scopus","2-s2.0-85063695529"
"Liu F.; Yon J.; Morán J.; Kelesidis G.; Escudero F.; Fuentes A.","Liu, Fengshan (55493554300); Yon, Jérôme (15123574200); Morán, José (55547139535); Kelesidis, Georgios (57192415722); Escudero, Felipe (57021488500); Fuentes, Andrés (8725383200)","55493554300; 15123574200; 55547139535; 57192415722; 57021488500; 8725383200","Progress in multi-scale modeling of soot particle aggregation in laminar sooting flames","2025","Progress in Energy and Combustion Science","110","","101234","","","10","10.1016/j.pecs.2025.101234","https://www.scopus.com/pages/publications/105007763555?origin=resultslist","Review","Final","","Scopus","2-s2.0-105007763555"
"Hernández N.; Fuentes A.; Consalvi J.L.; Elicer-Cortés J.C.","Hernández, N. (57199996868); Fuentes, A. (8725383200); Consalvi, J.L. (6506341914); Elicer-Cortés, J.C. (6603367970)","57199996868; 8725383200; 6506341914; 6603367970","Spontaneous ignition of wildland fuel by idealized firebrands","2018","Experimental Thermal and Fluid Science","95","","","88","95","20","10.1016/j.expthermflusci.2018.01.037","https://www.scopus.com/pages/publications/85044716938?origin=resultslist","Article","Final","All Open Access; Green Open Access","Scopus","2-s2.0-85044716938"
"Ramírez N.; Vega-Castro O.; Simpson R.; Ramirez C.; Nuñez H.","Ramírez, Natalia (57220955049); Vega-Castro, Oscar (56063397600); Simpson, Ricardo (56239119700); Ramirez, Cristian (36870781000); Nuñez, Helena (7003943176)","57220955049; 56063397600; 56239119700; 36870781000; 7003943176","Effect of pulsed vacuum and laser microperforations on the potential acceleration of chicken meat marination","2021","Journal of Food Process Engineering","44","3","e13627","","","18","10.1111/jfpe.13627","https://www.scopus.com/pages/publications/85097948952?origin=resultslist","Article","Final","","Scopus","2-s2.0-85097948952"
"Medina-Cuy F.; Martínez D.; Domínguez-Adame F.; Orellana P.A.","Medina-Cuy, Fabián (59221712300); Martínez, Dunkan (57419449800); Domínguez-Adame, Francisco (7006806128); Orellana, P.A. (56246097800)","59221712300; 57419449800; 7006806128; 56246097800","Majorana bound states in a driven quantum dot","2023","European Physical Journal Plus","138","8","701","","","3","10.1140/epjp/s13360-023-04326-1","https://www.scopus.com/pages/publications/85168364315?origin=resultslist","Article","Final","All Open Access; Hybrid Gold Open Access","Scopus","2-s2.0-85168364315"
"González C.; Simpson R.; Vega O.; de Campo V.; Pinto M.; Fuentes L.; Nuñez H.; Young A.K.; Ramírez C.","González, Claudia (57212573721); Simpson, Ricardo (56239119700); Vega, Oscar (56063397600); de Campo, Valeria (35304707500); Pinto, Marlene (55964078500); Fuentes, Lida (35483854600); Nuñez, Helena (7003943176); Young, Ashley K. (59859889900); Ramírez, Cristian (36870781000)","57212573721; 56239119700; 56063397600; 35304707500; 55964078500; 35483854600; 7003943176; 59859889900; 36870781000","Effect of particle size on in vitro intestinal digestion of emulsion-filled gels: Mathematical analysis based on the Gallagher–Corrigan model","2020","Food and Bioproducts Processing","120","","","33","40","14","10.1016/j.fbp.2019.12.009","https://www.scopus.com/pages/publications/85077133568?origin=resultslist","Article","Final","","Scopus","2-s2.0-85077133568"
"Val del Rio A.; Campos J.L.; Da Silva C.; Pedrouso A.; Mosquera-Corral A.","Val del Rio, Angeles (37066754000); Campos, Jose L. (56147689900); Da Silva, Cristopher (35517736700); Pedrouso, Alba (57189495110); Mosquera-Corral, Anuska (6603261499)","37066754000; 56147689900; 35517736700; 57189495110; 6603261499","Determination of the intrinsic kinetic parameters of ammonia-oxidizing and nitrite-oxidizing bacteria in granular and flocculent sludge","2019","Separation and Purification Technology","213","","","571","577","20","10.1016/j.seppur.2018.12.048","https://www.scopus.com/pages/publications/85059423563?origin=resultslist","Article","Final","","Scopus","2-s2.0-85059423563"
"Santacruz-Yunga E.; Silva-Rojas P.; Plaza E.; Trejo-Soto C.","Santacruz-Yunga, E. (58619622300); Silva-Rojas, P. (59716846200); Plaza, E. (36987075800); Trejo-Soto, C. (54279608700)","58619622300; 59716846200; 36987075800; 54279608700","Smoothed particle hydrodynamics modeling and experimental validation of pressure-driven microchannel filling","2025","Physics of Fluids","37","8","082031","","","0","10.1063/5.0283435","https://www.scopus.com/pages/publications/105013060159?origin=resultslist","Article","Final","","Scopus","2-s2.0-105013060159"
"Moreno J.; Mphachoe P.; Sáez-Trautmann G.; Guerra-Valle M.; Simpson R.; Nuñez H.","Moreno, Jorge (7401924776); Mphachoe, Pabala (57217485064); Sáez-Trautmann, Guido (57217491749); Guerra-Valle, María (57202739017); Simpson, Ricardo (56239119700); Nuñez, Helena (7003943176)","7401924776; 57217485064; 57217491749; 57202739017; 56239119700; 7003943176","Comparison of moderate electric field and conventional marination methods applied to chicken breast muscles","2020","Journal of Food Process Engineering","43","9","e13455","","","5","10.1111/jfpe.13455","https://www.scopus.com/pages/publications/85087302317?origin=resultslist","Article","Final","","Scopus","2-s2.0-85087302317"
"Frydel D.","Frydel, Derek (6507979900)","6507979900","Active oscillator: Recurrence relation approach","2024","Physics of Fluids","36","1","011910","","","7","10.1063/5.0179375","https://www.scopus.com/pages/publications/85182734820?origin=resultslist","Article","Final","All Open Access; Bronze Open Access","Scopus","2-s2.0-85182734820"
"Kristjanpoller F.; Cárdenas-Pantoja N.; Viveros P.; Mena R.","Kristjanpoller, Fredy (55227316300); Cárdenas-Pantoja, Nicolás (57242489000); Viveros, Pablo (55234845600); Mena, Rodrigo (55575303800)","55227316300; 57242489000; 55234845600; 55575303800","Criticality analysis based on reliability and failure propagation effect for a complex wastewater treatment plant","2021","Applied Sciences (Switzerland)","11","22","10836","","","6","10.3390/app112210836","https://www.scopus.com/pages/publications/85119625332?origin=resultslist","Article","Final","All Open Access; Gold Open Access; Green Open Access","Scopus","2-s2.0-85119625332"
"Donoso-Bravo A.; Sadino-Riquelme M.C.; Vicencio M.; Zorrilla F.; Valdebenito B.; Hansen F.","Donoso-Bravo, Andrés (25723108900); Sadino-Riquelme, María Constanza (57214892787); Vicencio, Martín (60512720600); Zorrilla, Fernando (57374313700); Valdebenito, Bastián (60513541400); Hansen, Felipe (57192708423)","25723108900; 57214892787; 60512720600; 57374313700; 60513541400; 57192708423","How Scheduled Maintenance Affects Anaerobic Digester Supervision Through Modelling: A Practical Approach","2024","Methane","3","4","","561","568","0","10.3390/methane3040031","https://www.scopus.com/pages/publications/105033094737?origin=resultslist","Article","Final","All Open Access; Gold Open Access; Green Open Access","Scopus","2-s2.0-105033094737"
"Yap V.; Escudero F.; Chen D.; Fuentes A.; Demarco R.","Yap, Valentina (59229526100); Escudero, Felipe (57021488500); Chen, Dongping (55696850100); Fuentes, Andrés (8725383200); Demarco, Rodrigo (42361029000)","59229526100; 57021488500; 55696850100; 8725383200; 42361029000","Investigating soot formation in RP-3 combustion using numerical simulations and experimental validation","2026","Fuel","406","","136959","","","2","10.1016/j.fuel.2025.136959","https://www.scopus.com/pages/publications/105018176217?origin=resultslist","Article","Final","","Scopus","2-s2.0-105018176217"
"del Valle J.M.; Carrasco C.V.; Toledo F.R.; Núñez G.A.","del Valle, José M. (7005396861); Carrasco, Constanza V. (57205702382); Toledo, Felipe R. (57205706609); Núñez, Gonzalo A. (18437589700)","7005396861; 57205702382; 57205706609; 18437589700","Particle size distribution and stratification of pelletized oilseeds affects cumulative supercritical CO2 extraction plots","2019","Journal of Supercritical Fluids","146","","","189","198","11","10.1016/j.supflu.2019.01.017","https://www.scopus.com/pages/publications/85061176231?origin=resultslist","Article","Final","","Scopus","2-s2.0-85061176231"
"Lopez-Campos M.; Stegmaier R.; Candón E.","Lopez-Campos, Monica (57190215108); Stegmaier, Raúl (55249392600); Candón, Eduardo (57214692023)","57190215108; 55249392600; 57214692023","The Concession Contract as an Instrument to Safeguard the Long-Term Condition of Logistics Infrastructure Assets","2023","Lecture Notes in Mechanical Engineering","","","","708","715","0","10.1007/978-3-031-25448-2_66","https://www.scopus.com/pages/publications/85151153576?origin=resultslist","Conference paper","Final","","Scopus","2-s2.0-85151153576"
"Díaz-Cádiz M.E.; Peterson S.D.; Galindo G.E.; Espinoza V.M.; Motie-Shirazi M.; Erath B.D.; Zañartu M.","Díaz-Cádiz, Manuel E. (57208501961); Peterson, Sean D. (7202288175); Galindo, Gabriel E. (56442236700); Espinoza, Víctor M. (57195395721); Motie-Shirazi, Mohsen (57209296738); Erath, Byron D. (13404663000); Zañartu, Matías (15838299100)","57208501961; 7202288175; 56442236700; 57195395721; 57209296738; 13404663000; 15838299100","Estimating vocal fold contact pressure from raw laryngeal high-speed videoendoscopy using a Hertz contact model","2019","Applied Sciences (Switzerland)","9","11","2384","","","15","10.3390/app9112384","https://www.scopus.com/pages/publications/85067243966?origin=resultslist","Article","Final","All Open Access; Gold Open Access; Green Open Access","Scopus","2-s2.0-85067243966"
"Ramírez M.; Tenorio M.J.; Ramírez C.; Jaques A.; Nuñez H.; Simpson R.; Vega O.","Ramírez, M. (57191333506); Tenorio, M.J. (57205705307); Ramírez, C. (36870781000); Jaques, A. (22834960500); Nuñez, H. (7003943176); Simpson, R. (56239119700); Vega, O. (56063397600)","57191333506; 57205705307; 36870781000; 22834960500; 7003943176; 56239119700; 56063397600","Optimization of hot-air drying conditions for cassava flour for its application in gluten-free pasta formulation","2019","Food Science and Technology International","25","5","","414","428","9","10.1177/1082013219828269","https://www.scopus.com/pages/publications/85061199350?origin=resultslist","Article","Final","","Scopus","2-s2.0-85061199350"
"Banerjee A.; Shanmugasundaram D.; Raghavan V.","Banerjee, Arnav (58251141600); Shanmugasundaram, D. (57505239800); Raghavan, Vasudevan (13608408600)","58251141600; 57505239800; 13608408600","Flame stability of Ammonia-LPG Fuel Blend-An Experimental Study","2025","Journal of Fluid Flow, Heat and Mass Transfer","12","1","","73","82","0","10.11159/jffhmt.2025.007","https://www.scopus.com/pages/publications/86000488477?origin=resultslist","Article","Final","All Open Access; Gold Open Access","Scopus","2-s2.0-86000488477"
"Dominguez M.P.; Mendoza J.; Hechenleitner R.","Dominguez, Maria Paz (57215526680); Mendoza, Jeamilette (58489721100); Hechenleitner, Reiner (59654237200)","57215526680; 58489721100; 59654237200","Continuous and batch methylene blue removal using avocado seed carbon: Performance evaluation and kinetic analysis","2025","Bioresource Technology Reports","29","","102071","","","2","10.1016/j.biteb.2025.102071","https://www.scopus.com/pages/publications/85218906161?origin=resultslist","Article","Final","","Scopus","2-s2.0-85218906161"
"Verdugo I.; Martin P.; Escudero F.; Pinto P.E.; Demarco R.; Yon J.; Fuentes A.","Verdugo, I. (57217955968); Martin, P. (60177598400); Escudero, F. (57021488500); Pinto, P.E. (57216417316); Demarco, R. (42361029000); Yon, J. (15123574200); Fuentes, A. (8725383200)","57217955968; 60177598400; 57021488500; 57216417316; 42361029000; 15123574200; 8725383200","Soot propensity of a new renewable carbon neutral LPG fuel","2025","Proceedings of the Combustion Institute","41","","105937","","","1","10.1016/j.proci.2025.105937","https://www.scopus.com/pages/publications/105021220560?origin=resultslist","Article","Final","","Scopus","2-s2.0-105021220560"
"Cornejo I.; Nikrityuk P.; Hayes R.E.","Cornejo, Ivan (39761491700); Nikrityuk, Petr (10338934200); Hayes, Robert E. (57203044203)","39761491700; 10338934200; 57203044203","Turbulence generation after a monolith in automotive catalytic converters","2018","Chemical Engineering Science","187","","","107","116","26","10.1016/j.ces.2018.04.041","https://www.scopus.com/pages/publications/85046632986?origin=resultslist","Article","Final","","Scopus","2-s2.0-85046632986"
"Aracena A.; Azocar A.; Ibáñez J.P.; Jerez O.","Aracena, Alvaro (6504525592); Azocar, Alan (57208756049); Ibáñez, Juan Patricio (7101992325); Jerez, Oscar (35242436200)","6504525592; 57208756049; 7101992325; 35242436200","Mechanism and leaching kinetics of molybdenite concentrate in a hydrogen peroxide-acid system","2019","Physicochemical Problems of Mineral Processing","55","1","","140","152","10","10.5277/ppmp18139","https://www.scopus.com/pages/publications/85065746135?origin=resultslist","Article","Final","","Scopus","2-s2.0-85065746135"
"Cassis J.P.; Gatica J.; Rojas-Morales N.; Hernández Castellanos C.","Cassis, Juan Pablo (60576630100); Gatica, Joaquín (60576630200); Rojas-Morales, Nicolás (57191042436); Hernández Castellanos, Carlos (59507466900)","60576630100; 60576630200; 57191042436; 59507466900","MHMetLib: A New Performance Indicators Library for Trajectory and Population-Based Metaheuristics","2026","Applied Sciences (Switzerland)","16","7","3529","","","0","10.3390/app16073529","https://www.scopus.com/pages/publications/105035611929?origin=resultslist","Article","Final","All Open Access; Gold Open Access; Green Open Access","Scopus","2-s2.0-105035611929"
"Peón-Díaz F.J.; Expósito-Gálvez J.C.; del Río R.S.; Henríquez R.; Anta J.A.; Oskam G.","Peón-Díaz, Francisco J. (57220545701); Expósito-Gálvez, Juan Carlos (58143258900); del Río, Rodrigo Segura (15027635700); Henríquez, Ricardo (12787744700); Anta, Juan A. (6701885121); Oskam, Gerko (7003628531)","57220545701; 58143258900; 15027635700; 12787744700; 6701885121; 7003628531","Exploring the charge carrier dynamics in carbon nanotubes-TiO2 composites for water photooxidation","2024","Catalysis Today","438","","114789","","","11","10.1016/j.cattod.2024.114789","https://www.scopus.com/pages/publications/85192806084?origin=resultslist","Article","Final","All Open Access; Hybrid Gold Open Access","Scopus","2-s2.0-85192806084"
"Vinoth V.; Shanmugaraj K.; Pugazhenthiran N.; Salvo C.; Valdés H.; Anandan S.; Mangalaraja R.V.","Vinoth, Victor (59815713100); Shanmugaraj, Krishnamoorthy (56027218300); Pugazhenthiran, Nalandhiran (23989733500); Salvo, Christopher (57194472830); Valdés, Héctor (14523781400); Anandan, Sambandam (7004483736); Mangalaraja, Ramalinga Viswanathan (57938995400)","59815713100; 56027218300; 23989733500; 57194472830; 14523781400; 7004483736; 57938995400","Goethite (α-FeOOH) nanoparticles wrapped on reduced graphene oxide nanosheet for sensitive electrochemical detection of arsenic(III)","2024","Ceramics International","50","3","","5267","5275","18","10.1016/j.ceramint.2023.11.275","https://www.scopus.com/pages/publications/85178129571?origin=resultslist","Article","Final","All Open Access; Hybrid Gold Open Access","Scopus","2-s2.0-85178129571"
"Quiñones D.; Rojas L.F.; Olavarría R.; Cubillos C.; Muñoz-La Rivera F.","Quiñones, Daniela (56237424300); Rojas, Luis Felipe (58850780200); Olavarría, Renato (60536429200); Cubillos, Claudio (23392232700); Muñoz-La Rivera, Felipe (57217534356)","56237424300; 58850780200; 60536429200; 23392232700; 57217534356","A Methodology for Evaluating User Experience in Human-Centered Extended Reality Applications","2026","Biomimetics","11","3","182","","","0","10.3390/biomimetics11030182","https://www.scopus.com/pages/publications/105033926363?origin=resultslist","Article","Final","All Open Access; Gold Open Access; Green Open Access","Scopus","2-s2.0-105033926363"
"Palaniappan N.; Cole I.S.; Kuznetsov A.E.","Palaniappan, N. (56806734800); Cole, I.S. (7006232330); Kuznetsov, A.E. (57192936699)","56806734800; 7006232330; 57192936699","Experimental and computational studies of graphene oxide covalently functionalized by octylamine: Electrochemical stability, hydrogen evolution, and corrosion inhibition of the AZ13 Mg alloy in 3.5% NaCl","2020","RSC Advances","10","19","","11426","11434","60","10.1039/c9ra10702a","https://www.scopus.com/pages/publications/85082559522?origin=resultslist","Article","Final","All Open Access; Gold Open Access; Green Open Access","Scopus","2-s2.0-85082559522"
"Contreras J.; Consalvi J.-L.; Fuentes A.","Contreras, Jorge (56537780200); Consalvi, Jean-Louis (6506341914); Fuentes, Andrés (8725383200)","56537780200; 6506341914; 8725383200","Numerical simulations of microgravity ethylene/air laminar boundary layer diffusion flames","2018","Combustion and Flame","191","","","99","108","7","10.1016/j.combustflame.2017.12.013","https://www.scopus.com/pages/publications/85041679623?origin=resultslist","Article","Final","","Scopus","2-s2.0-85041679623"
"Cárcamo Hernández A.E.; Espinoza C.; Gómez-Izquierdo J.C.; Mondragón M.","Cárcamo Hernández, A.E. (36184964200); Espinoza, Catalina (12784739800); Gómez-Izquierdo, Juan Carlos (14043151000); Mondragón, Myriam (55401049200)","36184964200; 12784739800; 14043151000; 55401049200","Fermion masses and mixings, dark matter, leptogenesis and g- 2 muon anomaly in an extended 2HDM with inverse seesaw","2022","European Physical Journal Plus","137","11","1224","","","8","10.1140/epjp/s13360-022-03432-w","https://www.scopus.com/pages/publications/85141570897?origin=resultslist","Article","Final","","Scopus","2-s2.0-85141570897"
"Wyman V.; Henríquez J.; Palma C.; Carvajal A.","Wyman, Valentina (57195806115); Henríquez, Josefa (57195805078); Palma, Carolyn (7007004249); Carvajal, Andrea (52063234100)","57195806115; 57195805078; 7007004249; 52063234100","Lignocellulosic waste valorisation strategy through enzyme and biogas production","2018","Bioresource Technology","247","","","402","411","79","10.1016/j.biortech.2017.09.055","https://www.scopus.com/pages/publications/85029825457?origin=resultslist","Article","Final","","Scopus","2-s2.0-85029825457"
"Arévalo V.D.; Cabrera A.L.; Zacconi F.C.; Morales-Guerrero S.; del Valle J.M.; Taborga L.; de la Fuente J.C.","Arévalo, Vicente D. (56200680800); Cabrera, Adolfo L. (56814371600); Zacconi, Flavia C. (33667991400); Morales-Guerrero, Sebastián (58996262900); del Valle, José M. (7005396861); Taborga, Lautaro (54917081900); de la Fuente, Juan C. (8648287000)","56200680800; 56814371600; 33667991400; 58996262900; 7005396861; 54917081900; 8648287000","Experimental measurement and modeling of the solubility of fluorinated compounds derived from dichlone in supercritical carbon dioxide","2024","Journal of Supercritical Fluids","210","","106287","","","1","10.1016/j.supflu.2024.106287","https://www.scopus.com/pages/publications/85191017903?origin=resultslist","Article","Final","","Scopus","2-s2.0-85191017903"
"Fleitas-Salazar N.; Lamazares E.; Pedroso-Santana S.; Kappes T.; Pérez-Alonso A.; Hidalgo Á.; Altamirano C.; Sánchez O.; Fernández K.; Toledo J.R.","Fleitas-Salazar, Noralvis (57192199810); Lamazares, Emilio (8225515300); Pedroso-Santana, Seidy (55210859900); Kappes, Tomás (55583984300); Pérez-Alonso, Alain (56040244300); Hidalgo, Ángela (24922892400); Altamirano, Claudia (8332398700); Sánchez, Oliberto (56238333700); Fernández, Katherina (16318706200); Toledo, Jorge R. (8916311400)","57192199810; 8225515300; 55210859900; 55583984300; 56040244300; 24922892400; 8332398700; 56238333700; 16318706200; 8916311400","Long-term release of bioactive interferon-alpha from PLGA-chitosan microparticles: in vitro and in vivo studies","2022","Biomaterials Advances","143","","213167","","","10","10.1016/j.bioadv.2022.213167","https://www.scopus.com/pages/publications/85141279747?origin=resultslist","Article","Final","","Scopus","2-s2.0-85141279747"
"Zaupa A.; Byres N.; Dal Zovo C.; Acevedo C.A.; Angelopoulos I.; Terraza C.; Nestle N.; Abarzúa-Illanes P.N.; Quero F.; Díaz-Calderón P.; Olguín Y.; Akentjew T.L.; Wilkens C.A.; Padilla C.; Zacconi F.C.; Pino-Lagos K.; Blaker J.J.; Khoury M.; Enrione J.; Acevedo J.P.","Zaupa, Alessandro (59881879300); Byres, Nicholas (57208438986); Dal Zovo, Chiara (36613060500); Acevedo, Cristian A. (7004963806); Angelopoulos, Ioannis (57189499521); Terraza, Claudia (56709492200); Nestle, Nikolaus (7003545991); Abarzúa-Illanes, Phammela N. (57194268617); Quero, Franck (36859665800); Díaz-Calderón, Paulo (55180615500); Olguín, Yusser (54901791700); Akentjew, Tamara L. (57193812723); Wilkens, Camila A. (52464851400); Padilla, Cristina (57191248970); Zacconi, Flavia C. (33667991400); Pino-Lagos, Karina (14421315300); Blaker, Jonny J. (6602100590); Khoury, Maroun (8334700500); Enrione, Javier (15829018400); Acevedo, Juan Pablo (35483106500)","59881879300; 57208438986; 36613060500; 7004963806; 57189499521; 56709492200; 7003545991; 57194268617; 36859665800; 55180615500; 54901791700; 57193812723; 52464851400; 57191248970; 33667991400; 14421315300; 6602100590; 8334700500; 15829018400; 35483106500","Cold-adaptation of a methacrylamide gelatin towards the expansion of the biomaterial toolbox for specialized functionalities in tissue engineering","2019","Materials Science and Engineering C","102","","","373","390","26","10.1016/j.msec.2019.04.020","https://www.scopus.com/pages/publications/85064822744?origin=resultslist","Article","Final","All Open Access; Green Open Access","Scopus","2-s2.0-85064822744"
"Rivadeneira F.; Huenchuguala F.; Scholtissek A.; Hasse C.; Gutheil E.; Olguin H.","Rivadeneira, Francisco (60053395200); Huenchuguala, Felipe (57391365400); Scholtissek, Arne (56436887300); Hasse, Christian (56379852500); Gutheil, Eva (6603935605); Olguin, Hernan (55908813100)","60053395200; 57391365400; 56436887300; 56379852500; 6603935605; 55908813100","Spray flamelet structures in a theoretical tubular counterflow configuration","2026","Combustion and Flame","286","","114839","","","0","10.1016/j.combustflame.2026.114839","https://www.scopus.com/pages/publications/105028612117?origin=resultslist","Article","Final","All Open Access; Green Open Access; Hybrid Gold Open Access","Scopus","2-s2.0-105028612117"
"Huenchuguala F.; Rivadeneira F.; Scholtissek A.; Hasse C.; Gutheil E.; Olguin H.","Huenchuguala, Felipe (57391365400); Rivadeneira, Francisco (60053395200); Scholtissek, Arne (56436887300); Hasse, Christian (56379852500); Gutheil, Eva (6603935605); Olguin, Hernan (55908813100)","57391365400; 60053395200; 56436887300; 56379852500; 6603935605; 55908813100","Unsteady solutions of the spray flamelet equations","2026","Combustion and Flame","283","","114636","","","2","10.1016/j.combustflame.2025.114636","https://www.scopus.com/pages/publications/105021471116?origin=resultslist","Article","Final","All Open Access; Green Open Access","Scopus","2-s2.0-105021471116"
"Peirano C.; Guerrero L.; Barahona A.; Montalvo S.; Huiliñir C.; Da Silva C.; Borja R.","Peirano, Clio (57212024185); Guerrero, Lorna (7006028997); Barahona, Andrea (55586600700); Montalvo, Silvio (6701371309); Huiliñir, Cesar (57216785072); Da Silva, Cristopher (35517736700); Borja, Rafael (12545180200)","57212024185; 7006028997; 55586600700; 6701371309; 57216785072; 35517736700; 12545180200","Assessment of simultaneous autotrophic–heterotrophic denitrification with high removal of nitrogen, sulfur and carbon: optimization through response surface methodology","2020","Journal of Chemical Technology and Biotechnology","95","3","","631","638","5","10.1002/jctb.6244","https://www.scopus.com/pages/publications/85075710043?origin=resultslist","Article","Final","","Scopus","2-s2.0-85075710043"
"Claveria-Cádiz F.; Kuznetsov A.E.","Claveria-Cádiz, Francisca (57190213234); Kuznetsov, Aleksey E. (57192936699)","57190213234; 57192936699","Computational design of the novel building blocks for the metal-organic frameworks based on the organic ligand protected Cu4 cluster","2023","Sustainable Chemistry Research","2","","","35","50","0","10.1515/9783111071428-003","https://www.scopus.com/pages/publications/85174663182?origin=resultslist","Book chapter","Final","","Scopus","2-s2.0-85174663182"
"Macchelli A.; Gorrec Y.L.; Ramírez H.; Zwart H.; Califano F.","Macchelli, A. (55887940700); Gorrec, Y. Le (6603503340); Ramírez, H. (8978197400); Zwart, H. (7005925768); Califano, F. (57193098041)","55887940700; 6603503340; 8978197400; 7005925768; 57193098041","Control Design for Linear Port-Hamiltonian Boundary Control Systems: An Overview","2021","SEMA SIMAI Springer Series","2","","","57","72","3","10.1007/978-3-030-61742-4_4","https://www.scopus.com/pages/publications/85102136254?origin=resultslist","Book chapter","Final","All Open Access; Green Open Access","Scopus","2-s2.0-85102136254"
"Huiliñir C.; Medina R.; Montalvo S.; Castillo A.; Guerrero L.","Huiliñir, Cesar (57216785072); Medina, Rodrigo (57607715800); Montalvo, Silvio (6701371309); Castillo, Alejandra (57141838000); Guerrero, Lorna (7006028997)","57216785072; 57607715800; 6701371309; 57141838000; 7006028997","Biological nitrification in the presence of sulfide and organic matter: effect of zeolite on the process in a batch system","2018","Journal of Chemical Technology and Biotechnology","93","8","","2390","2398","12","10.1002/jctb.5587","https://www.scopus.com/pages/publications/85043721271?origin=resultslist","Article","Final","","Scopus","2-s2.0-85043721271"
"Peón-Díaz F.J.; Expósito-Gálvez J.C.; Segura-del-Río R.; Henríquez R.; Villalobos S.F.; Rodríguez D.J.; Oskam G.","Peón-Díaz, Francisco J. (57220545701); Expósito-Gálvez, Juan Carlos (58143258900); Segura-del-Río, Rodrigo (15027635700); Henríquez, Ricardo (12787744700); Villalobos, Sandra Fuentes (58499301000); Rodríguez, Dani J. (59383881500); Oskam, Gerko (7003628531)","57220545701; 58143258900; 15027635700; 12787744700; 58499301000; 59383881500; 7003628531","Charge carrier dynamics of chemical vapor deposited carbon-doped titanium dioxide photoanodes","2024","Ceramics International","50","24","","55134","55142","3","10.1016/j.ceramint.2024.10.359","https://www.scopus.com/pages/publications/85207350419?origin=resultslist","Article","Final","","Scopus","2-s2.0-85207350419"
"Sadino-Riquelme M.C.; Donoso-Bravo A.; Zorrilla F.; Valdebenito-Rolack E.; Gómez D.; Hansen F.","Sadino-Riquelme, M.C. (57214892787); Donoso-Bravo, A. (25723108900); Zorrilla, F. (57374313700); Valdebenito-Rolack, E. (37111206300); Gómez, D. (56450201800); Hansen, F. (57192708423)","57214892787; 25723108900; 57374313700; 37111206300; 56450201800; 57192708423","Computational fluid dynamics (CFD) modeling applied to biological wastewater treatment systems: An overview of strategies for the kinetics integration","2023","Chemical Engineering Journal","466","","143180","","","44","10.1016/j.cej.2023.143180","https://www.scopus.com/pages/publications/85154035225?origin=resultslist","Review","Final","","Scopus","2-s2.0-85154035225"
"K N.R.; Salgansky E.; Toledo M.","K, Nicolás Ripoll (57188811463); Salgansky, Eugene (24475095100); Toledo, Mario (58984742000)","57188811463; 24475095100; 58984742000","Corrigendum to ‘Volatiles effects on the thermal and chemical structures of H2 production in a hybrid porous media reactor using solar steam’(International Journal of Heat and Mass Transfer, (2021), 177, C, (121472), (S0017931021005755), 10.1016/j.ijheatmasstransfer.2021.121472)","2026","International Journal of Heat and Mass Transfer","263","","128641","","","0","10.1016/j.ijheatmasstransfer.2026.128641","https://www.scopus.com/pages/publications/105033069036?origin=resultslist","Erratum","Final","","Scopus","2-s2.0-105033069036"
"Oliveira-Silva E.; de Prada C.; Navia D.","Oliveira-Silva, Erika (57207877554); de Prada, Cesar (6603379715); Navia, Daniel (55263003900)","57207877554; 6603379715; 55263003900","Dynamic optimization integrating modifier adaptation using transient measurements","2021","Computers and Chemical Engineering","149","","107282","","","12","10.1016/j.compchemeng.2021.107282","https://www.scopus.com/pages/publications/85103626064?origin=resultslist","Article","Final","All Open Access; Green Open Access; Hybrid Gold Open Access","Scopus","2-s2.0-85103626064"
"Feng G.; Yang Q.; Liu Z.; Jiang Z.; Zhao C.; Jiang H.; Wang K.; Fuentes A.; Chen D.; He X.","Feng, Guangyuan (57999004100); Yang, Qing (57199915380); Liu, Zechang (57211068397); Jiang, Zhenghui (57999665800); Zhao, Chengyuan (58171329400); Jiang, Houshi (57478455000); Wang, Kun (56723017800); Fuentes, Andres (8725383200); Chen, Dongping (55696850100); He, Xu (55589682900)","57999004100; 57199915380; 57211068397; 57999665800; 58171329400; 57478455000; 56723017800; 8725383200; 55696850100; 55589682900","The influence of methyl butyrate and n-butanol on the laminar burning characteristics of RP-3: An experimental and kinetic modeling study","2023","Fuel","349","","128713","","","15","10.1016/j.fuel.2023.128713","https://www.scopus.com/pages/publications/85160256649?origin=resultslist","Article","Final","","Scopus","2-s2.0-85160256649"
"Soto M.A.; Badillo-San-Juan D.","Soto, Marcelo A. (18435065800); Badillo-San-Juan, Diego (60193803600)","18435065800; 60193803600","Near-Field Acoustic Imaging Using Fiber-Optic Distributed Acoustic Sensing and Beamforming Techniques","2026","Advanced Science","13","6","e12513","","","0","10.1002/advs.202512513","https://www.scopus.com/pages/publications/105021833540?origin=resultslist","Article","Final","All Open Access; Gold Open Access; Green Open Access","Scopus","2-s2.0-105021833540"
"Foster S.; Muhammad-Sukki F.; Ramirez-Iniguez R.; Raine D.F.; Deciga-Gusi J.; Abu-Bakar S.H.; Bani N.A.; Munir A.B.; Mas'ud A.A.; Ardila-Rey J.A.","Foster, Stephania (57215652893); Muhammad-Sukki, Firdaus (36634597400); Ramirez-Iniguez, Roberto (6504803763); Raine, Daria Freier (57215934710); Deciga-Gusi, Jose (57200217339); Abu-Bakar, Siti Hawa (50460953400); Bani, Nurul Aini (57189337505); Munir, Abu Bakar (7005955436); Mas'ud, Abdullahi Abubakar (55330007200); Ardila-Rey, Jorge Alfredo (55320465400)","57215652893; 36634597400; 6504803763; 57215934710; 57200217339; 50460953400; 57189337505; 7005955436; 55330007200; 55320465400","Assessment of the RACPC performance under diffuse radiation for use in BIPV system","2020","Applied Sciences (Switzerland)","10","10","3552","","","4","10.3390/app10103552","https://www.scopus.com/pages/publications/85085608521?origin=resultslist","Article","Final","All Open Access; Gold Open Access; Green Open Access","Scopus","2-s2.0-85085608521"
"Viveros-Muñoz R.; Carrasco-Sáez J.; Contreras-Saavedra C.; San-Martín-Quiroga S.; Contreras-Saavedra C.E.","Viveros-Muñoz, Rhoddy (57464390300); Carrasco-Sáez, José (57198803447); Contreras-Saavedra, Carolina (58034728700); San-Martín-Quiroga, Sheny (59734985000); Contreras-Saavedra, Carla E. (57218440663)","57464390300; 57198803447; 58034728700; 59734985000; 57218440663","Does the Grammatical Structure of Prompts Influence the Responses of Generative Artificial Intelligence? An Exploratory Analysis in Spanish","2025","Applied Sciences (Switzerland)","15","7","3882","","","4","10.3390/app15073882","https://www.scopus.com/pages/publications/105002451150?origin=resultslist","Article","Final","All Open Access; Gold Open Access; Green Open Access","Scopus","2-s2.0-105002451150"
"Yáñez P.; Ramirez H.; Gonzalez-Vogel A.","Yáñez, Pablo (60352173400); Ramirez, Hector (8978197400); Gonzalez-Vogel, Alvaro (36561215300)","60352173400; 8978197400; 36561215300","An Electrical Equivalent Model of an Electromembrane Stack with Fouling Under Pulsed Operation","2026","Membranes","16","1","42","","","0","10.3390/membranes16010042","https://www.scopus.com/pages/publications/105028613564?origin=resultslist","Article","Final","All Open Access; Gold Open Access; Green Open Access","Scopus","2-s2.0-105028613564"
"Araya N.; Armijo S.; Toledo M.","Araya, Nelson (57223889690); Armijo, Sebastián (59395832900); Toledo, Mario (58984742000)","57223889690; 59395832900; 58984742000","Experimental and numerical study of lean combustion of propane in divergent porous media burners","2025","Applied Thermal Engineering","259","","124710","","","11","10.1016/j.applthermaleng.2024.124710","https://www.scopus.com/pages/publications/85208196852?origin=resultslist","Article","Final","","Scopus","2-s2.0-85208196852"
"González Inostroza A.; Calle A.M.; Siqueira E.C.; Pacheco M.; Orellana P.A.","González Inostroza, A. (59316896400); Calle, A.M. (55646522300); Siqueira, E.C. (16067435000); Pacheco, M. (57217223434); Orellana, P.A. (56246097800)","59316896400; 55646522300; 16067435000; 57217223434; 56246097800","Fano-Andreev effect in a T-shaped double quantum dot in the Coulomb blockade regime","2024","European Physical Journal Plus","139","9","790","","","2","10.1140/epjp/s13360-024-05544-x","https://www.scopus.com/pages/publications/85203268406?origin=resultslist","Article","Final","","Scopus","2-s2.0-85203268406"
"Barrera C.; Castro V.; Escudero F.; Cruz J.J.; Verdugo I.; Yon J.; Fuentes A.","Barrera, C. (58734136300); Castro, V. (58735229000); Escudero, F. (57021488500); Cruz, J.J. (58221978600); Verdugo, I. (57217955968); Yon, J. (15123574200); Fuentes, A. (8725383200)","58734136300; 58735229000; 57021488500; 58221978600; 57217955968; 15123574200; 8725383200","Maturity characterization of soot in laminar coflow diffusion flames of methane/anisole under different oxygen indices","2024","Experimental Thermal and Fluid Science","151","","111101","","","5","10.1016/j.expthermflusci.2023.111101","https://www.scopus.com/pages/publications/85178306327?origin=resultslist","Article","Final","","Scopus","2-s2.0-85178306327"
"Cornejo I.","Cornejo, Ivan (39761491700)","39761491700","A new model for pressure drop correction for series-arranged misaligned monoliths","2024","Chemical Engineering Science","299","","120515","","","1","10.1016/j.ces.2024.120515","https://www.scopus.com/pages/publications/85199433400?origin=resultslist","Article","Final","","Scopus","2-s2.0-85199433400"
"Yon J.; Morán J.; Lespinasse F.; Escudero F.; Godard G.; Mazur M.; Liu F.; Fuentes A.","Yon, Jérôme (15123574200); Morán, José (55547139535); Lespinasse, Florian (55550386800); Escudero, Felipe (57021488500); Godard, Gilles (34569674600); Mazur, Marek (57057054500); Liu, Fengshan (55493554300); Fuentes, Andrés (8725383200)","15123574200; 55547139535; 55550386800; 57021488500; 34569674600; 57057054500; 55493554300; 8725383200","Horizontal Planar Angular Light Scattering (HPALS) characterization of soot produced in a laminar axisymmetric coflow ethylene diffusion flame","2021","Combustion and Flame","232","","111539","","","16","10.1016/j.combustflame.2021.111539","https://www.scopus.com/pages/publications/85109020257?origin=resultslist","Article","Final","All Open Access; Bronze Open Access","Scopus","2-s2.0-85109020257"
"Littin M.; Lefevre G.; Mazur M.; Fuentes A.; Yon J.","Littin, M. (58550141200); Lefevre, G. (59267923800); Mazur, M. (57057054500); Fuentes, A. (8725383200); Yon, J. (15123574200)","58550141200; 59267923800; 57057054500; 8725383200; 15123574200","In situ determination of 2D spatially-resolved size distribution of soot aggregates in a laminar diffusion flame","2025","Proceedings of the Combustion Institute","41","","105946","","","1","10.1016/j.proci.2025.105946","https://www.scopus.com/pages/publications/105020855112?origin=resultslist","Article","Final","All Open Access; Hybrid Gold Open Access","Scopus","2-s2.0-105020855112"
"Morhell Z.; Martínez G.; Franchi O.; Crutchik D.; Da Silva C.; Guerrero L.; Pedrouso A.; del Río Á.V.; Mosquera-Corral A.; Campos J.L.","Morhell, Zeinab (60178060600); Martínez, Gabriel (60177639800); Franchi, Oscar (57202247838); Crutchik, Dafne (27067465700); Da Silva, Cristofer (60334058100); Guerrero, Lorna (7006028997); Pedrouso, Alba (57189495110); del Río, Ángeles Val (57214713744); Mosquera-Corral, Anuska (6603261499); Campos, José Luis (56147689900)","60178060600; 60177639800; 57202247838; 27067465700; 60334058100; 7006028997; 57189495110; 57214713744; 6603261499; 56147689900","Corrigendum to “Use of free nitrous acid from partial nitrification reactor for the sanitization of digester effluents and Class A biosolids production”(Biochemical Engineering Journal, (2026), 226, C, (109993), (S1369703X25003675),  10.1016/j.bej.2025.109993)","2026","Biochemical Engineering Journal","228","","110077","","","0","10.1016/j.bej.2026.110077","https://www.scopus.com/pages/publications/105027524075?origin=resultslist","Erratum","Final","All Open Access; Hybrid Gold Open Access","Scopus","2-s2.0-105027524075"
"Oropesa Y.; Sauceda S.; Lascano S.; Maril M.; Chávez-Vásconez R.; Fuentes N.; Contreras-Cerón J.; Araya N.","Oropesa, Y. (59320658900); Sauceda, S. (60194586500); Lascano, S. (56010754300); Maril, M. (57192114240); Chávez-Vásconez, R. (57218526992); Fuentes, N. (60546161300); Contreras-Cerón, J. (60546320200); Araya, N. (57194034338)","59320658900; 60194586500; 56010754300; 57192114240; 57218526992; 60546161300; 60546320200; 57194034338","Microstructural features and mechanical response of Fe–SiC cermets processed by SPS: Influence of current mode, particle size distribution and sintering time","2026","Ceramics International","52","8","","10681","10696","0","10.1016/j.ceramint.2026.01.244","https://www.scopus.com/pages/publications/105034365857?origin=resultslist","Article","Final","","Scopus","2-s2.0-105034365857"
"Moreno-Bermedo L.; Correa-Puerta J.; González-Fuentes C.; Escalona N.; Onfray C.; Thiam A.","Moreno-Bermedo, Lucas (59558237100); Correa-Puerta, Jonathan (56162308100); González-Fuentes, Claudio (36815896900); Escalona, Néstor (6602883313); Onfray, Christian (58367330000); Thiam, Abdoulaye (55975550900)","59558237100; 56162308100; 36815896900; 6602883313; 58367330000; 55975550900","Tea Waste as a Sustainable Catalyst Support for Enhanced Removal of Contaminants of Emerging Concern via the Electro-Fenton Process: A Circular Economy Approach","2025","Applied Sciences (Switzerland)","15","3","1418","","","5","10.3390/app15031418","https://www.scopus.com/pages/publications/85217829710?origin=resultslist","Article","Final","All Open Access; Gold Open Access; Green Open Access","Scopus","2-s2.0-85217829710"
"Hidalgo N.; Rosas E.; Saavedra T.; Morales J.","Hidalgo, Nicolas (53879823500); Rosas, Erika (55662169100); Saavedra, Teodoro (57776667700); Morales, Jefferson (56392392900)","53879823500; 55662169100; 57776667700; 56392392900","SLedge: Scheduling and Load Balancing for a Stream Processing EDGE Architecture","2022","Applied Sciences (Switzerland)","12","13","6474","","","2","10.3390/app12136474","https://www.scopus.com/pages/publications/85133285990?origin=resultslist","Article","Final","All Open Access; Gold Open Access; Green Open Access","Scopus","2-s2.0-85133285990"
"Rameshbabu R.; Siaw Paw J.K.; Vinoth V.; Arulraj A.; Jadoun S.; Kumar N.; Pugazhenthiran N.; Amalraj J.; Viswanathan M.R.","Rameshbabu, R. (55621066400); Siaw Paw, Johnny Koh (60594110100); Vinoth, Victor (59815713100); Arulraj, Arunachalam (57219841014); Jadoun, Sapana (57189469761); Kumar, Niraj (57201635180); Pugazhenthiran, Nalandhiran (23989733500); Amalraj, John (8203356700); Viswanathan, Mangalaraja Ramalinga (60575976400)","55621066400; 60594110100; 59815713100; 57219841014; 57189469761; 57201635180; 23989733500; 8203356700; 60575976400","Mechanistic insights into hydrogen storage in MoSe2-Ni(OH)2-g-C3N4 via optimized weak chemisorption","2026","Fuel","426","","139555","","","0","10.1016/j.fuel.2026.139555","https://www.scopus.com/pages/publications/105036577919?origin=resultslist","Article","Final","","Scopus","2-s2.0-105036577919"
"Hidalgo M.; Yanine F.; Paredes R.; Frez J.; Solar M.","Hidalgo, Mauricio (57197246518); Yanine, Fernando (55785548400); Paredes, Rodrigo (13607125500); Frez, Jonathan (55320762300); Solar, Mauricio (55411267600)","57197246518; 55785548400; 13607125500; 55320762300; 55411267600","What Is the Process? A Metamodel of the Requirements Elicitation Process Derived from a Systematic Literature Review","2025","Processes","13","1","20","","","3","10.3390/pr13010020","https://www.scopus.com/pages/publications/85215782826?origin=resultslist","Article","Final","All Open Access; Gold Open Access","Scopus","2-s2.0-85215782826"
"Vinoth V.; Kaimal R.; Selvamani M.; Michael R.; Pugazhenthiran N.; Mangalaraja R.V.; Valdés H.; Anandan S.","Vinoth, Victor (59815713100); Kaimal, Reshma (57223203512); Selvamani, Muthamizh (51461912000); Michael, Rubina (58133959200); Pugazhenthiran, Nalandhiran (23989733500); Mangalaraja, Ramalinga Viswanathan (57938995400); Valdés, Héctor (14523781400); Anandan, Sambandam (7004483736)","59815713100; 57223203512; 51461912000; 58133959200; 23989733500; 57938995400; 14523781400; 7004483736","Synergistic impact of nanoarchitectured GQDs-AgNCs(APTS) modified glassy carbon electrode in the electrochemical detection of guanine and adenine","2023","Journal of Electroanalytical Chemistry","934","","117302","","","13","10.1016/j.jelechem.2023.117302","https://www.scopus.com/pages/publications/85149676771?origin=resultslist","Article","Final","","Scopus","2-s2.0-85149676771"
"Jorquera S.; Soto M.; Díaz K.; Nuñez M.; Cuellar M.A.; Olea A.F.; Espinoza-Catalán L.","Jorquera, Sebastián (59784655000); Soto, Mauricio (56781034600); Díaz, Katy (56049836400); Nuñez, María (57195949103); Cuellar, Mauricio A. (7005051317); Olea, Andrés F. (6603911583); Espinoza-Catalán, Luis (7103098526)","59784655000; 56781034600; 56049836400; 57195949103; 7005051317; 6603911583; 7103098526","Novel Brassinosteroid Analogues with 3,6 Dioxo Function, 24-Nor-22(S)-Hydroxy Side Chain and p-Substituted Benzoate Function at C-23—Synthesis and Evaluation of Plant Growth Effects","2024","International Journal of Molecular Sciences","25","14","7515","","","2","10.3390/ijms25147515","https://www.scopus.com/pages/publications/85199779836?origin=resultslist","Article","Final","All Open Access; Gold Open Access; Green Open Access","Scopus","2-s2.0-85199779836"
"Singh A.; Palma Toloza C.; Muñoz M.V.R.; Carvajal Guevara A.","Singh, Anusuiya (57194718957); Palma Toloza, Carolyn (7007004249); Muñoz, María Victoria Riquelme (60114055200); Carvajal Guevara, Andrea (52063234100)","57194718957; 7007004249; 60114055200; 52063234100","Biological pretreatment of wheat straw using Trametes versicolor for enhanced cellulase production in solid-state fermentation","2025","Bioprocess and Biosystems Engineering","48","11","","1939","1948","1","10.1007/s00449-025-03207-4","https://www.scopus.com/pages/publications/105017082271?origin=resultslist","Article","Final","","Scopus","2-s2.0-105017082271"
"Yazdanipanah M.; Mohammadi M.R.","Yazdanipanah, Mohammad (59725892400); Mohammadi, Mohammad Reza (7006407516)","59725892400; 7006407516","CaCO3 modification of TiO2 electrodes in dye-sensitized solar cells: Enhanced of electron lifetime and efficiency","2025","Journal of Photochemistry and Photobiology A: Chemistry","467","","116418","","","6","10.1016/j.jphotochem.2025.116418","https://www.scopus.com/pages/publications/105002015735?origin=resultslist","Article","Final","","Scopus","2-s2.0-105002015735"
"Garrido A.P.; Zambrano D.; Ramos-Andrade J.P.; Orellana P.A.","Garrido, A.P. (57876423900); Zambrano, D. (16438332000); Ramos-Andrade, J.P. (57191619319); Orellana, P.A. (56246097800)","57876423900; 16438332000; 57191619319; 56246097800","Bound states in the continuum and Majorana zero modes in a double quantum dot interferometer: Ghost-Fano Majorana effect","2023","European Physical Journal Plus","138","7","663","","","4","10.1140/epjp/s13360-023-04271-z","https://www.scopus.com/pages/publications/85175113838?origin=resultslist","Article","Final","","Scopus","2-s2.0-85175113838"
"Valencia P.L.; Solis T.; Rojas P.; Ibañez F.; Astudillo-Castro C.; Pinto M.; Almonacid S.","Valencia, Pedro L. (57201824872); Solis, Tamara (57204761741); Rojas, Paula (57204763249); Ibañez, Francisco (57225115758); Astudillo-Castro, Carolina (7004510679); Pinto, Marlene (55964078500); Almonacid, Sergio (6602451316)","57201824872; 57204761741; 57204763249; 57225115758; 7004510679; 55964078500; 6602451316","Proteolytic susceptibility of food by-product proteins: An evaluation by means of a quantitative index","2019","Process Biochemistry","77","","","63","69","6","10.1016/j.procbio.2018.11.009","https://www.scopus.com/pages/publications/85057004034?origin=resultslist","Article","Final","","Scopus","2-s2.0-85057004034"
"Santander-Nelli M.; Sanhueza L.; Navas D.; Rossin E.; Natali M.; Dreyse P.","Santander-Nelli, Mireya (35604362500); Sanhueza, Luis (50662046800); Navas, Daniel (57197485587); Rossin, Elena (57435102900); Natali, Mirco (54991922900); Dreyse, Paulina (14035589500)","35604362500; 50662046800; 57197485587; 57435102900; 54991922900; 14035589500","Unusual fluorescence behaviour of a heteroleptic Cu(i) complex featuring strong electron donating groups on a diimine ligand","2022","New Journal of Chemistry","46","4","","1693","1703","10","10.1039/d1nj04811b","https://www.scopus.com/pages/publications/85123821282?origin=resultslist","Article","Final","","Scopus","2-s2.0-85123821282"
"Guzmán D.; Torres F.; Soliz A.; Guzmán A.; Pineda F.; Morel M.J.; Shah S.I.; Rojas P.","Guzmán, Danny (57218226460); Torres, Felipe (60599176800); Soliz, Alvaro (56688489500); Guzmán, Alexis (57216058151); Pineda, Fabiola (57192107058); Morel, Mauricio J. (55857778700); Shah, Syed Ismat (55663174600); Rojas, Paula (15049776600)","57218226460; 60599176800; 56688489500; 57216058151; 57192107058; 55857778700; 55663174600; 15049776600","Mechanical activation as a strategy for energy-efficient solid-state synthesis of Zn2SnO4 functional oxides","2026","Ceramics International","","","","","","0","10.1016/j.ceramint.2026.04.347","https://www.scopus.com/pages/publications/105036698567?origin=resultslist","Article","Article in press","","Scopus","2-s2.0-105036698567"
"Valenzuela F.; Rivera J.I.; Ebensperger F.; Alvarez C.; Reszka P.; Auat Cheein F.; Fuentes A.","Valenzuela, F. (57434817000); Rivera, J.I. (57214812189); Ebensperger, F. (58000015400); Alvarez, C. (57189214105); Reszka, P. (23098198000); Auat Cheein, F. (23049317700); Fuentes, A. (8725383200)","57434817000; 57214812189; 58000015400; 57189214105; 23098198000; 23049317700; 8725383200","Ignition of Wildland Fuels Exposed to a Time-Decreasing Incident Heat Flux","2023","Combustion Science and Technology","195","14","","3596","3611","3","10.1080/00102202.2023.2241201","https://www.scopus.com/pages/publications/85167415533?origin=resultslist","Article","Final","","Scopus","2-s2.0-85167415533"
"Fierro M.; Gutierrez C.; Jovicic V.; Toledo M.","Fierro, Matías (57224955844); Gutierrez, Cristóbal (57224959588); Jovicic, Vojislav (56594932400); Toledo, Mario (58984742000)","57224955844; 57224959588; 56594932400; 58984742000","Hollow spheres as inert packed bed from lean to rich combustion in porous media","2022","International Journal of Heat and Mass Transfer","195","","123067","","","21","10.1016/j.ijheatmasstransfer.2022.123067","https://www.scopus.com/pages/publications/85132519890?origin=resultslist","Article","Final","","Scopus","2-s2.0-85132519890"
"Palominos N.; Pagés-Díaz J.; Tello M.; Guerrero L.; Huiliñir C.","Palominos, Nicolás (56152664500); Pagés-Díaz, Jhosané (52264362000); Tello, Mario (58100264700); Guerrero, Lorna (7006028997); Huiliñir, Cesar (57216785072)","56152664500; 52264362000; 58100264700; 7006028997; 57216785072","Sequential nitrification/mixotrophic denitrification process in single bioreactor: Performance and microbiology of two types of sequencing batch bioreactors","2025","Bioresource Technology","438","","133200","","","0","10.1016/j.biortech.2025.133200","https://www.scopus.com/pages/publications/105013974748?origin=resultslist","Article","Final","","Scopus","2-s2.0-105013974748"
"Fernandez C.; Vourkas I.; Rubio A.","Fernandez, Carlos (57215925405); Vourkas, Ioannis (35173992700); Rubio, Antonio (55910353000)","57215925405; 35173992700; 55910353000","Circuit Topology and Synthesis Flow Co-Design for the Development of Computational ReRAM","2022","Proceedings of the IEEE Conference on Nanotechnology","2022-July","","","295","298","1","10.1109/NANO54668.2022.9928734","https://www.scopus.com/pages/publications/85142922137?origin=resultslist","Conference paper","Final","All Open Access; Green Open Access","Scopus","2-s2.0-85142922137"
"Gutiérrez N.; Mancilla N.; Cruz J.J.; Rivera P.; Escudero F.; Elicer J.C.; Hernandez R.; Demarco R.; Fuentes A.","Gutiérrez, Nicolás (57225207479); Mancilla, Nicolás (59145985700); Cruz, Juan J. (58221978600); Rivera, Paulo (57245326700); Escudero, Felipe (57021488500); Elicer, Juan Carlos (59145827900); Hernandez, Rodrigo (7201510288); Demarco, Rodrigo (42361029000); Fuentes, Andrés (8725383200)","57225207479; 59145985700; 58221978600; 57245326700; 57021488500; 59145827900; 7201510288; 42361029000; 8725383200","Spatially and temporally resolved measurements of soot propensity, temperature, radiation, and cold flow velocity of laminar ethylene non-premixed flames under acoustic forced injection","2024","Fuel","371","","131957","","","7","10.1016/j.fuel.2024.131957","https://www.scopus.com/pages/publications/85194343723?origin=resultslist","Article","Final","","Scopus","2-s2.0-85194343723"
"Ramírez C.; Astorga V.; Nuñez H.; Jaques A.; Simpson R.","Ramírez, C. (36870781000); Astorga, V. (57193925240); Nuñez, H. (7003943176); Jaques, A. (22834960500); Simpson, R. (56239119700)","36870781000; 57193925240; 7003943176; 22834960500; 56239119700","Anomalous diffusion based on fractional calculus approach applied to drying analysis of apple slices: The effects of relative humidity and temperature","2017","Journal of Food Process Engineering","40","5","e12549","","","45","10.1111/jfpe.12549","https://www.scopus.com/pages/publications/85017552740?origin=resultslist","Article","Final","All Open Access; Green Open Access","Scopus","2-s2.0-85017552740"
"Ferrer-Pertuz K.; Espinoza L.; Mella J.","Ferrer-Pertuz, Karoll (57212413097); Espinoza, Luis (7103098526); Mella, Jaime (56925090500)","57212413097; 7103098526; 56925090500","Insights into the structural requirements of poten brassinosteroids as vegetable growth promoters using second-internode elongation as biological activity: CoMFA and CoMSIA studies","2017","International Journal of Molecular Sciences","18","12","2734","","","8","10.3390/ijms18122734","https://www.scopus.com/pages/publications/85038433915?origin=resultslist","Article","Final","All Open Access; Gold Open Access; Green Open Access","Scopus","2-s2.0-85038433915"
"Oh I.-K.; Sandoval T.E.; Liu T.-L.; Richey N.E.; Bent S.F.","Oh, Il-Kwon (60471394300); Sandoval, Tania E. (57197507023); Liu, Tzu-Ling (57203186546); Richey, Nathaniel E. (55428787300); Bent, Stacey F. (7006463092)","60471394300; 57197507023; 57203186546; 55428787300; 7006463092","Role of Precursor Choice on Area-Selective Atomic Layer Deposition","2021","Chemistry of Materials","33","11","","3926","3935","65","10.1021/acs.chemmater.0c04718","https://www.scopus.com/pages/publications/85108428572?origin=resultslist","Article","Final","","Scopus","2-s2.0-85108428572"
"Goncalves R.F.B.; Iha B.K.V.; Rocco J.A.F.F.; Kuznetsov A.E.","Goncalves, Rene F.B. (35172892400); Iha, Bruno K.V. (57207620193); Rocco, José A.F.F. (6701784233); Kuznetsov, Aleksey E. (57192936699)","35172892400; 57207620193; 6701784233; 57192936699","Reactive molecular dynamics of pyrolysis and combustion of alternative jet fuels: A ReaxFF study","2022","Fuel","310","","122157","","","44","10.1016/j.fuel.2021.122157","https://www.scopus.com/pages/publications/85118100121?origin=resultslist","Article","Final","","Scopus","2-s2.0-85118100121"
"Vallejos P.","Vallejos, Paulina (57201271854)","57201271854","The impact of batch flotation tests on the industrial plant prediction","2023","Physicochemical Problems of Mineral Processing","59","5","177609","","","0","10.37190/PPMP/177609","https://www.scopus.com/pages/publications/85188163667?origin=resultslist","Article","Final","All Open Access; Gold Open Access; Green Open Access","Scopus","2-s2.0-85188163667"
"Osorio M.; Carvajal M.; Vergara A.; Butassi E.; Zacchino S.; Mascayano C.; Montoya M.; Mejías S.; Martín M.C.-S.; Vásquez-Martínez Y.","Osorio, Mauricio (54916063900); Carvajal, Marcela (37110502600); Vergara, Alejandra (54914764300); Butassi, Estefania (56079249100); Zacchino, Susana (7004138981); Mascayano, Carolina (6505920348); Montoya, Margarita (56606413200); Mejías, Sophia (57200695453); Martín, Marcelo Cortez-San (57193109963); Vásquez-Martínez, Yesseny (22636206300)","54916063900; 37110502600; 54914764300; 56079249100; 7004138981; 6505920348; 56606413200; 57200695453; 57193109963; 22636206300","Prenylated flavonoids with potential antimicrobial activity: Synthesis, biological activity, and in silico study","2021","International Journal of Molecular Sciences","22","11","5472","","","29","10.3390/ijms22115472","https://www.scopus.com/pages/publications/85106321127?origin=resultslist","Article","Final","All Open Access; Gold Open Access; Green Open Access","Scopus","2-s2.0-85106321127"
"Rivera R.G.; Alvarado R.G.; Martínez-Rocamora A.; Cheein F.A.","Rivera, Robert Guamán (57217042347); Alvarado, Rodrigo García (35811802300); Martínez-Rocamora, Alejandro (56358310300); Cheein, Fernando Auat (23049317700)","57217042347; 35811802300; 56358310300; 23049317700","Workspace analysis of a mobile manipulator with obstacle avoidance in 3D printing tasks","2021","Applied Sciences (Switzerland)","11","17","7923","","","11","10.3390/app11177923","https://www.scopus.com/pages/publications/85115726021?origin=resultslist","Article","Final","All Open Access; Gold Open Access; Green Open Access","Scopus","2-s2.0-85115726021"
"Oz T.; Verma S.K.; Kuznetsov A.; Nagarajan P.; Cole I.; Naser S.S.; Książek K.; Yin H.; Kujawska M.","Oz, Tuba (58545479700); Verma, Suresh K. (57199426568); Kuznetsov, Aleksey (57192936699); Nagarajan, Palaniappan (60229062900); Cole, Ivan (7006232330); Naser, Shaikh Sheeran (58318063800); Książek, Krzysztof (6603036460); Yin, Hong (60229045100); Kujawska, Małgorzata (22634904400)","58545479700; 57199426568; 57192936699; 60229062900; 7006232330; 58318063800; 6603036460; 60229045100; 22634904400","Selenium-modified graphene oxide: A tri-dimensional study of its cytotoxicity and developmental effects","2026","Materials Today Bio","36","","102650","","","1","10.1016/j.mtbio.2025.102650","https://www.scopus.com/pages/publications/105024186276?origin=resultslist","Article","Final","All Open Access; Gold Open Access; Green Open Access","Scopus","2-s2.0-105024186276"
"Expósito-Gálvez J.C.; Hromadko L.; Sepúlveda M.; Peón-Díaz F.J.; Coria-Quiñones S.D.; Jiménez-Sandoval O.; Macak J.M.; Oskam G.","Expósito-Gálvez, Juan Carlos (58143258900); Hromadko, Ludek (34872408700); Sepúlveda, Marcela (57197423744); Peón-Díaz, Francisco J. (57220545701); Coria-Quiñones, Sayda Dinorah (58736328100); Jiménez-Sandoval, Omar (55989807100); Macak, Jan M. (55655855500); Oskam, Gerko (7003628531)","58143258900; 34872408700; 57197423744; 57220545701; 58736328100; 55989807100; 55655855500; 7003628531","Comparing the performance of WO3 nanoparticles and nanofibers: Photocatalytic dye degradation versus photoelectrochemical water oxidation","2024","Electrochimica Acta","474","","143545","","","14","10.1016/j.electacta.2023.143545","https://www.scopus.com/pages/publications/85178381801?origin=resultslist","Article","Final","All Open Access; Green Open Access","Scopus","2-s2.0-85178381801"
"Muhammad-Sukki F.; Farooq H.; Abu-Bakar S.H.; Ardila-Rey J.A.; Sellami N.; Kilpatrick C.; Muhtazaruddin M.N.; Bani N.A.; Zulkipli M.","Muhammad-Sukki, Firdaus (36634597400); Farooq, Haroon (55510735200); Abu-Bakar, Siti Hawa (50460953400); Ardila-Rey, Jorge Alfredo (55320465400); Sellami, Nazmi (55194884200); Kilpatrick, Ciaran (57223305888); Muhtazaruddin, Mohd Nabil (55578437800); Bani, Nurul Aini (57189337505); Zulkipli, Muhammad (57216158897)","36634597400; 55510735200; 50460953400; 55320465400; 55194884200; 57223305888; 55578437800; 57189337505; 57216158897","Mathematical modelling of a static concentrating photovoltaic: Simulation and experimental validation","2021","Applied Sciences (Switzerland)","11","9","3894","","","6","10.3390/app11093894","https://www.scopus.com/pages/publications/85105472214?origin=resultslist","Article","Final","All Open Access; Gold Open Access; Green Open Access","Scopus","2-s2.0-85105472214"
"Heyser C.; Ramírez A.M.R.; Grez P.; Muñoz E.; Sáez-Arteaga A.; Briones N.; Häberle P.","Heyser, C. (27667712900); Ramírez, A.M.R. (57214204199); Grez, P. (6506476548); Muñoz, E. (13611547600); Sáez-Arteaga, A. (58838272100); Briones, N. (59462374100); Häberle, P. (6602338067)","27667712900; 57214204199; 6506476548; 13611547600; 58838272100; 59462374100; 6602338067","Evaluation of the surface activity of silicon in electrolytic media under the influence of hydroxyl radicals","2025","Journal of Electroanalytical Chemistry","982","","119010","","","0","10.1016/j.jelechem.2025.119010","https://www.scopus.com/pages/publications/85217977857?origin=resultslist","Article","Final","","Scopus","2-s2.0-85217977857"
"Salmani-Ghabeshi S.; Fadic-Ruiz X.; Miró-Rodríguez C.; Pinilla-Gil E.; Cereceda-Balic F.","Salmani-Ghabeshi, Soroush (57191591385); Fadic-Ruiz, Ximena (21740778600); Miró-Rodríguez, Conrado (57212384634); Pinilla-Gil, Eduardo (56385232000); Cereceda-Balic, Francisco (6508361398)","57191591385; 21740778600; 57212384634; 56385232000; 6508361398","Trace element levels in native plant species around the industrial site of puchuncaví-ventanas (Central chile): Evaluation of the phytoremediation potential","2021","Applied Sciences (Switzerland)","11","2","713","1","15","10","10.3390/app11020713","https://www.scopus.com/pages/publications/85099810180?origin=resultslist","Article","Final","All Open Access; Gold Open Access; Green Open Access","Scopus","2-s2.0-85099810180"
"Zurob E.; Dennett G.; Gentil D.; Montero-Silva F.; Gerber U.; Naulín P.; Gómez A.; Fuentes R.; Lascano S.; Henrique Rodrigues da Cunha T.; Ramírez C.; Henríquez R.; Del Campo V.; Barrera N.; Wilkens M.; Parra C.","Zurob, Elsie (57205323994); Dennett, Geraldine (25225246500); Gentil, Dana (57199049148); Montero-Silva, Francisco (24466812600); Gerber, Ulrike (57189455492); Naulín, Pamela (56202514000); Gómez, Andrea (57220817064); Fuentes, Raúl (56255419800); Lascano, Sheila (56010754300); Henrique Rodrigues da Cunha, Thiago (57195279835); Ramírez, Cristian (36870781000); Henríquez, Ricardo (12787744700); Del Campo, Valeria (35304707500); Barrera, Nelson (8885141600); Wilkens, Marcela (7005367810); Parra, Carolina (23980927900)","57205323994; 25225246500; 57199049148; 24466812600; 57189455492; 56202514000; 57220817064; 56255419800; 56010754300; 57195279835; 36870781000; 12787744700; 35304707500; 8885141600; 7005367810; 23980927900","Inhibition of wild Enterobacter cloacae biofilm formation by nanostructured graphene-and hexagonal boron nitride-coated surfaces","2019","Nanomaterials","9","1","49","","","28","10.3390/nano9010049","https://www.scopus.com/pages/publications/85059534806?origin=resultslist","Article","Final","All Open Access; Gold Open Access; Green Open Access","Scopus","2-s2.0-85059534806"
"Viveros P.; González K.; Mena R.; Kristjanpoller F.; Robledo J.","Viveros, Pablo (55234845600); González, Katalina (57221701777); Mena, Rodrigo (55575303800); Kristjanpoller, Fredy (55227316300); Robledo, Javier (57207998914)","55234845600; 57221701777; 55575303800; 55227316300; 57207998914","Slotting optimization model for a warehouse with divisible first‐level accommodation locations","2021","Applied Sciences (Switzerland)","11","3","936","1","29","19","10.3390/app11030936","https://www.scopus.com/pages/publications/85099823254?origin=resultslist","Article","Final","All Open Access; Gold Open Access; Green Open Access","Scopus","2-s2.0-85099823254"
"Elicer-Cortés J.C.; Molina N.; Severino G.; Fuentes A.; Rojas P.","Elicer-Cortés, J.C. (6603367970); Molina, N. (57218684024); Severino, G. (55911944000); Fuentes, A. (8725383200); Rojas, P. (57218684434)","6603367970; 57218684024; 55911944000; 8725383200; 57218684434","Turbulent transport mechanisms on the heat confinement in tunnels by using low-velocity air curtains","2020","Applied Thermal Engineering","181","","115852","","","20","10.1016/j.applthermaleng.2020.115852","https://www.scopus.com/pages/publications/85090046213?origin=resultslist","Article","Final","","Scopus","2-s2.0-85090046213"
"Jerez A.; Cruz Villanueva J.J.; Figueira da Silva L.F.; Demarco R.; Fuentes A.","Jerez, A. (57193527651); Cruz Villanueva, J.J. (58221978600); Figueira da Silva, L.F. (6507606204); Demarco, R. (42361029000); Fuentes, A. (8725383200)","57193527651; 58221978600; 6507606204; 42361029000; 8725383200","Measurements and modeling of PAH soot precursors in coflow ethylene/air laminar diffusion flames","2019","Fuel","236","","","452","460","24","10.1016/j.fuel.2018.09.047","https://www.scopus.com/pages/publications/85053188096?origin=resultslist","Article","Final","All Open Access; Green Open Access","Scopus","2-s2.0-85053188096"
"Albornoz S.; Wyman V.; Palma C.; Carvajal A.","Albornoz, Sandra (57504690500); Wyman, Valentina (57195806115); Palma, Carolyn (7007004249); Carvajal, Andrea (52063234100)","57504690500; 57195806115; 7007004249; 52063234100","Understanding of the contribution of the fungal treatment conditions in a wheat straw biorefinery that produces enzymes and biogas","2018","Biochemical Engineering Journal","140","","","140","147","35","10.1016/j.bej.2018.09.011","https://www.scopus.com/pages/publications/85054171980?origin=resultslist","Article","Final","","Scopus","2-s2.0-85054171980"
"Travieso-Torres J.C.; Ricaldi-Morales A.; Véliz-Tejo A.; Leiva-Silva F.","Travieso-Torres, Juan Carlos (9268848500); Ricaldi-Morales, Abdiel (58421787100); Véliz-Tejo, Adolfo (57767948100); Leiva-Silva, Felipe (57767706800)","9268848500; 58421787100; 57767948100; 57767706800","Robust Cascade MRAC for a Hybrid Grid-Connected Renewable Energy System","2023","Processes","11","6","1774","","","11","10.3390/pr11061774","https://www.scopus.com/pages/publications/85163844268?origin=resultslist","Article","Final","All Open Access; Gold Open Access; Green Open Access","Scopus","2-s2.0-85163844268"
"Medina E.; Pinter B.","Medina, Edinson (57214105649); Pinter, Balazs (57193426092)","57214105649; 57193426092","A DFT study on the redox active behavior of carbene and pyridine ligands in the oxidative and reductive quenching cycles of ruthenium photoredox catalysts","2020","Catalysts","10","1","80","","","10","10.3390/catal10010080","https://www.scopus.com/pages/publications/85078237522?origin=resultslist","Article","Final","All Open Access; Gold Open Access; Green Open Access","Scopus","2-s2.0-85078237522"
"Wrighton-Araneda K.; Cortés-Arriagada D.; Dreyse P.; Pascal S.; Canard G.; Sanhueza L.","Wrighton-Araneda, Kerry (57194761826); Cortés-Arriagada, Diego (47560926600); Dreyse, Paulina (14035589500); Pascal, Simon (55745616300); Canard, Gabriel (9043247400); Sanhueza, Luis (50662046800)","57194761826; 47560926600; 14035589500; 55745616300; 9043247400; 50662046800","Deciphering Electronic and Structural Effects in Copper Corrole/Graphene Hybrids**","2023","Chemistry - A European Journal","29","25","e202203175","","","2","10.1002/chem.202203175","https://www.scopus.com/pages/publications/85150506934?origin=resultslist","Article","Final","All Open Access; Bronze Open Access; Green Open Access","Scopus","2-s2.0-85150506934"
"Pizarro F.; Stuardo P.; Olivares R.; Rajo-Iglesias E.","Pizarro, Francisco (55263738800); Stuardo, Pablo (57217245599); Olivares, Ricardo (36872230700); Rajo-Iglesias, Eva (6603262783)","55263738800; 57217245599; 36872230700; 6603262783","Potential use of cold plasma discharges for frequency reconfigurability in a sievenpiper mushroom metasurface","2021","Applied Sciences (Switzerland)","11","23","11342","","","3","10.3390/app112311342","https://www.scopus.com/pages/publications/85120881601?origin=resultslist","Article","Final","All Open Access; Gold Open Access; Green Open Access","Scopus","2-s2.0-85120881601"
"Bolaño-Ortiz T.R.; Pascual-Flores R.M.; López-Noreña A.I.; Ruggeri M.F.; Lakkis S.G.; Fernández R.P.; Puliafito S.E.","Bolaño-Ortiz, Tomás Rafael (57213159787); Pascual-Flores, Romina María (57213147969); López-Noreña, Ana Isabel (57219196333); Ruggeri, María Florencia (57194573792); Lakkis, Susan Gabriela (25029972600); Fernández, Rafael Pedro (57069538700); Puliafito, Salvador Enrique (6507768852)","57213159787; 57213147969; 57219196333; 57194573792; 25029972600; 57069538700; 6507768852","Assessment of absorbing aerosols on austral spring snow albedo reduction by several basins in the Central Andes of Chile from daily satellite observations (2000–2016) and a case study with the WRF-Chem model","2019","SN Applied Sciences","1","11","1352","","","13","10.1007/s42452-019-1256-z","https://www.scopus.com/pages/publications/85092636070?origin=resultslist","Article","Final","All Open Access; Bronze Open Access; Green Open Access","Scopus","2-s2.0-85092636070"
"Murias M.S.; del Valle J.M.; Núñez G.A.","Murias, M. Soledad (57192371610); del Valle, José M. (7005396861); Núñez, Gonzalo A. (18437589700)","57192371610; 7005396861; 18437589700","Mathematical simulation of heat and mass transfer during controlled depressurization of supercritical CO2 in extraction vessels","2017","Journal of Supercritical Fluids","122","","","43","51","4","10.1016/j.supflu.2016.11.009","https://www.scopus.com/pages/publications/85005992062?origin=resultslist","Article","Final","","Scopus","2-s2.0-85005992062"
"Rojas C.; León A.; Pacheco M.; Chico L.; Orellana P.A.","Rojas, Carlos (57213283620); León, A. (22938373600); Pacheco, M. (57217223434); Chico, Leonor (6602858298); Orellana, P.A. (56246097800)","57213283620; 22938373600; 57217223434; 6602858298; 56246097800","Tuning the conductance of carbon rings with impurities and electric fields","2023","RSC Advances","13","32","","22358","22366","0","10.1039/d3ra03297c","https://www.scopus.com/pages/publications/85169155456?origin=resultslist","Article","Final","All Open Access; Gold Open Access; Green Open Access","Scopus","2-s2.0-85169155456"
"Mendoza M.; Valenzuela S.; Núñez-Mussa E.; Padilla F.; Providel E.; Campos S.; Bassi R.; Riquelme A.; Aldana V.; López C.","Mendoza, Marcelo (7101729849); Valenzuela, Sebastián (26325116700); Núñez-Mussa, Enrique (57205606067); Padilla, Fabián (57223676886); Providel, Eliana (55323060000); Campos, Sebastián (58249177000); Bassi, Renato (58249410000); Riquelme, Andrea (58248943000); Aldana, Valeria (58248705200); López, Claudia (35519570300)","7101729849; 26325116700; 57205606067; 57223676886; 55323060000; 58249177000; 58249410000; 58248943000; 58248705200; 35519570300","A Study on Information Disorders on Social Networks during the Chilean Social Outbreak and COVID-19 Pandemic","2023","Applied Sciences (Switzerland)","13","9","5347","","","17","10.3390/app13095347","https://www.scopus.com/pages/publications/85159288701?origin=resultslist","Article","Final","All Open Access; Gold Open Access; Green Open Access","Scopus","2-s2.0-85159288701"
"Sadino-Riquelme M.C.; Rivas J.; Jeison D.; Donoso-Bravo A.; Hayes R.E.","Sadino-Riquelme, M. Constanza (57214892787); Rivas, José (57204664136); Jeison, David (6507881259); Donoso-Bravo, Andrés (25723108900); Hayes, Robert E. (57203044203)","57214892787; 57204664136; 6507881259; 25723108900; 57203044203","Computational modelling of mixing tanks for bioprocesses: Developing a comprehensive workflow","2022","Canadian Journal of Chemical Engineering","100","11","","3210","3226","5","10.1002/cjce.24220","https://www.scopus.com/pages/publications/85111451414?origin=resultslist","Article","Final","","Scopus","2-s2.0-85111451414"
"Casas R.; Casas F.; Bustos J.","Casas, R. (58400819200); Casas, F. (57209063736); Bustos, J. (35812039200)","58400819200; 57209063736; 35812039200","Design of profitable networks of biogas plants in Chile","2021","SN Applied Sciences","3","6","635","","","2","10.1007/s42452-021-04605-5","https://www.scopus.com/pages/publications/85106240137?origin=resultslist","Article","Final","All Open Access; Gold Open Access; Green Open Access","Scopus","2-s2.0-85106240137"
"Gutiérrez N.; Mancilla N.; Saavedra D.; García A.; Severino G.; Escudero F.; Demarco R.; Fuentes A.","Gutiérrez, Nicolás (57225207479); Mancilla, Nicolás (59145985700); Saavedra, Denisse (60552185800); García, Amanda (59229402000); Severino, Gonzalo (55911944000); Escudero, Felipe (57021488500); Demarco, Rodrigo (42361029000); Fuentes, Andrés (8725383200)","57225207479; 59145985700; 60552185800; 59229402000; 55911944000; 57021488500; 42361029000; 8725383200","Characterizing the Interactions Between Flow Dynamics and Soot Production in Ethylene Non-Premixed Pulsed Flames","2026","Flow, Turbulence and Combustion","116","3","42","","","0","10.1007/s10494-026-00740-4","https://www.scopus.com/pages/publications/105034596697?origin=resultslist","Article","Final","","Scopus","2-s2.0-105034596697"
"Duarte Y.; Chaux A.; Lopez N.; Largo E.; Ramírez C.; Nuñez H.; Simpson R.; Vega O.","Duarte, Y. (57191996553); Chaux, A. (57213681996); Lopez, N. (57191993698); Largo, E. (56520351200); Ramírez, C. (36870781000); Nuñez, H. (7003943176); Simpson, R. (56239119700); Vega, O. (56063397600)","57191996553; 57213681996; 57191993698; 56520351200; 36870781000; 7003943176; 56239119700; 56063397600","Effects of Blanching and Hot Air Drying Conditions on the Physicochemical and Technological Properties of Yellow Passion Fruit (Passiflora edulis Var. Flavicarpa) by-Products","2017","Journal of Food Process Engineering","40","3","e12425","","","35","10.1111/jfpe.12425","https://www.scopus.com/pages/publications/84995792992?origin=resultslist","Article","Final","","Scopus","2-s2.0-84995792992"
"Díaz B.; Bacchiega R.; Soto G.; Kimmins S.D.; Flores M.; Hamm E.; Aguilar C.; Tamayo L.; Muñoz L.","Díaz, Bastián (58412576200); Bacchiega, Renato (58412576300); Soto, Gabriela (60017470400); Kimmins, Scott D. (36774702300); Flores, Marcos (57219908946); Hamm, Eugenio (6602698047); Aguilar, Claudio (56166871800); Tamayo, Laura (48061626000); Muñoz, Lisa (36961404000)","58412576200; 58412576300; 60017470400; 36774702300; 57219908946; 6602698047; 56166871800; 48061626000; 36961404000","Enhanced adhesion and dual antibacterial/anti-adherent function of polycaprolactone coatings on polydopamine-treated Ti-13Ta-12Sn alloy","2025","Progress in Organic Coatings","209","","109553","","","0","10.1016/j.porgcoat.2025.109553","https://www.scopus.com/pages/publications/105011838516?origin=resultslist","Article","Final","","Scopus","2-s2.0-105011838516"
"Ortega N.; Fontalvo V.M.; Guerrero F.; Toledo M.; Amador G.","Ortega, Nelson (58197266400); Fontalvo, Victor M. (57200339756); Guerrero, Fabián (56288715000); Toledo, Mario (58984742000); Amador, German (56156304800)","58197266400; 57200339756; 56288715000; 58984742000; 56156304800","Dynamic response of the performance and emissions of an LPG diesel dual-fuel engine with water injection","2023","Applied Thermal Engineering","228","","120543","","","5","10.1016/j.applthermaleng.2023.120543","https://www.scopus.com/pages/publications/85153585904?origin=resultslist","Article","Final","","Scopus","2-s2.0-85153585904"
"Cabascango T.; Ortiz K.; Pauker C.S.; Pavón I.E.; Ramoji A.; Popp J.; Pérez J.; Pinto C.M.; Rivera-Parra J.L.; Muñoz-Bisesti F.; Aldás M.B.; Araújo C.V.M.; Jentzsch P.V.","Cabascango, Tamia (57223213590); Ortiz, Karol (57223222965); Pauker, Christian Sandoval (57209822423); Pavón, Isabel Espinoza (57216156318); Ramoji, Anuradha (16069588800); Popp, Jürgen (7103251673); Pérez, Jady (57195354902); Pinto, C. Miguel (56821100400); Rivera-Parra, José Luis (47562053300); Muñoz-Bisesti, Florinella (57199255879); Aldás, María Belén (57211309846); Araújo, Cristiano V. M. (7004472609); Jentzsch, Paul Vargas (57195352577)","57223213590; 57223222965; 57209822423; 57216156318; 16069588800; 7103251673; 57195354902; 56821100400; 47562053300; 57199255879; 57211309846; 7004472609; 57195352577","Assessment of advanced oxidation processes using zebrafish in a non-forced exposure system: A proof of concept","2021","Processes","9","5","734","","","3","10.3390/pr9050734","https://www.scopus.com/pages/publications/85105251289?origin=resultslist","Article","Final","All Open Access; Gold Open Access; Green Open Access","Scopus","2-s2.0-85105251289"
"Kuznetsov A.E.","Kuznetsov, Aleksey E. (57192936699)","57192936699","Hexabenzocoronene functionalized with antiaromatic S- and Se-core-modified porphyrins (isophlorins): Comparison with the dyad with regular porphyrin","2022","Pure and Applied Chemistry","94","7","","747","765","3","10.1515/pac-2021-1105","https://www.scopus.com/pages/publications/85124614516?origin=resultslist","Article","Final","All Open Access; Hybrid Gold Open Access","Scopus","2-s2.0-85124614516"
"Yap V.; Gallardo J.; García A.; Escudero F.; Fuentes A.; Demarco R.","Yap, Valentina (59229526100); Gallardo, Javier (59180237300); García, Amanda (59229402000); Escudero, Felipe (57021488500); Fuentes, Andrés (8725383200); Demarco, Rodrigo (42361029000)","59229526100; 59180237300; 59229402000; 57021488500; 8725383200; 42361029000","Comparative analysis of soot formation in inverse and normal non-premixed flames under equivalent fuel consumption rate","2026","Experimental Thermal and Fluid Science","175","","111752","","","0","10.1016/j.expthermflusci.2026.111752","https://www.scopus.com/pages/publications/105035689877?origin=resultslist","Article","Final","","Scopus","2-s2.0-105035689877"
"Olguin H.; Scholtissek A.; Gonzalez S.; Gonzalez F.; Ihme M.; Hasse C.; Gutheil E.","Olguin, Hernan (55908813100); Scholtissek, Arne (56436887300); Gonzalez, Sebastian (57209888121); Gonzalez, Felipe (57391365400); Ihme, Matthias (8264647300); Hasse, Christian (56379852500); Gutheil, Eva (6603935605)","55908813100; 56436887300; 57209888121; 57391365400; 8264647300; 56379852500; 6603935605","Closure of the scalar dissipation rate in the spray flamelet equations through a transport equation for the gradient of the mixture fraction","2019","Combustion and Flame","208","","","330","350","11","10.1016/j.combustflame.2019.05.033","https://www.scopus.com/pages/publications/85068969679?origin=resultslist","Article","Final","","Scopus","2-s2.0-85068969679"
"Arriagada Romero A.; Toledo M.; Hayes R.E.; Pashchenko D.; Nikrityuk P.A.","Arriagada Romero, Andrés (57225136246); Toledo, Mario (58984742000); Hayes, Robert E. (57203044203); Pashchenko, Dmitry (55743976200); Nikrityuk, Petr A. (10338934200)","57225136246; 58984742000; 57203044203; 55743976200; 10338934200","Verification of a porous media model for the partial oxidation of a chemically reacting fixed-bed","2024","Fuel","375","","132582","","","9","10.1016/j.fuel.2024.132582","https://www.scopus.com/pages/publications/85199721138?origin=resultslist","Article","Final","","Scopus","2-s2.0-85199721138"
"Verdejo H.; Moreira P.; Kliemann W.; Becker C.; Delpiano J.","Verdejo, Humberto (35333048600); Moreira, Pablo (57221198212); Kliemann, Wolfgang (6603712935); Becker, Cristhian (56673462000); Delpiano, José (14828754800)","35333048600; 57221198212; 6603712935; 56673462000; 14828754800","An analytical model for small signal stability analysis in unbalanced electrical power systems","2020","Applied Sciences (Switzerland)","10","24","8855","1","28","2","10.3390/app10248855","https://www.scopus.com/pages/publications/85098485343?origin=resultslist","Article","Final","All Open Access; Gold Open Access; Green Open Access","Scopus","2-s2.0-85098485343"
"Franco P.; Sotelo J.; Montalba C.; Ruijsink B.; Kerfoot E.; Nordsletten D.; Mura J.; Hurtado D.; Uribe S.","Franco, Pamela (57204045244); Sotelo, Julio (55331777400); Montalba, Cristian (57164068500); Ruijsink, Bram (57160365500); Kerfoot, Eric (54408706600); Nordsletten, David (22954349100); Mura, Joaquín (23005117500); Hurtado, Daniel (55221303500); Uribe, Sergio (55122312100)","57204045244; 55331777400; 57164068500; 57160365500; 54408706600; 22954349100; 23005117500; 55221303500; 55122312100","Comprehensive assessment of left intraventricular hemodynamics using a finite element method: An application to dilated cardiomyopathy patients","2021","Applied Sciences (Switzerland)","11","23","11165","","","2","10.3390/app112311165","https://www.scopus.com/pages/publications/85119974612?origin=resultslist","Article","Final","All Open Access; Gold Open Access; Green Open Access","Scopus","2-s2.0-85119974612"
"Barrera-García J.; Cisternas-Caneo F.; Crawford B.; Gómez Sánchez M.; Soto R.","Barrera-García, José (58843404200); Cisternas-Caneo, Felipe (57219988879); Crawford, Broderick (23395875300); Gómez Sánchez, Mariam (57203513456); Soto, Ricardo (24403038600)","58843404200; 57219988879; 23395875300; 57203513456; 24403038600","Feature Selection Problem and Metaheuristics: A Systematic Literature Review about Its Formulation, Evaluation and Applications","2024","Biomimetics","9","1","9","","","40","10.3390/biomimetics9010009","https://www.scopus.com/pages/publications/85183097880?origin=resultslist","Review","Final","All Open Access; Gold Open Access; Green Open Access","Scopus","2-s2.0-85183097880"
"Duque P.; Parra C.; Pizarro F.; Aránguiz A.; Vega E.","Duque, Pablo (58163199300); Parra, Carlos (54961099400); Pizarro, Felix (57190814998); Aránguiz, Andrés (58162804400); Vega, Emanuel (57023414600)","58163199300; 54961099400; 57190814998; 58162804400; 57023414600","Audit Models for Asset Management, Maintenance and Reliability Processes: A Case Study Applied to the Desalination Plant","2023","Lecture Notes in Mechanical Engineering","","","","375","384","1","10.1007/978-3-031-25448-2_36","https://www.scopus.com/pages/publications/85151139472?origin=resultslist","Conference paper","Final","","Scopus","2-s2.0-85151139472"
"Ying Z.; Olguin H.; Gutheil E.","Ying, Zhaoping (57215604839); Olguin, Hernan (55908813100); Gutheil, Eva (6603935605)","57215604839; 55908813100; 6603935605","Multiple structures of laminar fuel-rich spray flames in the counterflow configuration","2022","Combustion and Flame","243","","111997","","","13","10.1016/j.combustflame.2022.111997","https://www.scopus.com/pages/publications/85124655253?origin=resultslist","Article","Final","","Scopus","2-s2.0-85124655253"
"Soto N.; Ferrer K.; Díaz K.; González C.; Taborga L.; Olea A.F.; Carrasco H.; Espinoza L.","Soto, Nitza (57217157182); Ferrer, Karoll (57212413097); Díaz, Katy (56049836400); González, César (57210538317); Taborga, Lautaro (54917081900); Olea, Andrés F. (6603911583); Carrasco, Héctor (9041590400); Espinoza, Luis (7103098526)","57217157182; 57212413097; 56049836400; 57210538317; 54917081900; 6603911583; 9041590400; 7103098526","Synthesis and biological activity of new brassinosteroid analogs of type 24-nor-5β-cholane and 23-benzoate function in the side chain","2021","International Journal of Molecular Sciences","22","9","4808","","","6","10.3390/ijms22094808","https://www.scopus.com/pages/publications/85104968905?origin=resultslist","Article","Final","All Open Access; Gold Open Access; Green Open Access","Scopus","2-s2.0-85104968905"
"Myers N.M.; Peña F.J.; Cortés N.; Vargas P.","Myers, Nathan M. (57214078745); Peña, Francisco J. (57196489005); Cortés, Natalia (56308848200); Vargas, Patricio (7005330462)","57214078745; 57196489005; 56308848200; 7005330462","Multilayer Graphene as an Endoreversible Otto Engine","2023","Nanomaterials","13","9","1548","","","6","10.3390/nano13091548","https://www.scopus.com/pages/publications/85159229552?origin=resultslist","Article","Final","All Open Access; Gold Open Access; Green Open Access","Scopus","2-s2.0-85159229552"
"Vidal J.; Carvajal A.; Huiliñir C.; Salazar R.","Vidal, Jorge (56508938000); Carvajal, Andrea (52063234100); Huiliñir, Cesar (57216785072); Salazar, Ricardo (58181874000)","56508938000; 52063234100; 57216785072; 58181874000","Slaughterhouse wastewater treatment by a combined anaerobic digestion/solar photoelectro-Fenton process performed in semicontinuous operation","2019","Chemical Engineering Journal","378","","122097","","","67","10.1016/j.cej.2019.122097","https://www.scopus.com/pages/publications/85068509971?origin=resultslist","Article","Final","","Scopus","2-s2.0-85068509971"
"Soto R.; Crawford B.; Lanza-Gutierrez J.M.; Olivares R.; Camacho P.; Astorga G.; de la Fuente-Mella H.; Paredes F.; Castro C.","Soto, Ricardo (24403038600); Crawford, Broderick (23395875300); Lanza-Gutierrez, Jose M. (54784705200); Olivares, Rodrigo (55096374700); Camacho, Pablo (57194191725); Astorga, Gino (57189029937); de la Fuente-Mella, Hanns (25960662200); Paredes, Fernando (24773930800); Castro, Carlos (7202237871)","24403038600; 23395875300; 54784705200; 55096374700; 57194191725; 57189029937; 25960662200; 24773930800; 7202237871","Solving the manufacturing cell design problem through an autonomous water cycle algorithm","2019","Applied Sciences (Switzerland)","9","22","4736","","","2","10.3390/app9224736","https://www.scopus.com/pages/publications/85075245498?origin=resultslist","Article","Final","All Open Access; Gold Open Access; Green Open Access","Scopus","2-s2.0-85075245498"
"Vinnett L.; Pino-Muñoz C.A.; Yianatos J.; Díaz F.; Henríquez F.","Vinnett, Luis (36905627300); Pino-Muñoz, Catalina A. (58032430800); Yianatos, Juan (7004328398); Díaz, Francisco (57205852825); Henríquez, Felipe (9249990400)","36905627300; 58032430800; 7004328398; 57205852825; 9249990400","A sensitivity analysis of kinetic characterizations in continuous flotation circuits under moderate deviations with respect to perfect mixing","2022","Physicochemical Problems of Mineral Processing","58","5","152420","","","1","10.37190/ppmp/152420","https://www.scopus.com/pages/publications/85137295911?origin=resultslist","Article","Final","All Open Access; Gold Open Access; Green Open Access","Scopus","2-s2.0-85137295911"
"Cruz P.; Solar M.; Astudillo H.","Cruz, Pablo (35226240700); Solar, Mauricio (55411267600); Astudillo, Hernán (6603646692)","35226240700; 55411267600; 6603646692","Towards Software Architecture as an Auditable Practice","2026","Applied Sciences (Switzerland)","16","6","3020","","","0","10.3390/app16063020","https://www.scopus.com/pages/publications/105034272767?origin=resultslist","Article","Final","All Open Access; Gold Open Access; Green Open Access","Scopus","2-s2.0-105034272767"
"Pinto P.; Littin M.; Rivera J.I.; Severino G.; Cruz J.J.; Fuentes A.","Pinto, P. (57216417316); Littin, M. (58550141200); Rivera, J.I. (57214812189); Severino, G. (55911944000); Cruz, J.J. (58221978600); Fuentes, A. (8725383200)","57216417316; 58550141200; 57214812189; 55911944000; 58221978600; 8725383200","A simpler tractable contour technique to model thermal radiation from buoyant diffusion flames","2023","Experimental Thermal and Fluid Science","149","","111027","","","12","10.1016/j.expthermflusci.2023.111027","https://www.scopus.com/pages/publications/85168794152?origin=resultslist","Article","Final","","Scopus","2-s2.0-85168794152"
"Camargo-Caicedo Y.; Mantilla-Romo L.C.; Bolaño-Ortiz T.R.","Camargo-Caicedo, Yiniva (56313737800); Mantilla-Romo, Laura C. (57221980693); Bolaño-Ortiz, Tomás R. (57213159787)","56313737800; 57221980693; 57213159787","Emissions reduction of greenhouse gases, ozone precursors, aerosols and acidifying gases from road transportation during the COVID-19 lockdown in Colombia","2021","Applied Sciences (Switzerland)","11","4","1458","1","18","26","10.3390/app11041458","https://www.scopus.com/pages/publications/85100851892?origin=resultslist","Article","Final","All Open Access; Gold Open Access; Green Open Access","Scopus","2-s2.0-85100851892"
"Aróstica M.; Rojas R.; Aguilar L.F.; Carvajal-Rondanelli P.; Albericio F.; Guzmán F.; Cárdenas C.","Aróstica, Mónica (57189524671); Rojas, Roberto (57848427100); Aguilar, Luis Felipe (58811477200); Carvajal-Rondanelli, Patricio (36023363100); Albericio, Fernando (7005138070); Guzmán, Fanny (7004463815); Cárdenas, Constanza (7003841627)","57189524671; 57848427100; 58811477200; 36023363100; 7005138070; 7004463815; 7003841627","Arginine Homopeptide of 11 Residues as a Model of Cell-Penetrating Peptides in the Interaction with Bacterial Membranes","2022","Membranes","12","12","1180","","","5","10.3390/membranes12121180","https://www.scopus.com/pages/publications/85144604180?origin=resultslist","Article","Final","All Open Access; Gold Open Access; Green Open Access","Scopus","2-s2.0-85144604180"
"Díaz K.; Espinoza L.; Carvajal R.; Conde-González M.; Niebla V.; Olea A.F.; Coll Y.","Díaz, Katy (56049836400); Espinoza, Luis (7103098526); Carvajal, Rodrigo (57225361980); Conde-González, Marcos (57215584462); Niebla, Vladimir (54392289800); Olea, Andrés F. (6603911583); Coll, Yamilet (24330662000)","56049836400; 7103098526; 57225361980; 57215584462; 54392289800; 6603911583; 24330662000","Biological activities and molecular docking of brassinosteroids 24-norcholane type analogs","2020","International Journal of Molecular Sciences","21","5","1832","","","16","10.3390/ijms21051832","https://www.scopus.com/pages/publications/85081234390?origin=resultslist","Article","Final","All Open Access; Gold Open Access; Green Open Access","Scopus","2-s2.0-85081234390"
"Yon J.; Liu F.; Morán J.; Fuentes A.","Yon, J. (15123574200); Liu, F. (55493554300); Morán, J. (55547139535); Fuentes, A. (8725383200)","15123574200; 55493554300; 55547139535; 8725383200","Impact of the primary particle polydispersity on the radiative properties of soot aggregates","2019","Proceedings of the Combustion Institute","37","1","","1151","1159","30","10.1016/j.proci.2018.07.065","https://www.scopus.com/pages/publications/85051221758?origin=resultslist","Article","Final","All Open Access; Bronze Open Access","Scopus","2-s2.0-85051221758"
"Demarco R.; Consalvi J.-L.; Fuentes A.","Demarco, Rodrigo (42361029000); Consalvi, Jean-Louis (6506341914); Fuentes, Andrés (8725383200)","42361029000; 6506341914; 8725383200","A calibrated soot production model for ethylene inverse diffusion flames at different Oxygen Indexes","2018","Fuel","212","","","1","11","12","10.1016/j.fuel.2017.10.038","https://www.scopus.com/pages/publications/85031094769?origin=resultslist","Article","Final","","Scopus","2-s2.0-85031094769"
"Cornejo I.; Nikrityuk P.; Hayes R.E.","Cornejo, Ivan (39761491700); Nikrityuk, Petr (10338934200); Hayes, Robert E. (57203044203)","39761491700; 10338934200; 57203044203","Multiscale RANS-based modeling of the turbulence decay inside of an automotive catalytic converter","2018","Chemical Engineering Science","175","","","377","386","29","10.1016/j.ces.2017.10.004","https://www.scopus.com/pages/publications/85032859068?origin=resultslist","Article","Final","","Scopus","2-s2.0-85032859068"
"Acevedo C.; Allendes A.; Campaña G.; Jaques A.; Naranjo C.; Sepúlveda G.","Acevedo, Cristian (7004963806); Allendes, Alejandro (36639419000); Campaña, Gilberto (57208147928); Jaques, Aldonza (22834960500); Naranjo, César (57202452826); Sepúlveda, Gonzalo (60090646800)","7004963806; 36639419000; 57208147928; 22834960500; 57202452826; 60090646800","Fick and Fokker-Planck problems: A finite element comparison","2025","Physics of Fluids","37","9","093116","","","0","10.1063/5.0280039","https://www.scopus.com/pages/publications/105015574022?origin=resultslist","Article","Final","","Scopus","2-s2.0-105015574022"
"Carvajal A.; de la Fuente J.; Santibañez P.; Jofré-Dupré P.; Navia D.; Donoso-Bravo A.; Poblete-Castro I.; Serrano A.","Carvajal, Andrea (52063234100); de la Fuente, Juan (8648287000); Santibañez, Pablo (59959229400); Jofré-Dupré, Pablo (59175471600); Navia, Daniel (55263003900); Donoso-Bravo, Andrés (25723108900); Poblete-Castro, Ignacio (54973889700); Serrano, Antonio (55595398900)","52063234100; 8648287000; 59959229400; 59175471600; 55263003900; 25723108900; 54973889700; 55595398900","Microbial inoculum selection for product composition tuning in methane-arrested anaerobic leach bed reactors","2025","Journal of Environmental Chemical Engineering","13","6","120326","","","0","10.1016/j.jece.2025.120326","https://www.scopus.com/pages/publications/105022506141?origin=resultslist","Article","Final","","Scopus","2-s2.0-105022506141"
"Pinto P.; Cabrera A.; Cruz J.J.; Contreras J.; Severino G.; Demarco R.; Elicer-Cortés J.C.; Fuentes A.","Pinto, P. (57216417316); Cabrera, A. (56814371600); Cruz, J.J. (58221978600); Contreras, J. (56537780200); Severino, G. (55911944000); Demarco, R. (42361029000); Elicer-Cortés, J.C. (6603367970); Fuentes, A. (8725383200)","57216417316; 56814371600; 58221978600; 56537780200; 55911944000; 42361029000; 6603367970; 8725383200","Effects of wildland fuel moisture content on radiant heat flux emitted by a laminar non-premixed flame","2020","Applied Thermal Engineering","181","","115968","","","11","10.1016/j.applthermaleng.2020.115968","https://www.scopus.com/pages/publications/85091349344?origin=resultslist","Article","Final","","Scopus","2-s2.0-85091349344"
"Merkx M.J.M.; Sandoval T.E.; Hausmann D.M.; Kessels W.M.M.; Mackus A.J.M.","Merkx, Marc J. M. (57195906209); Sandoval, Tania E. (57197507023); Hausmann, Dennis M. (7005542116); Kessels, Wilhelmus M. M. (7006410054); Mackus, Adriaan J. M. (22951010100)","57195906209; 57197507023; 7005542116; 7006410054; 22951010100","Mechanism of Precursor Blocking by Acetylacetone Inhibitor Molecules during Area-Selective Atomic Layer Deposition of SiO2","2020","Chemistry of Materials","32","8","","3335","3345","66","10.1021/acs.chemmater.9b02992","https://www.scopus.com/pages/publications/85089940188?origin=resultslist","Article","Final","All Open Access; Green Open Access; Hybrid Gold Open Access","Scopus","2-s2.0-85089940188"
"Mellado M.; Espinoza L.; Madrid A.; Mella J.; Chávez-Weisser E.; Diaz K.; Cuellar M.","Mellado, Marco (55442913900); Espinoza, Luis (7103098526); Madrid, Alejandro (54915256200); Mella, Jaime (56925090500); Chávez-Weisser, Eduardo (57209209048); Diaz, Katy (56049836400); Cuellar, Mauricio (7005051317)","55442913900; 7103098526; 54915256200; 56925090500; 57209209048; 56049836400; 7005051317","Design, synthesis, antifungal activity, and structure–activity relationship studies of chalcones and hybrid dihydrochromane–chalcones","2020","Molecular Diversity","24","3","","603","615","53","10.1007/s11030-019-09967-y","https://www.scopus.com/pages/publications/85066817072?origin=resultslist","Article","Final","","Scopus","2-s2.0-85066817072"
"Santacruz-Yunga E.; Guerrero-Rodríguez B.; Silva-Rojas P.; Pérez-Roa R.; Sigalotti L.G.; Trejo C.; Plaza E.","Santacruz-Yunga, Elias (58619622300); Guerrero-Rodríguez, Bernardo (59716846100); Silva-Rojas, Pablo (59716846200); Pérez-Roa, Richard (55835027000); Sigalotti, Leonardo Di G. (59159997400); Trejo, Claudia (59716544500); Plaza, Eric (36987075800)","58619622300; 59716846100; 59716846200; 55835027000; 59159997400; 59716544500; 36987075800","A pair potential force model for surface tension calculations with smoothed particle hydrodynamics","2025","Computational Particle Mechanics","12","5","","2729","2744","2","10.1007/s40571-025-00948-7","https://www.scopus.com/pages/publications/105001504629?origin=resultslist","Article","Final","","Scopus","2-s2.0-105001504629"
"Wang S.; Kadagala M.R.; Vinnett L.; Sharma N.K.; Wei G.","Wang, Shiwei (57192398994); Kadagala, Mohana Rao (57327949000); Vinnett, Luis (36905627300); Sharma, Naresh Kumar (59115243400); Wei, Guomin (58866494300)","57192398994; 57327949000; 36905627300; 59115243400; 58866494300","Investigation on a novel mixed collector for carbon recovery from coal gasification fine slag: Experimental insight and macro molecular simulations","2025","Powder Technology","451","","120473","","","19","10.1016/j.powtec.2024.120473","https://www.scopus.com/pages/publications/85210017906?origin=resultslist","Article","Final","","Scopus","2-s2.0-85210017906"
"Hernández C.; Arriagada A.; Saavedra E.; Toledo M.","Hernández, Christian (58632933200); Arriagada, Andrés (57225136246); Saavedra, Enzo (59155727000); Toledo, Mario (58984742000)","58632933200; 57225136246; 59155727000; 58984742000","Experimental investigation of the use of a radiant porous burner in a novel dual hot air generator based on the food drying process","2024","Journal of Food Process Engineering","47","6","e14646","","","0","10.1111/jfpe.14646","https://www.scopus.com/pages/publications/85195142518?origin=resultslist","Article","Final","","Scopus","2-s2.0-85195142518"
"Vallejo F.; Alejandro-Martin S.; Díaz C.; Díaz-Robles L.; Yánez-Sevilla D.; Del Campo C.","Vallejo, Fidel (57211057346); Alejandro-Martin, Serguei (57219121806); Díaz, Camilo (57267035800); Díaz-Robles, Luis (23060179200); Yánez-Sevilla, Diana (57926616300); Del Campo, Catalina (57926169700)","57211057346; 57219121806; 57267035800; 23060179200; 57926616300; 57926169700","Biofilter CFD Modeling for Atmospheric Emissions Control of a Heating System Based on Sawdust Pellets","2022","Chemical Engineering Transactions","94","","","1315","1320","0","10.3303/CET2294219","https://www.scopus.com/pages/publications/85139777149?origin=resultslist","Article","Final","","Scopus","2-s2.0-85139777149"
"Scholtissek A.; Popp S.; Hartl S.; Olguin H.; Domingo P.; Vervisch L.; Hasse C.","Scholtissek, A. (56436887300); Popp, S. (56661955500); Hartl, S. (56380244000); Olguin, H. (55908813100); Domingo, P. (7102960361); Vervisch, L. (6603795668); Hasse, C. (56379852500)","56436887300; 56661955500; 56380244000; 55908813100; 7102960361; 6603795668; 56379852500","Derivation and analysis of two-dimensional composition space equations for multi-regime combustion using orthogonal coordinates","2020","Combustion and Flame","218","","","205","217","20","10.1016/j.combustflame.2020.05.011","https://www.scopus.com/pages/publications/85085478424?origin=resultslist","Article","Final","All Open Access; Green Open Access","Scopus","2-s2.0-85085478424"
"Morales-Díaz C.; Cabrera A.L.; de la Fuente J.C.; Mejía A.","Morales-Díaz, Carlos (57219332109); Cabrera, Adolfo L. (56814371600); de la Fuente, Juan C. (8648287000); Mejía, Andrés (7005832568)","57219332109; 56814371600; 8648287000; 7005832568","Modelling of solubility of vitamin K3 derivatives in supercritical carbon dioxide using cubic and SAFT equations of state","2021","Journal of Supercritical Fluids","167","","105040","","","26","10.1016/j.supflu.2020.105040","https://www.scopus.com/pages/publications/85092257650?origin=resultslist","Article","Final","","Scopus","2-s2.0-85092257650"
"Picuntureo M.; Tezsevin I.; Merkx M.J.M.; Semproni S.P.; Chen J.-R.; Mackus A.J.M.; Sandoval T.E.","Picuntureo, Matías (58845105300); Tezsevin, Ilker (55796426000); Merkx, Marc J. M. (57195906209); Semproni, Scott P. (23989347500); Chen, Jiun-Ruey (58205232300); Mackus, Adriaan J. M. (22951010100); Sandoval, Tania E. (57197507023)","58845105300; 55796426000; 57195906209; 23989347500; 58205232300; 22951010100; 57197507023","Electronic Structure Descriptors for the Adsorption of Aromatic Molecules on Metals","2026","Chemistry of Materials","38","3","","1094","1105","0","10.1021/acs.chemmater.5c02277","https://www.scopus.com/pages/publications/105030937574?origin=resultslist","Article","Final","","Scopus","2-s2.0-105030937574"
"Gamboa-Savoy F.; Onfray C.; Correa-Puerta J.; Pabba D.P.; Hassan N.; Thiam A.","Gamboa-Savoy, Felipe (58368696600); Onfray, Christian (60562966100); Correa-Puerta, Jonathan (56162308100); Pabba, Durga Prasad (58071673000); Hassan, Natalia (36611719700); Thiam, Abdoulaye (55975550900)","58368696600; 60562966100; 56162308100; 58071673000; 36611719700; 55975550900","Efficient degradation of antibiotics mixture in a solar photoelectro-Fenton system using CuFe2O4@GO@MIL-100(Fe): Boosting efficiency via enhanced charge separation","2025","Applied Catalysis O: Open","206","","207063","","","1","10.1016/j.apcato.2025.207063","https://www.scopus.com/pages/publications/105034991342?origin=resultslist","Review","Final","All Open Access; Gold Open Access; Green Open Access","Scopus","2-s2.0-105034991342"
"Olguin H.; Domingo P.; Vervisch L.; Hasse C.; Scholtissek A.","Olguin, Hernan (55908813100); Domingo, Pascale (7102960361); Vervisch, Luc (6603795668); Hasse, Christian (56379852500); Scholtissek, Arne (56436887300)","55908813100; 7102960361; 6603795668; 56379852500; 56436887300","Advantages of the Adoption of a Generalized Flame Displacement Velocity as a Central Element of Flamelet Theory","2025","Flow, Turbulence and Combustion","114","2","111475","469","486","2","10.1007/s10494-024-00618-3","https://www.scopus.com/pages/publications/85212067200?origin=resultslist","Article","Final","All Open Access; Green Open Access","Scopus","2-s2.0-85212067200"
"Vinnett L.","Vinnett, Luis (36905627300)","36905627300","A discussion on the limitations of image analysis for determining bubble size in industrial flotation when using algorithms successfully tested from idealized images","2023","Physicochemical Problems of Mineral Processing","59","5","174474","","","2","10.37190/PPMP/174474","https://www.scopus.com/pages/publications/85188186560?origin=resultslist","Article","Final","All Open Access; Gold Open Access; Green Open Access","Scopus","2-s2.0-85188186560"
"Cruz J.J.; Figueira da Silva L.F.; Escudero F.; Cepeda F.; Elicer-Cortés J.C.; Fuentes A.","Cruz, J.J. (58221978600); Figueira da Silva, Luis Fernando (6507606204); Escudero, F. (57021488500); Cepeda, F. (57193537729); Elicer-Cortés, J.C. (6603367970); Fuentes, A. (8725383200)","58221978600; 6507606204; 57021488500; 57193537729; 6603367970; 8725383200","Soot Pyrometry by Emission Measurements at Different Wavelengths in Laminar Axisymmetric Flames","2022","Combustion Science and Technology","194","8","","1643","1660","9","10.1080/00102202.2020.1825401","https://www.scopus.com/pages/publications/85093078015?origin=resultslist","Article","Final","All Open Access; Green Open Access","Scopus","2-s2.0-85093078015"
"Mancini-Terracciano C.; Bocci V.; Colandrea M.; Collamati F.; Cremonesi M.; Faccini R.; Ferrari M.E.; Ferroli P.; Ghielmetti F.; Grana C.M.; Marafini M.; Morganti S.; Papi S.; Patané M.; Pedroli G.; Pollo B.; Russomando A.; Schiariti M.; Traini G.; Solfaroli Camillocci E.","Mancini-Terracciano, C. (57201119031); Bocci, V. (7103297368); Colandrea, M. (16311681000); Collamati, F. (55115889700); Cremonesi, M. (6701794859); Faccini, R. (35227133300); Ferrari, M.E. (7401755287); Ferroli, P. (6604034597); Ghielmetti, F. (15071713400); Grana, C.M. (6603662166); Marafini, M. (36350245000); Morganti, S. (35227714900); Papi, S. (6602350229); Patané, M. (14013697900); Pedroli, G. (16736093700); Pollo, B. (7004181729); Russomando, A. (56047179500); Schiariti, M. (35389970700); Traini, G. (56964308800); Solfaroli Camillocci, E. (55866401600)","57201119031; 7103297368; 16311681000; 55115889700; 6701794859; 35227133300; 7401755287; 6604034597; 15071713400; 6603662166; 36350245000; 35227714900; 6602350229; 14013697900; 16736093700; 7004181729; 56047179500; 35389970700; 56964308800; 55866401600","Radio-guided surgery with β− radiation: Tests on ex-vivo specimens","2019","IFMBE Proceedings","68","3","","693","697","3","10.1007/978-981-10-9023-3_126","https://www.scopus.com/pages/publications/85048288626?origin=resultslist","Conference paper","Final","","Scopus","2-s2.0-85048288626"
"Mamani M.A.; González S.; del Valle J.M.; Escobedo-Avellaneda Z.; Núñez G.A.; de la Fuente J.C.","Mamani, Marco Antonio (59013840900); González, Sebastián (57209888121); del Valle, José Manuel (7005396861); Escobedo-Avellaneda, Zamantha (54383169000); Núñez, Gonzalo A. (18437589700); de la Fuente, Juan C. (8648287000)","59013840900; 57209888121; 7005396861; 54383169000; 18437589700; 8648287000","Supercritical CO2 extraction of plant bioactives using hydroethanolic mixtures as cosolvent/suspension medium. 1. Case study on the extraction of red clover (Trifolium pratense L.) isoflavones","2026","Journal of Supercritical Fluids","228","","106766","","","0","10.1016/j.supflu.2025.106766","https://www.scopus.com/pages/publications/105015796232?origin=resultslist","Article","Final","","Scopus","2-s2.0-105015796232"
"Yon J.; Cruz J.J.; Escudero F.; Morán J.; Liu F.; Fuentes A.","Yon, Jérôme (15123574200); Cruz, Juan José (58221978600); Escudero, Felipe (57021488500); Morán, José (55547139535); Liu, Fengshan (55493554300); Fuentes, Andrés (8725383200)","15123574200; 58221978600; 57021488500; 55547139535; 55493554300; 8725383200","Revealing soot maturity based on multi-wavelength absorption/emission measurements in laminar axisymmetric coflow ethylene diffusion flames","2021","Combustion and Flame","227","","","147","161","87","10.1016/j.combustflame.2020.12.049","https://www.scopus.com/pages/publications/85099482037?origin=resultslist","Article","Final","All Open Access; Bronze Open Access","Scopus","2-s2.0-85099482037"
"Aracena A.; Espinoza C.; Jerez O.; Carvajal D.; Jaques A.","Aracena, Alvaro (6504525592); Espinoza, Camila (57225414384); Jerez, Oscar (35242436200); Carvajal, Danilo (55378526500); Jaques, Aldonza (22834960500)","6504525592; 57225414384; 35242436200; 55378526500; 22834960500","Dissolution kinetics of secondary covellite resulted from digenite dissolution in ferric/acid/chloride media","2019","Physicochemical Problems of Mineral Processing","55","4","","840","851","4","10.5277/ppmp19004","https://www.scopus.com/pages/publications/85067899690?origin=resultslist","Article","Final","","Scopus","2-s2.0-85067899690"
"Sauceda S.; Lascano S.; Núñez J.; Parra C.; Arévalo C.; Béjar L.","Sauceda, S. (57220196656); Lascano, S. (56010754300); Núñez, J. (56954349900); Parra, C. (23980927900); Arévalo, C. (56105337200); Béjar, L. (6505615493)","57220196656; 56010754300; 56954349900; 23980927900; 56105337200; 6505615493","Effect of HVOF processing parameters on Cr3C2-NiCr hard coatings deposited on AISI 4140 steel","2023","Engineering Science and Technology, an International Journal","39","","101342","","","16","10.1016/j.jestch.2023.101342","https://www.scopus.com/pages/publications/85147580451?origin=resultslist","Article","Final","All Open Access; Gold Open Access; Green Open Access","Scopus","2-s2.0-85147580451"
"Mucsi V.; Ayub A.S.; Muhammad-Sukki F.; Zulkipli M.; Muhtazaruddin M.N.; Saudi A.S.M.; Ardila-Rey A.","Mucsi, Viktor (57216150636); Ayub, Ahmad Syahrir (57211311586); Muhammad-Sukki, Firdaus (36634597400); Zulkipli, Muhammad (57216158897); Muhtazaruddin, Mohd Nabil (55578437800); Saudi, Ahmad Shakir Mohd (56270774500); Ardila-Rey, Jorge Alfredo (55320465400)","57216150636; 57211311586; 36634597400; 57216158897; 55578437800; 56270774500; 55320465400","Lightning protection methods for wind turbine blades: An alternative approach","2020","Applied Sciences (Switzerland)","10","6","2130","","","12","10.3390/app10062130","https://www.scopus.com/pages/publications/85082675139?origin=resultslist","Article","Final","All Open Access; Gold Open Access; Green Open Access","Scopus","2-s2.0-85082675139"
"Carrizo R.; Ramírez D.; Hernández L.; Lobos G.; Häberle P.; Dalchiele E.A.; Riveros G.","Carrizo, Rolando (57205391631); Ramírez, Daniel (57195948458); Hernández, Loreto (54881716200); Lobos, Gabriela (55410121700); Häberle, Patricio (6602338067); Dalchiele, Enrique A. (6701854336); Riveros, Gonzalo (6701422090)","57205391631; 57195948458; 54881716200; 55410121700; 6602338067; 6701854336; 6701422090","Electrodeposition and Characterization of a Tin Sulfide-Electrochemically Reduced Graphene Oxide Heterojunction","2019","ChemElectroChem","6","4","","1047","1056","10","10.1002/celc.201801654","https://www.scopus.com/pages/publications/85059870956?origin=resultslist","Article","Final","","Scopus","2-s2.0-85059870956"
"Navia D.; Puen A.; Bergh L.; Rodriguez-Blanco T.; Sarabia D.; de Prada C.","Navia, Daniel (55263003900); Puen, Antonio (57189250216); Bergh, Luis (6701774149); Rodriguez-Blanco, Tania (57050236200); Sarabia, Daniel (22981364500); de Prada, César (6603379715)","55263003900; 57189250216; 6701774149; 57050236200; 22981364500; 6603379715","Modifier-Adaptation Based on Transient Measurements Applied to a Laboratory-Scale Flotation Column","2017","Computer Aided Chemical Engineering","40","","","1729","1734","5","10.1016/B978-0-444-63965-3.50290-7","https://www.scopus.com/pages/publications/85041413918?origin=resultslist","Book chapter","Final","","Scopus","2-s2.0-85041413918"
"Fuentes M.; Leiva-Guajardo S.; Sagade A.; Sepúlveda F.; Soliz A.; Toro N.; Cobos Murcia J.Á.; Reyes Cruz V.E.; Toledo M.; Fuentealba E.; Galleguillos Madrid F.M.","Fuentes, Manuel (59302751300); Leiva-Guajardo, Susana (59302808800); Sagade, Atul (54920358200); Sepúlveda, Felipe (55263776100); Soliz, Alvaro (56688489500); Toro, Norman (57191539325); Cobos Murcia, José Ángel (56719805700); Reyes Cruz, V.E. (7801673195); Toledo, Mario (58984742000); Fuentealba, Edward (6506613547); Galleguillos Madrid, Felipe M. (57216821317)","59302751300; 59302808800; 54920358200; 55263776100; 56688489500; 57191539325; 56719805700; 7801673195; 58984742000; 6506613547; 57216821317","The Use of Copper Slag in the Thermolysis Process for Solar Hydrogen Production—A Novel Alternative for the Circular Economy","2025","Applied Sciences (Switzerland)","15","9","4988","","","1","10.3390/app15094988","https://www.scopus.com/pages/publications/105006422918?origin=resultslist","Article","Final","All Open Access; Gold Open Access; Green Open Access","Scopus","2-s2.0-105006422918"
"Munoz-Herrera C.; Skurtys O.; Nikrityuk P.; Hayes R.E.; Toledo M.","Munoz-Herrera, Claudio (58632430600); Skurtys, O. (23096076900); Nikrityuk, Petr (10338934200); Hayes, Robert E. (57203044203); Toledo, Mario (58984742000)","58632430600; 23096076900; 10338934200; 57203044203; 58984742000","Stabilization of methane–hydrogen flames inside a divergent porous media reactor","2024","Proceedings of the Combustion Institute","40","1","105719","","","9","10.1016/j.proci.2024.105719","https://www.scopus.com/pages/publications/85202302291?origin=resultslist","Article","Final","","Scopus","2-s2.0-85202302291"
"Hu Y.; Kai R.; Kurose R.; Gutheil E.; Olguin H.","Hu, Yong (56163198100); Kai, Reo (57209644247); Kurose, Ryoichi (6603840509); Gutheil, Eva (6603935605); Olguin, Hernan (55908813100)","56163198100; 57209644247; 6603840509; 6603935605; 55908813100","Large eddy simulation of a partially pre-vaporized ethanol reacting spray using the multiphase DTF/flamelet model","2020","International Journal of Multiphase Flow","125","","103216","","","30","10.1016/j.ijmultiphaseflow.2020.103216","https://www.scopus.com/pages/publications/85078562511?origin=resultslist","Article","Final","","Scopus","2-s2.0-85078562511"
"Jordan J.; Jaitner N.; Meyer T.; Bramè L.; Ghrayeb M.; Köppke J.; Böhm O.; Chandia S.K.; Zaburdaev V.; Chai L.; Tzschätzsch H.; Mura J.; Braun J.; Hagemann A.I.H.; Sack I.","Jordan, Jakob (57326765100); Jaitner, Noah (58775377600); Meyer, Tom (55725181900); Bramè, Luca (57326202100); Ghrayeb, Mnar (57211582058); Köppke, Julia (57954291300); Böhm, Oliver (59331306100); Chandia, Stefan Klemmer (58775442400); Zaburdaev, Vasily (14036687900); Chai, Liraz (7102339018); Tzschätzsch, Heiko (54685425500); Mura, Joaquin (23005117500); Braun, Jürgen (7403053263); Hagemann, Anja I.H. (7004274163); Sack, Ingolf (6701567096)","57326765100; 58775377600; 55725181900; 57326202100; 57211582058; 57954291300; 59331306100; 58775442400; 14036687900; 7102339018; 54685425500; 23005117500; 7403053263; 7004274163; 6701567096","Rapid Stiffness Mapping in Soft Biologic Tissues With Micrometer Resolution Using Optical Multifrequency Time-Harmonic Elastography","2025","Advanced Science","12","8","2410473","","","2","10.1002/advs.202410473","https://www.scopus.com/pages/publications/85212181279?origin=resultslist","Article","Final","All Open Access; Gold Open Access; Green Open Access","Scopus","2-s2.0-85212181279"
"Vega O.; Carvajal L.M.; Rodríguez F.; Marín M.C.; Ramírez C.; Simpson R.; Valdenegro M.","Vega, Oscar (56063397600); Carvajal, Luz Marina (6701795542); Rodríguez, Faber (24921806700); Marín, María Clara (57200605961); Ramírez, Cristian (36870781000); Simpson, Ricardo (56239119700); Valdenegro, Mónika (15078093600)","56063397600; 6701795542; 24921806700; 57200605961; 36870781000; 56239119700; 15078093600","Effect of thermal pretreatments and cooking characteristics on physicochemical, rheological, and sensorial properties of food products based on cassava (Manihot esculenta Crantz)","2018","Journal of Food Process Engineering","41","1","e12612","","","6","10.1111/jfpe.12612","https://www.scopus.com/pages/publications/85041810905?origin=resultslist","Article","Final","","Scopus","2-s2.0-85041810905"
"Hu Y.; Olguin H.; Gutheil E.","Hu, Yong (56163198100); Olguin, Hernan (55908813100); Gutheil, Eva (6603935605)","56163198100; 55908813100; 6603935605","Transported Joint Probability Density Function Simulation of Turbulent Spray Flames Combined with a Spray Flamelet Model Using a Transported Scalar Dissipation Rate","2017","Combustion Science and Technology","189","2","","322","339","17","10.1080/00102202.2016.1214584","https://www.scopus.com/pages/publications/85007035439?origin=resultslist","Article","Final","","Scopus","2-s2.0-85007035439"
"Gers R.; Skurtys O.; Thiers N.; Moreau F.; Saury D.","Gers, R. (35725521600); Skurtys, O. (23096076900); Thiers, N. (57214074394); Moreau, F. (57198104030); Saury, D. (8660394600)","35725521600; 23096076900; 57214074394; 57198104030; 8660394600","Three-dimensional effects induced by depth variation in a differentially heated cavity","2022","Physics of Fluids","34","9","093602","","","2","10.1063/5.0100218","https://www.scopus.com/pages/publications/85137728571?origin=resultslist","Article","Final","All Open Access; Green Open Access","Scopus","2-s2.0-85137728571"
"Díaz K.; Espinoza L.; Carvajal R.; Silva-Moreno E.; Olea A.F.; Rubio J.","Díaz, Katy (56049836400); Espinoza, Luis (7103098526); Carvajal, Rodrigo (57225361980); Silva-Moreno, Evelyn (57202755889); Olea, Andrés F. (6603911583); Rubio, Julia (57192646797)","56049836400; 7103098526; 57225361980; 57202755889; 6603911583; 57192646797","Exogenous application of brassinosteroid 24-norcholane 22(S)-23-dihydroxy type analogs to enhance water deficit stress tolerance in arabidopsis thaliana","2021","International Journal of Molecular Sciences","22","3","1158","1","15","11","10.3390/ijms22031158","https://www.scopus.com/pages/publications/85099920194?origin=resultslist","Article","Final","All Open Access; Gold Open Access; Green Open Access","Scopus","2-s2.0-85099920194"
"Manríquez J.; Cifuentes G.; Sepúlveda G.","Manríquez, Jorge (57194690640); Cifuentes, Gerardo (6603595043); Sepúlveda, Gonzalo (57194692722)","57194690640; 6603595043; 57194692722","Fluid dynamics and simulation study of particles inside of a hydrocyclone using comsol","2017","Chemical Engineering Transactions","57","","","1291","1296","7","10.3303/CET1757216","https://www.scopus.com/pages/publications/85021651299?origin=resultslist","Article","Final","","Scopus","2-s2.0-85021651299"
"Riaz M.; Ali A.; Ashfaq M.; Ibrahim M.; Akram N.; Tahir M.N.; Kuznetsov A.; Rodríguez L.; Sameeh M.Y.; Assiri M.A.; Torre A.F.D.L.","Riaz, Mehreen (58668467900); Ali, Akbar (58781465400); Ashfaq, Muhammad (57307211600); Ibrahim, Muhammad (7402468437); Akram, Nadia (55386245900); Tahir, Muhammad Nawaz (57218157967); Kuznetsov, Aleksey (57192936699); Rodríguez, Lyanne (57211534672); Sameeh, Manal Y. (57074085500); Assiri, Mohammed A. (57195309416); Torre, Alexander Fernandez de la (58666860600)","58668467900; 58781465400; 57307211600; 7402468437; 55386245900; 57218157967; 57192936699; 57211534672; 57074085500; 57195309416; 58666860600","Polymorphs of Substituted p-Toluenesulfonanilide: Synthesis, Single-Crystal Analysis, Hirshfeld Surface Exploration, and Theoretical Investigation","2023","ACS Omega","8","38","","35307","35320","16","10.1021/acsomega.3c04957","https://www.scopus.com/pages/publications/85175031117?origin=resultslist","Article","Final","All Open Access; Gold Open Access; Green Open Access","Scopus","2-s2.0-85175031117"
"Simpson R.; Nuñez H.; Jaques A.; Ramírez C.; Quiroz N.; Moreno J.; Sastry S.","Simpson, R. (56239119700); Nuñez, H. (7003943176); Jaques, A. (22834960500); Ramírez, C. (36870781000); Quiroz, N. (57203939075); Moreno, J. (7401924776); Sastry, S. (7201785154)","56239119700; 7003943176; 22834960500; 36870781000; 57203939075; 7401924776; 7201785154","Application of a moderate electric field for the potential acceleration of the salting process of Atlantic salmon (Salmo salar)","2018","Journal of Food Process Engineering","41","6","e12846","","","16","10.1111/jfpe.12846","https://www.scopus.com/pages/publications/85053665005?origin=resultslist","Article","Final","All Open Access; Green Open Access","Scopus","2-s2.0-85053665005"
"Situ W.; Zambrano H.A.; Walther J.H.","Situ, Wenfu (57190402869); Zambrano, Harvey A. (26222017000); Walther, Jens Honoré (7102935431)","57190402869; 26222017000; 7102935431","Water nanofilm boiling on a copper surface in the presence of dissolved air","2024","Applied Thermal Engineering","244","","122697","","","7","10.1016/j.applthermaleng.2024.122697","https://www.scopus.com/pages/publications/85185304318?origin=resultslist","Article","Final","All Open Access; Green Open Access; Hybrid Gold Open Access","Scopus","2-s2.0-85185304318"
"Quintero-Coronel D.A.; Corredor L.; Amador G.; Perreault P.; Gonzalez-Quiroga A.","Quintero-Coronel, Daniel A. (57215080043); Corredor, Lesme (35092386000); Amador, German (56156304800); Perreault, Patrice (57202784130); Gonzalez-Quiroga, Arturo (57200700279)","57215080043; 35092386000; 56156304800; 57202784130; 57200700279","Computational fluid dynamic-assisted interchangeability study of natural gas and syngas co-firing in bluff-body burner","2025","Fuel","392","","134861","","","1","10.1016/j.fuel.2025.134861","https://www.scopus.com/pages/publications/85218940625?origin=resultslist","Article","Final","All Open Access; Hybrid Gold Open Access","Scopus","2-s2.0-85218940625"
"Acuña C.; Humire J.; Leiva C.","Acuña, Claudio (24337375500); Humire, José (58946082500); Leiva, Claudio (57200994574)","24337375500; 58946082500; 57200994574","Flotation kinetic tracking of sand contaminated with hydrocarbons: image analysis of pulp color changes in time","2023","Physicochemical Problems of Mineral Processing","59","5","176307","","","0","10.37190/PPMP/176307","https://www.scopus.com/pages/publications/85188170560?origin=resultslist","Article","Final","All Open Access; Gold Open Access; Green Open Access","Scopus","2-s2.0-85188170560"
"Rameshbabu R.; Siaw Paw J.K.; Vinoth V.; Kumar R.S.; Kumar N.; Jadoun S.; Pugazhenthiran N.; Amalraj J.","Rameshbabu, R. (55621066400); Siaw Paw, Johnny Koh (22951210700); Vinoth, Victor (59815713100); Kumar, Raju Suresh (36100384200); Kumar, Niraj (57201635180); Jadoun, Sapana (57189469761); Pugazhenthiran, Nalandhiran (23989733500); Amalraj, John (8203356700)","55621066400; 22951210700; 59815713100; 36100384200; 57201635180; 57189469761; 23989733500; 8203356700","Effectively enhanced photocatalytic hydrogen production performance of novel noble metal-free Cu(OH)2/MoSe2-g-C3N4 ternary nanocomposite under visible light irradiation","2024","Fuel","378","","132944","","","4","10.1016/j.fuel.2024.132944","https://www.scopus.com/pages/publications/85202348398?origin=resultslist","Article","Final","","Scopus","2-s2.0-85202348398"
"Ponce B.; Zamora-Quiroz A.; González E.; Andler R.; Díaz-Barrera A.","Ponce, Belén (57213270130); Zamora-Quiroz, Agustín (60050659600); González, Ernesto (56856511800); Andler, Rodrigo (56604311100); Díaz-Barrera, Alvaro (20435715600)","57213270130; 60050659600; 56856511800; 56604311100; 20435715600","Advances in alginate biosynthesis: regulation and production in Azotobacter vinelandii","2025","Frontiers in Bioengineering and Biotechnology","13","","1593893","","","7","10.3389/fbioe.2025.1593893","https://www.scopus.com/pages/publications/105013459778?origin=resultslist","Review","Final","All Open Access; Gold Open Access; Green Open Access","Scopus","2-s2.0-105013459778"
"Cabrera-Paniagua D.; Rubilar-Torrealba R.; Castro N.; Taverner J.","Cabrera-Paniagua, Daniel (25960679700); Rubilar-Torrealba, Rolando (57224322488); Castro, Nelson (59326546300); Taverner, Joaquín (57192436175)","25960679700; 57224322488; 59326546300; 57192436175","Artificial Punishment Signals for Guiding the Decision-Making Process of an Autonomous System","2024","Applied Sciences (Switzerland)","14","17","7595","","","0","10.3390/app14177595","https://www.scopus.com/pages/publications/85203852821?origin=resultslist","Article","Final","All Open Access; Gold Open Access; Green Open Access","Scopus","2-s2.0-85203852821"
"Becerra D.; Córdoba A.; Walther J.H.; Zambrano H.A.","Becerra, Diego (57218263917); Córdoba, Andrés (23466600500); Walther, Jens H. (7102935431); Zambrano, Harvey A. (26222017000)","57218263917; 23466600500; 7102935431; 26222017000","Water flow in a polymeric nanoslit channel with graphene and hexagonal boron nitride wall coatings: An atomistic study","2023","Physics of Fluids","35","10","102009","","","11","10.1063/5.0165657","https://www.scopus.com/pages/publications/85174945894?origin=resultslist","Article","Final","All Open Access; Green Open Access","Scopus","2-s2.0-85174945894"
"Frydel D.","Frydel, Derek (6507979900)","6507979900","Run-and-tumble oscillator: Moment analysis of stationary distributions","2023","Physics of Fluids","35","10","101905","","","10","10.1063/5.0173374","https://www.scopus.com/pages/publications/85174856820?origin=resultslist","Article","Final","","Scopus","2-s2.0-85174856820"
"Vallejo F.; Alejandro-Martin S.; Díaz-Robles L.; González P.; Cereceda-Balic F.; Fadic X.; Vidal V.; Buchner G.; Poblete J.","Vallejo, Fidel (57211057346); Alejandro-Martin, Serguei (57219121806); Díaz-Robles, Luis (23060179200); González, Pablo (57221926421); Cereceda-Balic, Francisco (6508361398); Fadic, Ximena (21740778600); Vidal, Victor (36027083200); Buchner, Günther (57361800600); Poblete, Jorge (57216673131)","57211057346; 57219121806; 23060179200; 57221926421; 6508361398; 21740778600; 36027083200; 57361800600; 57216673131","Optimization of the Waste Lignocellulosic Biomass Hydrothermal Carbonization Process by Response Surface Methodology","2022","Chemical Engineering Transactions","94","","","1309","1314","2","10.3303/CET2294218","https://www.scopus.com/pages/publications/85139990354?origin=resultslist","Article","Final","","Scopus","2-s2.0-85139990354"
"Malik A.N.; Ali A.; Ashfaq M.; Tahir M.N.; Alam M.M.; Mostafa M.S.; Kuznetsov A.","Malik, Abida Naseem (57390689500); Ali, Akbar (58781465400); Ashfaq, Muhammad (57307211600); Tahir, Muhammad Nawaz (57218157967); Alam, Mohammad Mahtab (57199298082); Mostafa, Mohamed S. (57197169802); Kuznetsov, Aleksey (57192936699)","57390689500; 58781465400; 57307211600; 57218157967; 57199298082; 57197169802; 57192936699","A synthetic approach towards drug modification: 2-hydroxy-1-naphthaldehyde based imine-zwitterion preparation, single-crystal study, Hirshfeld surface analysis, and computational investigation","2024","RSC Advances","14","10","","6476","6493","18","10.1039/d3ra08727a","https://www.scopus.com/pages/publications/85185827197?origin=resultslist","Article","Final","All Open Access; Gold Open Access; Green Open Access","Scopus","2-s2.0-85185827197"
"Navia D.; Puen A.; Quintanilla P.; Briceño L.; Bergh L.","Navia, Daniel (55263003900); Puen, Antonio (57189250216); Quintanilla, Paulina (57202787636); Briceño, Luis (36676832100); Bergh, Luis (6701774149)","55263003900; 57189250216; 57202787636; 36676832100; 6701774149","On dealing with measured disturbances in the modifier adaptation method for real-time optimization","2019","Computers and Chemical Engineering","128","","","141","163","9","10.1016/j.compchemeng.2019.06.004","https://www.scopus.com/pages/publications/85066999320?origin=resultslist","Article","Final","","Scopus","2-s2.0-85066999320"
"Mera A.C.; Matos J.; Araya Vera C.; Alfonso Alvarez A.","Mera, Adriana C. (56205501100); Matos, Juan (56261451500); Araya Vera, Claudia (60114478300); Alfonso Alvarez, Alexander (57223094996)","56205501100; 56261451500; 60114478300; 57223094996","Microwave-Assisted Synthesis of BiOI for Solar-Driven Environmental Remediation","2025","Catalysts","15","9","868","","","0","10.3390/catal15090868","https://www.scopus.com/pages/publications/105017039144?origin=resultslist","Article","Final","All Open Access; Gold Open Access","Scopus","2-s2.0-105017039144"
"Ferreira J.P.; Gaete P.; Helayël-Neto J.A.","Ferreira, J.P. (59296003800); Gaete, Patricio (6602000026); Helayël-Neto, José Abdalla (7003863269)","59296003800; 6602000026; 7003863269","Considerations on electromagnetic radiation in Podolsky electrodynamics within a Lorentz-symmetry violating framework","2025","European Physical Journal Plus","140","5","418","","","1","10.1140/epjp/s13360-025-06351-8","https://www.scopus.com/pages/publications/105005587990?origin=resultslist","Article","Final","","Scopus","2-s2.0-105005587990"
"García A.; Verdugo I.; Cruz J.J.; Escudero F.; Yap V.; Gallardo J.; Demarco R.; Yon J.; Fuentes A.","García, Amanda (59229402000); Verdugo, Ignacio (57217955968); Cruz, Juan J. (58221978600); Escudero, Felipe (57021488500); Yap, Valentina (59229526100); Gallardo, Javier (59180237300); Demarco, Rodrigo (42361029000); Yon, Jérôme (15123574200); Fuentes, Andrés (8725383200)","59229402000; 57217955968; 58221978600; 57021488500; 59229526100; 59180237300; 42361029000; 15123574200; 8725383200","Effect of hydrogen addition on soot maturity and volume fraction of ethylene non-premixed flames under different oxygen indices","2024","Proceedings of the Combustion Institute","40","1-4","105539","","","10","10.1016/j.proci.2024.105539","https://www.scopus.com/pages/publications/85199285590?origin=resultslist","Article","Final","","Scopus","2-s2.0-85199285590"
"Zacconi F.C.; Cabrera A.L.; Ordoñez-Retamales F.; del Valle J.M.; de la Fuente J.C.","Zacconi, Flavia C. (33667991400); Cabrera, Adolfo L. (56814371600); Ordoñez-Retamales, Francisco (57192384650); del Valle, José M. (7005396861); de la Fuente, Juan C. (8648287000)","33667991400; 56814371600; 57192384650; 7005396861; 8648287000","Isothermal solubility in supercritical carbon dioxide of solid derivatives of 2,3-dichloronaphthalene-1,4-dione (dichlone): 2-(Benzylamino)-3-chloronaphthalene-1,4-dione and 2-chloro-3-(phenethylamino)naphthalene-1,4-dione","2017","Journal of Supercritical Fluids","129","","","75","82","10","10.1016/j.supflu.2016.09.014","https://www.scopus.com/pages/publications/85006007420?origin=resultslist","Article","Final","","Scopus","2-s2.0-85006007420"
"Rodríguez A.; Escudero F.; Cruz J.J.; Carvajal G.; Fuentes A.","Rodríguez, A. (58437006000); Escudero, F. (57021488500); Cruz, J.J. (58221978600); Carvajal, G. (14824758100); Fuentes, A. (8725383200)","58437006000; 57021488500; 58221978600; 14824758100; 8725383200","Retrieving soot volume fraction fields for laminar axisymmetric diffusion flames using convolutional neural networks","2021","Fuel","285","","119011","","","36","10.1016/j.fuel.2020.119011","https://www.scopus.com/pages/publications/85091991887?origin=resultslist","Article","Final","","Scopus","2-s2.0-85091991887"
"Palaniappan N.; Cole I.S.; Kuznetsov A.E.; Justin Thomas K.R.","Palaniappan, N. (56806734800); Cole, I.S. (7006232330); Kuznetsov, A.E. (57192936699); Justin Thomas, K.R. (57203389297)","56806734800; 7006232330; 57192936699; 57203389297","Experimental and DFT studies of carbon nanotubes covalently functionalized with an imidazole derivative for electrochemical stability and green corrosion inhibition as a barrier layer on the nickel alloy surface in a sulphuric acidic medium","2019","RSC Advances","9","66","","38677","38686","12","10.1039/c9ra08123b","https://www.scopus.com/pages/publications/85075863152?origin=resultslist","Article","Final","All Open Access; Gold Open Access; Green Open Access","Scopus","2-s2.0-85075863152"
"Silva-Vera W.; Ramírez C.; Pinto M.; Simpson R.; Almonacid S.","Silva-Vera, Wladimir (57202364045); Ramírez, Cristian (36870781000); Pinto, Marlene (55964078500); Simpson, Ricardo (56239119700); Almonacid, Sergio (6602451316)","57202364045; 36870781000; 55964078500; 56239119700; 6602451316","Anisotropic diffusion assessment in salmon (salmo salar) composite muscle tissue: Theoretical and image-processing experimental approaches","2020","Food and Bioproducts Processing","123","","","31","41","1","10.1016/j.fbp.2020.06.004","https://www.scopus.com/pages/publications/85086637104?origin=resultslist","Article","Final","","Scopus","2-s2.0-85086637104"
"Silveira K.; Grigoletto F.B.; Carnielutti F.; Aly M.; Norambuena M.; Rodriguez J.","Silveira, Kelwin (58061679400); Grigoletto, Felipe B. (26427603900); Carnielutti, Fernanda (35762970100); Aly, Mokhtar (55160246200); Norambuena, Margarita (56028714100); Rodriguez, José (57203271100)","58061679400; 26427603900; 35762970100; 55160246200; 56028714100; 57203271100","Model Predictive Control of Common Ground PV Multilevel Inverter with Sliding Mode Observer for Capacitor Voltage Estimation","2025","Processes","13","9","2961","","","1","10.3390/pr13092961","https://www.scopus.com/pages/publications/105017431560?origin=resultslist","Article","Final","All Open Access; Gold Open Access","Scopus","2-s2.0-105017431560"
"Correa J.D.; Orellana P.A.; Pacheco M.","Correa, Julián David (7102666211); Orellana, Pedro Alejandro (56246097800); Pacheco, Mónica (57217223434)","7102666211; 56246097800; 57217223434","Optoelectronic properties of van der waals hybrid structures: Fullerenes on graphene nanoribbons","2017","Nanomaterials","7","3","69","","","16","10.3390/nano7030069","https://www.scopus.com/pages/publications/85016153200?origin=resultslist","Article","Final","All Open Access; Gold Open Access; Green Open Access","Scopus","2-s2.0-85016153200"
"Sierra-Varela L.; Filun-Santana Á.; Araya F.; Villegas-Flores N.; Martinez-Soto A.","Sierra-Varela, Leonardo (57195419823); Filun-Santana, Álvaro (59228471200); Araya, Felipe (57202649864); Villegas-Flores, Noé (55497737600); Martinez-Soto, Aner (57190138211)","57195419823; 59228471200; 57202649864; 55497737600; 57190138211","Rural Road Assessment Method for Sustainable Territorial Development","2024","Applied Sciences (Switzerland)","14","23","11021","","","3","10.3390/app142311021","https://www.scopus.com/pages/publications/85211944908?origin=resultslist","Article","Final","All Open Access; Gold Open Access; Green Open Access","Scopus","2-s2.0-85211944908"
"Forero J.C.; Carvajal K.; Guzmán F.; Acevedo C.; Osses N.; Santana P.","Forero, Juan Carlos (57196120827); Carvajal, Karina (58514958700); Guzmán, Fanny (7004463815); Acevedo, Cristian (7004963806); Osses, Nelson (6507230410); Santana, Paula (55364467400)","57196120827; 58514958700; 7004463815; 7004963806; 6507230410; 55364467400","Use of Chitosan from Southern King Crab to Develop Films Functionalized with RGD Peptides for Potential Tissue Engineering Applications","2023","Biomimetics","8","3","323","","","3","10.3390/biomimetics8030323","https://www.scopus.com/pages/publications/85166338529?origin=resultslist","Article","Final","All Open Access; Gold Open Access; Green Open Access","Scopus","2-s2.0-85166338529"
"Quiñones D.; Rojas L.F.; Serrá C.; Ramírez J.; Barrientos V.; Cano S.","Quiñones, Daniela (56237424300); Rojas, Luis Felipe (58850780200); Serrá, Camila (60162314300); Ramírez, Jessica (60162444500); Barrientos, Viviana (60162365300); Cano, Sandra (56670957000)","56237424300; 58850780200; 60162314300; 60162444500; 60162365300; 56670957000","HEUXIVA: A Set of Heuristics for Evaluating User eXperience with Voice Assistants","2025","Applied Sciences (Switzerland)","15","20","11178","","","1","10.3390/app152011178","https://www.scopus.com/pages/publications/105020245483?origin=resultslist","Article","Final","All Open Access; Gold Open Access; Green Open Access","Scopus","2-s2.0-105020245483"
"Dominguez M.P.; Mendoza J.; Hechenleitner R.","Dominguez, Maria Paz (57215526680); Mendoza, Jeamilette (58489721100); Hechenleitner, Reiner (59654237200)","57215526680; 58489721100; 59654237200","Corrigendum to “Continuous and batch methylene blue removal using avocado seed carbon: Performance evaluation and kinetic analysis” [Bioresour. Technol. Rep. 29 (2025) 102071] (Bioresource Technology Reports (2025) 29, (S2589014X25000532), (10.1016/j.biteb.2025.102071))","2025","Bioresource Technology Reports","30","","102117","","","0","10.1016/j.biteb.2025.102117","https://www.scopus.com/pages/publications/105002335911?origin=resultslist","Erratum","Final","","Scopus","2-s2.0-105002335911"
"Salvo C.; Chicardi E.; García-Garrido C.; Jiménez J.A.; Aguilar C.; Usuba J.; Mangalaraja R.V.","Salvo, C. (57194472830); Chicardi, E. (46461062300); García-Garrido, C. (56150194600); Jiménez, J.A. (56428404300); Aguilar, C. (56166871800); Usuba, J. (57192959389); Mangalaraja, R.V. (57938995400)","57194472830; 46461062300; 56150194600; 56428404300; 56166871800; 57192959389; 57938995400","The influence of mechanical activation process on the microstructure and mechanical properties of bulk Ti2AlN MAX phase obtained by reactive hot pressing","2019","Ceramics International","45","14","","17793","17799","28","10.1016/j.ceramint.2019.05.350","https://www.scopus.com/pages/publications/85066495541?origin=resultslist","Article","Final","","Scopus","2-s2.0-85066495541"
"Maria Z.K.; Kuznetsov A.E.","Maria, Zahid Khan (57757500400); Kuznetsov, Aleksey E. (57192936699)","57757500400; 57192936699","Combinatorial library design and virtual screening of cryptolepine derivatives against topoisomerase IIA by molecular docking and DFT studies","2021","Chemical Sciences in the Focus: Volume 1: Pharmaceutical Applications","","","","187","212","0","10.1515/9783110710823-010","https://www.scopus.com/pages/publications/85132463029?origin=resultslist","Book chapter","Final","","Scopus","2-s2.0-85132463029"
"Ashina C.; Pugazhenthiran N.; Sathishkumar P.; Selvaraj M.; Assiri M.A.; Rajasekaran C.; Gracia-Pinilla M.A.; Mangalaraja R.V.","Ashina, C. (58682433300); Pugazhenthiran, N. (23989733500); Sathishkumar, P. (36982069900); Selvaraj, M. (7003615747); Assiri, Mohammed A. (57195309416); Rajasekaran, Chandrasekaran (59760594500); Gracia-Pinilla, M.A. (57195570473); Mangalaraja, R.V. (57938995400)","58682433300; 23989733500; 36982069900; 7003615747; 57195309416; 59760594500; 57195570473; 57938995400","Ultra-small Ni@NiFe2O4/TiO2 magnetic nanocomposites activated peroxymonosulphate for solar light-driven photocatalytic mineralization of Simazine","2023","Journal of Environmental Chemical Engineering","11","6","111342","","","9","10.1016/j.jece.2023.111342","https://www.scopus.com/pages/publications/85175786170?origin=resultslist","Article","Final","","Scopus","2-s2.0-85175786170"
"Tacchi S.; Flores-Farías J.; Petti D.; Brevis F.; Cattoni A.; Scaramuzzi G.; Girardi D.; Cortés-Ortuño D.; Gallardo R.A.; Albisetti E.; Carlotti G.; Landeros P.","Tacchi, Silvia (8686012200); Flores-Farías, Jorge (57941455000); Petti, Daniela (22953933500); Brevis, Felipe (57222086745); Cattoni, Andrea (56717467400); Scaramuzzi, Giuseppe (57213828478); Girardi, Davide (58283854100); Cortés-Ortuño, David (55014210800); Gallardo, Rodolfo A. (36439493500); Albisetti, Edoardo (55390333300); Carlotti, Giovanni (7006330305); Landeros, Pedro (8450437400)","8686012200; 57941455000; 22953933500; 57222086745; 56717467400; 57213828478; 58283854100; 55014210800; 36439493500; 55390333300; 7006330305; 8450437400","Experimental Observation of Flat Bands in One-Dimensional Chiral Magnonic Crystals","2023","Nano Letters","23","14","","6776","6783","29","10.1021/acs.nanolett.2c04215","https://www.scopus.com/pages/publications/85164502637?origin=resultslist","Article","Final","All Open Access; Green Open Access; Hybrid Gold Open Access","Scopus","2-s2.0-85164502637"
"Motie-Shirazi M.; Zañartu M.; Peterson S.D.; Mehta D.D.; Kobler J.B.; Hillman R.E.; Erath B.D.","Motie-Shirazi, Mohsen (57209296738); Zañartu, Matías (15838299100); Peterson, Sean D. (7202288175); Mehta, Daryush D. (24179154700); Kobler, James B. (57205990002); Hillman, Robert E. (7103042301); Erath, Byron D. (13404663000)","57209296738; 15838299100; 7202288175; 24179154700; 57205990002; 7103042301; 13404663000","Toward development of a vocal fold contact pressure probe: Sensor characterization and validation using synthetic vocal fold models","2019","Applied Sciences (Switzerland)","9","15","3002","","","26","10.3390/app9153002","https://www.scopus.com/pages/publications/85070588267?origin=resultslist","Article","Final","All Open Access; Gold Open Access; Green Open Access","Scopus","2-s2.0-85070588267"
"Tariq M.; Araya F.; Edwards M.A.; Faust K.M.","Tariq, Miriam (58299610200); Araya, Felipe (57202649864); Edwards, Marc A. (7402850883); Faust, Kasey M. (55803401200)","58299610200; 57202649864; 7402850883; 55803401200","Assessing the Impact of Water Contamination Events on the Willingness to Pay for Improved Water Quality in Shrinking Cities","2023","ACS ES and T Water","3","10","","3282","3292","3","10.1021/acsestwater.3c00269","https://www.scopus.com/pages/publications/85174960704?origin=resultslist","Article","Final","","Scopus","2-s2.0-85174960704"
"Godoy D.R.; Mavrakis C.; Mena R.; Kristjanpoller F.; Viveros P.","Godoy, David R. (47761212800); Mavrakis, Constantino (59198992300); Mena, Rodrigo (55575303800); Kristjanpoller, Fredy (55227316300); Viveros, Pablo (55234845600)","47761212800; 59198992300; 55575303800; 55227316300; 55234845600","An Advanced Framework for Predictive Maintenance Decisions: Integrating the Proportional Hazards Model and Machine Learning Techniques under CBM Multi-Covariate Scenarios","2024","Applied Sciences (Switzerland)","14","13","5514","","","3","10.3390/app14135514","https://www.scopus.com/pages/publications/85198400816?origin=resultslist","Article","Final","All Open Access; Gold Open Access; Green Open Access","Scopus","2-s2.0-85198400816"
"Valverde B.; Sancy M.; Martínez C.; Botello E.; Pío E.; Aguilar C.","Valverde, B. (57213599989); Sancy, M. (23973316100); Martínez, C. (57223687584); Botello, E. (56912230600); Pío, E. (57206781297); Aguilar, C. (56166871800)","57213599989; 23973316100; 57223687584; 56912230600; 57206781297; 56166871800","Effect of Sn content on the passivity of Ti-Ta-Sn alloys","2023","Corrosion Science","211","","110887","","","12","10.1016/j.corsci.2022.110887","https://www.scopus.com/pages/publications/85144348976?origin=resultslist","Article","Final","","Scopus","2-s2.0-85144348976"
"Cornejo I.; Garreton G.; Hayes R.E.","Cornejo, Ivan (39761491700); Garreton, Gonzalo (57248204900); Hayes, Robert E. (57203044203)","39761491700; 57248204900; 57203044203","On the use of dual cell density monoliths","2021","Catalysts","11","9","1075","","","10","10.3390/catal11091075","https://www.scopus.com/pages/publications/85114380953?origin=resultslist","Article","Final","All Open Access; Gold Open Access; Green Open Access","Scopus","2-s2.0-85114380953"
"Arriagada Romero A.; Toledo M.G.; Hayes R.E.; Nikrityuk P.A.","Arriagada Romero, Andrés (57225136246); Toledo, Mario Gonzalo (58984742000); Hayes, Robert E. (57203044203); Nikrityuk, Petr A. (10338934200)","57225136246; 58984742000; 57203044203; 10338934200","Modeling of a Moving Reacting Carbon Char Particle Using Macropore-Resolved and Porous Media Approaches","2024","Industrial and Engineering Chemistry Research","63","47","","20531","20543","2","10.1021/acs.iecr.4c02880","https://www.scopus.com/pages/publications/85209541279?origin=resultslist","Article","Final","","Scopus","2-s2.0-85209541279"
"Pino J.; Garcés H.O.; Cuevas J.; Arias L.E.; Rojas A.J.; Fuentes A.","Pino, Julio (57195282123); Garcés, Hugo O. (36625095200); Cuevas, Juan (57195285581); Arias, Luis E. (26022749400); Rojas, Alejandro J. (8700108300); Fuentes, Andrés (8725383200)","57195282123; 36625095200; 57195285581; 26022749400; 8700108300; 8725383200","Soot propensity by image magnification and artificial intelligence","2018","Fuel","225","","","256","265","14","10.1016/j.fuel.2018.03.141","https://www.scopus.com/pages/publications/85044604319?origin=resultslist","Article","Final","","Scopus","2-s2.0-85044604319"
"Díaz D.; Nickel O.; Moraga N.; Catalán R.E.; Retamal M.J.; Zelada H.; Cisternas M.; Meißner R.; Huber P.; Corrales T.P.; Volkmann U.G.","Díaz, Diego (57169765400); Nickel, Ole (57226597806); Moraga, Nicolás (57170232100); Catalán, Rodrigo E. (57169952100); Retamal, María José (36878084500); Zelada, Hugo (57219098616); Cisternas, Marcelo (55235772500); Meißner, Robert (57200627862); Huber, Patrick (57202798387); Corrales, Tomas P. (54884299600); Volkmann, Ulrich G. (6603548237)","57169765400; 57226597806; 57170232100; 57169952100; 36878084500; 57219098616; 55235772500; 57200627862; 57202798387; 54884299600; 6603548237","How water wets and self-hydrophilizes nanopatterns of physisorbed hydrocarbons","2022","Journal of Colloid and Interface Science","606","","","57","66","5","10.1016/j.jcis.2021.07.121","https://www.scopus.com/pages/publications/85112127438?origin=resultslist","Article","Final","All Open Access; Bronze Open Access; Green Open Access","Scopus","2-s2.0-85112127438"
"Palaniappan N.; Cole I.S.; Kuznetsov A.; Thomas K.R.J.; K. B.; Manickam S.","Palaniappan, N. (56806734800); Cole, Ivan S. (7006232330); Kuznetsov, A. (57192936699); Thomas, K. R. Justin (57203389297); K., Balasubramanian (57225053008); Manickam, Sivakumar (45661701600)","56806734800; 7006232330; 57192936699; 57203389297; 57225053008; 45661701600","Experimental and DFT studies of gadolinium decorated graphene oxide materials for their redox properties and as a corrosion inhibition barrier layer on Mg AZ13 alloy in a 3.5% NaCl environment","2021","RSC Advances","11","36","","22095","22105","12","10.1039/d1ra03495b","https://www.scopus.com/pages/publications/85109008195?origin=resultslist","Article","Final","All Open Access; Gold Open Access; Green Open Access","Scopus","2-s2.0-85109008195"
"González-Prida V.; Velásquez M.; Guillén A.; Parra C.; Viveros P.; Kristjanpoller F.","González-Prida, Vicente (55368257900); Velásquez, Matías (58162937500); Guillén, Antonio (55851474000); Parra, Carlos (54961099400); Viveros, Pablo (55234845600); Kristjanpoller, Fredy (55227316300)","55368257900; 58162937500; 55851474000; 54961099400; 55234845600; 55227316300","Methods for the Criticality Assessment of Intangible Assets in a Knowledge Management Process","2023","Lecture Notes in Mechanical Engineering","","","","354","365","1","10.1007/978-3-031-25448-2_34","https://www.scopus.com/pages/publications/85151146988?origin=resultslist","Conference paper","Final","","Scopus","2-s2.0-85151146988"
"Guerra C.; Sancy M.; Walczak M.; Silva D.; Martínez C.; Tribollet B.; Aguilar C.","Guerra, Carolina (57196635414); Sancy, Mamié (23973316100); Walczak, Magdalena (47962618900); Silva, Daniela (57197392418); Martínez, Carola (57223687584); Tribollet, Bernard (7006099003); Aguilar, Claudio (56166871800)","57196635414; 23973316100; 47962618900; 57197392418; 57223687584; 7006099003; 56166871800","Evolution of oxide film on the internal porosity of Ti-30Nb-13Ta-2Mn alloy foam","2018","Electrochimica Acta","283","","","676","682","16","10.1016/j.electacta.2018.05.010","https://www.scopus.com/pages/publications/85049434339?origin=resultslist","Article","Final","All Open Access; Green Open Access","Scopus","2-s2.0-85049434339"
"Díaz-Moreno N.; Lobos C.; Carvajal A.; Poblete I.; Cantera S.; Lebrero R.","Díaz-Moreno, Nicolás (60005300500); Lobos, Cecilia (60004835100); Carvajal, Andrea (52063234100); Poblete, Ignacio (60004835200); Cantera, Sara (55443023000); Lebrero, Raquel (36134644700)","60005300500; 60004835100; 52063234100; 60004835200; 55443023000; 36134644700","Valorization of aromatic hydrocarbons into polyhydroxyalkanoates: advances towards sustainable waste gas treatment","2025","Bioresource Technology","436","","132991","","","1","10.1016/j.biortech.2025.132991","https://www.scopus.com/pages/publications/105011056283?origin=resultslist","Article","Final","All Open Access; Hybrid Gold Open Access","Scopus","2-s2.0-105011056283"
"Vinnett L.; Grammatikopoulos T.; El-Menshawy A.H.; Waters K.E.","Vinnett, L. (36905627300); Grammatikopoulos, T. (6602896058); El-Menshawy, A.H. (56405478300); Waters, K.E. (16314583400)","36905627300; 6602896058; 56405478300; 16314583400","Justifying size-by-size flotation rate distributions from size-by-association kinetic responses","2022","Powder Technology","395","","","168","182","7","10.1016/j.powtec.2021.09.042","https://www.scopus.com/pages/publications/85115975384?origin=resultslist","Article","Final","All Open Access; Hybrid Gold Open Access","Scopus","2-s2.0-85115975384"
"Díaz C.; Belmonte M.; Campos J.L.; Franchi O.; Faúndez M.; Vidal G.; Argiz L.; Pedrouso A.; Val del Rio A.; Mosquera-Corral A.","Díaz, Claudia (57216708346); Belmonte, Marisol (13610618200); Campos, José Luis (56147689900); Franchi, Oscar (57202247838); Faúndez, Martín (57210175007); Vidal, Gladys (7102503885); Argiz, Lucía (57202456107); Pedrouso, Alba (57189495110); Val del Rio, Angeles (37066754000); Mosquera-Corral, Anuska (6603261499)","57216708346; 13610618200; 56147689900; 57202247838; 57210175007; 7102503885; 57202456107; 57189495110; 37066754000; 6603261499","Limits of the anammox process in granular systems to remove nitrogen at low temperature and nitrogen concentration","2020","Process Safety and Environmental Protection","138","","","349","355","6","10.1016/j.psep.2020.03.025","https://www.scopus.com/pages/publications/85084351069?origin=resultslist","Article","Final","","Scopus","2-s2.0-85084351069"
"Colina J.R.; Chavez-Delgado M.; Álvarez C.; Segura C.; Delgadillo R.; Concha J.L.; Arteaga-Pérez L.E.; Norambuena-Contreras J.","Colina, José R. (57190882284); Chavez-Delgado, Manuel (57202249398); Álvarez, Claudio (57213905332); Segura, Cristina (23398591700); Delgadillo, Rodrigo (15724192300); Concha, Jose L. (57196003597); Arteaga-Pérez, Luis E. (26424546000); Norambuena-Contreras, Jose (30067803500)","57190882284; 57202249398; 57213905332; 23398591700; 15724192300; 57196003597; 26424546000; 30067803500","Waste Tire Pyrolysis and Distillation for Designing Effective Asphalt Rejuvenators","2025","Energy and Fuels","39","42","","20369","20382","0","10.1021/acs.energyfuels.5c03533","https://www.scopus.com/pages/publications/105019485466?origin=resultslist","Article","Final","","Scopus","2-s2.0-105019485466"
"Martínez C.; Guerra C.; Silva D.; Cubillos M.; Briones F.; Muñoz L.; Páez M.A.; Aguilar C.; Sancy M.","Martínez, Carola (57223687584); Guerra, Carolina (57196635414); Silva, Daniela (57197392418); Cubillos, Mariela (57215091554); Briones, Francisco (58073520600); Muñoz, Lisa (36961404000); Páez, M.A. (7006658774); Aguilar, Claudio (56166871800); Sancy, Mamié (23973316100)","57223687584; 57196635414; 57197392418; 57215091554; 58073520600; 36961404000; 7006658774; 56166871800; 23973316100","Effect of porosity on mechanical and electrochemical properties of Ti–6Al–4V alloy","2020","Electrochimica Acta","338","","135858","","","34","10.1016/j.electacta.2020.135858","https://www.scopus.com/pages/publications/85079850562?origin=resultslist","Article","Final","","Scopus","2-s2.0-85079850562"
"San Martín F.; Kracht W.; Vargas T.","San Martín, Francisca (56237693600); Kracht, Willy (8876962000); Vargas, Tomás (7003778255)","56237693600; 8876962000; 7003778255","Attachment of Acidithiobacillus ferrooxidans to pyrite in fresh and saline water and fitting to Langmuir and Freundlich isotherms","2020","Biotechnology Letters","42","6","","957","964","11","10.1007/s10529-020-02842-z","https://www.scopus.com/pages/publications/85084271000?origin=resultslist","Article","Final","All Open Access; Green Open Access","Scopus","2-s2.0-85084271000"
"Ali A.; Ashfaq M.; Din Z.U.; Ibrahim M.; Khalid M.; Assiri M.A.; Riaz A.; Tahir M.N.; Rodrigues-Filho E.; Imran M.; Kuznetsov A.","Ali, Akbar (58781465400); Ashfaq, Muhammad (57307211600); Din, Zia Ud (60200850200); Ibrahim, Muhammad (7402468437); Khalid, Muhammad (57209146980); Assiri, Mohammed A. (57195309416); Riaz, Arish (57947909800); Tahir, Muhammad Nawaz (57218157967); Rodrigues-Filho, Edson (6701396764); Imran, Muhammad (57211658314); Kuznetsov, Aleksey (57192936699)","58781465400; 57307211600; 60200850200; 7402468437; 57209146980; 57195309416; 57947909800; 57218157967; 6701396764; 57211658314; 57192936699","Synthesis, Structural, and Intriguing Electronic Properties of Symmetrical Bis-Aryl-α,β-Unsaturated Ketone Derivatives","2022","ACS Omega","7","43","","39294","39309","32","10.1021/acsomega.2c05441","https://www.scopus.com/pages/publications/85140885167?origin=resultslist","Article","Final","All Open Access; Gold Open Access; Green Open Access","Scopus","2-s2.0-85140885167"
"Amador G.; Yepes H.A.; Gonzalez-Quiroga A.; Bula A.","Amador, German (56156304800); Yepes, Hernando A. (55675200900); Gonzalez-Quiroga, Arturo (57200700279); Bula, Antonio (6602652627)","56156304800; 55675200900; 57200700279; 6602652627","Development of extended formulations of the relative concentration of chain carrier method for knock prediction in spark-ignited internal combustion engines fueled with gaseous fuels","2020","Fuel","279","","118352","","","4","10.1016/j.fuel.2020.118352","https://www.scopus.com/pages/publications/85086869826?origin=resultslist","Article","Final","","Scopus","2-s2.0-85086869826"
"Odkhuu N.; Lee K.-B.; Ahmed M.A.; Kim Y.-C.","Odkhuu, Nandinkhuu (57204535814); Lee, Ki-Beom (59862743200); Ahmed, Mohamed A. (57211429785); Kim, Young-Chon (8917739800)","57204535814; 59862743200; 57211429785; 8917739800","Optimal energy management of V2B with RES and ESS for peak load minimization","2018","Applied Sciences (Switzerland)","8","11","2125","","","21","10.3390/app8112125","https://www.scopus.com/pages/publications/85055994187?origin=resultslist","Article","Final","All Open Access; Gold Open Access; Green Open Access","Scopus","2-s2.0-85055994187"
"Yanine F.; Sanchez-Squella A.; Barrueto A.; Sahoo S.K.; Cordova F.M.","Yanine, Fernando (55785548400); Sanchez-Squella, Antonio (36676752500); Barrueto, Aldo (56907023000); Sahoo, Sarat Kumar (27467840500); Cordova, Felisa M. (7006313201)","55785548400; 36676752500; 56907023000; 27467840500; 7006313201","Smart energy systems: The need to incorporate homeostatically controlled microgrids to the electric power distribution industry: An electric utilities' perspective","2018","International Journal of Engineering and Technology(UAE)","7","2","","64","73","5","10.14419/ijet.v7i2.28.12883","https://www.scopus.com/pages/publications/85047378333?origin=resultslist","Article","Final","All Open Access; Gold Open Access; Green Open Access","Scopus","2-s2.0-85047378333"
"Guerrero F.; Arriagada A.; Muñoz F.; Silva P.; Ripoll N.; Toledo M.","Guerrero, Fabián (56288715000); Arriagada, Andrés (57225136246); Muñoz, Felipe (57220595978); Silva, Pablo (57220976709); Ripoll, Nicolás (57188811463); Toledo, Mario (58984742000)","56288715000; 57225136246; 57220595978; 57220976709; 57188811463; 58984742000","Particulate matter emissions reduction from residential wood stove using inert porous material inside its combustion chamber","2021","Fuel","289","","119756","","","26","10.1016/j.fuel.2020.119756","https://www.scopus.com/pages/publications/85097479537?origin=resultslist","Article","Final","","Scopus","2-s2.0-85097479537"
"Cornejo I.; Hayes R.E.","Cornejo, Ivan (39761491700); Hayes, Robert E. (57203044203)","39761491700; 57203044203","A review of the critical aspects in the multi-scale modelling of structured catalytic reactors","2021","Catalysts","11","1","89","1","14","10","10.3390/catal11010089","https://www.scopus.com/pages/publications/85099378728?origin=resultslist","Review","Final","All Open Access; Gold Open Access; Green Open Access","Scopus","2-s2.0-85099378728"
"Pérez A.; Ruz M.; García P.; Jiménez P.; Valencia P.; Ramírez C.; Pinto M.; Nuñez S.M.; Park J.W.; Almonacid S.","Pérez, Alvaro (55619307065); Ruz, Manuel (7003668856); García, Paula (56817139500); Jiménez, Paula (55597914900); Valencia, Pedro (57201824872); Ramírez, Cristian (36870781000); Pinto, Marlene (55964078500); Nuñez, Suleivys M. (57212408308); Park, Jae W. (34974545700); Almonacid, Sergio (6602451316)","55619307065; 7003668856; 56817139500; 55597914900; 57201824872; 36870781000; 55964078500; 57212408308; 34974545700; 6602451316","Nutritional Properties of Fish Bones: Potential Applications in the Food Industry","2024","Food Reviews International","40","1","","79","91","25","10.1080/87559129.2022.2153136","https://www.scopus.com/pages/publications/85146466174?origin=resultslist","Review","Final","","Scopus","2-s2.0-85146466174"
"Morán J.; Cuevas J.; Liu F.; Yon J.; Fuentes A.","Morán, J. (55547139535); Cuevas, J. (57195285581); Liu, F. (55493554300); Yon, J. (15123574200); Fuentes, A. (8725383200)","55547139535; 57195285581; 55493554300; 15123574200; 8725383200","Influence of primary particle polydispersity and overlapping on soot morphological parameters derived from numerical TEM images","2018","Powder Technology","330","","","67","79","26","10.1016/j.powtec.2018.02.008","https://www.scopus.com/pages/publications/85042312924?origin=resultslist","Article","Final","","Scopus","2-s2.0-85042312924"
"Manquian C.; Navarrete A.; Vivas L.; Troncoso L.; Singh D.P.","Manquian, Carolina (57202468482); Navarrete, Alberto (57219939498); Vivas, Leonardo (57208319164); Troncoso, Loreto (55369257400); Singh, Dinesh Pratap (57193754443)","57202468482; 57219939498; 57208319164; 55369257400; 57193754443","Synthesis and Optimization of Ni-Based Nano Metal–Organic Frameworks as a Superior Electrode Material for Supercapacitor","2024","Nanomaterials","14","4","353","","","12","10.3390/nano14040353","https://www.scopus.com/pages/publications/85185655087?origin=resultslist","Article","Final","All Open Access; Gold Open Access; Green Open Access","Scopus","2-s2.0-85185655087"
"Morán J.; Poux A.; Cepeda F.; Escudero F.; Fuentes A.; Gallen L.; Riber E.; Cuenot B.; Yon J.","Morán, J. (55547139535); Poux, A. (37011563400); Cepeda, F. (57193537729); Escudero, F. (57021488500); Fuentes, A. (8725383200); Gallen, L. (57202584293); Riber, E. (15751837300); Cuenot, B. (6701464293); Yon, J. (15123574200)","55547139535; 37011563400; 57193537729; 57021488500; 8725383200; 57202584293; 15751837300; 6701464293; 15123574200","Multi-scale soot formation simulation providing detailed particle morphology in a laminar coflow diffusion flame","2023","Combustion and Flame","256","","112987","","","15","10.1016/j.combustflame.2023.112987","https://www.scopus.com/pages/publications/85166022929?origin=resultslist","Article","Final","All Open Access; Green Open Access","Scopus","2-s2.0-85166022929"
"Curinao J.; Cepeda F.; Escudero F.; Dworkin S.B.; Demarco R.","Curinao, Jorge (36468635600); Cepeda, Francisco (57193537729); Escudero, Felipe (57021488500); Dworkin, Seth B. (13004256700); Demarco, Rodrigo (42361029000)","36468635600; 57193537729; 57021488500; 13004256700; 42361029000","Understanding soot formation: A comprehensive analysis using reactive models in Inverse Non-Premixed Flames","2024","Combustion and Flame","267","","113569","","","6","10.1016/j.combustflame.2024.113569","https://www.scopus.com/pages/publications/85197069593?origin=resultslist","Article","Final","","Scopus","2-s2.0-85197069593"
"Campos S.A.; Calzadilla W.; Venegas-Yazigi D.; León-Carvajal J.; Fuentes S.; Salazar-González R.","Campos, Sebastián A. (57213267904); Calzadilla, Wendy (57222309463); Venegas-Yazigi, Diego (6506133767); León-Carvajal, Jennifer (59902405700); Fuentes, Sandra (22940799200); Salazar-González, Ricardo (58181874000)","57213267904; 57222309463; 6506133767; 59902405700; 22940799200; 58181874000","Effluent Reclamation through Photocatalysis Using Yb- and Er-Doped Zinc Oxide Nanomaterials","2025","ACS ES and T Water","5","6","","3100","3110","0","10.1021/acsestwater.5c00012","https://www.scopus.com/pages/publications/105005449507?origin=resultslist","Article","Final","","Scopus","2-s2.0-105005449507"
"Ahuar R.L.; Figueroa D.; Agüero J.C.; Silva C.A.","Ahuar, Reinier López (57245382000); Figueroa, Dave (59490976200); Agüero, Juan C. (8296403500); Silva, César A. (7201387399)","57245382000; 59490976200; 8296403500; 7201387399","Experimental Validation of Offset-Free Model-Based Predictive Control in Voltage Source Inverters for Grid Connected and Microgrids Applications","2025","Applied Sciences (Switzerland)","15","3","1567","","","1","10.3390/app15031567","https://www.scopus.com/pages/publications/85217783035?origin=resultslist","Article","Final","All Open Access; Gold Open Access; Green Open Access","Scopus","2-s2.0-85217783035"
"Orellana B.; Vivas L.; Manquian C.; Brito T.P.; Singh D.P.","Orellana, Belen (60143509900); Vivas, Leonardo (57208319164); Manquian, Carolina (57202468482); Brito, Tania P. (57197786306); Singh, Dinesh P. (57193754443)","60143509900; 57208319164; 57202468482; 57197786306; 57193754443","Ecosynthesis and Optimization of Nano rGO/Ag-Based Electrode Materials for Superior Supercapacitor Coin Cell Devices","2025","International Journal of Molecular Sciences","26","19","9578","","","0","10.3390/ijms26199578","https://www.scopus.com/pages/publications/105018893450?origin=resultslist","Article","Final","All Open Access; Gold Open Access; Green Open Access","Scopus","2-s2.0-105018893450"
"Patiño F.; Cruz J.J.; Verdugo I.; Morán J.; Consalvi J.L.; Liu F.; Du X.; Fuentes A.","Patiño, F. (57213192815); Cruz, J.J. (58221978600); Verdugo, I. (57217955968); Morán, J. (55547139535); Consalvi, J.L. (6506341914); Liu, F. (55493554300); Du, X. (57213198710); Fuentes, A. (8725383200)","57213192815; 58221978600; 57217955968; 55547139535; 6506341914; 55493554300; 57213198710; 8725383200","Soot primary particle sizing in a n-heptane doped methane/air laminar coflow diffusion flame by planar two-color TiRe-LII and TEM image analysis","2020","Fuel","266","","117030","","","28","10.1016/j.fuel.2020.117030","https://www.scopus.com/pages/publications/85077722011?origin=resultslist","Article","Final","","Scopus","2-s2.0-85077722011"
"Parra C.; Rodrigues Da Cunha T.H.; Contryman A.W.; Kong D.; Montero-Silva F.; Rezende Gonçalves P.H.; Dos Reis D.D.; Giraldo-Gallo P.; Segura R.; Olivares F.; Niestemski F.; Cui Y.; Magalhaes-Paniago R.; Manoharan H.C.","Parra, Carolina (23980927900); Rodrigues Da Cunha, Thiago Henrique (57204832741); Contryman, Alex W. (26530758100); Kong, Desheng (56380939800); Montero-Silva, Francisco (24466812600); Rezende Gonçalves, Pedro Henrique (57204835512); Dos Reis, Diogo Duarte (55574116500); Giraldo-Gallo, Paula (55220080700); Segura, Rodrigo (15027635700); Olivares, Fernanda (57191854222); Niestemski, Francis (6505548733); Cui, Yi (57201126795); Magalhaes-Paniago, Rogerio (6602768138); Manoharan, Hari C. (7003540540)","23980927900; 57204832741; 26530758100; 56380939800; 24466812600; 57204835512; 55574116500; 55220080700; 15027635700; 57191854222; 6505548733; 57201126795; 6602768138; 7003540540","Phase Separation of Dirac Electrons in Topological Insulators at the Spatial Limit","2017","Nano Letters","17","1","","97","103","19","10.1021/acs.nanolett.6b03506","https://www.scopus.com/pages/publications/85028753366?origin=resultslist","Article","Final","","Scopus","2-s2.0-85028753366"
"Simpson R.; Ramírez C.; Núñez H.","Simpson, Ricardo (56239119700); Ramírez, Cristian (36870781000); Núñez, Helena (7003943176)","56239119700; 36870781000; 7003943176","Digital twins: Integration of food production, storage, and distribution for efficient life cycle management","2022","Journal of Food Process Engineering","45","1","e13940","","","2","10.1111/jfpe.13940","https://www.scopus.com/pages/publications/85119583678?origin=resultslist","Note","Final","","Scopus","2-s2.0-85119583678"
"Quintanilla P.; Navia D.; Neethling S.; Brito-Parada P.","Quintanilla, Paulina (57202787636); Navia, Daniel (55263003900); Neethling, Stephen (57204345798); Brito-Parada, Pablo (53879322500)","57202787636; 55263003900; 57204345798; 53879322500","Experimental Implementation of an Economic Model Predictive Control for Froth Flotation","2024","Computer Aided Chemical Engineering","53","","","1759","1764","4","10.1016/B978-0-443-28824-1.50294-5","https://www.scopus.com/pages/publications/85196830013?origin=resultslist","Book chapter","Final","All Open Access; Green Open Access","Scopus","2-s2.0-85196830013"
"Littin M.; Poux A.; Lefevre G.; Mazur M.; Fuentes A.; Yon J.","Littin, M. (58550141200); Poux, A. (37011563400); Lefevre, G. (59267923800); Mazur, M. (57057054500); Fuentes, A. (8725383200); Yon, J. (15123574200)","58550141200; 37011563400; 59267923800; 57057054500; 8725383200; 15123574200","On the consideration of signal trapping for soot sizing by angular light scattering in laminar flames","2024","Journal of Aerosol Science","181","","106429","","","7","10.1016/j.jaerosci.2024.106429","https://www.scopus.com/pages/publications/85196770822?origin=resultslist","Article","Final","","Scopus","2-s2.0-85196770822"
"Arriagada A.; Mena R.; Ripoll N.; Hayes R.E.; Nikrityuk P.A.; Toledo M.","Arriagada, Andrés (57225136246); Mena, Roberto (59194284900); Ripoll, Nicolás (57188811463); Hayes, Robert E. (57203044203); Nikrityuk, Petr A. (10338934200); Toledo, Mario (58984742000)","57225136246; 59194284900; 57188811463; 57203044203; 10338934200; 58984742000","Solar-driven gasification for syngas production at low temperatures using a rotary hybrid porous media reactor","2024","Chemical Engineering Journal","495","","153011","","","3","10.1016/j.cej.2024.153011","https://www.scopus.com/pages/publications/85197083586?origin=resultslist","Article","Final","","Scopus","2-s2.0-85197083586"
"Wladimir S.V.; Begoña G.; Tian X.; Romina A.O.; Sergio A.A.; Gabriela S.-H.; Ricardo S.R.","Wladimir, Silva V. (59922010000); Begoña, Giménez (59462091500); Tian, Xiaojing (56984965500); Romina, Abarca O. (59462477000); Sergio, Almonacid A. (59462740600); Gabriela, Sandoval-Hevia (59462091600); Ricardo, Simpson R. (59462220800)","59922010000; 59462091500; 56984965500; 59462477000; 59462740600; 59462091600; 59462220800","Exploring CO2-Laser Microperforation: Potential for Enhanced Mass and Thermal Diffusion in Banana (Musa sapientum) Dehydration","2025","Food Biophysics","20","2","87","","","0","10.1007/s11483-025-09977-4","https://www.scopus.com/pages/publications/105006932567?origin=resultslist","Article","Final","","Scopus","2-s2.0-105006932567"
"Grant L.N.; Pinter B.; Gu J.; Mindiola D.J.","Grant, Lauren N. (56943040900); Pinter, Balazs (57193426092); Gu, Jun (55256516200); Mindiola, Daniel J. (6701799019)","56943040900; 57193426092; 55256516200; 6701799019","Molecular Zirconium Nitride Super Base from a Mononuclear Parent Imide","2018","Journal of the American Chemical Society","140","50","","17399","17403","29","10.1021/jacs.8b11198","https://www.scopus.com/pages/publications/85058849555?origin=resultslist","Article","Final","","Scopus","2-s2.0-85058849555"
"Nuñez S.M.; García A.; Roman T.; Aguilar L.; Tarnok M.E.; Guzmán F.; Cárdenas C.; Ponce S.; Vásquez D.; Carrasco S.; Valín J.L.","Nuñez, Suleivys M. (57212408308); García, Ahyra (59960771400); Roman, Tanya (57210283464); Aguilar, Luis (58811477200); Tarnok, María Elena (57216852737); Guzmán, Fanny (7004463815); Cárdenas, Constanza (7003841627); Ponce, Sebastián (59368255100); Vásquez, Dreidy (59763517200); Carrasco, Samuel (57204606950); Valín, José Luis (6603885305)","57212408308; 59960771400; 57210283464; 58811477200; 57216852737; 7004463815; 7003841627; 59368255100; 59763517200; 57204606950; 6603885305","Antioxidant and Cytotoxic Evaluation of Aqueous Extracts from Hymenochaetaceae Fungi Associated with Endemic Chilean Sclerophyll Forest Trees","2025","International Journal of Molecular Sciences","26","12","5877","","","0","10.3390/ijms26125877","https://www.scopus.com/pages/publications/105008999328?origin=resultslist","Article","Final","All Open Access; Gold Open Access; Green Open Access","Scopus","2-s2.0-105008999328"
"de la Fuente J.C.; Shimoyama Y.","de la Fuente, Juan C. (8648287000); Shimoyama, Yusuke (7005946936)","8648287000; 7005946936","Correlating mean particle size of pure solids in supercritical antisolvent processes using dimensional analysis with the Buckingham π-theorem","2025","Journal of Supercritical Fluids","218","","106512","","","3","10.1016/j.supflu.2024.106512","https://www.scopus.com/pages/publications/85214817308?origin=resultslist","Article","Final","","Scopus","2-s2.0-85214817308"
"Bolkenbaas O.C.A.; Merkx M.J.M.; Chittock N.J.; Tezsevin I.; Kessels W.M.M.; Sandoval T.E.; Mackus A.J.M.","Bolkenbaas, Olaf C. A. (57646376800); Merkx, Marc J. M. (57195906209); Chittock, Nicholas J. (57219658856); Tezsevin, Ilker (55796426000); Kessels, Wilhelmus M. M. (7006410054); Sandoval, Tania E. (57197507023); Mackus, Adriaan J. M. (22951010100)","57646376800; 57195906209; 57219658856; 55796426000; 7006410054; 57197507023; 22951010100","Area-Selective Atomic Layer Deposition through Selective Passivation of SiO2with a SF6/H2Plasma","2025","Chemistry of Materials","37","14","","4982","4991","2","10.1021/acs.chemmater.4c03316","https://www.scopus.com/pages/publications/105010491873?origin=resultslist","Article","Final","All Open Access; Green Open Access; Hybrid Gold Open Access","Scopus","2-s2.0-105010491873"
"Fierro M.; Requena P.; Salgansky E.; Toledo M.","Fierro, Matías (57224955844); Requena, Pablo (57224956234); Salgansky, Eugene (24475095100); Toledo, Mario (58984742000)","57224955844; 57224956234; 24475095100; 58984742000","Experimental investigation of reverse flow porous medium reactor with premixed and non-premixed flames","2021","Chemical Engineering Journal","425","","130178","","","25","10.1016/j.cej.2021.130178","https://www.scopus.com/pages/publications/85108694129?origin=resultslist","Article","Final","","Scopus","2-s2.0-85108694129"
"Zacconi F.C.; Cabrera A.L.; Lozada J.A.; del Valle J.M.; de la Fuente J.C.","Zacconi, Flavia C. (33667991400); Cabrera, Adolfo L. (56814371600); Lozada, José Alejandro (57212241509); del Valle, José M. (7005396861); de la Fuente, Juan C. (8648287000)","33667991400; 56814371600; 57212241509; 7005396861; 8648287000","Experimental solubility data of two solid derivatives of menadione in supercritical carbon dioxide: 2-((4-chlorobenzyl)amino)-3-methylnaphtalene-1,4-dione, and 2-((4-chlorophenethyl)amino)-3-methylnaphtalene-1,4-dione","2020","Journal of Supercritical Fluids","157","","104707","","","5","10.1016/j.supflu.2019.104707","https://www.scopus.com/pages/publications/85076320240?origin=resultslist","Article","Final","","Scopus","2-s2.0-85076320240"
"Hernández Y.; Ramírez C.; Moreno J.; Núñez H.; Vega O.; Almonacid S.; Pinto M.; Fuentes L.; Simpson R.","Hernández, Yossebann (57211747000); Ramírez, Cristian (36870781000); Moreno, Jorge (7401924776); Núñez, Helena (7003943176); Vega, Oscar (56063397600); Almonacid, Sergio (6602451316); Pinto, Marlene (55964078500); Fuentes, Lida (35483854600); Simpson, Ricardo (56239119700)","57211747000; 36870781000; 7401924776; 7003943176; 56063397600; 6602451316; 55964078500; 35483854600; 56239119700","Effect of Refractance Window on dehydration of osmotically pretreated apple slices: Color and texture evaluation","2020","Journal of Food Process Engineering","43","2","e13304","","","21","10.1111/jfpe.13304","https://www.scopus.com/pages/publications/85074954710?origin=resultslist","Article","Final","","Scopus","2-s2.0-85074954710"
"Silva C.D.; Peces M.; Jaques A.; Muñoz J.J.; Dosta J.; Astals S.","Silva, C. Da (35517736700); Peces, M. (55382334600); Jaques, A. (22834960500); Muñoz, J.J. (7402874069); Dosta, J. (14015386000); Astals, S. (26025891300)","35517736700; 55382334600; 22834960500; 7402874069; 14015386000; 26025891300","Fractional calculus as a generalized kinetic model for biochemical methane potential tests","2024","Bioresource Technology","396","","130412","","","14","10.1016/j.biortech.2024.130412","https://www.scopus.com/pages/publications/85184567841?origin=resultslist","Article","Final","All Open Access; Green Open Access","Scopus","2-s2.0-85184567841"
"Cornejo I.; Nikrityuk P.; Hayes R.E.","Cornejo, Ivan (39761491700); Nikrityuk, Petr (10338934200); Hayes, Robert E. (57203044203)","39761491700; 10338934200; 57203044203","Heat and mass transfer inside of a monolith honeycomb: From channel to full size reactor scale","2022","Catalysis Today","383","","","110","122","25","10.1016/j.cattod.2020.10.036","https://www.scopus.com/pages/publications/85096446084?origin=resultslist","Article","Final","","Scopus","2-s2.0-85096446084"
"Cisternas M.A.; Palacios-Coddou F.; Molina S.; Retamal M.J.; Gomez-Vierling N.; Moraga N.; Zelada H.; Soto-Arriaza M.A.; Corrales T.P.; Volkmann U.G.","Cisternas, Marcelo A. (55235772500); Palacios-Coddou, Francisca (57219088104); Molina, Sebastian (57206900897); Retamal, Maria Jose (36878084500); Gomez-Vierling, Nancy (57219098053); Moraga, Nicolas (57170232100); Zelada, Hugo (57219098616); Soto-Arriaza, Marco A. (24170156700); Corrales, Tomas P. (54884299600); Volkmann, Ulrich G. (6603548237)","55235772500; 57219088104; 57206900897; 36878084500; 57219098053; 57170232100; 57219098616; 24170156700; 54884299600; 6603548237","Dry two-step self-assembly of stable supported lipid bilayers on silicon substrates","2020","International Journal of Molecular Sciences","21","18","6819","1","15","1","10.3390/ijms21186819","https://www.scopus.com/pages/publications/85091255301?origin=resultslist","Article","Final","All Open Access; Gold Open Access; Green Open Access","Scopus","2-s2.0-85091255301"
"Martinez A.; Torres F.; Marin J.; Rojas C.A.; Gak J.; Rommel M.; May A.; Wilson-Veas A.H.; Miguez M.; Rossi C.; Schraml M.; Calarco N.","Martinez, Andres (59032653700); Torres, Felipe (58990114100); Marin, Jorge (56844562000); Rojas, Christian A. (36163544000); Gak, Joel (24437274800); Rommel, Mathias (7006164691); May, Alexander (57212512529); Wilson-Veas, Alan H. (35430455200); Miguez, Matias (24436270800); Rossi, Chiara (57196469261); Schraml, Michael (58307238900); Calarco, Nicolas (55943697600)","59032653700; 58990114100; 56844562000; 36163544000; 24437274800; 7006164691; 57212512529; 35430455200; 24436270800; 57196469261; 58307238900; 55943697600","Analysis and Design of an SiC CMOS Three-Channel DC-DC Synchronous Buck Converter for High-Temperature Applications","2024","Applied Sciences (Switzerland)","14","21","9789","","","6","10.3390/app14219789","https://www.scopus.com/pages/publications/85208552592?origin=resultslist","Article","Final","All Open Access; Gold Open Access","Scopus","2-s2.0-85208552592"
"Contreras J.; Consalvi J.-L.; Fuentes A.","Contreras, J. (56537780200); Consalvi, J.-L. (6506341914); Fuentes, A. (8725383200)","56537780200; 6506341914; 8725383200","Oxygen index effect on the structure of a laminar boundary layer diffusion flame in a reduced gravity environment","2017","Proceedings of the Combustion Institute","36","2","","3237","3245","13","10.1016/j.proci.2016.06.065","https://www.scopus.com/pages/publications/85002554973?origin=resultslist","Article","Final","","Scopus","2-s2.0-85002554973"
"Prado-Gutiérrez P.; Otero M.; Martínez-Montes E.; Weinstein A.; Escobar M.-J.; El-Deredy W.; Zañartu M.","Prado-Gutiérrez, Pavel (11240325600); Otero, Mónica (57205191839); Martínez-Montes, Eduardo (59157717500); Weinstein, Alejandro (57204948489); Escobar, María-José (24437696600); El-Deredy, Wael (6603616278); Zañartu, Matías (15838299100)","11240325600; 57205191839; 59157717500; 57204948489; 24437696600; 6603616278; 15838299100","A Method for Tracking the Time Evolution of Steady-State Evoked Potentials","2019","Journal of Visualized Experiments","2019","147","e59898","","","6","10.3791/59898","https://www.scopus.com/pages/publications/85067542383?origin=resultslist","Article","Final","All Open Access; Green Open Access","Scopus","2-s2.0-85067542383"
"Polo-Cuadrado E.; Ferrer K.; Osorio E.; Brito I.; Cisterna J.; Espinoza L.; Alderete J.B.; Gutiérrez M.","Polo-Cuadrado, Efraín (57190296002); Ferrer, Karoll (57212413097); Osorio, Edison (36948747000); Brito, Iván (56243857400); Cisterna, Jonathan (56556795400); Espinoza, Luis (7103098526); Alderete, Joel B. (7006013451); Gutiérrez, Margarita (36841072800)","57190296002; 57212413097; 36948747000; 56243857400; 56556795400; 7103098526; 7006013451; 36841072800","Piperonal chalcone derivative incorporating the pyrazolo[3,4-b]pyridine moiety; crystal structure, spectroscopic characterization and quantum chemical investigations","2023","RSC Advances","13","8","","5197","5207","9","10.1039/d2ra08101f","https://www.scopus.com/pages/publications/85148573665?origin=resultslist","Article","Final","All Open Access; Gold Open Access; Green Open Access","Scopus","2-s2.0-85148573665"
"Figueroa-Macías J.P.; García Y.C.; Núñez M.; Díaz K.; Olea A.F.; Espinoza L.","Figueroa-Macías, Juan Pablo (57221542448); García, Yamilet Coll (59158243400); Núñez, María (57195949103); Díaz, Katy (56049836400); Olea, Andres F. (6603911583); Espinoza, Luis (7103098526)","57221542448; 59158243400; 57195949103; 56049836400; 6603911583; 7103098526","Plant growth-defense trade-offs: Molecular processes leading to physiological changes","2021","International Journal of Molecular Sciences","22","2","693","1","18","126","10.3390/ijms22020693","https://www.scopus.com/pages/publications/85099413949?origin=resultslist","Review","Final","All Open Access; Gold Open Access; Green Open Access","Scopus","2-s2.0-85099413949"
"Urtubia A.; León R.; Vargas M.","Urtubia, Alejandra (22836720000); León, Roberto (55931651400); Vargas, Matías (57221374647)","22836720000; 55931651400; 57221374647","Identification of chemical markers to detect abnormal wine fermentation using support vector machines","2021","Computers and Chemical Engineering","145","","107158","","","26","10.1016/j.compchemeng.2020.107158","https://www.scopus.com/pages/publications/85098943333?origin=resultslist","Article","Final","","Scopus","2-s2.0-85098943333"
"Pastene-Burgos S.; Muñoz-Nuñez E.; Quiroz-Carreño S.; Pastene-Navarrete E.; Espinoza Catalan L.; Bustamante L.; Alarcón-Enos J.","Pastene-Burgos, Sofía (59217209900); Muñoz-Nuñez, Evelyn (57219846572); Quiroz-Carreño, Soledad (57208628983); Pastene-Navarrete, Edgar (24344787400); Espinoza Catalan, Luis (7103098526); Bustamante, Luis (50561043800); Alarcón-Enos, Julio (57197598466)","59217209900; 57219846572; 57208628983; 24344787400; 7103098526; 50561043800; 57197598466","Ceanothanes Derivatives as Peripheric Anionic Site and Catalytic Active Site Inhibitors of Acetylcholinesterase: Insights for Future Drug Design","2024","International Journal of Molecular Sciences","25","13","7303","","","13","10.3390/ijms25137303","https://www.scopus.com/pages/publications/85198427251?origin=resultslist","Article","Final","All Open Access; Gold Open Access; Green Open Access","Scopus","2-s2.0-85198427251"
"Reinoso-Guerra E.; Aristizabal J.; Arce B.; Zurob E.; Dennett G.; Fuentes R.; Suescún A.V.; Cárdenas L.; Rodrigues Da Cunha T.H.; Cabezas R.; García-Herrera C.; Parra C.","Reinoso-Guerra, Elias (57222905786); Aristizabal, Juliet (55326069100); Arce, Bárbara (57218529042); Zurob, Elsie (57205323994); Dennett, Geraldine (25225246500); Fuentes, Romina (57196992730); Suescún, Ana Victoria (16403465200); Cárdenas, Leyla (7004368563); Rodrigues Da Cunha, Thiago Henrique (57204832741); Cabezas, René (56674160000); García-Herrera, Claudio (35483673000); Parra, Carolina (23980927900)","57222905786; 55326069100; 57218529042; 57205323994; 25225246500; 57196992730; 16403465200; 7004368563; 57204832741; 56674160000; 35483673000; 23980927900","Nanostructured Didymosphenia geminata-based membrane for efficient lead adsorption from aqueous solution","2021","Journal of Environmental Chemical Engineering","9","4","105269","","","18","10.1016/j.jece.2021.105269","https://www.scopus.com/pages/publications/85102405459?origin=resultslist","Article","Final","","Scopus","2-s2.0-85102405459"
"Seccatore J.; Flores S.; Oliden J.; Pozo G.; Marin T.","Seccatore, Jacopo (54986227400); Flores, Sebastian (58869452400); Oliden, Jose (60353511800); Pozo, Guillermo (60585971500); Marin, Tatiane (36613362700)","54986227400; 58869452400; 60353511800; 60585971500; 36613362700","Macroscopic and Microscopic Investigation on Microfractures in Blast-Conditioned Rock and the Influence of Particle Size","2026","Applied Sciences (Switzerland)","16","2","655","","","0","10.3390/app16020655","https://www.scopus.com/pages/publications/105028679821?origin=resultslist","Article","Final","All Open Access; Gold Open Access; Green Open Access","Scopus","2-s2.0-105028679821"
"Alfaro V.A.; Zamorano C.V.; Araya Vera C.; Mera A.C.; Zamarreño Bastias R.; Alvarez A.A.","Alfaro, Valeria Araya (60159729400); Zamorano, Celeste Vega (60159677800); Araya Vera, Claudia (60114478300); Mera, Adriana C. (56205501100); Zamarreño Bastias, Ricardo (58019124700); Alvarez, Alexander Alfonso (57731266300)","60159729400; 60159677800; 60114478300; 56205501100; 58019124700; 57731266300","BiOI/Magnetic Nanocomposites Derived from Mine Tailings for Photocatalytic Degradation of Phenolic Compounds (Caffeic Acid) in Winery Wastewater","2025","Catalysts","15","10","937","","","2","10.3390/catal15100937","https://www.scopus.com/pages/publications/105020007652?origin=resultslist","Article","Final","All Open Access; Gold Open Access","Scopus","2-s2.0-105020007652"
"Kuznetsov A.E.","Kuznetsov, Aleksey E. (57192936699)","57192936699","Comparison of P- And As-core-modified porphyrins with the parental porphyrin: A computational study","2021","Pure and Applied Chemistry","93","5","","561","570","4","10.1515/pac-2020-1105","https://www.scopus.com/pages/publications/85100563048?origin=resultslist","Article","Final","All Open Access; Hybrid Gold Open Access","Scopus","2-s2.0-85100563048"
"Gómez-Torres A.; Aguilar-Calderón J.R.; Saucedo C.; Jordan A.; Metta-Magaña A.; Pinter B.; Fortier S.","Gómez-Torres, Alejandra (57203483217); Aguilar-Calderón, J. Rolando (57191694904); Saucedo, Carlos (57211946632); Jordan, Aldo (57211940077); Metta-Magaña, Alejandro (8358354300); Pinter, Balazs (57193426092); Fortier, Skye (24461235800)","57203483217; 57191694904; 57211946632; 57211940077; 8358354300; 57193426092; 24461235800","Reversible oxidative-addition and reductive-elimination of thiophene from a titanium complex and its thermally-induced hydrodesulphurization chemistry","2020","Chemical Communications","56","10","","1545","1548","14","10.1039/c9cc09267f","https://www.scopus.com/pages/publications/85079022357?origin=resultslist","Article","Final","","Scopus","2-s2.0-85079022357"
"Cornejo I.; Hayes R.E.; Nikrityuk P.","Cornejo, Ivan (39761491700); Hayes, Robert E. (57203044203); Nikrityuk, Petr (10338934200)","39761491700; 57203044203; 10338934200","A new approach for the modeling of turbulent flows in automotive catalytic converters","2018","Chemical Engineering Research and Design","140","","","308","319","23","10.1016/j.cherd.2018.10.028","https://www.scopus.com/pages/publications/85055905402?origin=resultslist","Article","Final","","Scopus","2-s2.0-85055905402"
"Al-Bairmani S.; Li Y.; Rosales C.; Xie Z.-T.","Al-Bairmani, Sukaina (57193887889); Li, Yi (56044382000); Rosales, Carlos (36828677400); Xie, Zheng-tong (9743223000)","57193887889; 56044382000; 36828677400; 9743223000","Subgrid-scale stresses and scalar fluxes constructed by the multi-scale turnover Lagrangian map","2017","Physics of Fluids","29","4","045103","","","2","10.1063/1.4979719","https://www.scopus.com/pages/publications/85017380768?origin=resultslist","Article","Final","All Open Access; Bronze Open Access; Green Open Access","Scopus","2-s2.0-85017380768"
"Abarzúa G.; Roa S.; Julve-Pérez N.; Mangalaraja R.V.","Abarzúa, Gonzalo (57212061302); Roa, Simón (57190370779); Julve-Pérez, Nicolás (58897828900); Mangalaraja, R.V. (57938995400)","57212061302; 57190370779; 58897828900; 57938995400","Solution combustion-based synthesis of NiO-GDC and NiO-SDC nanocomposites for low-temperature SOFC","2024","Ceramics International","50","9","","16689","16697","12","10.1016/j.ceramint.2024.02.087","https://www.scopus.com/pages/publications/85185578185?origin=resultslist","Article","Final","","Scopus","2-s2.0-85185578185"
"Thomsen M.; Cruz J.J.; Escudero F.; Fuentes A.; Fernandez-Pello C.; Gollner M.; Urban D.L.; Ruff G.A.","Thomsen, Maria (57188757303); Cruz, Juan Jose (58221978600); Escudero, Felipe (57021488500); Fuentes, Andres (8725383200); Fernandez-Pello, Carlos (35601955300); Gollner, Michael (36760629900); Urban, David L. (35562688400); Ruff, Gary A. (7005398548)","57188757303; 58221978600; 57021488500; 8725383200; 35601955300; 36760629900; 35562688400; 7005398548","Determining flame temperature by broadband two color pyrometry in a flame spreading over a thin solid in microgravity","2023","Proceedings of the Combustion Institute","39","3","","3909","3918","6","10.1016/j.proci.2022.07.237","https://www.scopus.com/pages/publications/85139201822?origin=resultslist","Article","Final","","Scopus","2-s2.0-85139201822"
"Frydel D.","Frydel, Derek (6507979900)","6507979900","The run-and-tumble particle model with four-states: Exact solution at zero temperature","2022","Physics of Fluids","34","2","027111","","","13","10.1063/5.0080058","https://www.scopus.com/pages/publications/85125185001?origin=resultslist","Article","Final","","Scopus","2-s2.0-85125185001"
"Vinnett L.; León R.; Mesa D.","Vinnett, Luis (36905627300); León, Roberto (55931651400); Mesa, Diego (57190428435)","36905627300; 55931651400; 57190428435","Artificial neural network (ANN) modelling to estimate bubble size from macroscopic image and object features","2023","Physicochemical Problems of Mineral Processing ","59","5","185759","","","2","10.37190/ppmp/185759","https://www.scopus.com/pages/publications/85198727884?origin=resultslist","Article","Final","All Open Access; Gold Open Access; Green Open Access","Scopus","2-s2.0-85198727884"
"Fierro M.; Gutierrez C.; Bubnovich V.; Ripoll N.; Toledo M.","Fierro, Matías (57224955844); Gutierrez, Cristóbal (57224959588); Bubnovich, Valeri (35562140300); Ripoll, Nicolás (57188811463); Toledo, Mario (58984742000)","57224955844; 57224959588; 35562140300; 57188811463; 58984742000","Thermal effect of hollow spheres in a filtration combustion process","2021","Applied Thermal Engineering","195","","117037","","","14","10.1016/j.applthermaleng.2021.117037","https://www.scopus.com/pages/publications/85108687844?origin=resultslist","Article","Final","","Scopus","2-s2.0-85108687844"
"Toledo F.R.; García-Serna J.; Núñez G.A.; del Valle J.M.","Toledo, Felipe R. (57205706609); García-Serna, Juan (16047464400); Núñez, Gonzalo A. (18437589700); del Valle, José M. (7005396861)","57205706609; 16047464400; 18437589700; 7005396861","Simulation of a flexible multi-vessel extraction plant with counter-current contacting between a solid substrate and supercritical CO2","2023","Computers and Chemical Engineering","175","","108261","","","2","10.1016/j.compchemeng.2023.108261","https://www.scopus.com/pages/publications/85153587349?origin=resultslist","Article","Final","","Scopus","2-s2.0-85153587349"
"Situ W.; Zambrano H.A.; Walther J.H.","Situ, Wenfu (57190402869); Zambrano, Harvey A. (26222017000); Walther, Jens Honoré (7102935431)","57190402869; 26222017000; 7102935431","Effects of electric field on interfacial heat transfer in an electrolyte copper–water system","2025","Applied Thermal Engineering","279","","127477","","","2","10.1016/j.applthermaleng.2025.127477","https://www.scopus.com/pages/publications/105011406832?origin=resultslist","Article","Final","","Scopus","2-s2.0-105011406832"
"Córdova A.; Henríquez P.; Nuñez H.; Rico-Rodriguez F.; Guerrero C.; Astudillo-Castro C.; Illanes A.","Córdova, Andrés (54405633400); Henríquez, Paola (57412993400); Nuñez, Helena (7003943176); Rico-Rodriguez, Fabián (57200523989); Guerrero, Cecilia (36738876300); Astudillo-Castro, Carolina (7004510679); Illanes, Andrés (7004170275)","54405633400; 57412993400; 7003943176; 57200523989; 36738876300; 7004510679; 7004170275","Recent Advances in the Application of Enzyme Processing Assisted by Ultrasound in Agri-Foods: A Review","2022","Catalysts","12","1","107","","","41","10.3390/catal12010107","https://www.scopus.com/pages/publications/85122850621?origin=resultslist","Review","Final","All Open Access; Gold Open Access; Green Open Access","Scopus","2-s2.0-85122850621"
"Aliaga D.M.; Feick R.; Brooks W.K.; Mery M.; Gers R.; Levi J.F.; Romero C.P.","Aliaga, D.M. (57205114589); Feick, R. (56209665800); Brooks, W.K. (35400106000); Mery, M. (55821643400); Gers, R. (35725521600); Levi, J.F. (57221759238); Romero, C.P. (24377284600)","57205114589; 56209665800; 35400106000; 55821643400; 35725521600; 57221759238; 24377284600","Modified solar chimney configuration with a heat exchanger: Experiment and CFD simulation","2021","Thermal Science and Engineering Progress","22","","100850","","","28","10.1016/j.tsep.2021.100850","https://www.scopus.com/pages/publications/85100088207?origin=resultslist","Article","Final","","Scopus","2-s2.0-85100088207"
"Nuñez M.; Wang Y.; Russinova E.; Estévez-Braun A.; Amesty A.; Olea A.F.; Mellado M.; Díaz K.; Espinoza Catalán L.","Nuñez, María (57195949103); Wang, Yaowei (57195718736); Russinova, Eugenia (6505995085); Estévez-Braun, Ana (6701825073); Amesty, Angel (14024036100); Olea, Andrés F. (6603911583); Mellado, Marco (55442913900); Díaz, Katy (56049836400); Espinoza Catalán, Luis (7103098526)","57195949103; 57195718736; 6505995085; 6701825073; 14024036100; 6603911583; 55442913900; 56049836400; 7103098526","Synthesis, Biological Activity, and Molecular-Docking Studies of New Brassinosteroid Analogs","2024","International Journal of Molecular Sciences","25","18","10158","","","4","10.3390/ijms251810158","https://www.scopus.com/pages/publications/85205256700?origin=resultslist","Article","Final","All Open Access; Gold Open Access; Green Open Access","Scopus","2-s2.0-85205256700"
"Littin M.; Escudero F.; Cruz J.J.; Verdugo I.; Chen D.; Fuentes A.; Demarco R.","Littin, Mijail (58550141200); Escudero, Felipe (57021488500); Cruz, Juan J. (58221978600); Verdugo, Ignacio (57217955968); Chen, Dongping (55696850100); Fuentes, Andrés (8725383200); Demarco, Rodrigo (42361029000)","58550141200; 57021488500; 58221978600; 57217955968; 55696850100; 8725383200; 42361029000","Understanding soot production in a Jet A-1 laminar coflow non-premixed flame","2024","Proceedings of the Combustion Institute","40","1-4","105534","","","8","10.1016/j.proci.2024.105534","https://www.scopus.com/pages/publications/85199336749?origin=resultslist","Article","Final","","Scopus","2-s2.0-85199336749"
"del Valle J.M.; Calderón D.; Núñez G.A.","del Valle, José Manuel (7005396861); Calderón, Diego (57204511089); Núñez, Gonzalo A. (18437589700)","7005396861; 57204511089; 18437589700","Pressure drop may negatively impact supercritical CO2 extraction of citrus peel essential oils in an industrial-size extraction vessel","2019","Journal of Supercritical Fluids","144","","","108","121","24","10.1016/j.supflu.2018.09.005","https://www.scopus.com/pages/publications/85055893220?origin=resultslist","Article","Final","","Scopus","2-s2.0-85055893220"
"Valdés E.; Díaz K.; Núñez M.; Olea A.F.; Moral J.F.Q.D.; Carvajal R.; Cuellar M.A.; Espinoza-Catalán L.","Valdés, Ernesto (57218529727); Díaz, Katy (56049836400); Núñez, María (57195949103); Olea, Andrés F. (6603911583); Moral, José F. Quilez del (58974172800); Carvajal, Rodrigo (50161087200); Cuellar, Mauricio A. (7005051317); Espinoza-Catalán, Luis (7103098526)","57218529727; 56049836400; 57195949103; 6603911583; 58974172800; 50161087200; 7005051317; 7103098526","Novel 3-Dehydroteasterone Derivatives with 23,24-Dinorcholanic Side Chain and Benzoate Groups at C-22: Synthesis and Activity Evaluation by Rice Lamina Inclination Test and Bean Second-Internode Bioassay","2025","International Journal of Molecular Sciences","26","17","8710","","","0","10.3390/ijms26178710","https://www.scopus.com/pages/publications/105015633902?origin=resultslist","Article","Final","All Open Access; Gold Open Access; Green Open Access","Scopus","2-s2.0-105015633902"
"Delonca A.; Gonzalez F.; Mendoza V.; Ceron A.","Delonca, Adeline (56315706700); Gonzalez, Francisco (58490339800); Mendoza, Victor (58489704800); Ceron, Andrea (58490471400)","56315706700; 58490339800; 58489704800; 58490471400","Influence of Preconditioning and Tunnel Support on Strain Burst Potential","2023","Applied Sciences (Switzerland)","13","13","7419","","","1","10.3390/app13137419","https://www.scopus.com/pages/publications/85164949544?origin=resultslist","Article","Final","All Open Access; Gold Open Access; Green Open Access","Scopus","2-s2.0-85164949544"
"Justel F.J.; Taboada M.E.; Flores E.K.; Galleguillos H.R.; Graber T.A.","Justel, Francisca J. (56940698300); Taboada, María E. (7006962174); Flores, Elsa K. (23481950200); Galleguillos, Héctor R. (6602755098); Graber, Teófilo A. (7005685905)","56940698300; 7006962174; 23481950200; 6602755098; 7005685905","Thermodynamic Model for the Design of a Process of Production of Copper Sulfate Pentahydrate from Copper Ores","2020","ACS Omega","5","45","","29073","29080","3","10.1021/acsomega.0c03615","https://www.scopus.com/pages/publications/85097111495?origin=resultslist","Article","Final","All Open Access; Gold Open Access; Green Open Access","Scopus","2-s2.0-85097111495"
"Leiva C.A.; Poblete D.A.; Aguilera T.L.; Acunã C.A.; Quintero F.J.","Leiva, C.A. (57200994574); Poblete, D.A. (57200986854); Aguilera, T.L. (57216203514); Acunã, C.A. (24337375500); Quintero, F.J. (57216203654)","57200994574; 57200986854; 57216203514; 24337375500; 57216203654","Air Separation Units (ASUs) Simulation Using Aspen Hysys® at Oxinor i of Air Liquid Chile S.A Plant","2020","Polish Journal of Chemical Technology","22","1","","10","17","5","10.2478/pjct-2020-0003","https://www.scopus.com/pages/publications/85082835172?origin=resultslist","Article","Final","All Open Access; Gold Open Access; Green Open Access","Scopus","2-s2.0-85082835172"
"Ramírez D.; Riveros G.; Díaz P.; Faúndez M.; Verdugo J.; Verdugo M.; Martin F.; López-Escalante M.C.; Gau D.L.; Dalchiele E.A.; Marotti R.E.","Ramírez, Daniel (57195948458); Riveros, Gonzalo (6701422090); Díaz, Patricia (57195392212); Faúndez, Martín (57210175007); Verdugo, Javier (57218481442); Verdugo, Marcelo (57298190100); Martin, Francisco (57947034100); López-Escalante, María Cruz (26323704700); Gau, Daniel L. (56543245200); Dalchiele, Enrique A. (6701854336); Marotti, Ricardo E. (6603482197)","57195948458; 6701422090; 57195392212; 57210175007; 57218481442; 57298190100; 57947034100; 26323704700; 56543245200; 6701854336; 6603482197","Hybrid potentiodynamic/potentiostatic electrodeposition of thin and compact tin dioxide on indium tin oxide electrodes","2023","Electrochimica Acta","443","","141955","","","7","10.1016/j.electacta.2023.141955","https://www.scopus.com/pages/publications/85147247782?origin=resultslist","Article","Final","","Scopus","2-s2.0-85147247782"
"Arias J.; Martínez J.; Stashenko E.; del Valle J.M.; Núñez G.A.","Arias, Julián (57214218508); Martínez, Jairo (7404311997); Stashenko, Elena (7003284821); del Valle, José M. (7005396861); Núñez, Gonzalo A. (18437589700)","57214218508; 7404311997; 7003284821; 7005396861; 18437589700","Supercritical CO2 extraction of pinocembrin from Lippia origanoides distillation residues. 2. Mathematical modeling of mass transfer kinetics as a function of substrate pretreatment","2022","Journal of Supercritical Fluids","180","","105458","","","8","10.1016/j.supflu.2021.105458","https://www.scopus.com/pages/publications/85118500300?origin=resultslist","Article","Final","","Scopus","2-s2.0-85118500300"
"Escudero M.; Vourkas I.; Rubio A.; Molll F.","Escudero, M. (57205601012); Vourkas, I. (35173992700); Rubio, A. (55910353000); Molll, F. (57207206878)","57205601012; 35173992700; 55910353000; 57207206878","On the Variability-aware Design of Memristor-based Logic Circuits","2018","Proceedings of the IEEE Conference on Nanotechnology","2018-July","","8626367","","","4","10.1109/NANO.2018.8626367","https://www.scopus.com/pages/publications/85062273976?origin=resultslist","Conference paper","Final","All Open Access; Green Open Access","Scopus","2-s2.0-85062273976"
"Zanocco R.P.; Parra-Muñoz N.; Lopez-Monsalves V.; Guerra N.; Soler M.; Kogan M.J.","Zanocco, Renzo P. (54796339000); Parra-Muñoz, Nicole (57212455863); Lopez-Monsalves, Valentina (59196814400); Guerra, Nicole (58975868300); Soler, Mónica (56223015500); Kogan, Marcelo J. (7102617437)","54796339000; 57212455863; 59196814400; 58975868300; 56223015500; 7102617437","Solvent and media effects on the photophysics of cranad-2 and cranad-58","2025","Journal of Photochemistry and Photobiology A: Chemistry","458","","115935","","","3","10.1016/j.jphotochem.2024.115935","https://www.scopus.com/pages/publications/85200970107?origin=resultslist","Article","Final","","Scopus","2-s2.0-85200970107"
"Hermosilla R.; Valle C.; Allende H.; Aguilar C.; Lucic E.","Hermosilla, Rodrigo (57445185300); Valle, Carlos (13611071300); Allende, Héctor (22333831700); Aguilar, Claudio (56166871800); Lucic, Erich (57444746800)","57445185300; 13611071300; 22333831700; 56166871800; 57444746800","SAG’s Overload Forecasting Using a CNN Physical Informed Approach","2024","Applied Sciences (Switzerland)","14","24","11686","","","8","10.3390/app142411686","https://www.scopus.com/pages/publications/85213285678?origin=resultslist","Article","Final","All Open Access; Gold Open Access; Green Open Access","Scopus","2-s2.0-85213285678"
"Araya E.; Nuñez H.; Ramírez N.; Jaques A.; Simpson R.; Escobar M.; Escalona P.; Vega-Castro O.; Ramírez C.","Araya, Eric (57419936500); Nuñez, Helena (7003943176); Ramírez, Natalia (57220955049); Jaques, Aldonza (22834960500); Simpson, Ricardo (56239119700); Escobar, María (57419766500); Escalona, Pablo (56897236600); Vega-Castro, Oscar (56063397600); Ramírez, Cristian (36870781000)","57419936500; 7003943176; 57220955049; 22834960500; 56239119700; 57419766500; 56897236600; 56063397600; 36870781000","Exploring The Potential Acceleration of Granny Smith Apple Drying By Pre-Treatment With CO2 Laser Microperforation","2022","Food and Bioprocess Technology","15","2","","391","406","14","10.1007/s11947-022-02763-x","https://www.scopus.com/pages/publications/85123188532?origin=resultslist","Article","Final","","Scopus","2-s2.0-85123188532"
"Yepes H.A.; Slunecka C.; Salazar A.; Windom B.; Olsen D.B.; Marchese A.J.; Amador G.","Yepes, Hernando A. (55675200900); Slunecka, Colin (57573733300); Salazar, Adalberto (58191341700); Windom, Bret (36081356500); Olsen, Daniel B. (7202416919); Marchese, Anthony J. (7005075854); Amador, German (56156304800)","55675200900; 57573733300; 58191341700; 36081356500; 7202416919; 7005075854; 56156304800","Laminar flame properties correlations for H2/C3H8 mixtures at high temperature and pressure conditions","2024","Fuel","357","","129576","","","6","10.1016/j.fuel.2023.129576","https://www.scopus.com/pages/publications/85170096811?origin=resultslist","Article","Final","","Scopus","2-s2.0-85170096811"
"Caroca E.; Elorrieta M.; Palma C.; Navia D.; Lebrero R.; Carvajal A.","Caroca, Eric (57218658045); Elorrieta, Mariela (57325624900); Palma, Carolyn (7007004249); Navia, Daniel (55263003900); Lebrero, Raquel (36134644700); Carvajal, Andrea (52063234100)","57218658045; 57325624900; 7007004249; 55263003900; 36134644700; 52063234100","Lignocellulosic residue valorization in a sequential process of solid-state fermentation and solid substrate anaerobic digestion","2022","Journal of Chemical Technology and Biotechnology","97","6","","1575","1584","11","10.1002/jctb.6967","https://www.scopus.com/pages/publications/85118673109?origin=resultslist","Article","Final","","Scopus","2-s2.0-85118673109"
"Castillo H.; Droguett T.; Vesely M.; Garrido P.; Palma S.","Castillo, Hengels (57350943400); Droguett, Thomas (57350824400); Vesely, Mario (57350474700); Garrido, Pamela (57350824600); Palma, Sergio (57190338492)","57350943400; 57350824400; 57350474700; 57350824600; 57190338492","Simple Compressive Strength Results of Sodium-Hydroxide-and Sodium-Silicate-Activated Copper Flotation Tailing Geopolymers","2022","Applied Sciences (Switzerland)","12","12","5876","","","11","10.3390/app12125876","https://www.scopus.com/pages/publications/85132106566?origin=resultslist","Article","Final","All Open Access; Gold Open Access; Green Open Access","Scopus","2-s2.0-85132106566"
"Tobar M.; Núñez G.A.","Tobar, Maira (57189246460); Núñez, Gonzalo A. (18437589700)","57189246460; 18437589700","Supercritical transesterification of microalgae triglycerides for biodiesel production: Effect of alcohol type and co-solvent","2018","Journal of Supercritical Fluids","137","","","50","56","49","10.1016/j.supflu.2018.03.008","https://www.scopus.com/pages/publications/85044145650?origin=resultslist","Article","Final","","Scopus","2-s2.0-85044145650"
"Littin M.; Mazur M.; Lefevre G.; Sztucki M.; Fuentes A.; Yon J.","Littin, M. (58550141200); Mazur, M. (57057054500); Lefevre, G. (59267923800); Sztucki, M. (6602575551); Fuentes, A. (8725383200); Yon, J. (15123574200)","58550141200; 57057054500; 59267923800; 6602575551; 8725383200; 15123574200","Soot primary particle radial profiles in laminar diffusion flames for Jet A-1/SAF fuels: A SAXS study","2025","Proceedings of the Combustion Institute","41","","105852","","","2","10.1016/j.proci.2025.105852","https://www.scopus.com/pages/publications/105020978891?origin=resultslist","Article","Final","All Open Access; Green Open Access","Scopus","2-s2.0-105020978891"
"Hu Y.; Olguin H.; Gutheil E.","Hu, Yong (56163198100); Olguin, Hernan (55908813100); Gutheil, Eva (6603935605)","56163198100; 55908813100; 6603935605","A spray flamelet/progress variable approach combined with a transported joint PDF model for turbulent spray flames","2017","Combustion Theory and Modelling","21","3","","575","602","36","10.1080/13647830.2016.1277589","https://www.scopus.com/pages/publications/85010669849?origin=resultslist","Article","Final","","Scopus","2-s2.0-85010669849"
"Cornejo I.; Nikrityuk P.; Hayes R.E.","Cornejo, Ivan (39761491700); Nikrityuk, Petr (10338934200); Hayes, Robert E. (57203044203)","39761491700; 10338934200; 57203044203","The influence of channel geometry on the pressure drop in automotive catalytic converters: Model development and validation","2020","Chemical Engineering Science","212","","115317","","","36","10.1016/j.ces.2019.115317","https://www.scopus.com/pages/publications/85074627108?origin=resultslist","Article","Final","","Scopus","2-s2.0-85074627108"
"Oliveira-Silva E.; de Prada C.; Navia D.","Oliveira-Silva, Erika (57207877554); de Prada, Cesar (6603379715); Navia, Daniel (55263003900)","57207877554; 6603379715; 55263003900","Economic MPC with Modifier Adaptation using Transient Measurements","2021","Computer Aided Chemical Engineering","50","","","1253","1258","8","10.1016/B978-0-323-88506-5.50193-5","https://www.scopus.com/pages/publications/85110381170?origin=resultslist","Book chapter","Final","","Scopus","2-s2.0-85110381170"
"Schulz F.; Litzius K.; Powalla L.; Birch M.T.; Gallardo R.A.; Satheesh S.; Weigand M.; Scholz T.; Lotsch B.V.; Schütz G.; Burghard M.; Wintz S.","Schulz, Frank (57223028908); Litzius, Kai (56841647700); Powalla, Lukas (57226011642); Birch, Max T. (57192300769); Gallardo, Rodolfo A. (36439493500); Satheesh, Sayooj (57374518000); Weigand, Markus (32467534200); Scholz, Tanja (56645955100); Lotsch, Bettina V. (6507437094); Schütz, Gisela (7102515792); Burghard, Marko (7006161772); Wintz, Sebastian (35192582500)","57223028908; 56841647700; 57226011642; 57192300769; 36439493500; 57374518000; 32467534200; 56645955100; 6507437094; 7102515792; 7006161772; 35192582500","Direct Observation of Propagating Spin Waves in the 2D van der Waals Ferromagnet Fe5GeTe2","2023","Nano Letters","23","22","","10126","10131","9","10.1021/acs.nanolett.3c02212","https://www.scopus.com/pages/publications/85178120860?origin=resultslist","Article","Final","All Open Access; Green Open Access; Hybrid Gold Open Access","Scopus","2-s2.0-85178120860"
"Palaniappan N.; Cole I.S.; Kuznetsov A.E.; K. B.; Justin Thomas K.R.","Palaniappan, N. (56806734800); Cole, I.S. (7006232330); Kuznetsov, A.E. (57192936699); K., Balasubramanian (55839027100); Justin Thomas, K.R. (57203389297)","56806734800; 7006232330; 57192936699; 55839027100; 57203389297","Experimental and computational studies of a graphene oxide barrier layer covalently functionalized with amino acids on Mg AZ13 alloy in salt medium","2019","RSC Advances","9","56","","32441","32447","25","10.1039/c9ra06549k","https://www.scopus.com/pages/publications/85074185717?origin=resultslist","Article","Final","All Open Access; Gold Open Access; Green Open Access","Scopus","2-s2.0-85074185717"
"González-Prida V.; Parra C.; Kristjanpoller F.; Viveros P.; Guillén A.; Crespo A.","González-Prida, Vicente (55368257900); Parra, Carlos (54961099400); Kristjanpoller, Fredy (55227316300); Viveros, Pablo (55234845600); Guillén, Antonio (55851474000); Crespo, Adolfo (24175681000)","55368257900; 54961099400; 55227316300; 55234845600; 55851474000; 24175681000","Overview for Leasing or Buying Decisions in Industrial Asset Management","2022","Lecture Notes in Mechanical Engineering","","","","115","125","0","10.1007/978-3-030-96794-9_11","https://www.scopus.com/pages/publications/85127726709?origin=resultslist","Conference paper","Final","","Scopus","2-s2.0-85127726709"
"Carvajal A.; Sepúlveda C.; Navia D.; Poblete-Castro I.; Pinto-Ibieta F.; Serrano A.","Carvajal, Andrea (52063234100); Sepúlveda, Claudio (59124091400); Navia, Daniel (55263003900); Poblete-Castro, Ignacio (54973889700); Pinto-Ibieta, Fernanda (58067559800); Serrano, Antonio (55595398900)","52063234100; 59124091400; 55263003900; 54973889700; 58067559800; 55595398900","Bulking agent in dry anaerobic digestion as a key factor for the enhancement of biogas production","2024","New Biotechnology","82","","","65","74","3","10.1016/j.nbt.2024.05.002","https://www.scopus.com/pages/publications/85192947134?origin=resultslist","Article","Final","All Open Access; Gold Open Access; Green Open Access","Scopus","2-s2.0-85192947134"
"Osorio-Olivares M.E.; Vásquez-Martínez Y.; Díaz K.; Canelo J.; Taborga L.; Espinoza-Catalán L.","Osorio-Olivares, Mauricio Enrique (54916063900); Vásquez-Martínez, Yesseny (22636206300); Díaz, Katy (56049836400); Canelo, Javiera (57223133632); Taborga, Lautaro (54917081900); Espinoza-Catalán, Luis (7103098526)","54916063900; 22636206300; 56049836400; 57223133632; 54917081900; 7103098526","Antibacterial and Antioxidant Activity of Synthetic Polyoxygenated Flavonoids","2024","International Journal of Molecular Sciences","25","11","5999","","","9","10.3390/ijms25115999","https://www.scopus.com/pages/publications/85195843446?origin=resultslist","Article","Final","All Open Access; Gold Open Access; Green Open Access","Scopus","2-s2.0-85195843446"
"Cortés J.P.; Lin J.Z.; Marks K.L.; Espinoza V.M.; Ibarra E.J.; Zañartu M.; Hillman R.E.; Mehta D.D.","Cortés, Juan P. (57205148841); Lin, Jon Z. (57211064836); Marks, Katherine L. (57191205931); Espinoza, Víctor M. (57195395721); Ibarra, Emiro J. (55859117100); Zañartu, Matías (15838299100); Hillman, Robert E. (7103042301); Mehta, Daryush D. (24179154700)","57205148841; 57211064836; 57191205931; 57195395721; 55859117100; 15838299100; 7103042301; 24179154700","Ambulatory Monitoring of Subglottal Pressure Estimated from Neck-Surface Vibration in Individuals with and without Voice Disorders","2022","Applied Sciences (Switzerland)","12","21","10692","","","9","10.3390/app122110692","https://www.scopus.com/pages/publications/85141868779?origin=resultslist","Article","Final","All Open Access; Gold Open Access; Green Open Access","Scopus","2-s2.0-85141868779"
"Rodero M.D.R.; Carvajal A.; Arbib Z.; Lara E.; de Prada C.; Lebrero R.; Muñoz R.","Rodero, María del Rosario (57202502931); Carvajal, Andrea (52063234100); Arbib, Zouhayr (45760929000); Lara, Enrique (57190858112); de Prada, César (6603379715); Lebrero, Raquel (36134644700); Muñoz, Raúl (57370422200)","57202502931; 52063234100; 45760929000; 57190858112; 6603379715; 36134644700; 57370422200","Performance evaluation of a control strategy for photosynthetic biogas upgrading in a semi-industrial scale photobioreactor","2020","Bioresource Technology","307","","123207","","","35","10.1016/j.biortech.2020.123207","https://www.scopus.com/pages/publications/85082606502?origin=resultslist","Article","Final","All Open Access; Green Open Access","Scopus","2-s2.0-85082606502"
"Ruiz G.; Ripoll N.; Fedorova N.; Zbogar-Rasic A.; Jovicic V.; Delgado A.; Toledo M.","Ruiz, Gustavo (57207453131); Ripoll, Nicolás (57188811463); Fedorova, Nataliia (57195759245); Zbogar-Rasic, Ana (22236108700); Jovicic, Vojislav (56594932400); Delgado, Antonio (7201675989); Toledo, Mario (58984742000)","57207453131; 57188811463; 57195759245; 22236108700; 56594932400; 7201675989; 58984742000","Experimental and numerical analysis of the heat transfer in a packed bed exposed to the high thermal radiation flux","2019","International Journal of Heat and Mass Transfer","136","","","383","392","35","10.1016/j.ijheatmasstransfer.2019.03.009","https://www.scopus.com/pages/publications/85062536431?origin=resultslist","Article","Final","","Scopus","2-s2.0-85062536431"
"del Valle J.M.; Reveco-Chilla A.G.; Valenzuela L.M.; de la Fuente J.C.","del Valle, José M. (7005396861); Reveco-Chilla, Andrea G. (56297074500); Valenzuela, Loreto M. (24825319200); de la Fuente, Juan C. (8648287000)","7005396861; 56297074500; 24825319200; 8648287000","Estimation of the solubility in supercritical CO2 of α- and δ-tocopherol using Chrastil’ model","2020","Journal of Supercritical Fluids","157","","104688","","","9","10.1016/j.supflu.2019.104688","https://www.scopus.com/pages/publications/85075930598?origin=resultslist","Article","Final","","Scopus","2-s2.0-85075930598"
"Cofré C.; Campos J.L.; Valenzuela-Heredia D.; Pavissich J.P.; Camus N.; Belmonte M.; Pedrouso A.; Carrera P.; Mosquera-Corral A.; Val del Río A.","Cofré, C. (57203182345); Campos, J.L. (56147689900); Valenzuela-Heredia, D. (36515832000); Pavissich, J.P. (35811046800); Camus, N. (57203191481); Belmonte, M. (13610618200); Pedrouso, A. (57189495110); Carrera, P. (57203183667); Mosquera-Corral, A. (6603261499); Val del Río, A. (37066754000)","57203182345; 56147689900; 36515832000; 35811046800; 57203191481; 13610618200; 57189495110; 57203183667; 6603261499; 37066754000","Novel system configuration with activated sludge like-geometry to develop aerobic granular biomass under continuous flow","2018","Bioresource Technology","267","","","778","781","16","10.1016/j.biortech.2018.07.146","https://www.scopus.com/pages/publications/85050852190?origin=resultslist","Article","Final","","Scopus","2-s2.0-85050852190"
"Cuadros J.; Z-Rivera L.; Castro C.; Whitaker G.; Otero M.; Weinstein A.; Martínez-Montes E.; Prado P.; Zañartu M.","Cuadros, Jhosmary (57208597862); Z-Rivera, Lucía (58488007900); Castro, Christian (55303492100); Whitaker, Grace (56810988000); Otero, Mónica (57205191839); Weinstein, Alejandro (57204948489); Martínez-Montes, Eduardo (59157717500); Prado, Pavel (11240325600); Zañartu, Matías (15838299100)","57208597862; 58488007900; 55303492100; 56810988000; 57205191839; 57204948489; 59157717500; 11240325600; 15838299100","DIVA Meets EEG: Model Validation Using Formant-Shift Reflex","2023","Applied Sciences (Switzerland)","13","13","7512","","","6","10.3390/app13137512","https://www.scopus.com/pages/publications/85164841430?origin=resultslist","Article","Final","All Open Access; Gold Open Access; Green Open Access","Scopus","2-s2.0-85164841430"
"Sanhueza L.; Luco S.; Salas F.; González I.; Robles S.; Natali M.; Khodr A.; Margeat O.; Ruiz C.M.; Cortés-Arriagada D.; Dreyse P.","Sanhueza, Luis (50662046800); Luco, Santiago (60237117400); Salas, Felipe (57191093060); González, Iván (8304295700); Robles, Stephania (58805390800); Natali, Mirco (54991922900); Khodr, Anass (57813206100); Margeat, Olivier (6506983720); Ruiz, Carmen M. (7202458060); Cortés-Arriagada, Diego (47560926600); Dreyse, Paulina (14035589500)","50662046800; 60237117400; 57191093060; 8304295700; 58805390800; 54991922900; 57813206100; 6506983720; 7202458060; 47560926600; 14035589500","Iridium Complexes Based on 1H-imidazo[4,5-f][1,10]Phenanthroline Ligand: Photophysical Properties and Light-Emitting Electrochemical Cells Characterization","2026","Chemistry - A European Journal","32","3","e02588","","","0","10.1002/chem.202502588","https://www.scopus.com/pages/publications/105024674468?origin=resultslist","Article","Final","","Scopus","2-s2.0-105024674468"
"Garretón G.; Maxwell L.; Cornejo I.","Garretón, Gonzalo (57248204900); Maxwell, Lindley (56818668200); Cornejo, Iván (39761491700)","57248204900; 56818668200; 39761491700","Transition of the Flow Regime Inside of Monolith Microchannel Reactors Fed with Highly Turbulent Flow","2023","Catalysts","13","6","938","","","5","10.3390/catal13060938","https://www.scopus.com/pages/publications/85163880602?origin=resultslist","Article","Final","All Open Access; Gold Open Access; Green Open Access","Scopus","2-s2.0-85163880602"
"Olivares J.; Nuñez H.; Ramírez C.; Jaques A.; Pinto M.; Fuentes L.; Almonacid S.; Vega-Castro O.; Simpson R.","Olivares, Javier (57220031182); Nuñez, Helena (7003943176); Ramírez, Cristian (36870781000); Jaques, Aldonza (22834960500); Pinto, Marlene (55964078500); Fuentes, Lida (35483854600); Almonacid, Sergio (6602451316); Vega-Castro, Oscar (56063397600); Simpson, Ricardo (56239119700)","57220031182; 7003943176; 36870781000; 22834960500; 55964078500; 35483854600; 6602451316; 56063397600; 56239119700","Application of moderate electric fields and CO2-laser microperforations for the acceleration of the salting process of Atlantic salmon (Salmo salar)","2021","Food and Bioproducts Processing","125","","","105","112","14","10.1016/j.fbp.2020.10.014","https://www.scopus.com/pages/publications/85096587678?origin=resultslist","Article","Final","","Scopus","2-s2.0-85096587678"
"Cornejo I.; Nikrityuk P.; Hayes R.E.","Cornejo, Ivan (39761491700); Nikrityuk, Petr (10338934200); Hayes, Robert E. (57203044203)","39761491700; 10338934200; 57203044203","Pressure correction for automotive catalytic converters: A multi-zone permeability approach","2019","Chemical Engineering Research and Design","147","","","232","243","23","10.1016/j.cherd.2019.05.017","https://www.scopus.com/pages/publications/85066098196?origin=resultslist","Article","Final","","Scopus","2-s2.0-85066098196"
"Sandoval-Pauker C.; Santander-Nelli M.; Dreyse P.","Sandoval-Pauker, Christian (57209822423); Santander-Nelli, Mireya (35604362500); Dreyse, Paulina (14035589500)","57209822423; 35604362500; 14035589500","Thermally activated delayed fluorescence in luminescent cationic copper(i) complexes","2022","RSC Advances","12","17","","10653","10674","42","10.1039/d1ra08082b","https://www.scopus.com/pages/publications/85129425195?origin=resultslist","Review","Final","All Open Access; Gold Open Access; Green Open Access","Scopus","2-s2.0-85129425195"
"Frydel D.","Frydel, Derek (6507979900)","6507979900","Run-and-tumble particles in slit geometry as a splitting probability problem","2024","Physics of Fluids","36","11","111901","","","0","10.1063/5.0233462","https://www.scopus.com/pages/publications/85208981983?origin=resultslist","Article","Final","","Scopus","2-s2.0-85208981983"
"Lavergne C.; Bovio-Winkler P.; Etchebehere C.; García-Gen S.","Lavergne, Céline (55657103600); Bovio-Winkler, Patricia (57223409516); Etchebehere, Claudia (6603092954); García-Gen, Santiago (55848678800)","55657103600; 57223409516; 6603092954; 55848678800","Towards centralized biogas plants: Co-digestion of sewage sludge and pig manure maintains process performance and active microbiome diversity","2020","Bioresource Technology","297","","122442","","","39","10.1016/j.biortech.2019.122442","https://www.scopus.com/pages/publications/85076119720?origin=resultslist","Article","Final","","Scopus","2-s2.0-85076119720"
"González I.; Natali M.; Cabrera A.R.; Loeb B.; Maze J.; Dreyse P.","González, Iván (8304295700); Natali, Mirco (54991922900); Cabrera, Alan R. (36704519900); Loeb, Bárbara (7003430327); Maze, Jerónimo (16426150300); Dreyse, Paulina (14035589500)","8304295700; 54991922900; 36704519900; 7003430327; 16426150300; 14035589500","Substituent influence in phenanthroline-derived ancillary ligands on the excited state nature of novel cationic Ir(iii) complexes","2018","New Journal of Chemistry","42","9","","6644","6654","18","10.1039/c8nj00334c","https://www.scopus.com/pages/publications/85046283700?origin=resultslist","Article","Final","","Scopus","2-s2.0-85046283700"
"Gómez-Narváez F.; Díaz-Osorio A.; Gómez-Narváez S.; Simpson R.; Contreras-Calderón J.","Gómez-Narváez, Fáver (57188865977); Díaz-Osorio, Alejandra (57211516465); Gómez-Narváez, Santiago (57210156419); Simpson, Ricardo (56239119700); Contreras-Calderón, José (23993605100)","57188865977; 57211516465; 57210156419; 56239119700; 23993605100","Modeling the impact of spray drying conditions on some Maillard reaction indicators in nano-filtered whey","2023","Journal of Food Process Engineering","46","1","e14212","","","6","10.1111/jfpe.14212","https://www.scopus.com/pages/publications/85142238161?origin=resultslist","Article","Final","","Scopus","2-s2.0-85142238161"
"Hayes R.E.; Cornejo I.","Hayes, Robert E. (57203044203); Cornejo, Ivan (39761491700)","57203044203; 39761491700","Multi-scale modelling of monolith reactors: A 30-year perspective from 1990 to 2020","2021","Canadian Journal of Chemical Engineering","99","12","","2589","2606","16","10.1002/cjce.24144","https://www.scopus.com/pages/publications/85107034471?origin=resultslist","Article","Final","","Scopus","2-s2.0-85107034471"
"Kohnenkamp E.; Pizarro F.","Kohnenkamp, Erik (58037648000); Pizarro, Felix (57190814998)","58037648000; 57190814998","Study of the Copper Flotation from Copper Smelter Slag, Using Seawater as Operation Water","2022","Proceedings of the World Congress on Mechanical, Chemical, and Material Engineering","","","","","","0","10.11159/mmm22.130","https://www.scopus.com/pages/publications/85145322008?origin=resultslist","Conference paper","Final","","Scopus","2-s2.0-85145322008"
"Mehta D.D.; Kobler J.B.; Zeitels S.M.; Zañartu M.; Ibarra E.J.; Alzamendi G.A.; Manriquez R.; Erath B.D.; Peterson S.D.; Petrillo R.H.; Hillman R.E.","Mehta, Daryush D. (24179154700); Kobler, James B. (57205990002); Zeitels, Steven M. (7006611260); Zañartu, Matías (15838299100); Ibarra, Emiro J. (55859117100); Alzamendi, Gabriel A. (56563054800); Manriquez, Rodrigo (57200079964); Erath, Byron D. (13404663000); Peterson, Sean D. (7202288175); Petrillo, Robert H. (57203662458); Hillman, Robert E. (7103042301)","24179154700; 57205990002; 7006611260; 15838299100; 55859117100; 56563054800; 57200079964; 13404663000; 7202288175; 57203662458; 7103042301","Direct measurement and modeling of intraglottal, subglottal, and vocal fold collision pressures during phonation in an individual with a hemilaryngectomy","2021","Applied Sciences (Switzerland)","11","16","7256","","","9","10.3390/app11167256","https://www.scopus.com/pages/publications/85112307440?origin=resultslist","Article","Final","All Open Access; Gold Open Access; Green Open Access","Scopus","2-s2.0-85112307440"
"Thomsen M.C.; Fuentes A.; Demarco R.; Volkwein C.; Consalvi J.-L.; Reszka P.","Thomsen, M.C. (57188757303); Fuentes, A. (8725383200); Demarco, R. (42361029000); Volkwein, C. (57192068802); Consalvi, J.-L. (6506341914); Reszka, P. (23098198000)","57188757303; 8725383200; 42361029000; 57192068802; 6506341914; 23098198000","Soot measurements in candle flames","2017","Experimental Thermal and Fluid Science","82","","","116","123","22","10.1016/j.expthermflusci.2016.10.033","https://www.scopus.com/pages/publications/84996482933?origin=resultslist","Article","Final","","Scopus","2-s2.0-84996482933"
"Reinholdt A.; Jafari M.G.; Sandoval-Pauker C.; Ballestero-Martínez E.; Gau M.R.; Driess M.; Pinter B.; Mindiola D.J.","Reinholdt, Anders (56845486200); Jafari, Mehrafshan G. (57203988181); Sandoval-Pauker, Christian (57209822423); Ballestero-Martínez, Ernesto (56000711400); Gau, Michael R. (56225691600); Driess, Matthias (55957816800); Pinter, Balazs (57193426092); Mindiola, Daniel J. (6701799019)","56845486200; 57203988181; 57209822423; 56000711400; 56225691600; 55957816800; 57193426092; 6701799019","Phosphorus and Arsenic Atom Transfer to Isocyanides to Form π-Backbonding Cyanophosphide and Cyanoarsenide Titanium Complexes","2021","Angewandte Chemie - International Edition","60","32","","17595","17600","16","10.1002/anie.202104688","https://www.scopus.com/pages/publications/85108909490?origin=resultslist","Article","Final","","Scopus","2-s2.0-85108909490"
"Diaz G.J.A.; Martinez L.M.C.; Montoya J.P.G.; Olsen D.B.","Diaz, German J. Amador (56156304800); Martinez, Lesme M. Corredor (35092386000); Montoya, Juan P. Gomez (55951699400); Olsen, Daniel B. (7202416919)","56156304800; 35092386000; 55951699400; 7202416919","Methane number measurements of hydrogen/carbon monoxide mixtures diluted with carbon dioxide for syngas spark ignited internal combustion engine applications","2019","Fuel","236","","","535","543","12","10.1016/j.fuel.2018.09.032","https://www.scopus.com/pages/publications/85053396759?origin=resultslist","Article","Final","","Scopus","2-s2.0-85053396759"
"Acuña C.; Aedo C.; Leiva C.; Flores V.","Acuña, Claudio (24337375500); Aedo, Camila (59222110200); Leiva, Claudio (57200994574); Flores, Víctor (56417424400)","24337375500; 59222110200; 57200994574; 56417424400","The effect of water quality change on copper flotation","2023","Physicochemical Problems of Mineral Processing ","59","5","186190","","","1","10.37190/ppmp/186190","https://www.scopus.com/pages/publications/85198729475?origin=resultslist","Article","Final","All Open Access; Gold Open Access; Green Open Access","Scopus","2-s2.0-85198729475"
"Cortés D.; Morán J.; Liu F.; Escudero F.; Consalvi J.-L.; Fuentes A.","Cortés, D. (57204475272); Morán, J. (55547139535); Liu, F. (55493554300); Escudero, F. (57021488500); Consalvi, J.-L. (6506341914); Fuentes, A. (8725383200)","57204475272; 55547139535; 55493554300; 57021488500; 6506341914; 8725383200","Effect of Fuels and Oxygen Indices on the Morphology of Soot Generated in Laminar Coflow Diffusion Flames","2018","Energy and Fuels","32","11","","11802","11813","28","10.1021/acs.energyfuels.8b01301","https://www.scopus.com/pages/publications/85055712685?origin=resultslist","Article","Final","","Scopus","2-s2.0-85055712685"
"Vega Mesquida I.M.; Cornejo I.; Nikrityuk P.; Greiner R.; Votsmeier M.; Hayes R.E.","Vega Mesquida, Ileana M. (57219534520); Cornejo, Ivan (39761491700); Nikrityuk, Petr (10338934200); Greiner, Robert (57210814636); Votsmeier, Martin (6603657769); Hayes, Robert E. (57203044203)","57219534520; 39761491700; 10338934200; 57210814636; 6603657769; 57203044203","Towards a fully predictive multi-scale pressure drop model for a wall-flow filter","2020","Chemical Engineering Research and Design","164","","","261","280","11","10.1016/j.cherd.2020.10.002","https://www.scopus.com/pages/publications/85093659425?origin=resultslist","Article","Final","","Scopus","2-s2.0-85093659425"
"Gómez J.; Neumann T.; Guerrero F.; Toledo M.","Gómez, Jaime (56391913100); Neumann, Thomas (57236941900); Guerrero, Fabián (56288715000); Toledo, Mario (58984742000)","56391913100; 57236941900; 56288715000; 58984742000","Experimental investigation on combustion and emission characteristics for heavy fuel and used motor oils blends in a free-flames burner","2022","Fuel","307","","121739","","","5","10.1016/j.fuel.2021.121739","https://www.scopus.com/pages/publications/85113792473?origin=resultslist","Article","Final","","Scopus","2-s2.0-85113792473"
"Mancilla N.; Gutiérrez N.; Yap V.; Cruz J.J.; Escudero F.; Hernández R.H.; Fuentes A.; Demarco R.","Mancilla, Nicolás (59145985700); Gutiérrez, Nicolás (57225207479); Yap, Valentina (59229526100); Cruz, Juan J. (58221978600); Escudero, Felipe (57021488500); Hernández, Rodrigo H. (7201510288); Fuentes, Andrés (8725383200); Demarco, Rodrigo (42361029000)","59145985700; 57225207479; 59229526100; 58221978600; 57021488500; 7201510288; 8725383200; 42361029000","Spatially resolved measurements of velocity fields in the reactive zone of a laminar non-premixed flame","2025","Experimental Thermal and Fluid Science","169","","111556","","","1","10.1016/j.expthermflusci.2025.111556","https://www.scopus.com/pages/publications/105011087617?origin=resultslist","Article","Final","","Scopus","2-s2.0-105011087617"
"Díaz P.; Riveros G.; Faúndez M.; Caballero A.; Wittwer R.; Martin F.; Cabrera C.; Gau D.L.; Dalchiele E.A.; Marotti R.E.; Ramírez D.","Díaz, Patricia (57195392212); Riveros, Gonzalo (6701422090); Faúndez, Martín (57210175007); Caballero, Alfredo (59357971300); Wittwer, Rodrigo (59357375400); Martin, Francisco (57947034100); Cabrera, Carina (59357779600); Gau, Daniel L. (56543245200); Dalchiele, Enrique A. (6701854336); Marotti, Ricardo E. (6603482197); Ramírez, Daniel (57195948458)","57195392212; 6701422090; 57210175007; 59357971300; 59357375400; 57947034100; 59357779600; 56543245200; 6701854336; 6603482197; 57195948458","Is the oxygen plasma cleaning technique indicated for any electrochemical purpose?: The case of FTO electrodes","2024","Electrochimica Acta","507","","145149","","","4","10.1016/j.electacta.2024.145149","https://www.scopus.com/pages/publications/85205796351?origin=resultslist","Article","Final","","Scopus","2-s2.0-85205796351"
"Reinao C.; Cornejo I.","Reinao, Consuelo (58161138200); Cornejo, Iván (39761491700)","58161138200; 39761491700","A Model for the Flow Distribution in Dual Cell Density Monoliths","2023","Processes","11","3","827","","","8","10.3390/pr11030827","https://www.scopus.com/pages/publications/85151084459?origin=resultslist","Article","Final","All Open Access; Gold Open Access; Green Open Access","Scopus","2-s2.0-85151084459"
"Sheik Moideen Thaha S.K.; Mangalaraja R.V.; Kalaivani T.; Rajasekaran C.; Tseng Z.-L.; Sathishkumar P.; Pugazhenthiran N.","Sheik Moideen Thaha, S.K. (60374461700); Mangalaraja, R.V. (57938995400); Kalaivani, T. (59372148500); Rajasekaran, C. (59760594500); Tseng, Zong-Liang (60012197300); Sathishkumar, P. (36982069900); Pugazhenthiran, N. (23989733500)","60374461700; 57938995400; 59372148500; 59760594500; 60012197300; 36982069900; 23989733500","Magnetic CuFe2O4/ZnO hybrid nanorods assisted synergistic solar light-driven peroxymonosulphate activation for polyketide antibiotic oxytetracycline mineralization","2026","Journal of Environmental Chemical Engineering","14","2","121680","","","0","10.1016/j.jece.2026.121680","https://www.scopus.com/pages/publications/105029578781?origin=resultslist","Article","Final","","Scopus","2-s2.0-105029578781"
"Ulloa-Poblete G.; Veloz A.; Sánchez S.; Allende H.","Ulloa-Poblete, Gustavo (56020182200); Veloz, Alejandro (23476128900); Sánchez, Sebastián (60432218500); Allende, Héctor (22333831700)","56020182200; 23476128900; 60432218500; 22333831700","MRI Boundary-Aware Segmentation of Multiple Sclerosis Lesions Using a Novel Mahalanobis Distance Map","2025","Applied Sciences (Switzerland)","15","19","10629","","","2","10.3390/app151910629","https://www.scopus.com/pages/publications/105031699757?origin=resultslist","Article","Final","All Open Access; Gold Open Access; Green Open Access","Scopus","2-s2.0-105031699757"
"Feng G.; Yang Q.; Liu Z.; Jiang Z.; Zhao C.; Wang K.; Fuentes A.; Chen D.; He X.","Feng, Guangyuan (57999004100); Yang, Qing (57199915380); Liu, Zechang (57211068397); Jiang, Zhenghui (57999665800); Zhao, Chengyuan (58171329400); Wang, Kun (56723017800); Fuentes, Andres (8725383200); Chen, Dongping (55696850100); He, Xu (55589682900)","57999004100; 57199915380; 57211068397; 57999665800; 58171329400; 56723017800; 8725383200; 55696850100; 55589682900","Study of combustion characteristics of linear carbonates (DMC/DEC/EMC) and cyclic carbonate (EC): Laminar burning velocity and chemical reaction kinetics modeling","2024","Fuel","363","","130881","","","33","10.1016/j.fuel.2024.130881","https://www.scopus.com/pages/publications/85183616243?origin=resultslist","Article","Final","","Scopus","2-s2.0-85183616243"
"Parra C.; Rodríguez J.; Crespo Márquez A.; González-Prida V.; Viveros P.; Kristjanpoller F.; Parra J.","Parra, Carlos (54961099400); Rodríguez, Juan (58162262700); Crespo Márquez, Adolfo (24175681000); González-Prida, Vicente (55368257900); Viveros, Pablo (55234845600); Kristjanpoller, Fredy (55227316300); Parra, Jorge (58163202800)","54961099400; 58162262700; 24175681000; 55368257900; 55234845600; 55227316300; 58163202800","RQCM: Risk Qualitative Criticality Matrix. Case Study: Ophthalmic Lens Production Systems in Costa Rica","2023","Lecture Notes in Mechanical Engineering","","","","590","601","0","10.1007/978-3-031-25448-2_55","https://www.scopus.com/pages/publications/85151138731?origin=resultslist","Conference paper","Final","","Scopus","2-s2.0-85151138731"
"Jimenez P.; Garcia P.; Quitral V.; Vasquez K.; Parra-Ruiz C.; Reyes-Farias M.; Garcia-Diaz D.F.; Robert P.; Encina C.; Soto-Covasich J.","Jimenez, Paula (55597914900); Garcia, Paula (56817139500); Quitral, Vilma (6507147788); Vasquez, Karla (55340892200); Parra-Ruiz, Claudia (57191229517); Reyes-Farias, Marjorie (58532301600); Garcia-Diaz, Diego F (23995030100); Robert, Paz (7201370337); Encina, Cristian (36944536200); Soto-Covasich, Jessica (56290781800)","55597914900; 56817139500; 6507147788; 55340892200; 57191229517; 58532301600; 23995030100; 7201370337; 36944536200; 56290781800","Pulp, Leaf, Peel and Seed of Avocado Fruit: A Review of Bioactive Compounds and Healthy Benefits","2021","Food Reviews International","37","6","","619","655","121","10.1080/87559129.2020.1717520","https://www.scopus.com/pages/publications/85079160419?origin=resultslist","Review","Final","All Open Access; Green Open Access","Scopus","2-s2.0-85079160419"
"Palaniappan N.; Cole I.S.; Damodaran K.; Kuznetsov A.; Justin Thomas K.R.; K. B.","Palaniappan, N. (56806734800); Cole, I.S. (7006232330); Damodaran, K. (7003584159); Kuznetsov, A. (57192936699); Justin Thomas, K.R. (57203389297); K., Balasubramanian (55839027100)","56806734800; 7006232330; 7003584159; 57192936699; 57203389297; 55839027100","Experimental and DFT studies of porous carbon covalently functionalized by polyaniline as a corrosion inhibition barrier on nickel-based alloys in acidic media","2020","RSC Advances","10","21","","12151","12165","16","10.1039/d0ra00593b","https://www.scopus.com/pages/publications/85083223957?origin=resultslist","Article","Final","All Open Access; Gold Open Access; Green Open Access","Scopus","2-s2.0-85083223957"
"Olguin H.; Huenchuguala F.; Sun Z.; Hasse C.; Scholtissek A.","Olguin, Hernan (55908813100); Huenchuguala, Felipe (57391365400); Sun, Zhen (57215020869); Hasse, Christian (56379852500); Scholtissek, Arne (56436887300)","55908813100; 57391365400; 57215020869; 56379852500; 56436887300","Three questions regarding scalar gradient equations in flamelet theory","2023","Combustion and Flame","249","","112624","","","5","10.1016/j.combustflame.2023.112624","https://www.scopus.com/pages/publications/85147106296?origin=resultslist","Article","Final","All Open Access; Green Open Access","Scopus","2-s2.0-85147106296"
"Acevedo C.A.; Orellana N.; Avarias K.; Ortiz R.; Benavente D.; Prieto P.","Acevedo, Cristian A. (7004963806); Orellana, Nicole (57201341543); Avarias, Katherine (57201336693); Ortiz, Rina (55180655700); Benavente, Diego (57201344628); Prieto, Pablo (7006234873)","7004963806; 57201341543; 57201336693; 55180655700; 57201344628; 7006234873","Micropatterning Technology to Design an Edible Film for In Vitro Meat Production","2018","Food and Bioprocess Technology","11","7","","1267","1273","36","10.1007/s11947-018-2095-4","https://www.scopus.com/pages/publications/85044357623?origin=resultslist","Article","Final","","Scopus","2-s2.0-85044357623"
"Mora L.A.; Le Gorrec Y.; Matignon D.; Ramirez H.; Yuz J.I.","Mora, Luis A. (57192996759); Le Gorrec, Yann (6603503340); Matignon, Denis (6602185459); Ramirez, Hector (8978197400); Yuz, Juan I. (6508368901)","57192996759; 6603503340; 6602185459; 8978197400; 6508368901","On port-Hamiltonian formulations of 3-dimensional compressible Newtonian fluids","2021","Physics of Fluids","33","11","117117","","","10","10.1063/5.0067784","https://www.scopus.com/pages/publications/85120527731?origin=resultslist","Article","Final","All Open Access; Green Open Access","Scopus","2-s2.0-85120527731"
"Morhell Z.; Martínez G.; Franchi O.; Crutchik D.; Da Silva C.; Guerrero L.; Pedrouso A.; del Río Á.V.; Mosquera-Corral A.; Campos J.L.","Morhell, Zeinab (60178060600); Martínez, Gabriel (60177639800); Franchi, Oscar (57202247838); Crutchik, Dafne (27067465700); Da Silva, Cristopher (35517736700); Guerrero, Lorna (7006028997); Pedrouso, Alba (57189495110); del Río, Ángeles Val (37066754000); Mosquera-Corral, Anuska (6603261499); Campos, José Luis (56147689900)","60178060600; 60177639800; 57202247838; 27067465700; 35517736700; 7006028997; 57189495110; 37066754000; 6603261499; 56147689900","Use of free nitrous acid from partial nitrification reactor for the sanitization of digester effluents and Class A biosolids production","2026","Biochemical Engineering Journal","226","","109993","","","0","10.1016/j.bej.2025.109993","https://www.scopus.com/pages/publications/105021237401?origin=resultslist","Article","Final","","Scopus","2-s2.0-105021237401"
"Garrido A.P.; Zambrano D.; Ramos-Andrade J.P.; Orellana P.A.","Garrido, A.P. (57876423900); Zambrano, D. (16438332000); Ramos-Andrade, J.P. (57191619319); Orellana, P.A. (56246097800)","57876423900; 16438332000; 57191619319; 56246097800","Thermoelectric transport through a Majorana zero modes interferometer","2025","European Physical Journal Plus","140","9","897","","","1","10.1140/epjp/s13360-025-06834-8","https://www.scopus.com/pages/publications/105016756212?origin=resultslist","Article","Final","","Scopus","2-s2.0-105016756212"
"Medina E.; Viveros-Muñoz R.; Otondo F.","Medina, Esaú (59326592400); Viveros-Muñoz, Rhoddy (57464390300); Otondo, Felipe (8963333800)","59326592400; 57464390300; 8963333800","Assessing Ambisonics Sound Source Localization by Means of Virtual Reality and Gamification Tools","2024","Applied Sciences (Switzerland)","14","17","7986","","","2","10.3390/app14177986","https://www.scopus.com/pages/publications/85203862916?origin=resultslist","Article","Final","All Open Access; Gold Open Access; Green Open Access","Scopus","2-s2.0-85203862916"
"Escudero F.; Demarco R.; Cruz J.J.; Verdugo I.; Carvajal G.; Olivares G.; Valenzuela F.; Han D.; Lin H.; Fuentes A.","Escudero, F. (57021488500); Demarco, R. (42361029000); Cruz, J.J. (58221978600); Verdugo, I. (57217955968); Carvajal, G. (14824758100); Olivares, G. (57817367500); Valenzuela, F. (57434817000); Han, D. (57209556877); Lin, H. (59610940600); Fuentes, A. (8725383200)","57021488500; 42361029000; 58221978600; 57217955968; 14824758100; 57817367500; 57434817000; 57209556877; 59610940600; 8725383200","Determining spatially-resolved thermal radiation from non-intrusive measurements of soot properties","2022","Applied Thermal Engineering","215","","118968","","","12","10.1016/j.applthermaleng.2022.118968","https://www.scopus.com/pages/publications/85134828739?origin=resultslist","Article","Final","All Open Access; Hybrid Gold Open Access","Scopus","2-s2.0-85134828739"
"Shanmugaraj K.; Manikandan V.; Campos C.H.; Vinoth V.; Mangalaraja R.V.; Mathivanan M.; Pugazhenthiran N.; Noé Díaz de León J.; Song K.S.","Shanmugaraj, Krishnamoorthy (56027218300); Manikandan, Velu (57191158258); Campos, Cristian H. (23092849100); Vinoth, Victor (59815713100); Mangalaraja, Ramalinga Viswanathan (57938995400); Mathivanan, Moorthy (57210341983); Pugazhenthiran, Nalandhiran (23989733500); Noé Díaz de León, J. (57223131525); Song, Kwang Soup (7401740642)","56027218300; 57191158258; 23092849100; 59815713100; 57938995400; 57210341983; 23989733500; 57223131525; 7401740642","A highly efficient and stable PtNi bimetallic nanoparticles modified on Mo2C decorated N-doped carbon flowers catalysts for the remediation of environmental pollutants","2024","Journal of Environmental Chemical Engineering","12","5","113948","","","3","10.1016/j.jece.2024.113948","https://www.scopus.com/pages/publications/85203183985?origin=resultslist","Article","Final","","Scopus","2-s2.0-85203183985"
"Juričić V.; Muñoz E.; Soto-Garrido R.","Juričić, Vladimir (8318236300); Muñoz, Enrique (57193414915); Soto-Garrido, Rodrigo (35209145900)","8318236300; 57193414915; 35209145900","Optical Conductivity as a Probe of the Interaction-Driven Metal in Rhombohedral Trilayer Graphene","2022","Nanomaterials","12","21","3727","","","3","10.3390/nano12213727","https://www.scopus.com/pages/publications/85141855487?origin=resultslist","Article","Final","All Open Access; Gold Open Access; Green Open Access","Scopus","2-s2.0-85141855487"
"Cepeda F.; Jerez A.; Demarco R.; Liu F.; Fuentes A.","Cepeda, Francisco (57193537729); Jerez, Alejandro (57193527651); Demarco, Rodrigo (42361029000); Liu, Fengshan (55493554300); Fuentes, Andrés (8725383200)","57193537729; 57193527651; 42361029000; 55493554300; 8725383200","Influence of water-vapor in oxidizer stream on the sooting behavior for laminar coflow ethylene diffusion flames","2019","Combustion and Flame","210","","","114","125","41","10.1016/j.combustflame.2019.08.027","https://www.scopus.com/pages/publications/85071480832?origin=resultslist","Article","Final","","Scopus","2-s2.0-85071480832"
"Imran M.; Saif M.J.; Kuznetsov A.E.; Idrees N.; Iqbal J.; Tahir A.A.","Imran, Muhammad (57211658314); Saif, Muhammad Jawwad (56338161200); Kuznetsov, Aleksey E. (57192936699); Idrees, Nazeran (36971107800); Iqbal, Javed (57212516974); Tahir, Asif Ali (10439744200)","57211658314; 56338161200; 57192936699; 36971107800; 57212516974; 10439744200","                         Computational investigations into the structural and electronic properties of cd                         : N                         Te                         n                          (n = 1-17) quantum dots                     ","2019","RSC Advances","9","9","","5091","5099","13","10.1039/c8ra09465a","https://www.scopus.com/pages/publications/85061980843?origin=resultslist","Article","Final","All Open Access; Gold Open Access; Green Open Access","Scopus","2-s2.0-85061980843"
"Cornejo I.; Nikrityuk P.; Hayes R.E.","Cornejo, Ivan (39761491700); Nikrityuk, Petr (10338934200); Hayes, Robert E. (57203044203)","39761491700; 10338934200; 57203044203","Effect of substrate geometry and flow condition on the turbulence generation after a monolith","2020","Canadian Journal of Chemical Engineering","98","4","","947","956","13","10.1002/cjce.23687","https://www.scopus.com/pages/publications/85077870462?origin=resultslist","Article","Final","","Scopus","2-s2.0-85077870462"
"Lopez-Caiza D.; Renaudineau H.; Muller N.; Flores-Bahamonde F.; Kouro S.; Rodriguez J.","Lopez-Caiza, Diana (57193017621); Renaudineau, Hugues (48761935200); Muller, Nicolas (55976283000); Flores-Bahamonde, Freddy (45861100300); Kouro, Samir (55897205100); Rodriguez, Jose (57203271100)","57193017621; 48761935200; 55976283000; 45861100300; 55897205100; 57203271100","Dual-Boost Inverter for PV Microinverter Application—An Assessment of Control Strategies","2022","Applied Sciences (Switzerland)","12","12","5952","","","7","10.3390/app12125952","https://www.scopus.com/pages/publications/85132245885?origin=resultslist","Article","Final","All Open Access; Gold Open Access; Green Open Access","Scopus","2-s2.0-85132245885"
"Melivilu M.; Vourkas I.; Vila P.A.; Palacio F.; Cirera A.","Melivilu, Matias (58519431700); Vourkas, Ioannis (35173992700); Vila, Pere Aran (59315436900); Palacio, Francisco (57205895813); Cirera, Albert (8432064600)","58519431700; 35173992700; 59315436900; 57205895813; 8432064600","Conditional and Multi-Level WRITE Operations on Current-Controlled Memristive Devices for Neuromorphic Applications","2024","Proceedings of the IEEE Conference on Nanotechnology","","","","574","579","1","10.1109/NANO61778.2024.10628600","https://www.scopus.com/pages/publications/85203172858?origin=resultslist","Conference paper","Final","","Scopus","2-s2.0-85203172858"
"Sadino-Riquelme M.C.; Rivas J.; Jeison D.; Hayes R.E.; Donoso-Bravo A.","Sadino-Riquelme, M. Constanza (57214892787); Rivas, José (57204664136); Jeison, David (6507881259); Hayes, Robert E. (57203044203); Donoso-Bravo, Andrés (25723108900)","57214892787; 57204664136; 6507881259; 57203044203; 25723108900","Making sense of parameter estimation and model simulation in bioprocesses","2020","Biotechnology and Bioengineering","117","5","","1357","1366","23","10.1002/bit.27294","https://www.scopus.com/pages/publications/85079451324?origin=resultslist","Article","Final","","Scopus","2-s2.0-85079451324"
"Vilchez A.; Acevedo F.; Cea M.; Seeger M.; Navia R.","Vilchez, Ariel (57214231404); Acevedo, Francisca (35955556800); Cea, Mara (6505952707); Seeger, Michael (7102846172); Navia, Rodrigo (6602961538)","57214231404; 35955556800; 6505952707; 7102846172; 6602961538","Applications of electrospun nanofibers with antioxidant properties: A review","2020","Nanomaterials","10","1","175","","","86","10.3390/nano10010175","https://www.scopus.com/pages/publications/85078482457?origin=resultslist","Review","Final","All Open Access; Gold Open Access; Green Open Access","Scopus","2-s2.0-85078482457"
"Navia D.; Puen A.; Quintanilla P.; Bergh L.; Briceño L.; de Prada C.","Navia, Daniel (55263003900); Puen, Antonio (57189250216); Quintanilla, Paulina (57202787636); Bergh, Luis (6701774149); Briceño, Luis (57216700836); de Prada, César (6603379715)","55263003900; 57189250216; 57202787636; 6701774149; 57216700836; 6603379715","A Proposal to Include the Information of Disturbances in Modifier Adaptation Methodology for Real Time Optimization","2018","Computer Aided Chemical Engineering","43","","","1081","1086","2","10.1016/B978-0-444-64235-6.50189-3","https://www.scopus.com/pages/publications/85049306408?origin=resultslist","Book chapter","Final","","Scopus","2-s2.0-85049306408"
"Claveria-Cadiz F.; Rojas-Poblete M.; Muñoz-Castro A.; Schott E.; Guajardo-Maturana R.","Claveria-Cadiz, Francisca (57190213234); Rojas-Poblete, Macarena (57193652139); Muñoz-Castro, Alvaro (18042134900); Schott, Eduardo (12766226900); Guajardo-Maturana, Raúl (55621459200)","57190213234; 57193652139; 18042134900; 12766226900; 55621459200","Electronic pathway of the exciplex emitters. Unraveling the emission properties from theoretical calculations","2024","Journal of Photochemistry and Photobiology A: Chemistry","452","","115547","","","8","10.1016/j.jphotochem.2024.115547","https://www.scopus.com/pages/publications/85186536753?origin=resultslist","Article","Final","","Scopus","2-s2.0-85186536753"
"Alfaro R.; Allende-Cid H.; Allende H.","Alfaro, Rodrigo (37101112100); Allende-Cid, Héctor (57208732887); Allende, Héctor (22333831700)","37101112100; 57208732887; 22333831700","Multilabel Text Classification with Label-Dependent Representation","2023","Applied Sciences (Switzerland)","13","6","3594","","","11","10.3390/app13063594","https://www.scopus.com/pages/publications/85152297400?origin=resultslist","Article","Final","All Open Access; Gold Open Access; Green Open Access","Scopus","2-s2.0-85152297400"
"Reinao C.; Diaz P.; Cornejo I.","Reinao, Consuelo (58161138200); Diaz, Pablo (59792005300); Cornejo, Ivan (39761491700)","58161138200; 59792005300; 39761491700","A new model for the pressure drop in dual-cell density monoliths: Experimental validation and CFD","2025","Chemical Engineering Journal","516","","163599","","","5","10.1016/j.cej.2025.163599","https://www.scopus.com/pages/publications/105006727636?origin=resultslist","Article","Final","","Scopus","2-s2.0-105006727636"
"Núñez G.A.; del Valle J.M.; Navia D.","Núñez, Gonzalo A. (18437589700); del Valle, José M. (7005396861); Navia, Daniel (55263003900)","18437589700; 7005396861; 55263003900","Supercritical CO2 oilseed extraction in multi-vessel plants. 3. Effect of extraction pressure and plant size on production cost","2017","Journal of Supercritical Fluids","122","","","109","118","17","10.1016/j.supflu.2016.11.002","https://www.scopus.com/pages/publications/85008626258?origin=resultslist","Article","Final","","Scopus","2-s2.0-85008626258"
"Urzúa J.I.; Valenzuela M.L.; Cavieres J.; Inestrosa-Izurieta M.J.","Urzúa, Julio I. (57225809885); Valenzuela, María Luisa (7102612018); Cavieres, Jenifer (57442365200); Inestrosa-Izurieta, María José (54414261800)","57225809885; 7102612018; 57442365200; 54414261800","Ionic liquid mixtures as energy storage materials: a preliminary and comparative study based on thermal storage density","2023","RSC Advances","13","28","","19412","19419","4","10.1039/d3ra02901h","https://www.scopus.com/pages/publications/85164618171?origin=resultslist","Article","Final","All Open Access; Gold Open Access; Green Open Access","Scopus","2-s2.0-85164618171"
"Munoz-Herrera C.; Aravind B.; Rojas P.; Hernández C.; Mashruk S.; Valera-Medina A.; Toledo M.","Munoz-Herrera, Claudio (58632430600); Aravind, B. (57015141500); Rojas, Paula (58632764100); Hernández, Christian (58632933200); Mashruk, Syed (57219939168); Valera-Medina, Agustin (56013526700); Toledo, Mario (58984742000)","58632430600; 57015141500; 58632764100; 58632933200; 57219939168; 56013526700; 58984742000","Analysis of ammonia–methane stabilized flames in an optically accessible porous media burner through chemiluminescence imaging","2026","Fuel","412","","138122","","","0","10.1016/j.fuel.2025.138122","https://www.scopus.com/pages/publications/105025685542?origin=resultslist","Article","Final","All Open Access; Green Open Access","Scopus","2-s2.0-105025685542"
"Medina-Miranda M.; Lauzurique Y.; Pagés-Díaz J.; Calzadilla W.; Salazar- González R.","Medina-Miranda, Millaray (60574352000); Lauzurique, Yeney (57225882014); Pagés-Díaz, Jhosané (52264362000); Calzadilla, Wendy (57222309463); Salazar- González, Ricardo (58181874000)","60574352000; 57225882014; 52264362000; 57222309463; 58181874000","Biohydrogen production from dark fermentation of winery wastewater: Impact of electrochemical pretreatment by anodic oxidation with BDD electrode","2026","Journal of Environmental Chemical Engineering","14","3","122686","","","0","10.1016/j.jece.2026.122686","https://www.scopus.com/pages/publications/105035500695?origin=resultslist","Article","Final","","Scopus","2-s2.0-105035500695"
"Rehman M.A.U.; Adeel M.; Alshehri S.M.; Aiman U.; Villinger A.; Bullo S.; Baby R.; Asghar M.A.; Kuznetsov A.E.; Sanyang M.L.","Rehman, Muhammad Atta Ur (57885251300); Adeel, Muhammad (35241967900); Alshehri, Saad M. (6603441639); Aiman, Ume (57928066300); Villinger, Alexander (9744467000); Bullo, Saifullah (55570488400); Baby, Rabia (57208494856); Asghar, Muhammad Adnan (56524084700); Kuznetsov, Aleksey E. (57192936699); Sanyang, Muhammed Lamin (56453476600)","57885251300; 35241967900; 6603441639; 57928066300; 9744467000; 55570488400; 57208494856; 56524084700; 57192936699; 56453476600","Novel Fluorinated Biphenyl Compounds Synthesized via Pd(0)-Catalyzed Reactions: Experimental and Computational Studies","2023","ACS Omega","8","32","","29414","29423","0","10.1021/acsomega.3c01993","https://www.scopus.com/pages/publications/85168480509?origin=resultslist","Article","Final","All Open Access; Gold Open Access; Green Open Access","Scopus","2-s2.0-85168480509"
"Reveco M.; Álvarez C.; Gallardo J.; Valenzuela F.; Severino G.; Fuentes A.; Reszka P.; Demarco R.","Reveco, Mathias (59180237200); Álvarez, Carlos (57189214105); Gallardo, Javier (59180237300); Valenzuela, Francisco (57434817000); Severino, Gonzalo (55911944000); Fuentes, Andrés (8725383200); Reszka, Pedro (23098198000); Demarco, Rodrigo (42361029000)","59180237200; 57189214105; 59180237300; 57434817000; 55911944000; 8725383200; 23098198000; 42361029000","Effect of moisture content on the spotting ignition of live wildland fuels","2024","Proceedings of the Combustion Institute","40","1-4","105275","","","7","10.1016/j.proci.2024.105275","https://www.scopus.com/pages/publications/85196508421?origin=resultslist","Article","Final","","Scopus","2-s2.0-85196508421"
"Briones A.A.; Guevara I.C.; Mena D.; Espinoza I.; Sandoval-Pauker C.; Guerrero L.R.; Jentzsch P.V.; Bisesti F.M.","Briones, Alejandro Altamirano (57216155671); Guevara, Iván Cóndor (57216154260); Mena, David (57216157359); Espinoza, Isabel (57216156318); Sandoval-Pauker, Christian (57209822423); Guerrero, Luis Ramos (57216162409); Jentzsch, Paul Vargas (57195352577); Bisesti, Florinella Muñoz (57199255879)","57216155671; 57216154260; 57216157359; 57216156318; 57209822423; 57216162409; 57195352577; 57199255879","Degradation of meropenem by heterogeneous photocatalysis using TiO2 /fiberglass substrates","2020","Catalysts","10","3","344","","","17","10.3390/catal10030344","https://www.scopus.com/pages/publications/85082693669?origin=resultslist","Article","Final","All Open Access; Gold Open Access; Green Open Access","Scopus","2-s2.0-85082693669"
"Azúa-Poblete M.; Cedeño A.L.; Agüero J.C.; Santos L.O.; Dewasme L.; Vande Wouwer A.; García-Gen S.","Azúa-Poblete, Michel (60170199400); Cedeño, Angel L. (57221307701); Agüero, Juan C. (8296403500); Santos, Lino O. (7202566676); Dewasme, Laurent (28767645700); Vande Wouwer, Alain (6603744450); García-Gen, Santiago (55848678800)","60170199400; 57221307701; 8296403500; 7202566676; 28767645700; 6603744450; 55848678800","Enhancing anaerobic digestion performance with offset-free model predictive control","2025","Journal of Water Process Engineering","78","","108785","","","0","10.1016/j.jwpe.2025.108785","https://www.scopus.com/pages/publications/105020919084?origin=resultslist","Article","Final","","Scopus","2-s2.0-105020919084"
"Morales L.; Estrada J.S.; Herrera M.; Rosales A.; Leica P.; Gamboa S.; Camacho O.","Morales, Luis (57195618681); Estrada, Juan Sebastian (57346747400); Herrera, Marco (57146567600); Rosales, Andres (18038024600); Leica, Paulo (56132069800); Gamboa, Silvana (16039018100); Camacho, Oscar (6701408815)","57195618681; 57346747400; 57146567600; 18038024600; 56132069800; 16039018100; 6701408815","Hybrid Approaches-Based Sliding-Mode Control for pH Process Control","2022","ACS Omega","7","49","","45301","45313","15","10.1021/acsomega.2c05756","https://www.scopus.com/pages/publications/85143629926?origin=resultslist","Article","Final","All Open Access; Gold Open Access; Green Open Access","Scopus","2-s2.0-85143629926"
"K N.R.; Salgansky E.; T M.T.","K, Nicolás Ripoll (57188811463); Salgansky, Eugene (24475095100); T, Mario Toledo (57224514038)","57188811463; 24475095100; 57224514038","Volatiles effects on the thermal and chemical structures of H2 production in a hybrid porous media reactor using solar steam","2021","International Journal of Heat and Mass Transfer","177","","121472","","","7","10.1016/j.ijheatmasstransfer.2021.121472","https://www.scopus.com/pages/publications/85107746115?origin=resultslist","Article","Final","","Scopus","2-s2.0-85107746115"
"Santander-Nelli M.; Cortés-Arriagada D.; Sanhueza L.; Dreyse P.","Santander-Nelli, Mireya (35604362500); Cortés-Arriagada, Diego (47560926600); Sanhueza, Luis (50662046800); Dreyse, Paulina (14035589500)","35604362500; 47560926600; 50662046800; 14035589500","Dependence between luminescence properties of Cu(i) complexes and electronic/structural parameters derived from steric effects","2022","New Journal of Chemistry","46","22","","10584","10593","4","10.1039/d2nj00407k","https://www.scopus.com/pages/publications/85132758852?origin=resultslist","Article","Final","","Scopus","2-s2.0-85132758852"
"Muñoz F.; Estay R.; Pavez-Orrego C.; Nelis G.","Muñoz, Felipe (60319997800); Estay, Rodrigo (56681996300); Pavez-Orrego, Claudia (58028422600); Nelis, Gonzalo (57927351800)","60319997800; 56681996300; 58028422600; 57927351800","A Principal Component Analysis Framework for Evaluating Mining-Induced Risk: A Case Study of a Chilean Underground Mine","2026","Applied Sciences (Switzerland)","16","3","1211","","","0","10.3390/app16031211","https://www.scopus.com/pages/publications/105030116783?origin=resultslist","Article","Final","All Open Access; Gold Open Access; Green Open Access","Scopus","2-s2.0-105030116783"
"del Valle J.M.; Martín Á.; Cocero M.J.; de la Fuente J.C.; de la Cruz - Quiroz R.","del Valle, José M. (7005396861); Martín, Ángel (9337946700); Cocero, María José (7004111992); de la Fuente, Juan C. (8648287000); de la Cruz - Quiroz, Reynaldo (55642056700)","7005396861; 9337946700; 7004111992; 8648287000; 55642056700","Supercritical CO2 extraction of solids using aqueous ethanol as static modifier is a two-step mass transfer process","2019","Journal of Supercritical Fluids","143","","","179","190","15","10.1016/j.supflu.2018.08.011","https://www.scopus.com/pages/publications/85052447868?origin=resultslist","Article","Final","","Scopus","2-s2.0-85052447868"
"Viveros P.; Miqueles L.; Mena R.; Kristjanpoller F.","Viveros, Pablo (55234845600); Miqueles, Leonardo (57315813800); Mena, Rodrigo (55575303800); Kristjanpoller, Fredy (55227316300)","55234845600; 57315813800; 55575303800; 55227316300","Opportunistic strategy for maintenance interventions planning: A case study in a wastewater treatment plant","2021","Applied Sciences (Switzerland)","11","22","10853","","","6","10.3390/app112210853","https://www.scopus.com/pages/publications/85119862634?origin=resultslist","Article","Final","All Open Access; Gold Open Access; Green Open Access","Scopus","2-s2.0-85119862634"
"Ramírez C.; Millón C.; Nuñez H.; del Campo V.; Almonacid S.; Simpson R.","Ramírez, Cristian (36870781000); Millón, Camila (56400803100); Nuñez, Helena (7003943176); del Campo, Valeria (35304707500); Almonacid, Sergio (6602451316); Simpson, Ricardo (56239119700)","36870781000; 56400803100; 7003943176; 35304707500; 6602451316; 56239119700","Effect of particle size distribution on the in vitro digestion of calcium alginate-starchy model foods","2019","Journal of Food Process Engineering","42","5","e13097","","","12","10.1111/jfpe.13097","https://www.scopus.com/pages/publications/85066881252?origin=resultslist","Article","Final","","Scopus","2-s2.0-85066881252"
"Cruz J.J.; Escudero F.; Verdugo I.; Rivera P.; Gutiérrez-Cáceres N.; Yon J.; Fuentes A.","Cruz, Juan J. (58221978600); Escudero, Felipe (57021488500); Verdugo, Ignacio (57217955968); Rivera, Paulo (57245326700); Gutiérrez-Cáceres, Nicolás (57225207479); Yon, Jérôme (15123574200); Fuentes, Andrés (8725383200)","58221978600; 57021488500; 57217955968; 57245326700; 57225207479; 15123574200; 8725383200","Sooting propensity and maturity of gasoline/anisole blends in a laminar coflow diffusion flame","2023","Fuel","345","","128091","","","16","10.1016/j.fuel.2023.128091","https://www.scopus.com/pages/publications/85151284565?origin=resultslist","Article","Final","","Scopus","2-s2.0-85151284565"
"Demarco R.; Jerez A.; Liu F.; Chen L.; Fuentes A.","Demarco, Rodrigo (42361029000); Jerez, Alejandro (57193527651); Liu, Fengshan (55493554300); Chen, Longfei (37041375800); Fuentes, Andrés (8725383200)","42361029000; 57193527651; 55493554300; 37041375800; 8725383200","Modeling soot formation in laminar coflow ethylene inverse diffusion flames","2021","Combustion and Flame","232","","111513","","","47","10.1016/j.combustflame.2021.111513","https://www.scopus.com/pages/publications/85107781474?origin=resultslist","Article","Final","","Scopus","2-s2.0-85107781474"
"Escudero F.; Cruz J.J.; Liu F.; Fuentes A.","Escudero, F. (57021488500); Cruz, J.J. (58221978600); Liu, F. (55493554300); Fuentes, A. (8725383200)","57021488500; 58221978600; 55493554300; 8725383200","Correction of laser-induced incandescence signal trapping in soot measurement in a microgravity boundary layer laminar diffusion flame","2021","Proceedings of the Combustion Institute","38","3","","4825","4835","6","10.1016/j.proci.2020.07.091","https://www.scopus.com/pages/publications/85092228534?origin=resultslist","Article","Final","","Scopus","2-s2.0-85092228534"
"Thaha S.K.S.M.; Pugazhenthiran N.; Sathishkumar P.; Govinda raj M.; Perarasu V.T.; Kumaresan R.; Assiri M.A.; Selvaraj M.","Thaha, S.K. Sheik Moideen (59204813900); Pugazhenthiran, N. (23989733500); Sathishkumar, P. (36982069900); Govinda raj, M. (57223036612); Perarasu, V.T. (54796975700); Kumaresan, R. (59203662700); Assiri, Mohammed A. (57195309416); Selvaraj, Manickam (7003615747)","59204813900; 23989733500; 36982069900; 57223036612; 54796975700; 59203662700; 57195309416; 7003615747","Peroxymonosulphate activation by ultra-small Ni@NiFe2O4/ZnO magnetic nanocomposites for solar photocatalytic degradation of β-lactam antibiotic - cefadroxil","2024","Ceramics International","50","19","","36050","36061","9","10.1016/j.ceramint.2024.06.417","https://www.scopus.com/pages/publications/85197553697?origin=resultslist","Article","Final","","Scopus","2-s2.0-85197553697"
"Castro N.; Toledo M.; Amador G.","Castro, Nicolas (57208491871); Toledo, Mario (58984742000); Amador, German (56156304800)","57208491871; 58984742000; 56156304800","An experimental investigation of the performance and emissions of a hydrogen-diesel dual fuel compression ignition internal combustion engine","2019","Applied Thermal Engineering","156","","","660","667","150","10.1016/j.applthermaleng.2019.04.078","https://www.scopus.com/pages/publications/85064894144?origin=resultslist","Article","Final","","Scopus","2-s2.0-85064894144"
"Oh I.-K.; Sandoval T.E.; Liu T.-L.; Richey N.E.; Nguyen C.T.; Gu B.; Lee H.-B.-R.; Tonner-Zech R.; Bent S.F.","Oh, Il-Kwon (60471394300); Sandoval, Tania E. (57197507023); Liu, Tzu-Ling (57203186546); Richey, Nathaniel E. (55428787300); Nguyen, Chi Thang (57209242780); Gu, Bonwook (57220190220); Lee, Han-Bo-Ram (35364190100); Tonner-Zech, Ralf (8267082500); Bent, Stacey F. (7006463092)","60471394300; 57197507023; 57203186546; 55428787300; 57209242780; 57220190220; 35364190100; 8267082500; 7006463092","Elucidating the Reaction Mechanism of Atomic Layer Deposition of Al2O3with a Series of Al(CH3)xCl3- xand Al(CyH2 y+1)3Precursors","2022","Journal of the American Chemical Society","144","26","","11757","11766","29","10.1021/jacs.2c03752","https://www.scopus.com/pages/publications/85133089649?origin=resultslist","Article","Final","","Scopus","2-s2.0-85133089649"
"Valdebenito R.; Forcael E.","Valdebenito, Reinaldo (59925714800); Forcael, Eric (51763522800)","59925714800; 51763522800","Integrating Artificial Intelligence and BIM in Construction: Systematic Review and Quantitative Comparative Analysis","2025","Applied Sciences (Switzerland)","15","23","12470","","","2","10.3390/app152312470","https://www.scopus.com/pages/publications/105024757436?origin=resultslist","Review","Final","All Open Access; Gold Open Access; Green Open Access","Scopus","2-s2.0-105024757436"
"Bezjak D.; Orellana N.; Valdés J.H.; Corrales T.; Acevedo C.A.","Bezjak, Dragica (58487944500); Orellana, Nicole (57201341543); Valdés, Jorge H. (35926834300); Corrales, Tomás (54884299600); Acevedo, Cristian A. (7004963806)","58487944500; 57201341543; 35926834300; 54884299600; 7004963806","Towards Understanding the Role of Microstructured Edible Scaffolds for Cultured Meat Production","2024","Food and Bioprocess Technology","17","3","","767","779","9","10.1007/s11947-023-03166-2","https://www.scopus.com/pages/publications/85164830219?origin=resultslist","Article","Final","","Scopus","2-s2.0-85164830219"
"Arias J.; Martínez J.; Stashenko E.; del Valle J.M.; de la Fuente J.C.","Arias, Julián (57214218508); Martínez, Jairo (7404311997); Stashenko, Elena (7003284821); del Valle, José M. (7005396861); de la Fuente, Juan C. (8648287000)","57214218508; 7404311997; 7003284821; 7005396861; 8648287000","Supercritical CO2 extraction of pinocembrin from Lippia origanoides distillation residues. 1. Multicomponent solubility and equilibrium partition","2022","Journal of Supercritical Fluids","180","","105426","","","5","10.1016/j.supflu.2021.105426","https://www.scopus.com/pages/publications/85117363999?origin=resultslist","Article","Final","","Scopus","2-s2.0-85117363999"
"Felix A.B.; Pacheco M.; Orellana P.; Latgé A.","Felix, Antonio Bernardo (57209045807); Pacheco, Monica (57217223434); Orellana, Pedro (56246097800); Latgé, Andrea (7003322817)","57209045807; 57217223434; 56246097800; 7003322817","Vertical and In-Plane Electronic Transport of Graphene Nanoribbon/Nanotube Heterostructures","2022","Nanomaterials","12","19","3475","","","5","10.3390/nano12193475","https://www.scopus.com/pages/publications/85139931606?origin=resultslist","Article","Final","All Open Access; Gold Open Access; Green Open Access","Scopus","2-s2.0-85139931606"
"Revollo H.; Ferrada P.; Martin P.; Marzo A.; del Campo V.","Revollo, Henrry (57202983580); Ferrada, Pablo (36703939600); Martin, Pablo (56834877700); Marzo, Aitor (36704736200); del Campo, Valeria (35304707500)","57202983580; 36703939600; 56834877700; 36704736200; 35304707500","HIT Solar Cell Modeling Using Graphene as a Transparent Conductive Layer Considering the Atacama Desert Solar Spectrum","2023","Applied Sciences (Switzerland)","13","16","9323","","","3","10.3390/app13169323","https://www.scopus.com/pages/publications/85169104396?origin=resultslist","Article","Final","All Open Access; Gold Open Access; Green Open Access","Scopus","2-s2.0-85169104396"
"Vinnett L.; Ata S.; Hassanzadeh A.","Vinnett, Luis (36905627300); Ata, Seher (59221558800); Hassanzadeh, Ahmad (56704771000)","36905627300; 59221558800; 56704771000","Honorary note: Juan Yianatos Bernardino","2023","Physicochemical Problems of Mineral Processing ","59","5","","1","10","0","10.37190/ppmp/187109","https://www.scopus.com/pages/publications/85198729433?origin=resultslist","Article","Final","All Open Access; Gold Open Access","Scopus","2-s2.0-85198729433"
"Huiliñir C.; Acosta L.; Yanez D.; Montalvo S.; Esposito G.; Retamales G.; Levicán G.; Guerrero L.","Huiliñir, C. (57216785072); Acosta, L. (57216209048); Yanez, D. (57193016038); Montalvo, S. (6701371309); Esposito, G. (59514439400); Retamales, G. (57216210889); Levicán, G. (6508286912); Guerrero, L. (7006028997)","57216785072; 57216209048; 57193016038; 6701371309; 59514439400; 57216210889; 6508286912; 7006028997","Elemental sulfur-based autotrophic denitrification in stoichiometric S0/N ratio: Calibration and validation of a kinetic model","2020","Bioresource Technology","307","","123229","","","21","10.1016/j.biortech.2020.123229","https://www.scopus.com/pages/publications/85082833132?origin=resultslist","Article","Final","","Scopus","2-s2.0-85082833132"
"Castillo H.; Collado H.; Droguett T.; Vesely M.; Garrido P.; Palma S.","Castillo, Hengels (57350943400); Collado, Humberto (57350705100); Droguett, Thomas (57350824400); Vesely, Mario (57350474700); Garrido, Pamela (57350824600); Palma, Sergio (57190338492)","57350943400; 57350705100; 57350824400; 57350474700; 57350824600; 57190338492","State of the art of geopolymers: A review","2022","E-Polymers","22","1","","108","124","101","10.1515/epoly-2022-0015","https://www.scopus.com/pages/publications/85123306519?origin=resultslist","Review","Final","All Open Access; Gold Open Access; Green Open Access","Scopus","2-s2.0-85123306519"
"Cornejo I.","Cornejo, Ivan (39761491700)","39761491700","A model for correcting the pressure drop between two monoliths","2021","Catalysts","11","11","1314","","","6","10.3390/catal11111314","https://www.scopus.com/pages/publications/85118118627?origin=resultslist","Article","Final","All Open Access; Gold Open Access; Green Open Access","Scopus","2-s2.0-85118118627"
"Menéndez O.; Pérez M.; Cheein F.A.","Menéndez, Oswaldo (57193608640); Pérez, Marcelo (7403043717); Cheein, Fernando Auat (23049317700)","57193608640; 7403043717; 23049317700","Visual-based positioning of aerial maintenance platforms on overhead transmission lines","2019","Applied Sciences (Switzerland)","9","1","165","","","56","10.3390/app9010165","https://www.scopus.com/pages/publications/85059590290?origin=resultslist","Article","Final","All Open Access; Gold Open Access; Green Open Access","Scopus","2-s2.0-85059590290"
"Stamulis C.; Reusser C.A.; Kouro S.","Stamulis, Cristina (58849813900); Reusser, Carlos A. (56028014800); Kouro, Samir (55897205100)","58849813900; 56028014800; 55897205100","Model predictive control of nine-switch and eleven-switch converter topologies with switching frequency constrains","2026","Cogent Engineering","13","1","2639171","","","0","10.1080/23311916.2026.2639171","https://www.scopus.com/pages/publications/105032685409?origin=resultslist","Article","Final","All Open Access; Gold Open Access; Green Open Access","Scopus","2-s2.0-105032685409"
"Silva V.; Muñoz E.; Díaz K.; Molina P.; Besoain X.; Montenegro I.; Rigano D.; Caro N.; Madrid A.","Silva, Valentina (58333188500); Muñoz, Evelyn (57219846572); Díaz, Katy (56049836400); Molina, Paula (60115876600); Besoain, Ximena (6508020848); Montenegro, Iván (55320372800); Rigano, Daniela (6603122493); Caro, Nelson (36871622000); Madrid, Alejandro (54915256200)","58333188500; 57219846572; 56049836400; 60115876600; 6508020848; 55320372800; 6603122493; 36871622000; 54915256200","An Efficient Microwave Synthesis of 3-Acyl-5-bromoindole Derivatives for Controlling Monilinia fructicola and Botrytis cinerea","2025","International Journal of Molecular Sciences","26","18","9148","","","1","10.3390/ijms26189148","https://www.scopus.com/pages/publications/105017133907?origin=resultslist","Article","Final","All Open Access; Gold Open Access; Green Open Access","Scopus","2-s2.0-105017133907"
"Seccatore J.; Vigna S.; Marin T.; Cardu M.","Seccatore, Jacopo (54986227400); Vigna, Stefano (58781570900); Marin, Tatiane (36613362700); Cardu, Marilena (7006647992)","54986227400; 58781570900; 36613362700; 7006647992","The Role of Delays in the Performance of Blasting","2024","Applied Sciences (Switzerland)","14","11","4657","","","4","10.3390/app14114657","https://www.scopus.com/pages/publications/85195939565?origin=resultslist","Article","Final","All Open Access; Gold Open Access; Green Open Access","Scopus","2-s2.0-85195939565"
"Leiva C.; Acuña C.; Luukkanen S.; Cruz C.","Leiva, Claudio (57200994574); Acuña, Claudio (24337375500); Luukkanen, Saija (6602421234); Cruz, Constanza (57069588400)","57200994574; 24337375500; 6602421234; 57069588400","Enhancing bubble bize prediction in flotation processes: a drift flux model accounting for frother type","2023","Physicochemical Problems of Mineral Processing ","59","5","","1","16","1","10.37190/ppmp/178234","https://www.scopus.com/pages/publications/85198740536?origin=resultslist","Article","Final","All Open Access; Gold Open Access; Green Open Access","Scopus","2-s2.0-85198740536"
"Sarmiento C.; Cardemil J.M.; Díaz A.J.; Barraza R.","Sarmiento, Cristóbal (57487787900); Cardemil, José M. (36536484300); Díaz, Andrés J. (57189903209); Barraza, Rodrigo (56979154900)","57487787900; 36536484300; 57189903209; 56979154900","Parametrized analysis of a carbon dioxide transcritical Rankine cycle driven by solar energy","2018","Applied Thermal Engineering","140","","","580","592","29","10.1016/j.applthermaleng.2018.04.097","https://www.scopus.com/pages/publications/85047624960?origin=resultslist","Article","Final","All Open Access; Green Open Access","Scopus","2-s2.0-85047624960"
"Gallardo R.A.; Alvarado-Seguel P.; Brevis F.; Roldán-Molina A.; Lenz K.; Lindner J.; Landeros P.","Gallardo, Rodolfo A. (36439493500); Alvarado-Seguel, Pablo (57208494121); Brevis, Felipe (57222086745); Roldán-Molina, Alejandro (56100390900); Lenz, Kilian (7103243546); Lindner, Jürgen (7201829701); Landeros, Pedro (8450437400)","36439493500; 57208494121; 57222086745; 56100390900; 7103243546; 7201829701; 8450437400","Spin-Wave Channeling in Magnetization-Graded Nanostrips","2022","Nanomaterials","12","16","2785","","","9","10.3390/nano12162785","https://www.scopus.com/pages/publications/85137390672?origin=resultslist","Article","Final","All Open Access; Gold Open Access; Green Open Access","Scopus","2-s2.0-85137390672"
"Aitken V.; Diaz K.; Soto M.; Olea A.F.; Cuellar M.A.; Nuñez M.; Espinoza-Catalán L.","Aitken, Vanessa (57212411913); Diaz, Katy (56049836400); Soto, Mauricio (56781034600); Olea, Andrés F. (6603911583); Cuellar, Mauricio A. (7005051317); Nuñez, Maria (57195949103); Espinoza-Catalán, Luis (7103098526)","57212411913; 56049836400; 56781034600; 6603911583; 7005051317; 57195949103; 7103098526","New Brassinosteroid Analogs with 23,24-Dinorcholan Side Chain, and Benzoate Function at C-22: Synthesis, Assessment of Bioactivity on Plant Growth, and Molecular Docking Study","2024","International Journal of Molecular Sciences","25","1","419","","","5","10.3390/ijms25010419","https://www.scopus.com/pages/publications/85181895656?origin=resultslist","Article","Final","All Open Access; Gold Open Access; Green Open Access","Scopus","2-s2.0-85181895656"
"Yang Y.; Soto M.A.; Thévenaz L.","Yang, Yuting (58074442900); Soto, Marcelo A. (18435065800); Thévenaz, Luc (7003491340)","58074442900; 18435065800; 7003491340","Absolute Temperature Measurements using Stimulated Brillouin Scattering in Gases","2025","2025 Conference on Lasers and Electro-Optics, CLEO 2025","","","","","","1","10.1364/cleo_fs.2025.ff140_7","https://www.scopus.com/pages/publications/105021463398?origin=resultslist","Conference paper","Final","","Scopus","2-s2.0-105021463398"
"Carmona N.; Fierro M.; Bubnovich V.; Toledo M.","Carmona, Nicolas (58147249400); Fierro, Matías (57224955844); Bubnovich, Valeri (35562140300); Toledo, Mario (58984742000)","58147249400; 57224955844; 35562140300; 58984742000","Investigation of fire rate in a porous media reactor with hollow spheres as packed bed","2025","Applied Thermal Engineering","270","","126252","","","1","10.1016/j.applthermaleng.2025.126252","https://www.scopus.com/pages/publications/105000455080?origin=resultslist","Article","Final","","Scopus","2-s2.0-105000455080"
"Besa P.; Alegría A.; González N.; Biancardi F.; Vidal C.; Cikutovic P.; Andia M.E.; Mura J.","Besa, Pablo (56324075600); Alegría, Anselmo (59929787700); González, Nicolás (57199177625); Biancardi, Fiorella (58010352800); Vidal, Catalina (57221629249); Cikutovic, Pablo (36843626400); Andia, Marcelo E. (6507041142); Mura, Joaquín (23005117500)","56324075600; 59929787700; 57199177625; 58010352800; 57221629249; 36843626400; 6507041142; 23005117500","Regional bone density patterns of the tibial plateau: implications for finite element analysis","2025","Frontiers in Bioengineering and Biotechnology","13","","1541536","","","1","10.3389/fbioe.2025.1541536","https://www.scopus.com/pages/publications/105007306586?origin=resultslist","Article","Final","All Open Access; Gold Open Access; Green Open Access","Scopus","2-s2.0-105007306586"
"Schulz A.C.; Zacconi F.C.; Cabrera A.L.; del Valle J.M.; Espinoza L.; de la Fuente J.C.","Schulz, Alex C. (58499048300); Zacconi, Flavia C. (33667991400); Cabrera, Adolfo L. (56814371600); del Valle, José M. (7005396861); Espinoza, Luis (7103098526); de la Fuente, Juan C. (8648287000)","58499048300; 33667991400; 56814371600; 7005396861; 7103098526; 8648287000","Solubility in supercritical carbon dioxide of two novel amine derivatives of 2,3-dichloronaphthalene-1,4-dione (dichlone)","2023","Journal of Supercritical Fluids","201","","106034","","","1","10.1016/j.supflu.2023.106034","https://www.scopus.com/pages/publications/85165337024?origin=resultslist","Article","Final","","Scopus","2-s2.0-85165337024"
"Silva O.; Maxwell L.; Guerrero S.; Creaser D.; Cornejo I.","Silva, Osvaldo (60593505700); Maxwell, Lindley (56818668200); Guerrero, Sichem (8316951300); Creaser, Derek (6603950758); Cornejo, Iván (39761491700)","60593505700; 56818668200; 8316951300; 6603950758; 39761491700","Techno-economic evaluation and carbon balance of multiple process routes for light olefin production from green hydrogen and captured CO2","2026","Chemical Engineering Research and Design","230","","","111","127","0","10.1016/j.cherd.2026.04.037","https://www.scopus.com/pages/publications/105036587263?origin=resultslist","Article","Final","","Scopus","2-s2.0-105036587263"
"Montalvo S.; Huiliñir C.; Castillo A.; Pagés-Díaz J.; Guerrero L.","Montalvo, Silvio (6701371309); Huiliñir, César (57216785072); Castillo, Alejandra (57141838000); Pagés-Díaz, Jhosané (52264362000); Guerrero, Lorna (7006028997)","6701371309; 57216785072; 57141838000; 52264362000; 7006028997","Carbon, nitrogen and phosphorus recovery from liquid swine wastes: a review","2020","Journal of Chemical Technology and Biotechnology","95","9","","2335","2347","36","10.1002/jctb.6336","https://www.scopus.com/pages/publications/85078670470?origin=resultslist","Review","Final","","Scopus","2-s2.0-85078670470"
"Chavez M.I.; Soto M.; Cimino F.A.; Olea A.F.; Espinoza L.; Díaz K.; Taborga L.","Chavez, María I. (57197437296); Soto, Mauricio (56781034600); Cimino, Franco A. (56826347300); Olea, Andrés F. (6603911583); Espinoza, Luis (7103098526); Díaz, Katy (56049836400); Taborga, Lautaro (54917081900)","57197437296; 56781034600; 56826347300; 6603911583; 7103098526; 56049836400; 54917081900","In vitro antifungal activity of new and known geranylated phenols against Phytophthora cinnamomi rands","2018","International Journal of Molecular Sciences","19","6","1601","","","11","10.3390/ijms19061601","https://www.scopus.com/pages/publications/85047739873?origin=resultslist","Article","Final","All Open Access; Gold Open Access; Green Open Access","Scopus","2-s2.0-85047739873"
"Figueroa A.; Riff M.-C.; Montero E.","Figueroa, Andrea (57202468057); Riff, María-Cristina (8968006800); Montero, Elizabeth (23398175800)","57202468057; 8968006800; 23398175800","Robots in Partially Known and Unknown Environments: A Simulated Annealing Approach for Re-Planning","2024","Applied Sciences (Switzerland)","14","22","10644","","","5","10.3390/app142210644","https://www.scopus.com/pages/publications/85210428702?origin=resultslist","Article","Final","All Open Access; Gold Open Access","Scopus","2-s2.0-85210428702"
"Bravo G.; Vega-Celedón P.; Gentina J.C.; Seeger M.","Bravo, Guillermo (55349438600); Vega-Celedón, Paulina (57214152338); Gentina, Juan Carlos (7004106285); Seeger, Michael (7102846172)","55349438600; 57214152338; 7004106285; 7102846172","Effects of mercury II on cupriavidus metallidurans strain MSR33 during mercury bioremediation under aerobic and anaerobic conditions","2020","Processes","8","8","893","","","20","10.3390/PR8080893","https://www.scopus.com/pages/publications/85089690217?origin=resultslist","Article","Final","All Open Access; Gold Open Access; Green Open Access","Scopus","2-s2.0-85089690217"
"Cornejo I.; Nikrityuk P.; Lange C.; Hayes R.E.","Cornejo, Ivan (39761491700); Nikrityuk, Petr (10338934200); Lange, Carlos (57203060887); Hayes, Robert E. (57203044203)","39761491700; 10338934200; 57203060887; 57203044203","Influence of upstream turbulence on the pressure drop inside a monolith","2020","Chemical Engineering and Processing - Process Intensification","147","","107735","","","23","10.1016/j.cep.2019.107735","https://www.scopus.com/pages/publications/85078288978?origin=resultslist","Article","Final","","Scopus","2-s2.0-85078288978"
"Krelina M.; Nemchik J.","Krelina, Michal (54933461500); Nemchik, Jan (57193261747)","54933461500; 57193261747","Nuclear shadowing in DIS at electron-ion colliders","2020","European Physical Journal Plus","135","6","444","","","15","10.1140/epjp/s13360-020-00498-2","https://www.scopus.com/pages/publications/85085880896?origin=resultslist","Article","Final","All Open Access; Green Open Access","Scopus","2-s2.0-85085880896"
"Lemus-Mondaca R.; Nuñez H.; Jaques A.; Ramírez C.; Simpson R.","Lemus-Mondaca, Roberto (57200815958); Nuñez, Helena (7003943176); Jaques, Aldonza (22834960500); Ramírez, Cristian (36870781000); Simpson, Ricardo (56239119700)","57200815958; 7003943176; 22834960500; 36870781000; 56239119700","The anomalous diffusion model based on a fractional calculus approach applied to describe the rehydration process of dried vegetal food matrices","2021","Journal of Food Process Engineering","44","9","e13773","","","7","10.1111/jfpe.13773","https://www.scopus.com/pages/publications/85108056182?origin=resultslist","Article","Final","","Scopus","2-s2.0-85108056182"
"Tomassini L.; Piovano M.; Ventrone A.; Pani V.; Frezza C.; Nicoletti M.","Tomassini, Lamberto (7003386858); Piovano, Marisa (6701564684); Ventrone, Antonio (6504514778); Pani, Vincenzo (57204667397); Frezza, Claudio (56705049300); Nicoletti, Marcello (7006860730)","7003386858; 6701564684; 6504514778; 57204667397; 56705049300; 7006860730","New Dihydrostilbene Derivatives from Chloraea chrysantha","2018","Chemistry and Biodiversity","15","12","e1800360","","","1","10.1002/cbdv.201800360","https://www.scopus.com/pages/publications/85056666866?origin=resultslist","Article","Final","","Scopus","2-s2.0-85056666866"
"Natalio F.; Corrales T.P.; Feldman Y.; Lew B.; Graber E.R.","Natalio, Filipe (18537538500); Corrales, Tomas P. (54884299600); Feldman, Yishay (35749673900); Lew, Beni (6701632125); Graber, Ellen R. (7003488532)","18537538500; 54884299600; 35749673900; 6701632125; 7003488532","Sustainable Lightweight Biochar-Based Composites with Electromagnetic Shielding Properties","2020","ACS Omega","5","50","","32490","32497","50","10.1021/acsomega.0c04639","https://www.scopus.com/pages/publications/85099049209?origin=resultslist","Article","Final","All Open Access; Gold Open Access; Green Open Access","Scopus","2-s2.0-85099049209"
"Aránguiz A.; Pizarro F.; Parra C.; Duque P.; Vega E.","Aránguiz, Andrés (58162804400); Pizarro, Félix (57190814998); Parra, Carlos (54961099400); Duque, Pablo (58163199300); Vega, Emanuel (57023414600)","58162804400; 57190814998; 54961099400; 58163199300; 57023414600","Audit Model for Asset Management, Maintenance and Reliability Processes: A Case Study Applied to Pulp Mill Sector","2023","Lecture Notes in Mechanical Engineering","","","","323","330","1","10.1007/978-3-031-25448-2_31","https://www.scopus.com/pages/publications/85151155358?origin=resultslist","Conference paper","Final","","Scopus","2-s2.0-85151155358"
"Salamon E.; Cornejo I.; Mmbaga J.P.; Kołodziej A.; Lojewska J.; Hayes R.E.","Salamon, Ewelina (57216976044); Cornejo, Ivan (39761491700); Mmbaga, Joseph P. (8659769000); Kołodziej, Andrzej (7006330753); Lojewska, Joanna (6602812079); Hayes, Robert E. (57203044203)","57216976044; 39761491700; 8659769000; 7006330753; 6602812079; 57203044203","Investigations of a three channel autogenous reactor for lean methane combustion","2020","Chemical Engineering and Processing - Process Intensification","153","","107956","","","16","10.1016/j.cep.2020.107956","https://www.scopus.com/pages/publications/85085601015?origin=resultslist","Article","Final","All Open Access; Green Open Access","Scopus","2-s2.0-85085601015"
"Rojano A.; Becerra D.; Walther J.H.; Prakash S.; Zambrano H.A.","Rojano, Andrés (57466240700); Becerra, Diego (57218263917); Walther, Jens H. (7102935431); Prakash, Shaurya (8306212800); Zambrano, Harvey A. (26222017000)","57466240700; 57218263917; 7102935431; 8306212800; 26222017000","Effect of charge inversion on the electrokinetic transport of nanoconfined multivalent ionic solutions","2024","Physics of Fluids","36","10","102025","","","4","10.1063/5.0227719","https://www.scopus.com/pages/publications/85209223264?origin=resultslist","Article","Final","All Open Access; Green Open Access","Scopus","2-s2.0-85209223264"
"Ramirez H.; Gorrec Y.L.; Maschke B.","Ramirez, Hector (8978197400); Gorrec, Yann Le (6603503340); Maschke, Bernhard (6603726244)","8978197400; 6603503340; 6603726244","Boundary controlled irreversible port-Hamiltonian systems","2022","Chemical Engineering Science","248","","117107","","","22","10.1016/j.ces.2021.117107","https://www.scopus.com/pages/publications/85115782501?origin=resultslist","Article","Final","All Open Access; Green Open Access","Scopus","2-s2.0-85115782501"
"Arroyo-Gascón O.; Fernández-Perea R.; Suárez Morell E.; Cabrillo C.; Chico L.","Arroyo-Gascón, Olga (57219476777); Fernández-Perea, Ricardo (6601967246); Suárez Morell, Eric (36545126000); Cabrillo, Carlos (7003369720); Chico, Leonor (6602858298)","57219476777; 6601967246; 36545126000; 7003369720; 6602858298","One-Dimensional Moiré Superlattices and Flat Bands in Collapsed Chiral Carbon Nanotubes","2020","Nano Letters","20","10","","7588","7593","20","10.1021/acs.nanolett.0c03091","https://www.scopus.com/pages/publications/85092945080?origin=resultslist","Article","Final","All Open Access; Green Open Access","Scopus","2-s2.0-85092945080"
"Olguin H.; Domingo P.; Vervisch L.; Hasse C.; Scholtissek A.","Olguin, Hernan (55908813100); Domingo, Pascale (7102960361); Vervisch, Luc (6603795668); Hasse, Christian (56379852500); Scholtissek, Arne (56436887300)","55908813100; 7102960361; 6603795668; 56379852500; 56436887300","A self-consistent extension of flamelet theory for partially premixed combustion","2023","Combustion and Flame","255","","112911","","","7","10.1016/j.combustflame.2023.112911","https://www.scopus.com/pages/publications/85165013481?origin=resultslist","Article","Final","All Open Access; Green Open Access; Hybrid Gold Open Access","Scopus","2-s2.0-85165013481"
"Vilchez A.; Guajardo G.; Sepúlveda M.; Seeger M.; Acevedo F.; Navia R.","Vilchez, Ariel (57214231404); Guajardo, Gabriela (60008024300); Sepúlveda, Mario (59923497400); Seeger, Michael (7102846172); Acevedo, Francisca (35955556800); Navia, Rodrigo (6602961538)","57214231404; 60008024300; 59923497400; 7102846172; 35955556800; 6602961538","Analyses of substrates and bacterial genera in biological polyhydroxyalkanoates production performance: A review","2025","Bioresource Technology Reports","31","","102224","","","4","10.1016/j.biteb.2025.102224","https://www.scopus.com/pages/publications/105011290156?origin=resultslist","Review","Final","","Scopus","2-s2.0-105011290156"
"Camargo E.; Aguilar J.; Quintero Y.; Rivas F.; Ardila D.","Camargo, E. (8301536400); Aguilar, J. (55434810600); Quintero, Y. (57223985641); Rivas, F. (58601192900); Ardila, D. (57218925650)","8301536400; 55434810600; 57223985641; 58601192900; 57218925650","An incremental learning approach to prediction models of SEIRD variables in the context of the COVID-19 pandemic","2022","Health and Technology","12","4","","867","877","17","10.1007/s12553-022-00668-5","https://www.scopus.com/pages/publications/85128607843?origin=resultslist","Article","Final","All Open Access; Bronze Open Access; Green Open Access","Scopus","2-s2.0-85128607843"
"Jerez A.; Consalvi J.-L.; Fuentes A.; Liu F.; Demarco R.","Jerez, Alejandro (57193527651); Consalvi, Jean-Louis (6506341914); Fuentes, Andrés (8725383200); Liu, Fengshan (55493554300); Demarco, Rodrigo (42361029000)","57193527651; 6506341914; 8725383200; 55493554300; 42361029000","Soot production modeling in a laminar coflow ethylene diffusion flame at different Oxygen Indices using a PAH-based sectional model","2018","Fuel","231","","","404","416","45","10.1016/j.fuel.2018.05.103","https://www.scopus.com/pages/publications/85047653020?origin=resultslist","Article","Final","","Scopus","2-s2.0-85047653020"
"Muniyandi G.R.; Ubagaram J.; Srinivasan A.; Rani James D.; Pugazhenthiran N.; Govindasamy C.; Alphin Joseph J.; John Bosco A.; Mahalingam S.; Kim J.","Muniyandi, Govinda Raj (57223036612); Ubagaram, Jeyapaul (59351093100); Srinivasan, Abinaya (58787288400); Rani James, Daisy (59350797400); Pugazhenthiran, Nalandhiran (23989733500); Govindasamy, Chandramohan (24464925300); Alphin Joseph, John (59351093200); John Bosco, Aruljothy (55115789300); Mahalingam, Shanmugam (57195068831); Kim, Junghwan (57211917232)","57223036612; 59351093100; 58787288400; 59350797400; 23989733500; 24464925300; 59351093200; 55115789300; 57195068831; 57211917232","Advanced Z-scheme H-g-C3N4/Bi2S3 nanocomposites: Boosting photocatalytic degradation of antibiotics under visible light exposure","2024","Journal of Industrial and Engineering Chemistry","140","","","647","657","10","10.1016/j.jiec.2024.09.045","https://www.scopus.com/pages/publications/85205425566?origin=resultslist","Article","Final","","Scopus","2-s2.0-85205425566"
"Hansen H.K.; Gutiérrez C.; Leiva Gonzalez J.; Lazo A.; Hansen M.E.; Lazo P.; Ottosen L.M.; Ortiz R.","Hansen, Henrik K. (7403333704); Gutiérrez, Claudia (35190237200); Leiva Gonzalez, Jorge (58589875000); Lazo, Andrea (57191916725); Hansen, Marcela E. (57571823300); Lazo, Pamela (57191909004); Ottosen, Lisbeth M. (7003887668); Ortiz, Rodrigo (59506121300)","7403333704; 35190237200; 58589875000; 57191916725; 57571823300; 57191909004; 7003887668; 59506121300","Combined Electrodialysis and Electrocoagulation as Treatment for Industrial Wastewater Containing Arsenic and Copper","2023","Membranes","13","3","264","","","25","10.3390/membranes13030264","https://www.scopus.com/pages/publications/85152215345?origin=resultslist","Article","Final","All Open Access; Gold Open Access; Green Open Access","Scopus","2-s2.0-85152215345"
"Arango J.; Contreras C.; Crouchett-Catalán F.; Gallardo J.P.; Donoso-Bravo A.; Muñoz R.; Lesty Y.; Olivares D.; Jeison D.","Arango, Jineth (58515463000); Contreras, Carmen (58514112000); Crouchett-Catalán, François (58515008900); Gallardo, Juan Pablo (58514332200); Donoso-Bravo, Andrés (25723108900); Muñoz, Raúl (57370422200); Lesty, Yves (6507222302); Olivares, Diego (57211044205); Jeison, David (6507881259)","58515463000; 58514112000; 58515008900; 58514332200; 25723108900; 57370422200; 6507222302; 57211044205; 6507881259","The potential of membrane-assisted microalgae-bacteria consortia for the treatment of real municipal sewage","2023","Journal of Water Process Engineering","56","","104527","","","10","10.1016/j.jwpe.2023.104527","https://www.scopus.com/pages/publications/85176140657?origin=resultslist","Article","Final","All Open Access; Hybrid Gold Open Access","Scopus","2-s2.0-85176140657"
"Díaz-Ulloa P.; Garrido-Figueroa B.; Guerrero S.; Cornejo I.","Díaz-Ulloa, Pablo (60229159500); Garrido-Figueroa, Benjamín (60229123600); Guerrero, Sichem (8316951300); Cornejo, Iván (39761491700)","60229159500; 60229123600; 8316951300; 39761491700","Nusselt number correlation for convective heat transfer in dual core-ring packed beds","2026","Chemical Engineering Science","322","","123067","","","0","10.1016/j.ces.2025.123067","https://www.scopus.com/pages/publications/105024199931?origin=resultslist","Article","Final","","Scopus","2-s2.0-105024199931"
"Olguin H.; Domingo P.; Vervisch L.; Hasse C.; Scholtissek A.","Olguin, Hernan (55908813100); Domingo, Pascale (7102960361); Vervisch, Luc (6603795668); Hasse, Christian (56379852500); Scholtissek, Arne (56436887300)","55908813100; 7102960361; 6603795668; 56379852500; 56436887300","On the closure of curvature in 2D flamelet theory","2024","Combustion and Flame","267","","113599","","","3","10.1016/j.combustflame.2024.113599","https://www.scopus.com/pages/publications/85199193821?origin=resultslist","Article","Final","All Open Access; Green Open Access","Scopus","2-s2.0-85199193821"
"Hernández C.; Munoz-Herrera C.; Toledo M.","Hernández, Christian (58632933200); Munoz-Herrera, Claudio (58632430600); Toledo, Mario (58984742000)","58632933200; 58632430600; 58984742000","Analysis of local thermal non-equilibrium between phases and pollutant kinetics for CH4-H2 travelling combustion waves in a porous media burner","2026","Fuel","405","","136747","","","0","10.1016/j.fuel.2025.136747","https://www.scopus.com/pages/publications/105015458832?origin=resultslist","Article","Final","All Open Access; Hybrid Gold Open Access","Scopus","2-s2.0-105015458832"
"Hernández A.E.C.; Hue L.T.; Kovalenko S.; Long H.N.","Hernández, A. E. Cárcamo (36184964200); Hue, L.T. (35786285200); Kovalenko, Sergey (7101988084); Long, H.N. (24587137400)","36184964200; 35786285200; 7101988084; 24587137400","An extended 3-3-1 model with two scalar triplets and linear seesaw mechanism","2021","European Physical Journal Plus","136","11","1158","","","10","10.1140/epjp/s13360-021-02146-9","https://www.scopus.com/pages/publications/85119450176?origin=resultslist","Article","Final","All Open Access; Green Open Access","Scopus","2-s2.0-85119450176"
"Masip Y.; Campo A.; Nuñez S.M.","Masip, Yunesky (36159702500); Campo, Antonio (23157654000); Nuñez, Suleivys M. (57212408308)","36159702500; 23157654000; 57212408308","Experimental analysis of the thermal performance on electronic cooling by a combination of cross-flow and an impinging air jet","2020","Applied Thermal Engineering","167","","114779","","","45","10.1016/j.applthermaleng.2019.114779","https://www.scopus.com/pages/publications/85076591519?origin=resultslist","Review","Final","","Scopus","2-s2.0-85076591519"
"Cortés J.P.; Alzamendi G.A.; Weinstein A.J.; Yuz J.I.; Espinoza V.M.; Mehta D.D.; Hillman R.E.; Zañartu M.","Cortés, Juan P. (57205148841); Alzamendi, Gabriel A. (56563054800); Weinstein, Alejandro J. (57204948489); Yuz, Juan I. (6508368901); Espinoza, Víctor M. (57195395721); Mehta, Daryush D. (24179154700); Hillman, Robert E. (7103042301); Zañartu, Matías (15838299100)","57205148841; 56563054800; 57204948489; 6508368901; 57195395721; 24179154700; 7103042301; 15838299100","Kalman Filter Implementation of Subglottal Impedance-Based Inverse Filtering to Estimate Glottal Airflow during Phonation","2022","Applied Sciences (Switzerland)","12","1","401","","","7","10.3390/app12010401","https://www.scopus.com/pages/publications/85122089261?origin=resultslist","Article","Final","All Open Access; Gold Open Access; Green Open Access","Scopus","2-s2.0-85122089261"
"Richter E.A.; Del Valle J.M.; Núñez G.A.","Richter, Eduardo A. (56498515100); Del Valle, José M. (7005396861); Núñez, Gonzalo A. (18437589700)","56498515100; 7005396861; 18437589700","Thermodynamic properties of CO2 during controlled decompression of supercritical extraction vessels","2015","Journal of Supercritical Fluids","98","","","102","110","6","10.1016/j.supflu.2015.01.005","https://www.scopus.com/pages/publications/84921978054?origin=resultslist","Article","Final","","Scopus","2-s2.0-84921978054"
"Gárate J.A.; De Los Ángeles Valenzuela M.; Gárate M.P.; Olea A.F.","Gárate, José Antonio (23018890700); De Los Ángeles Valenzuela, María (6507738725); Gárate, María Pilar (18133517700); Olea, Andrés F. (6603911583)","23018890700; 6507738725; 18133517700; 6603911583","Aggregation of alcohols ethoxylates in n-heptane","2009","Journal of Surfactants and Detergents","12","3","","231","236","8","10.1007/s11743-009-1117-7","https://www.scopus.com/pages/publications/67449158758?origin=resultslist","Article","Final","","Scopus","2-s2.0-67449158758"
"Tabilo-Munizaga G.; Moyano R.; Simpson R.; Barbosa-Canovas G.V.; Swanson B.G.","Tabilo-Munizaga, G. (7801438637); Moyano, R. (10440655800); Simpson, R. (56239119700); Barbosa-Canovas, G.V. (7005248121); Swanson, B.G. (7102031510)","7801438637; 10440655800; 56239119700; 7005248121; 7102031510","Flow and viscoelastic properties of pressurized avocado puree","2005","Journal of Food Processing and Preservation","29","3-4","","196","207","13","10.1111/j.1745-4549.2005.00023.x","https://www.scopus.com/pages/publications/26444436357?origin=resultslist","Review","Final","","Scopus","2-s2.0-26444436357"
"Navia D.; Villegas D.; Cornejo I.; de Prada C.","Navia, Daniel (55263003900); Villegas, Diego (57044454000); Cornejo, Iván (39761491700); de Prada, César (6603379715)","55263003900; 57044454000; 39761491700; 6603379715","Real-time optimization for a laboratory-scale flotation column","2016","Computers and Chemical Engineering","86","","","62","74","23","10.1016/j.compchemeng.2015.12.006","https://www.scopus.com/pages/publications/84953776569?origin=resultslist","Article","Final","","Scopus","2-s2.0-84953776569"
"Holdsworth S.D.; Simpson R.","Holdsworth, S. Donald (7006410659); Simpson, Ricardo (56239119700)","7006410659; 56239119700","Preface (Second edition)","2007","Food Engineering Series","","","","xvi","","0","","https://www.scopus.com/pages/publications/85060552449?origin=resultslist","Editorial","Final","","Scopus","2-s2.0-85060552449"
"Arredondo T.; Oñate E.; Santander R.; Tomic G.; Silva J.R.; Sánchez E.; Acevedo C.A.","Arredondo, Tomás (8555925700); Oñate, Erwin (56058944800); Santander, Rocío (16643602900); Tomic, Gerda (6507072709); Silva, José R. (57195967865); Sánchez, Elizabeth (7403362626); Acevedo, Cristian A. (7004963806)","8555925700; 56058944800; 16643602900; 6507072709; 57195967865; 7403362626; 7004963806","Application of Neural Networks and Meta-Learners to Recognize Beef from OTM Cattle by Using Volatile Organic Compounds","2014","Food and Bioprocess Technology","7","11","","3217","3225","3","10.1007/s11947-014-1289-7","https://www.scopus.com/pages/publications/84911003468?origin=resultslist","Article","Final","","Scopus","2-s2.0-84911003468"
"Abakarov A.; Simpson R.","Abakarov, A. (23024240400); Simpson, R. (56239119700)","23024240400; 56239119700","Optimal scheduling for retorts of different capacities in food canneries","2011","Journal of Food Process Engineering","34","6","","2078","2104","3","10.1111/j.1745-4530.2010.00581.x","https://www.scopus.com/pages/publications/82955207067?origin=resultslist","Article","Final","All Open Access; Green Open Access","Scopus","2-s2.0-82955207067"
"Acevedo C.A.; Díaz-Calderón P.; Enrione J.; Caneo M.J.; Palacios C.F.; Weinstein-Oppenheimer C.; Brown D.I.","Acevedo, Cristian A. (7004963806); Díaz-Calderón, Paulo (55180615500); Enrione, Javier (15829018400); Caneo, María J. (56414834600); Palacios, Camila F. (56414479300); Weinstein-Oppenheimer, Caroline (8789487000); Brown, Donald I. (7407730678)","7004963806; 55180615500; 15829018400; 56414834600; 56414479300; 8789487000; 7407730678","Improvement of biomaterials used in tissue engineering by an ageing treatment","2015","Bioprocess and Biosystems Engineering","38","4","","777","785","9","10.1007/s00449-014-1319-x","https://www.scopus.com/pages/publications/84928538459?origin=resultslist","Article","Final","All Open Access; Green Open Access","Scopus","2-s2.0-84928538459"
"Liu F.; Consalvi J.-L.; Fuentes A.","Liu, Fengshan (55493554300); Consalvi, Jean-Louis (6506341914); Fuentes, Andrés (8725383200)","55493554300; 6506341914; 8725383200","Effects of water vapor addition to the air stream on soot formation and flame properties in a laminar coflow ethylene/air diffusion flame","2014","Combustion and Flame","161","7","","1724","1734","101","10.1016/j.combustflame.2013.12.017","https://www.scopus.com/pages/publications/84901590159?origin=resultslist","Article","Final","","Scopus","2-s2.0-84901590159"
"Del Valle J.M.; De La Fuente J.C.; Uquiche E.","Del Valle, José M. (7005396861); De La Fuente, Juan C. (8648287000); Uquiche, Edgar (6506563189)","7005396861; 8648287000; 6506563189","A refined equation for predicting the solubility of vegetable oils in high-pressure CO 2 ","2012","Journal of Supercritical Fluids","67","","","60","70","59","10.1016/j.supflu.2012.02.004","https://www.scopus.com/pages/publications/84862058252?origin=resultslist","Article","Final","All Open Access; Green Open Access","Scopus","2-s2.0-84862058252"
"Álvarez L.; Acevedo F.; Illanes A.","Álvarez, Lorena (17433269500); Acevedo, Fernando (7003903397); Illanes, Andrés (7004170275)","17433269500; 7003903397; 7004170275","Induction of NAD+ dependent alcohol dehydrogenases with activity towards long chain aliphatic alcohols in mesophilic, thermophilic and extreme thermophilic microorganisms","2011","Process Biochemistry","46","6","","1342","1349","10","10.1016/j.procbio.2011.03.002","https://www.scopus.com/pages/publications/79955611111?origin=resultslist","Article","Final","All Open Access; Green Open Access","Scopus","2-s2.0-79955611111"
"Holdsworth S.D.; Simpson R.","Holdsworth, S. Donald (7006410659); Simpson, Ricardo (56239119700)","7006410659; 56239119700","Preface (Second Edition)","2016","Food Engineering Series","","","","ix","","0","","https://www.scopus.com/pages/publications/85060694805?origin=resultslist","Editorial","Final","","Scopus","2-s2.0-85060694805"
"De La Fuente J.C.; Núñez G.; Del Valle J.M.","De La Fuente, Juan C. (8648287000); Núñez, Gonzalo (18437589700); Del Valle, José M. (7005396861)","8648287000; 18437589700; 7005396861","Solubility of 1, 3-dimethyl-7H-purine-2, 6-dione (theophylline) in supercritical carbon dioxide","2009","Journal of Chemical and Engineering Data","54","11","","3034","3036","5","10.1021/je900099m","https://www.scopus.com/pages/publications/72449134458?origin=resultslist","Article","Final","","Scopus","2-s2.0-72449134458"
"Holdsworth S.D.; Simpson R.","Holdsworth, S. Donald (7006410659); Simpson, Ricardo (56239119700)","7006410659; 56239119700","Multiobjective Optimization in Thermal Food Processing","2016","Food Engineering Series","","","","415","424","5","10.1007/978-3-319-24904-9_20","https://www.scopus.com/pages/publications/85060688809?origin=resultslist","Book chapter","Final","","Scopus","2-s2.0-85060688809"
"Johns E.; Stegmaier R.; Cea J.; Kristjanpoller F.; Viveros P.","Johns, Edward (54992874900); Stegmaier, Raúl (55249392600); Cea, Jorge (57217256054); Kristjanpoller, Fredy (55227316300); Viveros, Pablo (55234845600)","54992874900; 55249392600; 57217256054; 55227316300; 55234845600","Career employability development through a specialized asset management’s degree: An exploratory analysis for a Chilean program","2015","Lecture Notes in Mechanical Engineering","19","","","1649","1662","0","10.1007/978-3-319-09507-3_141","https://www.scopus.com/pages/publications/84951168035?origin=resultslist","Article","Final","","Scopus","2-s2.0-84951168035"
"Navia D.; Sarabia D.; Gutiérrez G.; Cubillos F.; de Prada C.","Navia, D. (55263003900); Sarabia, D. (22981364500); Gutiérrez, G. (22833996000); Cubillos, F. (6603422314); de Prada, C. (6603379715)","55263003900; 22981364500; 22833996000; 6603422314; 6603379715","A comparison between two methods of stochastic optimization for a dynamic hydrogen consuming plant","2014","Computers and Chemical Engineering","63","","","219","233","10","10.1016/j.compchemeng.2014.02.004","https://www.scopus.com/pages/publications/84894326505?origin=resultslist","Article","Final","","Scopus","2-s2.0-84894326505"
"Aguirre-Ode F.; Koo J.; Rojas E.","Aguirre-Ode, Fernando (6602551539); Koo, Joel (7203084266); Rojas, Eric (55434454400)","6602551539; 7203084266; 55434454400","Activity Coefficients in Benzene-Alcohol Systems near the Freezing Point of Benzene","1988","Journal of Chemical and Engineering Data","33","4","","445","448","0","10.1021/je00054a016","https://www.scopus.com/pages/publications/0024099418?origin=resultslist","Article","Final","","Scopus","2-s2.0-0024099418"
"Cerpa E.","Cerpa, Eduardo (23766876500)","23766876500","Boundary Control of Korteweg-de Vries and Kuramoto–Sivashinsky PDEs","2015","Encyclopedia of Systems and Control","","","","88","93","0","10.1007/978-1-4471-5058-9_13","https://www.scopus.com/pages/publications/105013264317?origin=resultslist","Book chapter","Final","","Scopus","2-s2.0-105013264317"
"Tierney J.W.; Riquelme G.D.","Tierney, J.W. (57012665600); Riquelme, G.D. (6603775801)","57012665600; 6603775801","Calculation methods for distillation systems with reaction","1982","Chemical Engineering Communications","16","1-6","","91","108","15","10.1080/00986448208911088","https://www.scopus.com/pages/publications/0020167961?origin=resultslist","Article","Final","","Scopus","2-s2.0-0020167961"
"Holdsworth S.D.; Simpson R.","Holdsworth, S. Donald (7006410659); Simpson, Ricardo (56239119700)","7006410659; 56239119700","Pressures in Containers","2016","Food Engineering Series","","","","281","289","0","10.1007/978-3-319-24904-9_12","https://www.scopus.com/pages/publications/85060727155?origin=resultslist","Book chapter","Final","","Scopus","2-s2.0-85060727155"
"Gaete-Garretón L.; Vargas-Hernandez Y.; Chamayou A.; Dodds J.A.; Valderama-Reyes W.; Montoya-Vitini F.","Gaete-Garretón, L. (6603227308); Vargas-Hernandez, Y. (6508081294); Chamayou, A. (6602878106); Dodds, J.A. (56231697600); Valderama-Reyes, W. (36823804400); Montoya-Vitini, F. (7005663245)","6603227308; 6508081294; 6602878106; 56231697600; 36823804400; 7005663245","Development of an ultrasonic high-pressure roller press","2003","Chemical Engineering Science","58","19","","4317","4322","13","10.1016/S0009-2509(03)00281-1","https://www.scopus.com/pages/publications/0141924303?origin=resultslist","Article","Final","All Open Access; Green Open Access","Scopus","2-s2.0-0141924303"
"Muñoz R.; Navia R.; Ciudad G.; Tessini C.; Jeison D.; Mella R.; Rabert C.; Azócar L.","Muñoz, Robinson (14016417500); Navia, Rodrigo (6602961538); Ciudad, Gustavo (13608802000); Tessini, Catherine (34980137900); Jeison, David (6507881259); Mella, Rodrigo (59663660800); Rabert, Claudia (6505650402); Azócar, Laura (24337269300)","14016417500; 6602961538; 13608802000; 34980137900; 6507881259; 59663660800; 6505650402; 24337269300","Preliminary biorefinery process proposal for protein and biofuels recovery from microalgae","2015","Fuel","150","","","425","433","50","10.1016/j.fuel.2015.02.004","https://www.scopus.com/pages/publications/84924203929?origin=resultslist","Article","Final","All Open Access; Green Open Access","Scopus","2-s2.0-84924203929"
"Bergh L.G.; Macgregor J.F.","Bergh, Luis G. (6701774149); Macgregor, John F. (7202858651)","6701774149; 7202858651","Spatial control of sheet and film forming processes","1987","The Canadian Journal of Chemical Engineering","65","1","","148","155","52","10.1002/cjce.5450650124","https://www.scopus.com/pages/publications/0023291859?origin=resultslist","Article","Final","","Scopus","2-s2.0-0023291859"
"Acevedo C.A.; Weinstein-Oppenheimer C.; Brown D.I.; Huebner H.; Buchholz R.; Young M.E.","Acevedo, Cristian A. (7004963806); Weinstein-Oppenheimer, Caroline (8789487000); Brown, Donald I. (7407730678); Huebner, Holger (9743035500); Buchholz, Rainer (7005983885); Young, Manuel E. (23995804400)","7004963806; 8789487000; 7407730678; 9743035500; 7005983885; 23995804400","A mathematical model for the design of fibrin microcapsules with skin cells","2009","Bioprocess and Biosystems Engineering","32","3","","341","351","24","10.1007/s00449-008-0253-1","https://www.scopus.com/pages/publications/62949222779?origin=resultslist","Article","Final","All Open Access; Green Open Access","Scopus","2-s2.0-62949222779"
"Mairet F.; Bernard O.; Cameron E.; Ras M.; Lardon L.; Steyer J.-P.; Chachuat B.","Mairet, Francis (35792398100); Bernard, Olivier (8509748200); Cameron, Elliot (57197353756); Ras, Monique (36523686300); Lardon, Laurent (56237777800); Steyer, Jean-Philippe (7003639803); Chachuat, Benoît (15759305000)","35792398100; 8509748200; 57197353756; 36523686300; 56237777800; 7003639803; 15759305000","Three-reaction model for the anaerobic digestion of microalgae","2012","Biotechnology and Bioengineering","109","2","","415","425","35","10.1002/bit.23350","https://www.scopus.com/pages/publications/83555165101?origin=resultslist","Article","Final","All Open Access; Green Open Access","Scopus","2-s2.0-83555165101"
"Ponce B.L.; Latorre V.K.; González M.; Seeger M.","Ponce, Bernardita L. (54794411400); Latorre, Valeria K. (54794220100); González, Myriam (44061479300); Seeger, Michael (7102846172)","54794411400; 54794220100; 44061479300; 7102846172","Antioxidant compounds improved PCB-degradation by Burkholderia xenovorans strain LB400","2011","Enzyme and Microbial Technology","49","6-7","","509","516","57","10.1016/j.enzmictec.2011.04.021","https://www.scopus.com/pages/publications/82955213061?origin=resultslist","Article","Final","All Open Access; Green Open Access","Scopus","2-s2.0-82955213061"
"Arata A.A.; Geddes R.W.","Arata, Adolfo A. (7004535540); Geddes, Richard W. (7003837239)","7004535540; 7003837239","Combination of Flat-Plate Solar Collectors of Different Performance","1985","International Journal of Solar Energy","3","6","","355","371","0","10.1080/01425918508914404","https://www.scopus.com/pages/publications/84948292108?origin=resultslist","Article","Final","","Scopus","2-s2.0-84948292108"
"Fuentealba P.; Aros C.; Latorre Y.; Martínez I.; Marshall S.; Ferrer P.; Albiol J.; Altamirano C.","Fuentealba, Pablo (57191831820); Aros, Camila (57191833189); Latorre, Yesenia (57191828272); Martínez, Irene (56603723600); Marshall, Sergio (7401823364); Ferrer, Pau (7004446180); Albiol, Joan (6602398532); Altamirano, Claudia (8332398700)","57191831820; 57191833189; 57191828272; 56603723600; 7401823364; 7004446180; 6602398532; 8332398700","Genome-scale metabolic reconstruction for the insidious bacterium in aquaculture Piscirickettsia salmonis","2017","Bioresource Technology","223","","","105","114","14","10.1016/j.biortech.2016.10.024","https://www.scopus.com/pages/publications/84994000009?origin=resultslist","Article","Final","","Scopus","2-s2.0-84994000009"
"Segura C.; Vergara C.; Seeger M.; Donoso-Bravo A.; Jeison D.","Segura, C. (57193757985); Vergara, C. (56994099500); Seeger, M. (7102846172); Donoso-Bravo, A. (25723108900); Jeison, D. (6507881259)","57193757985; 56994099500; 7102846172; 25723108900; 6507881259","When constants are no longer constant: The case of inhibition in bioprocesses","2017","Biochemical Engineering Journal","123","","","24","28","6","10.1016/j.bej.2017.03.011","https://www.scopus.com/pages/publications/85016410105?origin=resultslist","Article","Final","","Scopus","2-s2.0-85016410105"
"Holdsworth S.D.; Simpson R.","Holdsworth, S. Donald (7006410659); Simpson, Ricardo (56239119700)","7006410659; 56239119700","Kinetics of Microbial Death and Factors for Quality Attributes","2016","Food Engineering Series","","","","89","124","3","10.1007/978-3-319-24904-9_3","https://www.scopus.com/pages/publications/85060699010?origin=resultslist","Book chapter","Final","","Scopus","2-s2.0-85060699010"
"Ottosen L.M.; Jensen P.E.; Kirkelund G.M.; Dias-Ferreira C.; Hansen H.K.","Ottosen, Lisbeth M. (7003887668); Jensen, Pernille E. (8201545300); Kirkelund, Gunvor M. (26534447900); Dias-Ferreira, Celia (55037188000); Hansen, Henrik K. (7403333704)","7003887668; 8201545300; 26534447900; 55037188000; 7403333704","Electrodialytic remediation of heavy metal polluted soil - Treatment of water saturated or suspended soil","2012","Chemical Engineering Transactions","28","","","103","108","27","10.3303/CET1228018","https://www.scopus.com/pages/publications/84867206180?origin=resultslist","Conference paper","Final","","Scopus","2-s2.0-84867206180"
"Aguirre-Ode F.","Aguirre-Ode, Fernando (6602551539)","6602551539","Unified model of associated solutions (UMAS).","1986","Fluid Phase Equilibria","30","C","","315","326","7","10.1016/0378-3812(86)80065-6","https://www.scopus.com/pages/publications/0022794895?origin=resultslist","Article","Final","","Scopus","2-s2.0-0022794895"
"Holdsworth S.D.; Simpson R.","Holdsworth, S. Donald (7006410659); Simpson, Ricardo (56239119700)","7006410659; 56239119700","Formula Methods and Analytical techniques","2016","Food Engineering Series","","","","219","250","1","10.1007/978-3-319-24904-9_8","https://www.scopus.com/pages/publications/85060718207?origin=resultslist","Book chapter","Final","","Scopus","2-s2.0-85060718207"
"Akmirza I.; Carvajal A.; Muñoz R.; Lebrero R.","Akmirza, Ilker (56006422900); Carvajal, Andrea (52063234100); Muñoz, Raúl (57370422200); Lebrero, Raquel (36134644700)","56006422900; 52063234100; 57370422200; 36134644700","Interactions between BTEX compounds during their anoxic degradation","2016","Chemical Engineering Transactions","54","","","115","120","5","10.3303/CET1654020","https://www.scopus.com/pages/publications/84988851033?origin=resultslist","Article","Final","","Scopus","2-s2.0-84988851033"
"Jensen H.A.; Valdebenito M.A.; Sepulveda J.G.","Jensen, Hector A. (7402097425); Valdebenito, Marcos A. (16025949100); Sepulveda, Juan G. (37035086900)","7402097425; 16025949100; 37035086900","Optimal Design of Base-Isolated Systems under Stochastic Earthquake Excitation","2013","Computational Methods in Applied Sciences","26","","","161","178","10","10.1007/978-94-007-5134-7_10","https://www.scopus.com/pages/publications/84963520699?origin=resultslist","Book chapter","Final","","Scopus","2-s2.0-84963520699"
"Triday J.O.; Veas C.","Triday, Jaime O. (6603231751); Veas, Claudine (6507918041)","6603231751; 6507918041","Vapor–Liquid Equllibria for the System Cyclohexane–tert-Butyl Alcohol","1985","Journal of Chemical and Engineering Data","30","2","","171","173","10","10.1021/je00040a011","https://www.scopus.com/pages/publications/0022045397?origin=resultslist","Article","Final","","Scopus","2-s2.0-0022045397"
"Ricart M.T.; Hansen H.K.; Cameselle C.; Lema J.M.","Ricart, M.T. (57196657904); Hansen, H.K. (7403333704); Cameselle, C. (6701857699); Lema, J.M. (7005371394)","57196657904; 7403333704; 6701857699; 7005371394","Electrochemical treatment of a polluted sludge: Different methods and conditions for manganese removal","2004","Separation Science and Technology","39","15","","3679","3689","22","10.1081/SS-200040079","https://www.scopus.com/pages/publications/9144251244?origin=resultslist","Article","Final","All Open Access; Green Open Access","Scopus","2-s2.0-9144251244"
"Riveros G.; Garín C.; Ramírez D.; Dalchiele E.A.; Marotti R.E.; Pereyra C.J.; Spera E.; Gómez H.; Grez P.; Martín F.; Ramos-Barrado J.R.","Riveros, G. (6701422090); Garín, C. (36052995100); Ramírez, D. (57195948458); Dalchiele, E.A. (6701854336); Marotti, R.E. (6603482197); Pereyra, C.J. (54781727300); Spera, E. (56644565500); Gómez, H. (7006142241); Grez, P. (6506476548); Martín, F. (57947034100); Ramos-Barrado, J.R. (7004559118)","6701422090; 36052995100; 57195948458; 6701854336; 6603482197; 54781727300; 56644565500; 7006142241; 6506476548; 57947034100; 7004559118","Delafossite CuFeO2 thin films electrochemically grown from a DMSO based solution","2015","Electrochimica Acta","164","","","297","306","18","10.1016/j.electacta.2015.02.226","https://www.scopus.com/pages/publications/84929300731?origin=resultslist","Article","Final","","Scopus","2-s2.0-84929300731"
"Arancibia-Miranda N.; Escudey M.; Molina M.; García-González M.T.","Arancibia-Miranda, Nicolás (36969561600); Escudey, Mauricio (7003591465); Molina, Mauricio (57344214400); García-González, María Teresa (7005905129)","36969561600; 7003591465; 57344214400; 7005905129","Kinetic and surface study of single-walled aluminosilicate nanotubes and their precursors","2013","Nanomaterials","3","1","","126","140","20","10.3390/nano3010126","https://www.scopus.com/pages/publications/84891541066?origin=resultslist","Article","Final","All Open Access; Gold Open Access; Green Open Access","Scopus","2-s2.0-84891541066"
"Carmi J.; Sotack G.; McNair M.","Carmi, J. (6507820691); Sotack, G. (57191086968); McNair, M. (57191087543)","6507820691; 57191086968; 57191087543","Simple method to prepare non‐polar wide‐bore columns for gas chromatography","1989","Journal of High Resolution Chromatography","12","6","","431","432","0","10.1002/jhrc.1240120627","https://www.scopus.com/pages/publications/84986431497?origin=resultslist","Article","Final","","Scopus","2-s2.0-84986431497"
"Acevedo C.A.; Somoza R.A.; Weinstein-Oppenheimer C.; Brown D.I.; Young M.E.","Acevedo, Cristian A. (7004963806); Somoza, Rodrigo A. (23996205000); Weinstein-Oppenheimer, Caroline (8789487000); Brown, Donald I. (7407730678); Young, Manuel E. (23995804400)","7004963806; 23996205000; 8789487000; 7407730678; 23995804400","Growth factor production from fibrin-encapsulated human keratinocytes","2010","Biotechnology Letters","32","7","","1011","1017","8","10.1007/s10529-010-0245-5","https://www.scopus.com/pages/publications/77953872691?origin=resultslist","Article","Final","All Open Access; Green Open Access","Scopus","2-s2.0-77953872691"
"Holdsworth S.D.; Simpson R.","Holdsworth, S. Donald (7006410659); Simpson, Ricardo (56239119700)","7006410659; 56239119700","Computational Fluid Dynamics in Thermal Food Processing","2016","Food Engineering Series","","","","369","381","2","10.1007/978-3-319-24904-9_18","https://www.scopus.com/pages/publications/85048203846?origin=resultslist","Book chapter","Final","","Scopus","2-s2.0-85048203846"
"Palma C.; Lloret L.; Puen A.; Tobar M.; Contreras E.","Palma, Carolyn (7007004249); Lloret, Lucia (36521473200); Puen, Antonio (57189250216); Tobar, Maira (57189246460); Contreras, Elsa (7006198790)","7007004249; 36521473200; 57189250216; 57189246460; 7006198790","Production of carbonaceous material from avocado peel for its application as alternative adsorbent for dyes removal","2016","Chinese Journal of Chemical Engineering","24","4","","521","528","58","10.1016/j.cjche.2015.11.029","https://www.scopus.com/pages/publications/84966489919?origin=resultslist","Article","Final","","Scopus","2-s2.0-84966489919"
"Simpson R.; Almonacid S.; Acevedo C.","Simpson, Ricardo (56239119700); Almonacid, S. (6602451316); Acevedo, C. (7004963806)","56239119700; 6602451316; 7004963806","Mass transfer in Pacific Hake (Merluccius australis) packed in refrigerated modified atmosphere","2001","Journal of Food Process Engineering","24","6","","405","421","14","10.1111/j.1745-4530.2001.tb00551.x","https://www.scopus.com/pages/publications/0035727152?origin=resultslist","Article","Final","All Open Access; Green Open Access","Scopus","2-s2.0-0035727152"
"Hansen H.K.; Rojo A.; Ribeiro A.; Mateus E.","Hansen, Henrik K. (7403333704); Rojo, Adrian (56212827100); Ribeiro, Alexandra (57230861100); Mateus, Eduardo (8639516400)","7403333704; 56212827100; 57230861100; 8639516400","The use of Lessonia nigrescens as biosorbant for Arsenic(V) removal","2006","CHISA 2006 - 17th International Congress of Chemical and Process Engineering","","","","","","0","","https://www.scopus.com/pages/publications/34748904750?origin=resultslist","Conference paper","Final","","Scopus","2-s2.0-34748904750"
"Simpson R.; Teixeira A.A.","Simpson, Ricardo (56239119700); Teixeira, Arthur A. (55818108900)","56239119700; 55818108900","Optimization of canned food processing","2008","Optimization in Food Engineering","","","","561","595","3","","https://www.scopus.com/pages/publications/85048192714?origin=resultslist","Book chapter","Final","","Scopus","2-s2.0-85048192714"
"Holdsworth S.D.; Simpson R.","Holdsworth, S. Donald (7006410659); Simpson, Ricardo (56239119700)","7006410659; 56239119700","Thermal Processing of Packaged Foods","2016","Food Engineering Series","","","","1","466","32","","https://www.scopus.com/pages/publications/85060715028?origin=resultslist","Book","Final","","Scopus","2-s2.0-85060715028"
"Álvarez R.; Acevedo F.","Álvarez, Romina (55253479100); Acevedo, Fernando (7003903397)","55253479100; 7003903397","Increase in lipids production by Pichia angusta DL-1 utilizing the chemostat under double limitation of heterologous nutrients","2012","Biochemical Engineering Journal","67","","","83","87","6","10.1016/j.bej.2012.05.011","https://www.scopus.com/pages/publications/84862338963?origin=resultslist","Article","Final","","Scopus","2-s2.0-84862338963"
"Acevedo C.A.; Creixell W.; Pavez-Barra C.; Sánchez E.; Albornoz F.; Young M.E.","Acevedo, Cristian A. (7004963806); Creixell, Werner (9334310100); Pavez-Barra, Cristina (37075502800); Sánchez, Elizabeth (7403362626); Albornoz, Fernando (35758193600); Young, Manuel E. (23995804400)","7004963806; 9334310100; 37075502800; 7403362626; 35758193600; 23995804400","Modeling Volatile Organic Compounds Released by Bovine Fresh Meat Using an Integration of Solid Phase Microextraction and Databases","2012","Food and Bioprocess Technology","5","6","","2557","2567","29","10.1007/s11947-011-0571-1","https://www.scopus.com/pages/publications/84864397882?origin=resultslist","Article","Final","","Scopus","2-s2.0-84864397882"
"Acevedo C.A.; Tomic G.; Santander R.; Creixell W.; Osorio F.; Sánchez E.","Acevedo, Cristian A. (7004963806); Tomic, Gerda (6507072709); Santander, Rocío (16643602900); Creixell, Werner (9334310100); Osorio, Felipe (24473114700); Sánchez, Elizabeth (7403362626)","7004963806; 6507072709; 16643602900; 9334310100; 24473114700; 7403362626","A chemometrics approach to analyze volatile molecules released by post-mortem bovine fast-twitch muscles; [Un enfoque quimiométrico para analizar moléculas volátiles emanadas por músculos bovinos post-mortem de contracción rápida]","2016","CYTA - Journal of Food","14","3","","399","404","0","10.1080/19476337.2015.1114973","https://www.scopus.com/pages/publications/84947913983?origin=resultslist","Article","Final","All Open Access; Bronze Open Access","Scopus","2-s2.0-84947913983"
"Holdsworth S.D.; Simpson R.","Holdsworth, S. Donald (7006410659); Simpson, Ricardo (56239119700)","7006410659; 56239119700","Batch Processing, Retort Scheduling, and Optimizing Plant Production","2016","Food Engineering Series","","","","321","336","0","10.1007/978-3-319-24904-9_16","https://www.scopus.com/pages/publications/85060676255?origin=resultslist","Book chapter","Final","","Scopus","2-s2.0-85060676255"
"García A.; Quintero Y.; Vicencio N.; Rodríguez B.; Ozturk D.; Mosquera E.; Corrales T.P.; Volkmann U.G.","García, A. (57211775604); Quintero, Y. (57215795694); Vicencio, N. (57191078344); Rodríguez, B. (57191069523); Ozturk, D. (57191074349); Mosquera, E. (35170851400); Corrales, T.P. (54884299600); Volkmann, U.G. (6603548237)","57211775604; 57215795694; 57191078344; 57191069523; 57191074349; 35170851400; 54884299600; 6603548237","Influence of TiO2 nanostructures on anti-adhesion and photoinduced bactericidal properties of thin film composite membranes","2016","RSC Advances","6","86","","82941","82948","20","10.1039/c6ra17999a","https://www.scopus.com/pages/publications/84986274041?origin=resultslist","Article","Final","","Scopus","2-s2.0-84986274041"
"Martínez J.I.; Moncada J.L.; Larenas J.M.","Martínez, Jorge Ignacio (37020551400); Moncada, José Luis (7003965074); Larenas, José Miguel (24598184100)","37020551400; 7003965074; 24598184100","The dual descriptor to measure local reactivity on Buckminster fullerenes: An analysis within the framework of conceptual DFT","2010","Journal of Molecular Modeling","16","12","","1825","1832","32","10.1007/s00894-009-0638-3","https://www.scopus.com/pages/publications/79951769957?origin=resultslist","Article","Final","All Open Access; Green Open Access","Scopus","2-s2.0-79951769957"
"Moreira M.T.; Eibes G.; Lu-Chau T.; Taboada-Puig R.; Arca-Ramos A.; Feijoo G.; Lema J.M.; Lloret L.","Moreira, María T. (26424779900); Eibes, Gemma (8569113200); Lu-Chau, Thelmo (6507735654); Taboada-Puig, Roberto (36018871800); Arca-Ramos, Adriana (55191301900); Feijoo, Gumersindo (7003967670); Lema, Juan M. (7005371394); Lloret, Lucia (36521473200)","26424779900; 8569113200; 6507735654; 36018871800; 55191301900; 7003967670; 7005371394; 36521473200","Enzymatic (Peroxidase) Membrane Bioreactor","2016","Encyclopedia of Membranes","","","","712","713","0","10.1007/978-3-662-44324-8_1796","https://www.scopus.com/pages/publications/105010415772?origin=resultslist","Book chapter","Final","","Scopus","2-s2.0-105010415772"
"del Valle J.M.; de la Fuente J.C.; Srinivas K.; King J.W.","del Valle, José M. (7005396861); de la Fuente, Juan C. (8648287000); Srinivas, Keerthi (25422680400); King, Jerry W. (35586201100)","7005396861; 8648287000; 25422680400; 35586201100","Correlation for the variations with temperature of solute solubilities in high temperature water","2011","Fluid Phase Equilibria","301","2","","206","216","5","10.1016/j.fluid.2010.12.004","https://www.scopus.com/pages/publications/79551485076?origin=resultslist","Article","Final","All Open Access; Green Open Access","Scopus","2-s2.0-79551485076"
"Madrid A.; Cardile V.; González C.; Montenegro I.; Villena J.; Caggia S.; Graziano A.; Russo A.","Madrid, Alejandro (54915256200); Cardile, Venera (7003440605); González, César (57210538317); Montenegro, Ivan (55320372800); Villena, Joan (23111305400); Caggia, Silvia (35762046300); Graziano, Adriana (55237807200); Russo, Alessandra (7402518796)","54915256200; 7003440605; 57210538317; 55320372800; 23111305400; 35762046300; 55237807200; 7402518796","Psoralea glandulosa as a potential source of anticancer agents for melanoma treatment","2015","International Journal of Molecular Sciences","16","4","","7944","7959","26","10.3390/ijms16047944","https://www.scopus.com/pages/publications/84927595042?origin=resultslist","Article","Final","All Open Access; Gold Open Access; Green Open Access","Scopus","2-s2.0-84927595042"
"Bustos C.; Sánchez C.; Martínez R.; Ugarte R.; Schott E.; Mac-Leod Carey D.; Garland M.T.; Espinoza L.","Bustos, Carlos (7003911686); Sánchez, Christian (7401448736); Martínez, Rolando (7402193870); Ugarte, Ricardo (6602853731); Schott, Eduardo (12766226900); Mac-Leod Carey, Desmond (14010763000); Garland, María Teresa (34770392000); Espinoza, Luis (7103098526)","7003911686; 7401448736; 7402193870; 6602853731; 12766226900; 14010763000; 34770392000; 7103098526","Tautomeric, spectroscopic, DFT calculations and X-ray studies on O2N-4-C6H4-NHN{double bond, long}C(COCH3)2","2007","Dyes and Pigments","74","3","","615","621","20","10.1016/j.dyepig.2006.04.002","https://www.scopus.com/pages/publications/33847308678?origin=resultslist","Article","Final","","Scopus","2-s2.0-33847308678"
"Hansen H.K.; Rojo A.","Hansen, Henrik K. (7403333704); Rojo, Adrian (56212827100)","7403333704; 56212827100","Testing pulsed electric fields in electroremediation of copper mine tailings","2007","Electrochimica Acta","52","10 SPEC. ISS.","","3399","3405","75","10.1016/j.electacta.2006.07.064","https://www.scopus.com/pages/publications/33846879617?origin=resultslist","Article","Final","","Scopus","2-s2.0-33846879617"
"Holdsworth S.D.; Simpson R.","Holdsworth, S. Donald (7006410659); Simpson, Ricardo (56239119700)","7006410659; 56239119700","Total and Transient Energy Consumption in Batch Retort Processing","2016","Food Engineering Series","","","","311","319","1","10.1007/978-3-319-24904-9_15","https://www.scopus.com/pages/publications/85060691870?origin=resultslist","Book chapter","Final","","Scopus","2-s2.0-85060691870"
"Guerrero L.; Omil F.; Méndez R.; Lema J.M.","Guerrero, L. (7006028997); Omil, F. (7004218136); Méndez, R. (7103276588); Lema, J.M. (7005371394)","7006028997; 7004218136; 7103276588; 7005371394","Treatment of saline wastewaters from fish meal factories in an anaerobic filter under extreme ammonia concentrations","1997","Bioresource Technology","61","1","","69","78","59","10.1016/S0960-8524(97)84701-3","https://www.scopus.com/pages/publications/0031187987?origin=resultslist","Article","Final","","Scopus","2-s2.0-0031187987"
"Acevedo C.A.; Cornejo M.J.; Olguín Y.A.; Vallejos R.; Brown D.I.","Acevedo, Cristian A. (7004963806); Cornejo, María J. (56053057500); Olguín, Yusser A. (54901791700); Vallejos, Ronny (7005667849); Brown, Donald I. (7407730678)","7004963806; 56053057500; 54901791700; 7005667849; 7407730678","Dehydrogenase Enzymes Associated to Glycolysis in Beef Carcasses Stored at 0 °C","2013","Food and Bioprocess Technology","6","7","","1696","1702","3","10.1007/s11947-012-0814-9","https://www.scopus.com/pages/publications/84879315064?origin=resultslist","Article","Final","","Scopus","2-s2.0-84879315064"
"Demongeot J.; Glade N.; Moreira A.; Vial L.","Demongeot, Jacques (7005372567); Glade, Nicolas (55904491300); Moreira, Andrés (7201367688); Vial, Laurent (6701584865)","7005372567; 55904491300; 7201367688; 6701584865","RNA relics and origin of life","2009","International Journal of Molecular Sciences","10","8","","3420","3441","23","10.3390/ijms10083420","https://www.scopus.com/pages/publications/69549108019?origin=resultslist","Article","Final","All Open Access; Gold Open Access; Green Open Access","Scopus","2-s2.0-69549108019"
"Hansen H.K.; Ottosen L.M.; Villumsen A.","Hansen, Henrik K. (7403333704); Ottosen, Lisbeth M. (7003887668); Villumsen, Arne (6602821770)","7403333704; 7003887668; 6602821770","Electrodialytic removal of cadmium from straw combustion fly ash","2004","Journal of Chemical Technology and Biotechnology","79","7","","789","794","21","10.1002/jctb.1063","https://www.scopus.com/pages/publications/3142773553?origin=resultslist","Article","Final","All Open Access; Green Open Access","Scopus","2-s2.0-3142773553"
"Barraza R.; Nellis G.; Klein S.; Reindl D.","Barraza, Rodrigo (56979154900); Nellis, Gregory (9942651400); Klein, Sanford (57191386256); Reindl, Douglas (7004869902)","56979154900; 9942651400; 57191386256; 7004869902","Measured and predicted frictional pressure drop for boiling zeotropic mixed refrigerants in horizontal tubes","2016","International Journal of Heat and Mass Transfer","98","","","285","298","13","10.1016/j.ijheatmasstransfer.2016.03.010","https://www.scopus.com/pages/publications/84961761195?origin=resultslist","Article","Final","","Scopus","2-s2.0-84961761195"
"Tryputen L.; Tu K.-H.; Piotrowski S.K.; Bapna M.; Majetich S.A.; Sun C.; Voyles P.M.; Almasi H.; Wang W.; Vargas P.; Tresback J.S.; Ross C.A.","Tryputen, Larysa (56122458200); Tu, Kun-Hua (56228686000); Piotrowski, Stephan K (56441305500); Bapna, Mukund (55293849100); Majetich, Sara A (7003595651); Sun, Congli (57145342700); Voyles, Paul M (7003471533); Almasi, Hamid (50560924600); Wang, Weigang (36457965500); Vargas, Patricio (7005330462); Tresback, Jason S (10039101300); Ross, Caroline A (7402593558)","56122458200; 56228686000; 56441305500; 55293849100; 7003595651; 57145342700; 7003471533; 50560924600; 36457965500; 7005330462; 10039101300; 7402593558","Patterning of sub-50 nm perpendicular CoFeB/MgO-based magnetic tunnel junctions","2016","Nanotechnology","27","18","185302","","","8","10.1088/0957-4484/27/18/185302","https://www.scopus.com/pages/publications/84962275316?origin=resultslist","Article","Final","","Scopus","2-s2.0-84962275316"
"Gurkan B.E.; De La Fuente J.C.; Mindrup E.M.; Ficke L.E.; Goodrich B.F.; Price E.A.; Schneider W.F.; Brennecke J.F.","Gurkan, Burcu E. (35107032900); De La Fuente, Juan C. (8648287000); Mindrup, Elaine M. (25925967400); Ficke, Lindsay E. (25225381800); Goodrich, Brett F. (36607951900); Price, Erica A. (7203006427); Schneider, William F. (35614752600); Brennecke, Joan F. (7004704576)","35107032900; 8648287000; 25925967400; 25225381800; 36607951900; 7203006427; 35614752600; 7004704576","Equimolar CO2 absorption by anion-functionalized ionic liquids","2010","Journal of the American Chemical Society","132","7","","2116","2117","888","10.1021/ja909305t","https://www.scopus.com/pages/publications/77950792018?origin=resultslist","Article","Final","All Open Access; Green Open Access","Scopus","2-s2.0-77950792018"
"Zambra C.E.; Moraga N.O.; Rosales C.; Lictevout E.","Zambra, C.E. (35319288900); Moraga, N.O. (6604057819); Rosales, C. (36828677400); Lictevout, E. (55314354600)","35319288900; 6604057819; 36828677400; 55314354600","Unsteady 3D heat and mass transfer diffusion coupled with turbulent forced convection for compost piles with chemical and biological reactions","2012","International Journal of Heat and Mass Transfer","55","23-24","","6695","6704","22","10.1016/j.ijheatmasstransfer.2012.06.078","https://www.scopus.com/pages/publications/84865721105?origin=resultslist","Article","Final","All Open Access; Green Open Access","Scopus","2-s2.0-84865721105"
"Nuñez P.; Hansen H.K.; Aguirre S.; Maureira C.","Nuñez, Patricio (22035372800); Hansen, Henrik K. (7403333704); Aguirre, Sandra (39561034500); Maureira, Cristian (36451893100)","22035372800; 7403333704; 39561034500; 36451893100","Electrocoagulation of arsenic using iron nanoparticles to treat copper mineral processing wastewater","2011","Separation and Purification Technology","79","2","","285","290","34","10.1016/j.seppur.2011.02.028","https://www.scopus.com/pages/publications/79956361747?origin=resultslist","Conference paper","Final","All Open Access; Green Open Access","Scopus","2-s2.0-79956361747"
"Acevedo C.A.; Somoza R.A.; Weinstein-Oppenheimer C.; Silva S.; Moreno M.; Sánchez E.; Albornoz F.; Young M.E.; MacNaughtan W.; Enrione J.","Acevedo, Cristian A. (7004963806); Somoza, Rodrigo A. (23996205000); Weinstein-Oppenheimer, Caroline (8789487000); Silva, Samy (55149123700); Moreno, Macarena (55800968400); Sánchez, Elizabeth (7403362626); Albornoz, Fernando (35758193600); Young, Manuel E. (23995804400); MacNaughtan, William (6602748838); Enrione, Javier (15829018400)","7004963806; 23996205000; 8789487000; 55149123700; 55800968400; 7403362626; 35758193600; 23995804400; 6602748838; 15829018400","Improvement of human skin cell growth by radiation-induced modifications of a Ge/Ch/Ha scaffold","2013","Bioprocess and Biosystems Engineering","36","3","","317","324","13","10.1007/s00449-012-0786-1","https://www.scopus.com/pages/publications/84880564033?origin=resultslist","Article","Final","All Open Access; Green Open Access","Scopus","2-s2.0-84880564033"
"Zambra C.E.; Rosales C.; Moraga N.O.; Ragazzi M.","Zambra, C.E. (35319288900); Rosales, C. (36828677400); Moraga, N.O. (6604057819); Ragazzi, M. (7003398055)","35319288900; 36828677400; 6604057819; 7003398055","Self-heating in a bioreactor: Coupling of heat and mass transfer with turbulent convection","2011","International Journal of Heat and Mass Transfer","54","23-24","","5077","5086","27","10.1016/j.ijheatmasstransfer.2011.07.025","https://www.scopus.com/pages/publications/80052173822?origin=resultslist","Article","Final","All Open Access; Green Open Access","Scopus","2-s2.0-80052173822"
"Holdsworth S.D.; Simpson R.","Holdsworth, S. Donald (7006410659); Simpson, Ricardo (56239119700)","7006410659; 56239119700","Heat Penetration in Packaged Foods","2016","Food Engineering Series","","","","161","195","1","10.1007/978-3-319-24904-9_6","https://www.scopus.com/pages/publications/85060726042?origin=resultslist","Book chapter","Final","","Scopus","2-s2.0-85060726042"
"Simpson R.; Almonacid S.; Teixeira A.","Simpson, R. (56239119700); Almonacid, S. (6602451316); Teixeira, A. (55818108900)","56239119700; 6602451316; 55818108900","Optimization criteria for batch retort battery design and operation in food canning-plants","2003","Journal of Food Process Engineering","25","6","","515","538","27","10.1111/j.1745-4530.2003.tb00649.x","https://www.scopus.com/pages/publications/0037220496?origin=resultslist","Article","Final","","Scopus","2-s2.0-0037220496"
"Garbarino J.A.; Fraga B.M.; Hernandez M.G.; Chamy M.C.; Piovano M.","Garbarino, J.A. (7006522585); Fraga, B.M. (7004451046); Hernandez, M.G. (7401971661); Chamy, M.C. (6603862664); Piovano, M. (6701564684)","7006522585; 7004451046; 7401971661; 6603862664; 6701564684","Chemistry and biotransformations in the Scrophulariaceae family","2001","Pure and Applied Chemistry","73","3","","579","582","9","10.1351/pac200173030579","https://www.scopus.com/pages/publications/0035742851?origin=resultslist","Conference paper","Final","All Open Access; Bronze Open Access","Scopus","2-s2.0-0035742851"
"Riquelme G.D.; Femenías F.; Bezama O.","Riquelme, Gerardo D. (6603775801); Femenías, Francisco (35388286600); Bezama, Orlando (35387533700)","6603775801; 35388286600; 35387533700","Drop coalescence analysis in the dispersion band of a mixer settler","2009","Chemical Engineering Transactions","17","","","609","614","0","10.3303/CET0917102","https://www.scopus.com/pages/publications/76149138167?origin=resultslist","Conference paper","Final","","Scopus","2-s2.0-76149138167"
"Barra R.; Carmi J.","Barra, Ricardo (7003677477); Carmi, Jaime (6507820691)","7003677477; 6507820691","A simple method for extraction and GC‐ECD analysis of chlorpyrifos from water and environmental samples","1995","Journal of High Resolution Chromatography","18","3","","194","195","2","10.1002/jhrc.1240180312","https://www.scopus.com/pages/publications/84988109743?origin=resultslist","Article","Final","","Scopus","2-s2.0-84988109743"
"Baran S.; Sikolya K.; Stehlík M.","Baran, Sándor (7006520423); Sikolya, Kinga (55318049500); Stehlík, Milan (36521554000)","7006520423; 55318049500; 36521554000","Optimal designs for the methane flux in troposphere","2015","Chemometrics and Intelligent Laboratory Systems","146","","","407","417","6","10.1016/j.chemolab.2015.06.002","https://www.scopus.com/pages/publications/84934783547?origin=resultslist","Article","Final","All Open Access; Green Open Access","Scopus","2-s2.0-84934783547"
"Donoso-Bravo A.; Mairet F.","Donoso-Bravo, Andres (25723108900); Mairet, Francis (35792398100)","25723108900; 35792398100","Determining the limiting reaction in anaerobic digestion processes. How has this been tackled?","2012","Journal of Chemical Technology and Biotechnology","87","10","","1375","1378","8","10.1002/jctb.3890","https://www.scopus.com/pages/publications/84866740543?origin=resultslist","Short survey","Final","","Scopus","2-s2.0-84866740543"
"Holdsworth S.D.; Simpson R.","Holdsworth, S. Donald (7006410659); Simpson, Ricardo (56239119700)","7006410659; 56239119700","The General Method and Its Applications","2016","Food Engineering Series","","","","197","217","3","10.1007/978-3-319-24904-9_7","https://www.scopus.com/pages/publications/85060720948?origin=resultslist","Book chapter","Final","","Scopus","2-s2.0-85060720948"
"Valencia P.; Pinto M.; Almonacid S.","Valencia, Pedro (57201824872); Pinto, Marlene (55964078500); Almonacid, Sergio (6602451316)","57201824872; 55964078500; 6602451316","Identification of the key mechanisms involved in the hydrolysis of fish protein by Alcalase","2014","Process Biochemistry","49","2","","258","264","73","10.1016/j.procbio.2013.11.012","https://www.scopus.com/pages/publications/84895072592?origin=resultslist","Article","Final","","Scopus","2-s2.0-84895072592"
"Escrig J.; Daub M.; Landeros P.; Nielsch K.; Altbir D.","Escrig, J. (8450436900); Daub, M. (22979171600); Landeros, P. (8450437400); Nielsch, K. (6603913253); Altbir, D. (6602086134)","8450436900; 22979171600; 8450437400; 6603913253; 6602086134","Angular dependence of coercivity in magnetic nanotubes","2007","Nanotechnology","18","44","445706","","","87","10.1088/0957-4484/18/44/445706","https://www.scopus.com/pages/publications/36049009457?origin=resultslist","Article","Final","All Open Access; Green Open Access","Scopus","2-s2.0-36049009457"
"Aguirre-Ode F.; Aguirre F.J.","Aguirre-Ode, Fernando (6602551539); Aguirre, Fernando J. (35911873100)","6602551539; 35911873100","Two Unified Models of Associated Solutions and Their Representation of Excess Enthalpy and Vapor-Liquid Equilibria of Alcohol-Hydrocarbon Systems","1993","Industrial and Engineering Chemistry Research","32","9","","2129","2146","2","10.1021/ie00021a039","https://www.scopus.com/pages/publications/0027667013?origin=resultslist","Article","Final","","Scopus","2-s2.0-0027667013"
"Chicardi E.; Córdoba J.M.; Gotor F.J.","Chicardi, E. (46461062300); Córdoba, J.M. (26538552800); Gotor, F.J. (7003412451)","46461062300; 26538552800; 7003412451","High temperature oxidation resistance of (Ti,Ta)(C,N)-based cermets","2016","Corrosion Science","102","","","125","136","50","10.1016/j.corsci.2015.10.001","https://www.scopus.com/pages/publications/84958770445?origin=resultslist","Article","Final","All Open Access; Bronze Open Access; Green Open Access","Scopus","2-s2.0-84958770445"
"Escudero F.; Fuentes A.; Demarco R.; Consalvi J.-L.; Liu F.; Elicer-Cortés J.C.; Fernandez-Pello C.","Escudero, F. (57021488500); Fuentes, A. (8725383200); Demarco, R. (42361029000); Consalvi, J.-L. (6506341914); Liu, F. (55493554300); Elicer-Cortés, J.C. (6603367970); Fernandez-Pello, C. (35601955300)","57021488500; 8725383200; 42361029000; 6506341914; 55493554300; 6603367970; 35601955300","Effects of oxygen index on soot production and temperature in an ethylene inverse diffusion flame","2016","Experimental Thermal and Fluid Science","73","","","101","108","72","10.1016/j.expthermflusci.2015.09.029","https://www.scopus.com/pages/publications/85027945018?origin=resultslist","Article","Final","All Open Access; Bronze Open Access; Green Open Access","Scopus","2-s2.0-85027945018"
"Martí R.; Navia D.; Sarabia D.; de Prada C.","Martí, Rubén (55263734400); Navia, Daniel (55263003900); Sarabia, Daniel (22981364500); de Prada, César (6603379715)","55263734400; 55263003900; 22981364500; 6603379715","Robust NMPC of a hydrodesulfuration unit using multi-stage stochastic programing","2014","Computer Aided Chemical Engineering","33","","","793","798","0","10.1016/B978-0-444-63456-6.50133-2","https://www.scopus.com/pages/publications/84902987456?origin=resultslist","Book chapter","Final","","Scopus","2-s2.0-84902987456"
"Patelli E.; Valdebenito M.A.; De Angelis M.","Patelli, Edoardo (15742861600); Valdebenito, Marcos A. (16025949100); De Angelis, Marco (55851055900)","15742861600; 16025949100; 55851055900","On robust maintenance scheduling of fatigue-prone structural systems considering imprecise probability","2013","Chemical Engineering Transactions","33","","","1081","1086","2","10.3303/CET1333181","https://www.scopus.com/pages/publications/84883769004?origin=resultslist","Conference paper","Final","","Scopus","2-s2.0-84883769004"
"Román R.C.; Hernández O.G.; Urtubia U.A.","Román, R. César (34875586100); Hernández, O. Gonzalo (54781414600); Urtubia, U. Alejandra (22836720000)","34875586100; 54781414600; 22836720000","Prediction of problematic wine fermentations using artificial neural networks","2011","Bioprocess and Biosystems Engineering","34","9","","1057","1065","19","10.1007/s00449-011-0557-4","https://www.scopus.com/pages/publications/81755172025?origin=resultslist","Article","Final","All Open Access; Green Open Access","Scopus","2-s2.0-81755172025"
"Simpson R.; Figueroa I.; Teixeira A.","Simpson, R. (56239119700); Figueroa, I. (57197620784); Teixeira, A. (55818108900)","56239119700; 57197620784; 55818108900","Simple, practical and efficient on-line correction of process deviations in batch retort through simulation","2008","Food Engineering Series","","","","327","335","0","10.1007/978-0-387-75430-7_22","https://www.scopus.com/pages/publications/85060619711?origin=resultslist","Book chapter","Final","","Scopus","2-s2.0-85060619711"
"Aguirre-Ode F.; Koo J.","Aguirre-Ode, Fernando (6602551539); Koo, Joel (7203084266)","6602551539; 7203084266","Activity Coefficients in Thiophene-Butanol Systems near the Freezing Point of Thiophene","1988","Journal of Chemical and Engineering Data","33","3","","310","313","0","10.1021/je00053a025","https://www.scopus.com/pages/publications/33845279287?origin=resultslist","Article","Final","","Scopus","2-s2.0-33845279287"
"Reveco-Chilla A.G.; Cabrera A.L.; de la Fuente J.C.; Zacconi F.C.; del Valle J.M.; Valenzuela L.M.","Reveco-Chilla, Andrea G. (56297074500); Cabrera, Adolfo L. (56814371600); de la Fuente, Juan C. (8648287000); Zacconi, Flavia C. (33667991400); del Valle, José M. (7005396861); Valenzuela, Loreto M. (24825319200)","56297074500; 56814371600; 8648287000; 33667991400; 7005396861; 24825319200","Solubility of menadione and dichlone in supercritical carbon dioxide","2016","Fluid Phase Equilibria","423","","","84","92","25","10.1016/j.fluid.2016.04.001","https://www.scopus.com/pages/publications/84964556324?origin=resultslist","Article","Final","","Scopus","2-s2.0-84964556324"
"Barraza R.S.; Schwartz F.J.; Klein S.A.; Nellis G.F.; Reindl D.T.","Barraza, Rodrigo S. (56979154900); Schwartz, Frederick J. (57188872291); Klein, Sanford A. (57191386256); Nellis, Gregory F. (9942651400); Reindl, Douglas T. (7004869902)","56979154900; 57188872291; 57191386256; 9942651400; 7004869902","Experimental facility to measure heat transfer and pressure drop of boiling zeotropic multi-component mixtures in a horizontal tube","2016","Science and Technology for the Built Environment","22","1","","2","14","4","10.1080/23744731.2015.1058675","https://www.scopus.com/pages/publications/84964038760?origin=resultslist","Article","Final","","Scopus","2-s2.0-84964038760"
"Coquelet C.; Valtz A.; Richon D.; de la Fuente J.C.","Coquelet, Christophe (6701708611); Valtz, Alain (6603892500); Richon, Dominique (7005550685); de la Fuente, Juan C. (8648287000)","6701708611; 6603892500; 7005550685; 8648287000","Volumetric properties of the boldine + alcohol mixtures at atmospheric pressure from 283.15 to 333.15 K. A new method for the determination of the density of pure boldine","2007","Fluid Phase Equilibria","259","1 SPEC. ISS.","","33","38","53","10.1016/j.fluid.2007.04.030","https://www.scopus.com/pages/publications/34547782360?origin=resultslist","Article","Final","","Scopus","2-s2.0-34547782360"
"Rosales C.; Meneveau C.","Rosales, Carlos (36828677400); Meneveau, Charles (7006046344)","36828677400; 7006046344","Linear forcing in numerical simulations of isotropic turbulence: Physical space Implementations and convergence properties","2005","Physics of Fluids","17","9","095106","1","8","373","10.1063/1.2047568","https://www.scopus.com/pages/publications/27144505975?origin=resultslist","Article","Final","","Scopus","2-s2.0-27144505975"
"Mairet F.; Bernard O.; Ras M.; Lardon L.; Steyer J.-P.","Mairet, Francis (35792398100); Bernard, Olivier (8509748200); Ras, Monique (36523686300); Lardon, Laurent (56237777800); Steyer, Jean-Philippe (7003639803)","35792398100; 8509748200; 36523686300; 56237777800; 7003639803","Modeling anaerobic digestion of microalgae using ADM1","2011","Bioresource Technology","102","13","","6823","6829","78","10.1016/j.biortech.2011.04.015","https://www.scopus.com/pages/publications/79956365243?origin=resultslist","Article","Final","","Scopus","2-s2.0-79956365243"
"Guerrero L.; Omil F.; Méndez R.; Lema J.M.","Guerrero, L. (7006028997); Omil, F. (7004218136); Méndez, R. (7103276588); Lema, J.M. (7005371394)","7006028997; 7004218136; 7103276588; 7005371394","Protein recovery during the overall treatment of wastewaters from fish-meal factories","1998","Bioresource Technology","63","3","","221","229","50","10.1016/S0960-8524(97)00140-5","https://www.scopus.com/pages/publications/0032032559?origin=resultslist","Article","Final","","Scopus","2-s2.0-0032032559"
"Bunel E.E.; Valle L.; Jones N.L.; Carroll P.J.; Barra C.; Gonzalez M.; Munoz N.; Visconti G.; Aizman A.; Manriquez J.M.","Bunel, Emilio E. (6506850646); Valle, Luis (15133036300); Jones, Nancy L. (56307090000); Carroll, Patrick J. (7202383319); Barra, Cecilia (15130825200); Gonzalez, Myriam (44061479300); Munoz, Nancy (15132678900); Visconti, Giovanni (15133217500); Aizman, Arie (6603065311); Manriquez, Juan M. (57204537547)","6506850646; 15133036300; 56307090000; 7202383319; 15130825200; 44061479300; 15132678900; 15133217500; 6603065311; 57204537547","Bis((pentamethycyclopentadienyl)metal)pentalenes. A new class of highly delocalized, fused metallocenes","1988","Journal of the American Chemical Society","110","19","","6596","6598","77","10.1021/ja00227a068","https://www.scopus.com/pages/publications/0000999076?origin=resultslist","Article","Final","","Scopus","2-s2.0-0000999076"
"Valencia P.; Flores S.; Wilson L.; Illanes A.","Valencia, Pedro (57201824872); Flores, Sebastián (14035659300); Wilson, Lorena (7403520925); Illanes, Andrés (7004170275)","57201824872; 14035659300; 7403520925; 7004170275","Effect of internal diffusional restrictions on the hydrolysis of penicillin G: Reactor performance and specific productivity of 6-APA with immobilized penicillin acylase","2011","Applied Biochemistry and Biotechnology","165","2","","426","441","18","10.1007/s12010-011-9262-7","https://www.scopus.com/pages/publications/85027934018?origin=resultslist","Article","Final","All Open Access; Green Open Access","Scopus","2-s2.0-85027934018"
"López-Porfiri P.; Brennecke J.F.; Gonzalez-Miquel M.","López-Porfiri, Pablo (57195741941); Brennecke, Joan F. (7004704576); Gonzalez-Miquel, Maria (37023141700)","57195741941; 7004704576; 37023141700","Excess molar enthalpies of deep eutectic solvents (DESs) composed of quaternary ammonium salts and glycerol or ethylene glycol","2016","Journal of Chemical and Engineering Data","61","12","","4245","4251","67","10.1021/acs.jced.6b00608","https://www.scopus.com/pages/publications/85021964642?origin=resultslist","Article","Final","All Open Access; Green Open Access","Scopus","2-s2.0-85021964642"
"Pérez P.; Simón-Manso Y.; Aizman A.; Fuentealba P.; Contreras R.","Pérez, P. (7201902494); Simón-Manso, Y. (6602422601); Aizman, A. (6603065311); Fuentealba, P. (7003872934); Contreras, R. (7202407008)","7201902494; 6602422601; 6603065311; 7003872934; 7202407008","Empirical energy - Density relationships for the analysis of substituent effects in chemical reactivity","2000","Journal of the American Chemical Society","122","19","","4756","4762","101","10.1021/ja994108u","https://www.scopus.com/pages/publications/0038450984?origin=resultslist","Article","Final","All Open Access; Green Open Access","Scopus","2-s2.0-0038450984"
"Li Y.; Rosales C.","Li, Yi (56044382000); Rosales, Carlos (36828677400)","56044382000; 36828677400","Constrained multi-scale turnover Lagrangian map for anisotropic synthetic turbulence: A priori tests","2014","Physics of Fluids","26","7","075102","","","4","10.1063/1.4890322","https://www.scopus.com/pages/publications/84936998425?origin=resultslist","Article","Final","All Open Access; Bronze Open Access","Scopus","2-s2.0-84936998425"
"Villalobos P.; Acevedo C.A.; Albornoz F.; Sánchez E.; Valdés E.; Galindo R.; Young M.E.","Villalobos, Patricio (24588106700); Acevedo, Cristian A. (7004963806); Albornoz, Fernando (35758193600); Sánchez, Elizabeth (7403362626); Valdés, Erika (57220357337); Galindo, Raúl (37030787300); Young, Manuel E. (23995804400)","24588106700; 7004963806; 35758193600; 7403362626; 57220357337; 37030787300; 23995804400","A BOD monitoring disposable reactor with alginate-entrapped bacteria","2010","Bioprocess and Biosystems Engineering","33","8","","961","970","11","10.1007/s00449-010-0420-z","https://www.scopus.com/pages/publications/77958103556?origin=resultslist","Article","Final","","Scopus","2-s2.0-77958103556"
"Cortés A.; Lavín R.; Denardin J.C.; Marotti R.E.; Dalchiele E.A.; Valdivia P.; Gómez H.","Cortés, Andrea (8226142500); Lavín, Roberto (23489343600); Denardin, Juliano C. (6701839667); Marotti, Ricardo E. (6603482197); Dalchiele, Enrique A. (6701854336); Valdivia, Patricio (57203166124); Gómez, Humberto (7006142241)","8226142500; 23489343600; 6701839667; 6603482197; 6701854336; 57203166124; 7006142241","Template assisted electrochemical growth of cobalt nanowires: Influence of deposition conditions on structural, optical and magnetic properties","2011","Journal of Nanoscience and Nanotechnology","11","5","","3899","3910","24","10.1166/jnn.2011.3826","https://www.scopus.com/pages/publications/84855190748?origin=resultslist","Conference paper","Final","All Open Access; Green Open Access","Scopus","2-s2.0-84855190748"
"Polo E.; Ferrer-Pertuz K.; Trilleras J.; Quiroga J.; Gutiérrez M.","Polo, Efrain (57190296002); Ferrer-Pertuz, Karoll (57212413097); Trilleras, Jorge (8361779500); Quiroga, Jairo (7102063704); Gutiérrez, Margarita (36841072800)","57190296002; 57212413097; 8361779500; 7102063704; 36841072800","Microwave-assisted one-pot synthesis in water of carbonylpyrazolo[3,4-: B] pyridine derivatives catalyzed by InCl3 and sonochemical assisted condensation with aldehydes to obtain new chalcone derivatives containing the pyrazolopyridinic moiety","2017","RSC Advances","7","79","","50044","50055","43","10.1039/c7ra10127a","https://www.scopus.com/pages/publications/85032940619?origin=resultslist","Article","Final","All Open Access; Gold Open Access","Scopus","2-s2.0-85032940619"
"Hansen H.K.; Ottosen L.M.","Hansen, Henrik K. (7403333704); Ottosen, Lisbeth M. (7003887668)","7403333704; 7003887668","Removal of arsenic from wastewaters by airlift electrocoagulation: Part 3: Copper smelter wastewater treatment","2010","Separation Science and Technology","45","9","","1326","1330","19","10.1080/01496391003697432","https://www.scopus.com/pages/publications/77953470552?origin=resultslist","Article","Final","All Open Access; Green Open Access","Scopus","2-s2.0-77953470552"
"Acevedo C.A.; López D.A.; Tapia M.J.; Enrione J.; Skurtys O.; Pedreschi F.; Brown D.I.; Creixell W.; Osorio F.","Acevedo, Cristian A. (7004963806); López, Darío A. (57213972209); Tapia, María J. (57225721035); Enrione, Javier (15829018400); Skurtys, Olivier (23096076900); Pedreschi, Franco (6603399506); Brown, Donald I. (7407730678); Creixell, Werner (9334310100); Osorio, Fernando (57190294503)","7004963806; 57213972209; 57225721035; 15829018400; 23096076900; 6603399506; 7407730678; 9334310100; 57190294503","Using RGB Image Processing for Designing an Alginate Edible Film","2012","Food and Bioprocess Technology","5","5","","1511","1520","46","10.1007/s11947-010-0453-y","https://www.scopus.com/pages/publications/84862147691?origin=resultslist","Article","Final","All Open Access; Green Open Access","Scopus","2-s2.0-84862147691"
"Parra C.; Dorta F.; Jimenez E.; Henríquez R.; Ramírez C.; Rojas R.; Villalobos P.","Parra, Carolina (23980927900); Dorta, Fernando (8697064000); Jimenez, Edra (12780899700); Henríquez, Ricardo (12787744700); Ramírez, Cristian (36870781000); Rojas, Rodrigo (12780832200); Villalobos, Patricio (24588106700)","23980927900; 8697064000; 12780899700; 12787744700; 36870781000; 12780832200; 24588106700","A nanomolecular approach to decrease adhesion of biofouling-producing bacteria to graphene-coated material","2015","Journal of Nanobiotechnology","13","1","82","","","57","10.1186/s12951-015-0137-x","https://www.scopus.com/pages/publications/84957438606?origin=resultslist","Article","Final","All Open Access; Gold Open Access; Green Open Access","Scopus","2-s2.0-84957438606"
"De La Fuente J.C.; Shariati A.; Peters C.J.","De La Fuente, Juan C. (8648287000); Shariati, Alireza (57199504630); Peters, Cor J. (7402558595)","8648287000; 57199504630; 7402558595","On the selection of optimum thermodynamic conditions for the GAS process","2004","Journal of Supercritical Fluids","32","1-3","","55","61","36","10.1016/j.supflu.2004.01.007","https://www.scopus.com/pages/publications/14344265564?origin=resultslist","Article","Final","All Open Access; Green Open Access","Scopus","2-s2.0-14344265564"
"Holdsworth S.D.; Simpson R.","Holdsworth, S. Donald (7006410659); Simpson, Ricardo (56239119700)","7006410659; 56239119700","Software for Thermal Food Processing Evaluation and Optimization","2016","Food Engineering Series","","","","269","277","1","10.1007/978-3-319-24904-9_11","https://www.scopus.com/pages/publications/85060709102?origin=resultslist","Book chapter","Final","","Scopus","2-s2.0-85060709102"
"de la Fuente J.C.; Oyarzún B.; Quezada N.; del Valle J.M.","de la Fuente, Juan C. (8648287000); Oyarzún, Bernardo (37108416900); Quezada, Nathalie (57217036999); del Valle, José M. (7005396861)","8648287000; 37108416900; 57217036999; 7005396861","Solubility of carotenoid pigments (lycopene and astaxanthin) in supercritical carbon dioxide","2006","Fluid Phase Equilibria","247","1-2","","90","95","78","10.1016/j.fluid.2006.05.031","https://www.scopus.com/pages/publications/33748032713?origin=resultslist","Article","Final","All Open Access; Green Open Access","Scopus","2-s2.0-33748032713"
"Aranda V.; Cortez R.; Fauci L.","Aranda, Vivian (50561043500); Cortez, Ricardo (7003280857); Fauci, Lisa (6602113613)","50561043500; 7003280857; 6602113613","Stokesian peristaltic pumping in a three-dimensional tube with a phase-shifted asymmetry","2011","Physics of Fluids","23","8","081901","","","19","10.1063/1.3622319","https://www.scopus.com/pages/publications/80052325557?origin=resultslist","Article","Final","All Open Access; Green Open Access","Scopus","2-s2.0-80052325557"
"Chevillard L.; Lévêque E.; Taddia F.; Meneveau C.; Yu H.; Rosales C.","Chevillard, Laurent (55104735200); Lévêque, Emmanuel (6701692190); Taddia, Francesco (56434228600); Meneveau, Charles (7006046344); Yu, Huidan (8219556200); Rosales, Carlos (36828677400)","55104735200; 6701692190; 56434228600; 7006046344; 8219556200; 36828677400","Local and nonlocal pressure Hessian effects in real and synthetic fluid turbulence","2011","Physics of Fluids","23","9","095108","","","13","10.1063/1.3638618","https://www.scopus.com/pages/publications/80053420823?origin=resultslist","Article","Final","All Open Access; Green Open Access","Scopus","2-s2.0-80053420823"
"Loyola C.; Sepúlveda M.; Solar M.; Lopez P.; Parada V.","Loyola, Cristian (57193309686); Sepúlveda, Mauricio (56651080400); Solar, Mauricio (55411267600); Lopez, Pierre (7202454606); Parada, Victor (6602599875)","57193309686; 56651080400; 55411267600; 7202454606; 6602599875","Automatic design of algorithms for the traveling salesman problem","2016","Cogent Engineering","3","1","1255165","","","8","10.1080/23311916.2016.1255165","https://www.scopus.com/pages/publications/85012865425?origin=resultslist","Article","Final","All Open Access; Gold Open Access; Green Open Access","Scopus","2-s2.0-85012865425"
"Hansen H.K.; Kristensen I.V.; Ottosen L.M.; Villumsen A.","Hansen, Henrik K. (7403333704); Kristensen, Iben V. (7004848375); Ottosen, Lisbeth M. (7003887668); Villumsen, Arne (6602821770)","7403333704; 7004848375; 7003887668; 6602821770","Electroosmotic dewatering of porous materials-experiences with chalk, iron hydroxide and biomass sludges, and wet fly ash","2003","Journal of Chemical Engineering of Japan","36","6","","689","694","3","10.1252/jcej.36.689","https://www.scopus.com/pages/publications/0042919236?origin=resultslist","Article","Final","","Scopus","2-s2.0-0042919236"
"Hansen H.K.; Ribeiro A.B.; Mateus E.P.; Ottosen L.M.","Hansen, Henrik K. (7403333704); Ribeiro, Alexandra B. (57230861100); Mateus, Eduardo P. (8639516400); Ottosen, Lisbeth M. (7003887668)","7403333704; 57230861100; 8639516400; 7003887668","Diagnostic analysis of electrodialysis in mine tailing materials","2007","Electrochimica Acta","52","10 SPEC. ISS.","","3406","3411","30","10.1016/j.electacta.2006.05.066","https://www.scopus.com/pages/publications/33846913686?origin=resultslist","Article","Final","","Scopus","2-s2.0-33846913686"
"Simpson R.; Sastry S.K.","Simpson, Ricardo (56239119700); Sastry, Sudhir K. (7201785154)","56239119700; 7201785154","Chemical and bioprocess engineering: Fundamental concepts for first-year students","2013","Chemical and Bioprocess Engineering: Fundamental Concepts for First-Year Students","","","","1","352","13","10.1007/978-1-4614-9126-2","https://www.scopus.com/pages/publications/84955149466?origin=resultslist","Book","Final","","Scopus","2-s2.0-84955149466"
"Holdsworth S.D.; Simpson R.","Holdsworth, S. Donald (7006410659); Simpson, Ricardo (56239119700)","7006410659; 56239119700","High-Pressure Thermal Sterilization (HPTS) and Ohmic Heating (OH) Applied to Thermal Food Processing","2016","Food Engineering Series","","","","457","466","2","10.1007/978-3-319-24904-9_22","https://www.scopus.com/pages/publications/85060687069?origin=resultslist","Book chapter","Final","","Scopus","2-s2.0-85060687069"
"Rohan P.-Y.; Lobos C.; Nazari M.A.; Perrier P.; Payan Y.","Rohan, P.-Y. (55920714100); Lobos, C. (23390025500); Nazari, M. Ali (15765722300); Perrier, P. (56273346500); Payan, Y. (6603964117)","55920714100; 23390025500; 15765722300; 56273346500; 6603964117","Finite element modelling of nearly incompressible materials and volumetric locking: a case study","2014","Computer Methods in Biomechanics and Biomedical Engineering","17","SUPP1","","192","193","7","10.1080/10255842.2014.931682","https://www.scopus.com/pages/publications/84905243684?origin=resultslist","Article","Final","","Scopus","2-s2.0-84905243684"
"Soto M.; Espinoza L.; Chávez M.I.; Díaz K.; Olea A.F.; Taborga L.","Soto, Mauricio (56781034600); Espinoza, Luis (7103098526); Chávez, María I. (57197437296); Díaz, Katy (56049836400); Olea, Andrés F. (6603911583); Taborga, Lautaro (54917081900)","56781034600; 7103098526; 57197437296; 56049836400; 6603911583; 54917081900","Synthesis of new hydrated geranylphenols and in vitro antifungal activity against botrytis cinerea","2016","International Journal of Molecular Sciences","17","6","840","","","6","10.3390/ijms17060840","https://www.scopus.com/pages/publications/84971670332?origin=resultslist","Article","Final","All Open Access; Gold Open Access; Green Open Access","Scopus","2-s2.0-84971670332"
"Palma C.; Carvajal A.; Vásquez C.; Contreras E.","Palma, Carolyn (7007004249); Carvajal, Andrea (52063234100); Vásquez, Carlos (52063936300); Contreras, Elsa (7006198790)","7007004249; 52063234100; 52063936300; 7006198790","Wastewater treatment for removal of recalcitrant compounds: A hybrid process for decolorization and biodegradation of dyes","2011","Chinese Journal of Chemical Engineering","19","4","","621","625","21","10.1016/S1004-9541(11)60032-3","https://www.scopus.com/pages/publications/80052728967?origin=resultslist","Article","Final","All Open Access; Green Open Access","Scopus","2-s2.0-80052728967"
"Cáceres C.; Martínez M.; Rodríguez C.; Dreyse P.; Ortega V.; Isaacs M.","Cáceres, César (39560917400); Martínez, Manuel (7404593798); Rodríguez, Carlos (7401788108); Dreyse, Paulina (14035589500); Ortega, Victoria (56108238500); Isaacs, Mauricio (7103363276)","39560917400; 7404593798; 7401788108; 14035589500; 56108238500; 7103363276","Electrochemical coating of [trans-L14CoIIICNFe II(CN)5]Na on ITO/Au electrode and its electrocatalytic properties towards nitrite reduction","2014","Journal of Electroanalytical Chemistry","722-723","","","1","6","5","10.1016/j.jelechem.2014.03.004","https://www.scopus.com/pages/publications/84898012307?origin=resultslist","Article","Final","All Open Access; Green Open Access","Scopus","2-s2.0-84898012307"
"Núñez G.A.; Del Valle J.M.; De La Fuente J.C.","Núñez, Gonzalo A. (18437589700); Del Valle, José M. (7005396861); De La Fuente, Juan C. (8648287000)","18437589700; 7005396861; 8648287000","Solubilities in supercritical carbon dioxide of (2 E,6 E)-3,7,11- trimethyldodeca-2,6,10-trien-1-ol (farnesol) and (2 s)-5,7-dihydroxy-2-(4- hydroxyphenyl)chroman-4-one (naringenin)","2010","Journal of Chemical and Engineering Data","55","9","","3863","3868","7","10.1021/je900957v","https://www.scopus.com/pages/publications/77956519712?origin=resultslist","Article","Final","All Open Access; Green Open Access","Scopus","2-s2.0-77956519712"
"Altbir D.; Escrig J.; Landeros P.; Amaral F.S.; Bahiana M.","Altbir, D. (6602086134); Escrig, J. (8450436900); Landeros, P. (8450437400); Amaral, F.S. (15058752900); Bahiana, M. (6603113104)","6602086134; 8450436900; 8450437400; 15058752900; 6603113104","Vortex core size in interacting cylindrical nanodot arrays","2007","Nanotechnology","18","48","485707","","","17","10.1088/0957-4484/18/48/485707","https://www.scopus.com/pages/publications/35748955504?origin=resultslist","Article","Final","All Open Access; Green Open Access","Scopus","2-s2.0-35748955504"
"Rojo A.; Hansen H.K.; Guerra P.","Rojo, Adrian (56212827100); Hansen, Henrik K. (7403333704); Guerra, Paula (57200085008)","56212827100; 7403333704; 57200085008","Electrodialytic remediation of copper mine tailing pulps","2009","Separation Science and Technology","44","10","","2234","2244","4","10.1080/01496390902979578","https://www.scopus.com/pages/publications/70449469201?origin=resultslist","Article","Final","All Open Access; Green Open Access","Scopus","2-s2.0-70449469201"
"Leighton B.; Suarez O.J.; Landeros P.; Escrig J.","Leighton, B. (35102546200); Suarez, O.J. (26024467700); Landeros, P. (8450437400); Escrig, J. (8450436900)","35102546200; 26024467700; 8450437400; 8450436900","Magnetic phase diagrams of barcode-type nanostructures","2009","Nanotechnology","20","38","385703","","","22","10.1088/0957-4484/20/38/385703","https://www.scopus.com/pages/publications/70349124229?origin=resultslist","Article","Final","All Open Access; Green Open Access","Scopus","2-s2.0-70349124229"
"Holdsworth S.D.; Simpson R.","Holdsworth, S. Donald (7006410659); Simpson, Ricardo (56239119700)","7006410659; 56239119700","Sterilization, Pasteurization, and Cooking Criteria","2016","Food Engineering Series","","","","125","148","6","10.1007/978-3-319-24904-9_4","https://www.scopus.com/pages/publications/85052182277?origin=resultslist","Book chapter","Final","","Scopus","2-s2.0-85052182277"
"Foco G.M.; Bottini S.B.; Quezada N.; De La Fuente J.C.; Peters C.J.","Foco, Gloria M. (6603454442); Bottini, Susana B. (7003933025); Quezada, Nathalie (57217036999); De La Fuente, Juan C. (8648287000); Peters, Cor J. (7402558595)","6603454442; 7003933025; 57217036999; 8648287000; 7402558595","Activity coefficients at infinite dilution in 1-alkyl-3-methylimidazolium tetrafluoroborate ionic liquids","2006","Journal of Chemical and Engineering Data","51","3","","1088","1091","130","10.1021/je050544m","https://www.scopus.com/pages/publications/33744484562?origin=resultslist","Article","Final","All Open Access; Green Open Access","Scopus","2-s2.0-33744484562"
"Montalvo S.; Cahn I.; Borja R.; Huiliñir C.; Guerrero L.","Montalvo, S. (6701371309); Cahn, I. (57195273821); Borja, R. (12545180200); Huiliñir, C. (57216785072); Guerrero, L. (7006028997)","6701371309; 57195273821; 12545180200; 57216785072; 7006028997","Use of solid residue from thermal power plant (fly ash) for enhancing sewage sludge anaerobic digestion: Influence of fly ash particle size","2017","Bioresource Technology","244","","","416","422","41","10.1016/j.biortech.2017.07.159","https://www.scopus.com/pages/publications/85026756544?origin=resultslist","Article","Final","","Scopus","2-s2.0-85026756544"
"Holdsworth S.D.; Simpson R.","Holdsworth, S. Donald (7006410659); Simpson, Ricardo (56239119700)","7006410659; 56239119700","Optimization of Thermal Food Processing","2016","Food Engineering Series","","","","383","414","3","10.1007/978-3-319-24904-9_19","https://www.scopus.com/pages/publications/85060679326?origin=resultslist","Book chapter","Final","","Scopus","2-s2.0-85060679326"
"Montalvo S.; Martin J.S.; Huiliñir C.; Guerrero L.; Borja R.","Montalvo, Silvio (6701371309); Martin, Julio San (56410180200); Huiliñir, César (57216785072); Guerrero, Lorna (7006028997); Borja, Rafael (12545180200)","6701371309; 56410180200; 57216785072; 7006028997; 12545180200","Assessment of a UASB reactor with high ammonia concentrations: Effect of zeolite addition on process performance","2014","Process Biochemistry","49","12","","2220","2227","37","10.1016/j.procbio.2014.09.011","https://www.scopus.com/pages/publications/84914154646?origin=resultslist","Article","Final","All Open Access; Green Open Access","Scopus","2-s2.0-84914154646"
"Núñez G.A.; Del Valle J.M.","Núñez, Gonzalo A. (18437589700); Del Valle, José M. (7005396861)","18437589700; 7005396861","Supercritical CO2 oilseed extraction in multi-vessel plants. 2. Effect of number and geometry of extractors on production cost","2014","Journal of Supercritical Fluids","92","","","324","334","32","10.1016/j.supflu.2014.05.017","https://www.scopus.com/pages/publications/84907599933?origin=resultslist","Article","Final","All Open Access; Green Open Access","Scopus","2-s2.0-84907599933"
"Almonacid S.F.; Nájera A.L.; Young M.E.; Simpson R.J.; Acevedo C.A.","Almonacid, Sergio F. (6602451316); Nájera, Ana L. (57511052300); Young, Manuel E. (23995804400); Simpson, Ricardo J. (56239119700); Acevedo, Cristian A. (7004963806)","6602451316; 57511052300; 23995804400; 56239119700; 7004963806","A Comparative Study of Stout Beer Batch Fermentation Using Free and Microencapsulated Yeasts","2012","Food and Bioprocess Technology","5","2","","750","758","26","10.1007/s11947-010-0379-4","https://www.scopus.com/pages/publications/84856571458?origin=resultslist","Article","Final","","Scopus","2-s2.0-84856571458"
"Fernández N.; Montalvo S.; Fernández-Polanco F.; Guerrero L.; Cortés I.; Borja R.; Sánchez E.; Travieso L.","Fernández, N. (16047040500); Montalvo, S. (6701371309); Fernández-Polanco, F. (6701491323); Guerrero, L. (7006028997); Cortés, I. (16047188000); Borja, R. (12545180200); Sánchez, E. (7403362708); Travieso, L. (6701707753)","16047040500; 6701371309; 6701491323; 7006028997; 16047188000; 12545180200; 7403362708; 6701707753","Real evidence about zeolite as microorganisms immobilizer in anaerobic fluidized bed reactors","2007","Process Biochemistry","42","4","","721","728","92","10.1016/j.procbio.2006.12.004","https://www.scopus.com/pages/publications/33947314444?origin=resultslist","Article","Final","All Open Access; Green Open Access","Scopus","2-s2.0-33947314444"
"Holdsworth S.D.; Simpson R.","Holdsworth, S. Donald (7006410659); Simpson, Ricardo (56239119700)","7006410659; 56239119700","Microbial Methods","2016","Food Engineering Series","","","","259","267","0","10.1007/978-3-319-24904-9_10","https://www.scopus.com/pages/publications/85060695355?origin=resultslist","Book chapter","Final","","Scopus","2-s2.0-85060695355"
"Holdsworth S.D.; Simpson R.","Holdsworth, S. Donald (7006410659); Simpson, Ricardo (56239119700)","7006410659; 56239119700","Safety Aspects of Thermal Processing","2016","Food Engineering Series","","","","149","158","1","10.1007/978-3-319-24904-9_5","https://www.scopus.com/pages/publications/85060695115?origin=resultslist","Book chapter","Final","","Scopus","2-s2.0-85060695115"
"Acevedo C.A.; Diáz-Calderón P.; López D.; Enrione J.","Acevedo, Cristian A. (7004963806); Diáz-Calderón, Paulo (55180615500); López, Daniel (56857187300); Enrione, Javier (15829018400)","7004963806; 55180615500; 56857187300; 15829018400","Assessment of gelatin-chitosan interactions in films by a chemometrics approach","2015","CYTA - Journal of Food","13","2","","227","234","26","10.1080/19476337.2014.944570","https://www.scopus.com/pages/publications/85027926537?origin=resultslist","Article","Final","All Open Access; Bronze Open Access; Green Open Access","Scopus","2-s2.0-85027926537"
"Escudero F.; Fuentes A.; Consalvi J.-L.; Liu F.; Demarco R.","Escudero, F. (57021488500); Fuentes, A. (8725383200); Consalvi, J.-L. (6506341914); Liu, F. (55493554300); Demarco, R. (42361029000)","57021488500; 8725383200; 6506341914; 55493554300; 42361029000","Unified behavior of soot production and radiative heat transfer in ethylene, propane and butane axisymmetric laminar diffusion flames at different oxygen indices","2016","Fuel","183","","","668","679","59","10.1016/j.fuel.2016.06.126","https://www.scopus.com/pages/publications/84978154121?origin=resultslist","Article","Final","","Scopus","2-s2.0-84978154121"
"Auda H.; Juneja H.R.; Eisenbraun E.J.; Waller G.R.; Kays W.R.; Appel H.H.","Auda, H. (6701487675); Juneja, H.R. (23073731500); Eisenbraun, E.J. (7003432015); Waller, G.R. (24576063400); Kays, W.R. (7004639087); Appel, H.H. (16045379700)","6701487675; 23073731500; 7003432015; 24576063400; 7004639087; 16045379700","Biosynthesis of Methylcyclopentane Monoterpenoids. I. Skytanthus Alkaloids","1967","Journal of the American Chemical Society","89","10","","2476","2482","23","10.1021/ja00986a041","https://www.scopus.com/pages/publications/0014198278?origin=resultslist","Article","Final","","Scopus","2-s2.0-0014198278"
"Overwin H.; Wray V.; Seeger M.; Sepúlveda-Boza S.; Hofer B.","Overwin, Heike (16233929300); Wray, Victor (7006669641); Seeger, Michael (7102846172); Sepúlveda-Boza, Silvia (57190300672); Hofer, Bernd (7005768852)","16233929300; 7006669641; 7102846172; 57190300672; 7005768852","Flavanone and isoflavone glucosylation by non-Leloir glycosyltransferases","2016","Journal of Biotechnology","233","","","121","128","19","10.1016/j.jbiotec.2016.06.026","https://www.scopus.com/pages/publications/84978733324?origin=resultslist","Article","Final","All Open Access; Green Open Access","Scopus","2-s2.0-84978733324"
"Triday J.O.; Rodriguez P.","Triday, Jaime O. (6603231751); Rodriguez, Patricio (7202921388)","6603231751; 7202921388","Vapor-Liquid Equilibria for the System Benzene-Thiophene-Methanol","1985","Journal of Chemical and Engineering Data","30","1","","112","116","5","10.1021/je00039a033","https://www.scopus.com/pages/publications/5244233670?origin=resultslist","Article","Final","","Scopus","2-s2.0-5244233670"
"Triday J.O.","Triday, Jaime O. (6603231751)","6603231751","Liquid-liquid Equilibria for the System Benzene-Water-Methanol","1984","Journal of Chemical and Engineering Data","29","3","","321","324","15","10.1021/je00037a029","https://www.scopus.com/pages/publications/0021460624?origin=resultslist","Article","Final","","Scopus","2-s2.0-0021460624"
"Simpson R.; Abakarov A.","Simpson, Ricardo (56239119700); Abakarov, Alik (23024240400)","56239119700; 23024240400","Optimization of Food Thermal Processing: Sterilization Stage and Plant Production Scheduling","2011","Food Engineering Series","","","","261","284","2","10.1007/978-1-4419-7475-4_12","https://www.scopus.com/pages/publications/84873441901?origin=resultslist","Book chapter","Final","","Scopus","2-s2.0-84873441901"
"Vivanco J.; Slane J.; Ploeg H.","Vivanco, Juan (35147131100); Slane, Josh (25936823800); Ploeg, Heidi (55920493600)","35147131100; 25936823800; 55920493600","Nano-mechanical properties of bioceramic bone scaffolds fabricated at three sintering temperatures","2011","ASME 2011 Summer Bioengineering Conference, SBC 2011","","PARTS A AND B","","1307","1308","0","10.1115/SBC2011-53734","https://www.scopus.com/pages/publications/84881222850?origin=resultslist","Conference paper","Final","","Scopus","2-s2.0-84881222850"
"Hansen H.K.; Nuñez P.; Jil C.","Hansen, Henrik K. (7403333704); Nuñez, Patricio (22035372800); Jil, Cesar (23485188300)","7403333704; 22035372800; 23485188300","Removal of arsenic from wastewaters by airlift electrocoagulation. Part 2: Continuous reactor experiments","2008","Separation Science and Technology","43","14","","3663","3675","13","10.1080/01496390802222533","https://www.scopus.com/pages/publications/55049115078?origin=resultslist","Article","Final","All Open Access; Green Open Access","Scopus","2-s2.0-55049115078"
"Borzone L.A.; Riquelme G.D.","Borzone, L.A. (6603412197); Riquelme, G.D. (6603775801)","6603412197; 6603775801","The measurement of particle temperature in a fluidized bed dryer","1997","Drying Technology","15","5","","1593","1601","0","10.1080/07373939708917310","https://www.scopus.com/pages/publications/0031148534?origin=resultslist","Article","Final","","Scopus","2-s2.0-0031148534"
"Agulrre-Ode F.","Agulrre-Ode, Fernando (15130579600)","15130579600","Activity Coefficients in Cyclohexane—Alcohol Systems Near the Freezing Point of Cyclohexane","1987","Journal of Chemical and Engineering Data","32","4","","434","439","5","10.1021/je00050a015","https://www.scopus.com/pages/publications/0023439904?origin=resultslist","Article","Final","","Scopus","2-s2.0-0023439904"
"Consalvi J.L.; Demarco R.; Fuentes A.","Consalvi, J.L. (6506341914); Demarco, R. (42361029000); Fuentes, A. (8725383200)","6506341914; 42361029000; 8725383200","Modelling thermal radiation in buoyant turbulent diffusion flames","2012","Combustion Theory and Modelling","16","5","","817","841","17","10.1080/13647830.2012.662283","https://www.scopus.com/pages/publications/84867588973?origin=resultslist","Article","Final","All Open Access; Green Open Access","Scopus","2-s2.0-84867588973"
"Segura R.A.; Ibán̈ez W.; Soto R.; Hevia S.; Häberle P.","Segura, Rodrigo A. (15027635700); Ibán̈ez, Wladimir (9745519100); Soto, Rodrigo (57536869100); Hevia, Samuel (23974562300); Häberle, Patricio (6602338067)","15027635700; 9745519100; 57536869100; 23974562300; 6602338067","Growth morphology and spectroscopy of multiwall carbon nanotubes synthesized by pyrolysis of iron phthalocyanine","2006","Journal of Nanoscience and Nanotechnology","6","7","","1945","1953","26","10.1166/jnn.2006.342","https://www.scopus.com/pages/publications/33750191222?origin=resultslist","Article","Final","All Open Access; Green Open Access","Scopus","2-s2.0-33750191222"
"Urtubia A.; Hernández G.; Roger J.M.","Urtubia, A. (22836720000); Hernández, G. (56223223100); Roger, J.M. (7101843052)","22836720000; 56223223100; 7101843052","Detection of abnormal fermentations in wine process by multivariate statistics and pattern recognition techniques","2012","Journal of Biotechnology","159","4","","336","341","13","10.1016/j.jbiotec.2011.09.031","https://www.scopus.com/pages/publications/84861229329?origin=resultslist","Article","Final","All Open Access; Green Open Access","Scopus","2-s2.0-84861229329"
"Aguirre-Ode F.; Aldoney J.","Aguirre-Ode, Fernando (6602551539); Aldoney, Jenny (6504809645)","6602551539; 6504809645","Vapor—Liquid Equilibria for the Systems 1,3,5-Trimethylbenzene—1-propyl Alcohol and 1,3,5-Trlmethylbenzene—2-propyl Alcohol","1989","Journal of Chemical and Engineering Data","34","4","","409","412","3","10.1021/je00058a011","https://www.scopus.com/pages/publications/0024751603?origin=resultslist","Article","Final","","Scopus","2-s2.0-0024751603"
"Muñoz-Feucht K.; Fuentes A.; Consalvi J.-L.","Muñoz-Feucht, K. (55937817100); Fuentes, A. (8725383200); Consalvi, J.-L. (6506341914)","55937817100; 8725383200; 6506341914","Soot volume fraction measurements in a forest fuel layer","2014","Experimental Thermal and Fluid Science","56","","","61","68","9","10.1016/j.expthermflusci.2013.11.007","https://www.scopus.com/pages/publications/84900305421?origin=resultslist","Article","Final","","Scopus","2-s2.0-84900305421"
"Simpson R.; Astudillo C.; Acevedo F.","Simpson, Ricardo (56239119700); Astudillo, Carolina (7004510679); Acevedo, Fernando (7003903397)","56239119700; 7004510679; 7003903397","A new methodology for the optimal design of batch fermentation plants","2005","Biochemical Engineering Journal","27","2","","155","160","1","10.1016/j.bej.2005.08.003","https://www.scopus.com/pages/publications/26444535222?origin=resultslist","Article","Final","","Scopus","2-s2.0-26444535222"
"de la Fuente J.C.; Núñez G.; del Valle J.M.","de la Fuente, Juan C. (8648287000); Núñez, Gonzalo (18437589700); del Valle, José M. (7005396861)","8648287000; 18437589700; 7005396861","Bubble-point measurements for the system CO2 + aqueous ethanol solutions of boldo leaf antioxidant components (boldine and catechin) at high pressures","2007","Fluid Phase Equilibria","259","1 SPEC. ISS.","","77","82","7","10.1016/j.fluid.2007.04.007","https://www.scopus.com/pages/publications/34547776231?origin=resultslist","Article","Final","","Scopus","2-s2.0-34547776231"
"Gajardo P.; Ramírez Cabrera H.; Rodríguez J.C.","Gajardo, Pedro (8403649600); Ramírez Cabrera, Héctor (55897639000); Rodríguez, Julio C. (57213016300)","8403649600; 55897639000; 57213016300","Tools for improving feeding strategies in a SBR with several species","2014","Bioprocess and Biosystems Engineering","37","1","","63","70","0","10.1007/s00449-013-1077-1","https://www.scopus.com/pages/publications/84895834092?origin=resultslist","Article","Final","All Open Access; Green Open Access","Scopus","2-s2.0-84895834092"
"Rojo A.; González J.","Rojo, A. (57225759932); González, J. (57225674671)","57225759932; 57225674671","Behaviour of a copper-AISI 304 stainless steel mixed anode in electrolytic copper refining with periodic current reversal","1986","Journal of Applied Electrochemistry","16","1","","93","100","1","10.1007/BF01015988","https://www.scopus.com/pages/publications/0022439595?origin=resultslist","Article","Final","","Scopus","2-s2.0-0022439595"
"Henríquez R.; Demarco R.; Consalvi J.L.; Liu F.; Fuentes A.","Henríquez, R. (57196992511); Demarco, R. (42361029000); Consalvi, J.L. (6506341914); Liu, F. (55493554300); Fuentes, A. (8725383200)","57196992511; 42361029000; 6506341914; 55493554300; 8725383200","The oxygen index on soot production in propane diffusion flames","2014","Combustion Science and Technology","186","4-5","","504","517","26","10.1080/00102202.2014.883226","https://www.scopus.com/pages/publications/84899793907?origin=resultslist","Conference paper","Final","","Scopus","2-s2.0-84899793907"
"Sandoval T.E.; Gárate M.P.; Olea A.F.","Sandoval, Tania E. (57197507023); Gárate, María P. (18133517700); Olea, Andrés F. (6603911583)","57197507023; 18133517700; 6603911583","Aggregation of alcohols ethoxylates (CiEOj) in dibutoxymethane and surface activity at the water/dibutoxymethane interface","2014","Colloids and Surfaces A: Physicochemical and Engineering Aspects","441","","","211","216","4","10.1016/j.colsurfa.2013.09.005","https://www.scopus.com/pages/publications/84884931501?origin=resultslist","Article","Final","","Scopus","2-s2.0-84884931501"
"Jensen H.A.; Schuëller G.I.; Valdebenito M.A.; Kusanovic D.S.","Jensen, Hector A. (7402097425); Schuëller, Gerhart I. (36805166800); Valdebenito, Marcos A. (16025949100); Kusanovic, Danilo S. (35099010600)","7402097425; 36805166800; 16025949100; 35099010600","An efficient first-order scheme for reliability based optimization of stochastic systems","2011","Computational Methods in Applied Sciences","22","","","129","153","0","10.1007/978-90-481-9987-7_7","https://www.scopus.com/pages/publications/84964049627?origin=resultslist","Article","Final","","Scopus","2-s2.0-84964049627"
"Goodrich B.F.; De La Fuente J.C.; Gurkan B.E.; Zadigian D.J.; Price E.A.; Huang Y.; Brennecke J.F.","Goodrich, Brett F. (36607951900); De La Fuente, Juan C. (8648287000); Gurkan, Burcu E. (35107032900); Zadigian, David J. (36718454600); Price, Erica A. (7203006427); Huang, Yong (56990506300); Brennecke, Joan F. (7004704576)","36607951900; 8648287000; 35107032900; 36718454600; 7203006427; 56990506300; 7004704576","Experimental measurements of amine-functionalized anion-tethered ionic liquids with carbon dioxide","2011","Industrial and Engineering Chemistry Research","50","1","","111","118","284","10.1021/ie101688a","https://www.scopus.com/pages/publications/78650413073?origin=resultslist","Article","Final","All Open Access; Green Open Access","Scopus","2-s2.0-78650413073"
"Chávez M.I.; Soto M.; Taborga L.; Díaz K.; Olea A.F.; Bay C.; Peña-Cortés H.; Espinoza L.","Chávez, María I. (57197437296); Soto, Mauricio (56781034600); Taborga, Lautaro (54917081900); Díaz, Katy (56049836400); Olea, Andrés F. (6603911583); Bay, Camila (56781197500); Peña-Cortés, Hugo (6701805034); Espinoza, Luis (7103098526)","57197437296; 56781034600; 54917081900; 56049836400; 6603911583; 56781197500; 6701805034; 7103098526","Synthesis and in Vitro antifungal activity against Botrytis cinerea of geranylated phenols and their phenyl acetate derivatives","2015","International Journal of Molecular Sciences","16","8","","19130","19152","11","10.3390/ijms160819130","https://www.scopus.com/pages/publications/84939222696?origin=resultslist","Article","Final","All Open Access; Gold Open Access; Green Open Access","Scopus","2-s2.0-84939222696"
"Valencia P.; Espinoza K.; Ceballos A.; Pinto M.; Almonacid S.","Valencia, Pedro (57201824872); Espinoza, Karen (56526972900); Ceballos, Andrés (56526564600); Pinto, Marlene (55964078500); Almonacid, Sergio (6602451316)","57201824872; 56526972900; 56526564600; 55964078500; 6602451316","Novel modeling methodology for the characterization of enzymatic hydrolysis of proteins","2015","Process Biochemistry","50","4","","589","597","36","10.1016/j.procbio.2014.12.028","https://www.scopus.com/pages/publications/84925617009?origin=resultslist","Article","Final","","Scopus","2-s2.0-84925617009"
"Rosales C.; Meneveau C.","Rosales, Carlos (36828677400); Meneveau, Charles (7006046344)","36828677400; 7006046344","A minimal multiscale Lagrangian map approach to synthesize non-Gaussian turbulent vector fields","2006","Physics of Fluids","18","7","075104","","","49","10.1063/1.2227003","https://www.scopus.com/pages/publications/33746681797?origin=resultslist","Article","Final","","Scopus","2-s2.0-33746681797"
"Riverol C.; Hansen H.K.; Acree Jr. W.","Riverol, Carmen (55996196800); Hansen, Henrik K. (7403333704); Acree Jr., William (35496753700)","55996196800; 7403333704; 35496753700","Calculation of solubilities of the pesticides diuron and monuron in organic nonelectrolyte solvents using UNIFAC and Modified UNIFAC (Dortmund) models","2002","Canadian Journal of Chemical Engineering","80","3","","530","535","1","10.1002/cjce.5450800326","https://www.scopus.com/pages/publications/2942676527?origin=resultslist","Article","Final","","Scopus","2-s2.0-2942676527"
"Riquelme G.D.; Nunez P.M.; Triday J.L.","Riquelme, Gerardo D. (6603775801); Nunez, Patricio M. (22035372800); Triday, J.L. (6603231751)","6603775801; 22035372800; 6603231751","Mathematical Model for Metal Solvent Extraction Systems. Selectivity Effect","1985","Chemical Engineering Communications","39","1-6","","1","21","2","10.1080/00986448508911660","https://www.scopus.com/pages/publications/78751477690?origin=resultslist","Article","Final","","Scopus","2-s2.0-78751477690"
"Holdsworth S.D.; Simpson R.","Holdsworth, S. Donald (7006410659); Simpson, Ricardo (56239119700)","7006410659; 56239119700","Introduction","2016","Food Engineering Series","","","","3","16","0","10.1007/978-3-319-24904-9_1","https://www.scopus.com/pages/publications/85060689988?origin=resultslist","Editorial","Final","","Scopus","2-s2.0-85060689988"
"Hirschmann J.R.","Hirschmann, Julio R. (24564630400)","24564630400","Solar distillation in Chile","1975","Desalination","17","1","","31","67","21","10.1016/S0011-9164(00)84078-3","https://www.scopus.com/pages/publications/0038825910?origin=resultslist","Article","Final","","Scopus","2-s2.0-0038825910"
"Parra S.; Bravo M.A.; Quiroz W.; Moreno T.; Karanasiou A.; Font O.; Vidal V.; Cereceda-Balic F.","Parra, Sonnia (56241170300); Bravo, Manuel A. (35602879700); Quiroz, Waldo (8943807600); Moreno, Teresa (57844495600); Karanasiou, Angeliki (57216775753); Font, Oriol (55971350900); Vidal, Víctor (36027083200); Cereceda-Balic, Francisco (6508361398)","56241170300; 35602879700; 8943807600; 57844495600; 57216775753; 55971350900; 36027083200; 6508361398","Source apportionment for contaminated soils using multivariate statistical methods","2014","Chemometrics and Intelligent Laboratory Systems","138","","","127","132","42","10.1016/j.chemolab.2014.08.003","https://www.scopus.com/pages/publications/84906501702?origin=resultslist","Article","Final","All Open Access; Green Open Access","Scopus","2-s2.0-84906501702"
"Praveen T.; Valencia P.; Rajendran L.","Praveen, T. (57190163183); Valencia, Pedro (57201824872); Rajendran, L. (6701603293)","57190163183; 57201824872; 6701603293","Theoretical analysis of intrinsic reaction kinetics and the behavior of immobilized enzymes system for steady-state conditions","2014","Biochemical Engineering Journal","91","","","129","139","28","10.1016/j.bej.2014.08.001","https://www.scopus.com/pages/publications/84907376104?origin=resultslist","Article","Final","","Scopus","2-s2.0-84907376104"
"Del Valle J.M.; Núñez G.A.; Aravena R.I.","Del Valle, José M. (7005396861); Núñez, Gonzalo A. (18437589700); Aravena, Raúl I. (57218526186)","7005396861; 18437589700; 57218526186","Supercritical CO2 oilseed extraction in multi-vessel plants. 1. Minimization of operational cost","2014","Journal of Supercritical Fluids","92","","","197","207","28","10.1016/j.supflu.2014.05.018","https://www.scopus.com/pages/publications/84902650917?origin=resultslist","Article","Final","All Open Access; Green Open Access","Scopus","2-s2.0-84902650917"
"Hansen H.K.; Rojo A.; Ottosen L.M.","Hansen, Henrik K. (7403333704); Rojo, Adrian (56212827100); Ottosen, Lisbeth M. (7003887668)","7403333704; 56212827100; 7003887668","Electrokinetic remediation of copper mine tailings. Implementing bipolar electrodes","2007","Electrochimica Acta","52","10 SPEC. ISS.","","3355","3359","42","10.1016/j.electacta.2006.02.069","https://www.scopus.com/pages/publications/33846860243?origin=resultslist","Article","Final","","Scopus","2-s2.0-33846860243"
"Germain J.C.; Del Valle J.M.; De La Fuente J.C.","Germain, Juan C. (8351242200); Del Valle, José M. (7005396861); De La Fuente, Juan C. (8648287000)","8351242200; 7005396861; 8648287000","Natural convection retards supercritical CO2 extraction of essential oils and lipids from vegetable substrates","2005","Industrial and Engineering Chemistry Research","44","8","","2879","2886","28","10.1021/ie049119x","https://www.scopus.com/pages/publications/18244371677?origin=resultslist","Article","Final","All Open Access; Green Open Access","Scopus","2-s2.0-18244371677"
"Contreras E.; Sepúlveda L.; Palma C.","Contreras, Elsa (7006198790); Sepúlveda, Luisa (6603790488); Palma, Carolyn (7007004249)","7006198790; 6603790488; 7007004249","Valorization of agroindustrial wastes as biosorbent for the removal of textile dyes from aqueous solutions","2012","International Journal of Chemical Engineering","","","679352","","","41","10.1155/2012/679352","https://www.scopus.com/pages/publications/84862303571?origin=resultslist","Article","Final","All Open Access; Gold Open Access; Green Open Access","Scopus","2-s2.0-84862303571"
"Yianatos J.; Contreras F.","Yianatos, J. (7004328398); Contreras, F. (23667185900)","7004328398; 23667185900","Particle entrainment model for industrial flotation cells","2010","Powder Technology","197","3","","260","267","85","10.1016/j.powtec.2009.10.001","https://www.scopus.com/pages/publications/70449622585?origin=resultslist","Article","Final","All Open Access; Green Open Access","Scopus","2-s2.0-70449622585"
"Gutiérrez C.; Hansen H.K.; Nuñez P.; Jensen P.E.; Ottosen L.M.","Gutiérrez, Claudia (35190237200); Hansen, Henrik K. (7403333704); Nuñez, Patricio (22035372800); Jensen, Pernille E. (8201545300); Ottosen, Lisbeth M. (7003887668)","35190237200; 7403333704; 22035372800; 8201545300; 7003887668","Electrochemical peroxidation as a tool to remove arsenic and copper from smelter wastewater","2010","Journal of Applied Electrochemistry","40","6","","1031","1038","26","10.1007/s10800-009-0045-6","https://www.scopus.com/pages/publications/77955775451?origin=resultslist","Article","Final","All Open Access; Green Open Access","Scopus","2-s2.0-77955775451"
"Antonucci C.M.; Borzone L.A.","Antonucci, Cristian M. (57062868500); Borzone, Luis A. (6603412197)","57062868500; 6603412197","Numerical study of regime transitions in a fluidized bed","2016","Particulate Science and Technology","34","6","","691","698","0","10.1080/02726351.2015.1107161","https://www.scopus.com/pages/publications/84954553117?origin=resultslist","Review","Final","","Scopus","2-s2.0-84954553117"
"Gutiérrez C.; Hansen H.K.; Gonzalez C.","Gutiérrez, Claudia (35190237200); Hansen, Henrik K. (7403333704); Gonzalez, Catalina (55436386500)","35190237200; 7403333704; 55436386500","Electrodialytic remediation of soil contaminated with copper; [Remediación electrodialítica de suelo contaminado con cobre]","2010","Afinidad","67","549","","355","361","0","","https://www.scopus.com/pages/publications/79958811235?origin=resultslist","Article","Final","","Scopus","2-s2.0-79958811235"
"Ottosen L.M.; Jensen P.E.; Hansen H.K.; Ribeiro A.; Allard B.","Ottosen, Lisbeth M. (7003887668); Jensen, Pernille E. (8201545300); Hansen, Henrik K. (7403333704); Ribeiro, Alexandra (57230861100); Allard, Bert (7006867724)","7003887668; 8201545300; 7403333704; 57230861100; 7006867724","Electrodialytic remediation of soil slurry-removal of Cu, Cr, and As","2009","Separation Science and Technology","44","10","","2245","2268","16","10.1080/01496390902979651","https://www.scopus.com/pages/publications/70449506947?origin=resultslist","Article","Final","","Scopus","2-s2.0-70449506947"
"Dreyse P.; González I.; Cortés-Arriagada D.; Ramírez O.; Salas I.; González A.; Toro-Labbe A.; Loeb B.","Dreyse, Paulina (14035589500); González, Iván (8304295700); Cortés-Arriagada, Diego (47560926600); Ramírez, Oscar (57194275186); Salas, Ignacio (57190168801); González, Andrea (57190167835); Toro-Labbe, Alejandro (57195459910); Loeb, Bárbara (7003430327)","14035589500; 8304295700; 47560926600; 57194275186; 57190168801; 57190167835; 57195459910; 7003430327","New cyclometalated Ir(III) complexes with bulky ligands with potential applications in LEC devices: Experimental and theoretical studies of their photophysical properties","2016","New Journal of Chemistry","40","7","","6253","6263","17","10.1039/c6nj00213g","https://www.scopus.com/pages/publications/84978166204?origin=resultslist","Article","Final","","Scopus","2-s2.0-84978166204"
"Hansen H.K.; Nuñez P.; Raboy D.; Schippacasse I.; Grandon R.","Hansen, Henrik K. (7403333704); Nuñez, Patricio (22035372800); Raboy, Deborah (15842304100); Schippacasse, Italo (15842641600); Grandon, Rodrigo (56225523400)","7403333704; 22035372800; 15842304100; 15842641600; 56225523400","Electrocoagulation in wastewater containing arsenic: Comparing different process designs","2007","Electrochimica Acta","52","10 SPEC. ISS.","","3464","3470","112","10.1016/j.electacta.2006.01.090","https://www.scopus.com/pages/publications/33846873455?origin=resultslist","Article","Final","","Scopus","2-s2.0-33846873455"
"Bergh L.G.; Gómez D.","Bergh, Luis G. (6701774149); Gómez, David (57196550621)","6701774149; 57196550621","On line monitoring and diagnosis of the operation of a hybrid CSTR by using PCA models","2009","Computer Aided Chemical Engineering","27","C","","1203","1208","3","10.1016/S1570-7946(09)70591-7","https://www.scopus.com/pages/publications/77649327329?origin=resultslist","Conference paper","Final","","Scopus","2-s2.0-77649327329"
"Skurtys O.; Velásquez P.; Osorio F.","Skurtys, O. (23096076900); Velásquez, P. (36953331700); Osorio, F. (57190294503)","23096076900; 36953331700; 57190294503","Wetting behavior of Chitosan Solutions on blueberry epicarp with or without epicuticular waxes","2015","Food Engineering Series","","","","509","518","2","10.1007/978-1-4939-2578-0_46","https://www.scopus.com/pages/publications/85057547178?origin=resultslist","Book chapter","Final","","Scopus","2-s2.0-85057547178"
"Del Valle J.M.; Jiménez M.; De la Fuente J.C.","Del Valle, J.M. (7005396861); Jiménez, M. (7402002062); De la Fuente, J.C. (8648287000)","7005396861; 7402002062; 8648287000","Extraction kinetics of pre-pelletized jalapeño peppers with supercritical CO2","2003","Journal of Supercritical Fluids","25","1","","33","44","51","10.1016/S0896-8446(02)00090-6","https://www.scopus.com/pages/publications/0037233761?origin=resultslist","Article","Final","All Open Access; Green Open Access","Scopus","2-s2.0-0037233761"
"Taboada-Puig R.; Eibes G.; Lloret L.; Lú-Chau T.A.; Feijoo G.; Moreira M.T.; Lema J.M.","Taboada-Puig, R. (36018871800); Eibes, G. (8569113200); Lloret, L. (36521473200); Lú-Chau, T.A. (6507735654); Feijoo, G. (7003967670); Moreira, M.T. (26424779900); Lema, J.M. (7005371394)","36018871800; 8569113200; 36521473200; 6507735654; 7003967670; 26424779900; 7005371394","Fostering the action of versatile peroxidase as a highly efficient biocatalyst for the removal of endocrine disrupting compounds","2016","New Biotechnology","33","1","","187","195","33","10.1016/j.nbt.2015.05.003","https://www.scopus.com/pages/publications/84947019236?origin=resultslist","Article","Final","","Scopus","2-s2.0-84947019236"
"Rojo A.; Hansen H.K.; Agramonte M.","Rojo, Adrian (56212827100); Hansen, Henrik K. (7403333704); Agramonte, Milagros (37103622600)","56212827100; 7403333704; 37103622600","Electrokinetic remediation with high frequency sinusoidal electric fields","2011","Separation and Purification Technology","79","2","","139","143","14","10.1016/j.seppur.2011.03.029","https://www.scopus.com/pages/publications/79956373908?origin=resultslist","Conference paper","Final","All Open Access; Green Open Access","Scopus","2-s2.0-79956373908"
"Yianatos J.B.","Yianatos, Juan B. (7004328398)","7004328398","Fluid flow and kinetic modelling in flotation related processes: Columns and mechanically agitated cells - A review","2007","Chemical Engineering Research and Design","85","12 A","","1591","1603","86","10.1016/S0263-8762(07)73204-5","https://www.scopus.com/pages/publications/38549167993?origin=resultslist","Review","Final","","Scopus","2-s2.0-38549167993"
"Overwin H.; González M.; Méndez V.; Cárdenas F.; Seeger M.; Hofer B.","Overwin, Heike (16233929300); González, Myriam (44061479300); Méndez, Valentina (37097461600); Cárdenas, Franco (57062356800); Seeger, Michael (7102846172); Hofer, Bernd (7005768852)","16233929300; 44061479300; 37097461600; 57062356800; 7102846172; 7005768852","Stepwise conversion of flavonoids by engineered dioxygenases and dehydrogenase: Characterization of novel biotransformation products","2015","Enzyme and Microbial Technology","81","","","63","71","4","10.1016/j.enzmictec.2015.08.001","https://www.scopus.com/pages/publications/84955237117?origin=resultslist","Article","Final","All Open Access; Green Open Access","Scopus","2-s2.0-84955237117"
"Rojo A.; Hansen H.K.; Ottosen L.M.","Rojo, A. (56212827100); Hansen, H.K. (7403333704); Ottosen, L.M. (7003887668)","56212827100; 7403333704; 7003887668","Electrodialytic remediation of copper mine tailings. Effects of different operational conditions","2006","CHISA 2006 - 17th International Congress of Chemical and Process Engineering","","","","","","0","","https://www.scopus.com/pages/publications/34748872652?origin=resultslist","Conference paper","Final","","Scopus","2-s2.0-34748872652"
"Holdsworth S.D.; Simpson R.","Holdsworth, S. Donald (7006410659); Simpson, Ricardo (56239119700)","7006410659; 56239119700","Heat Transfer","2016","Food Engineering Series","","","","17","88","3","10.1007/978-3-319-24904-9_2","https://www.scopus.com/pages/publications/85060708920?origin=resultslist","Book chapter","Final","","Scopus","2-s2.0-85060708920"
"Mehta D.D.; Van Stan J.H.; Zañartu M.; Ghassemi M.; Guttag J.V.; Espinoza V.M.; Cortés J.P.; Cheyne H.A., II; Hillman R.E.","Mehta, Daryush D. (24179154700); Van Stan, Jarrad H. (55879182400); Zañartu, Matías (15838299100); Ghassemi, Marzyeh (56305414400); Guttag, John V. (6604047779); Espinoza, Víctor M. (57195395721); Cortés, Juan P. (57205148841); Cheyne, Harold A. (6602492788); Hillman, Robert E. (7103042301)","24179154700; 55879182400; 15838299100; 56305414400; 6604047779; 57195395721; 57205148841; 6602492788; 7103042301","Using ambulatory voice monitoring to investigate common voice disorders: Research update","2015","Frontiers in Bioengineering and Biotechnology","3","OCT","155","","","117","10.3389/fbioe.2015.00155","https://www.scopus.com/pages/publications/84971242435?origin=resultslist","Article","Final","All Open Access; Gold Open Access; Green Open Access","Scopus","2-s2.0-84971242435"
"Ottosen L.M.; Pedersen A.J.; Hansen H.K.; Ribeiro A.B.","Ottosen, Lisbeth M. (7003887668); Pedersen, Anne J. (7202802059); Hansen, Henrik K. (7403333704); Ribeiro, Alexandra B. (57230861100)","7003887668; 7202802059; 7403333704; 57230861100","Screening the possibility for removing cadmium and other heavy metals from wastewater sludge and bio-ashes by an electrodialytic method","2007","Electrochimica Acta","52","10 SPEC. ISS.","","3420","3426","44","10.1016/j.electacta.2006.06.048","https://www.scopus.com/pages/publications/33846871720?origin=resultslist","Article","Final","","Scopus","2-s2.0-33846871720"
"Yianatos J.B.; Bergh L.G.; Díaz F.; Rodríguez J.","Yianatos, Juan B. (7004328398); Bergh, Luis G. (6701774149); Díaz, Francisco (57205852825); Rodríguez, Jorge (56282278500)","7004328398; 6701774149; 57205852825; 56282278500","Mixing characteristics of industrial flotation equipment","2005","Chemical Engineering Science","60","8-9 SPEC. ISS.","","2273","2282","63","10.1016/j.ces.2004.10.039","https://www.scopus.com/pages/publications/14544292480?origin=resultslist","Conference paper","Final","","Scopus","2-s2.0-14544292480"
"Barraza R.; Nellis G.; Klein S.; Reindl D.","Barraza, Rodrigo (56979154900); Nellis, Gregory (9942651400); Klein, Sanford (57191386256); Reindl, Douglas (7004869902)","56979154900; 9942651400; 57191386256; 7004869902","Measured and predicted heat transfer coefficients for boiling zeotropic mixed refrigerants in horizontal tubes","2016","International Journal of Heat and Mass Transfer","97","","","683","695","18","10.1016/j.ijheatmasstransfer.2016.02.030","https://www.scopus.com/pages/publications/84959530241?origin=resultslist","Article","Final","","Scopus","2-s2.0-84959530241"
"Segura R.A.; Hevia S.; Häberle P.","Segura, Rodrigo A. (15027635700); Hevia, Samuel (23974562300); Häberle, Patricio (6602338067)","15027635700; 23974562300; 6602338067","Growth of carbon nanostructures using a pd-based catalyst","2011","Journal of Nanoscience and Nanotechnology","11","11","","10036","10046","10","10.1166/jnn.2011.4998","https://www.scopus.com/pages/publications/84857157137?origin=resultslist","Article","Final","All Open Access; Green Open Access","Scopus","2-s2.0-84857157137"
"Gutiérrez C.; Hansen H.K.; Núñez P.; Valdés E.","Gutiérrez, Claudia (35190237200); Hansen, Henrik K. (7403333704); Núñez, Patricio (22035372800); Valdés, Erika (57220357337)","35190237200; 7403333704; 22035372800; 57220357337","Electrochemical peroxidation using iron nanoparticles to remove arsenic from copper smelter wastewater","2015","Electrochimica Acta","181","","","228","232","28","10.1016/j.electacta.2015.01.070","https://www.scopus.com/pages/publications/84945139856?origin=resultslist","Article","Final","","Scopus","2-s2.0-84945139856"
"Sabolová R.; Sečkárová V.; Dušek J.; Stehlík M.","Sabolová, R. (37081787000); Sečkárová, V. (55790732500); Dušek, J. (57195133376); Stehlík, M. (36521554000)","37081787000; 55790732500; 57195133376; 36521554000","Entropy based statistical inference for methane emissions released from wetland","2015","Chemometrics and Intelligent Laboratory Systems","141","","","125","133","11","10.1016/j.chemolab.2014.12.008","https://www.scopus.com/pages/publications/84921535474?origin=resultslist","Article","Final","All Open Access; Green Open Access","Scopus","2-s2.0-84921535474"
"Aguirre-Ode F.","Aguirre-Ode, Fernando (6602551539)","6602551539","Thermodynamics of associated solutions with volume effects","1983","Fluid Phase Equilibria","13","C","","321","329","2","10.1016/0378-3812(83)80103-4","https://www.scopus.com/pages/publications/0020834394?origin=resultslist","Article","Final","","Scopus","2-s2.0-0020834394"
"Chicardi E.; Córdoba J.M.; Gotor F.J.","Chicardi, E. (46461062300); Córdoba, J.M. (26538552800); Gotor, F.J. (7003412451)","46461062300; 26538552800; 7003412451","Kinetics of high-temperature oxidation of (Ti,Ta)(C,N)-based cermets","2016","Corrosion Science","102","","","168","177","51","10.1016/j.corsci.2015.10.006","https://www.scopus.com/pages/publications/84959112340?origin=resultslist","Article","Final","All Open Access; Green Open Access","Scopus","2-s2.0-84959112340"
"Mairet F.; Moisan M.; Bernard O.","Mairet, Francis (35792398100); Moisan, Marcelo (23570913800); Bernard, Olivier (8509748200)","35792398100; 23570913800; 8509748200","Estimation of neutral lipid and carbohydrate quotas in microalgae using adaptive interval observers","2014","Bioprocess and Biosystems Engineering","37","1","","51","61","17","10.1007/s00449-013-0913-7","https://www.scopus.com/pages/publications/84895828281?origin=resultslist","Article","Final","All Open Access; Green Open Access","Scopus","2-s2.0-84895828281"
"Dreyse P.; Honores J.; Quezada D.; Isaacs M.","Dreyse, Paulina (14035589500); Honores, Jessica (55328520100); Quezada, Diego (55328311500); Isaacs, Mauricio (7103363276)","14035589500; 55328520100; 55328311500; 7103363276","Electrocatalytic Transformation of Carbon Dioxide into Low Carbon Compounds on Conducting Polymers Derived from Multimetallic Porphyrins","2015","ChemSusChem","8","22","","3897","3904","17","10.1002/cssc.201500816","https://www.scopus.com/pages/publications/84948717345?origin=resultslist","Article","Final","All Open Access; Green Open Access","Scopus","2-s2.0-84948717345"
"Andersen F.; Iturmendi F.; Espinosa S.; Diaz M.S.","Andersen, F. (36863344700); Iturmendi, F. (36863882800); Espinosa, S. (7003678352); Diaz, M.S. (7402043930)","36863344700; 36863882800; 7003678352; 7402043930","Optimal design and planning of biodiesel supply chain with land competition","2012","Computers and Chemical Engineering","47","","","170","182","66","10.1016/j.compchemeng.2012.06.044","https://www.scopus.com/pages/publications/84869490968?origin=resultslist","Article","Final","All Open Access; Bronze Open Access; Green Open Access","Scopus","2-s2.0-84869490968"
"Aguilera J.M.; Barbosa-Cánovas G.V.; Simpson R.; Welti-Chanes J.; Bermúdez-Aguirre D.","Aguilera, José Miguel (35605971400); Barbosa-Cánovas, Gustavo V. (7005248121); Simpson, Ricardo (56239119700); Welti-Chanes, Jorge (6603518453); Bermúdez-Aguirre, Daniela (10440106500)","35605971400; 7005248121; 56239119700; 6603518453; 10440106500","Preface","2011","Food Engineering Series","","","","v","vi","0","","https://www.scopus.com/pages/publications/85060596092?origin=resultslist","Editorial","Final","","Scopus","2-s2.0-85060596092"
"Enrione J.I.; Sáez C.; López D.; Skurtys O.; Acevedo C.; Osorio F.; MacNaughtan W.; Hill S.","Enrione, Javier I. (15829018400); Sáez, Carlos (39362380400); López, Daniel (56857187300); Skurtys, Olivier (23096076900); Acevedo, Cristian (7004963806); Osorio, Fernando (57190294503); MacNaughtan, William (6602748838); Hill, Sandra (35555297500)","15829018400; 39362380400; 56857187300; 23096076900; 7004963806; 57190294503; 6602748838; 35555297500","Structural Relaxation of Salmon Gelatin Films in the Glassy State","2012","Food and Bioprocess Technology","5","6","","2446","2453","19","10.1007/s11947-011-0618-3","https://www.scopus.com/pages/publications/84864414941?origin=resultslist","Article","Final","","Scopus","2-s2.0-84864414941"
"Hansen H.K.; Nuñez P.; Jil C.","Hansen, Henrik K. (7403333704); Nuñez, Patricio (22035372800); Jil, Cesar (23485188300)","7403333704; 22035372800; 23485188300","Removal of arsenic from wastewaters by airlift electrocoagulation. Part 1: Batch reactor experiments","2008","Separation Science and Technology","43","1","","212","224","31","10.1080/01496390701626859","https://www.scopus.com/pages/publications/38849187330?origin=resultslist","Article","Final","","Scopus","2-s2.0-38849187330"
"Reszka P.; Borowiec P.; Steinhaus T.; Torero J.L.","Reszka, P. (23098198000); Borowiec, P. (57225267362); Steinhaus, T. (17343076100); Torero, J.L. (7004558676)","23098198000; 57225267362; 17343076100; 7004558676","A methodology for the estimation of ignition delay times in forest fire modelling","2012","Combustion and Flame","159","12","","3652","3657","58","10.1016/j.combustflame.2012.08.004","https://www.scopus.com/pages/publications/84867904469?origin=resultslist","Article","Final","","Scopus","2-s2.0-84867904469"
"Mairet F.; Moisan M.; Bernard O.","Mairet, Francis (35792398100); Moisan, Marcelo (23570913800); Bernard, Olivier (8509748200)","35792398100; 23570913800; 8509748200","Interval observer with near optimal adaptation dynamics. Application to the estimation of lipid quota in microalgae","2014","International Journal of Robust and Nonlinear Control","24","6","","1142","1157","9","10.1002/rnc.2934","https://www.scopus.com/pages/publications/84896546123?origin=resultslist","Article","Final","","Scopus","2-s2.0-84896546123"
"Valderrama J.O.; Robles P.A.; De La Fuente J.C.","Valderrama, José O. (7005194999); Robles, Pedro A. (12774054800); De La Fuente, Juan C. (8648287000)","7005194999; 12774054800; 8648287000","Determining the sublimation pressure of capsaicin using high-pressure solubility data of capsaicin + CO2 mixtures","2006","Journal of Chemical and Engineering Data","51","5","","1783","1787","11","10.1021/je060188n","https://www.scopus.com/pages/publications/33749822755?origin=resultslist","Article","Final","All Open Access; Green Open Access","Scopus","2-s2.0-33749822755"
"Teixeira A.; Ghai G.; Almonacid S.","Teixeira, Arthur (55818108900); Ghai, Gaurav (57205558156); Almonacid, Sergio (6602451316)","55818108900; 57205558156; 6602451316","Advances and Challenges in Thermal Processing with Flexible Packages","2013","Food Engineering Series","","","","197","207","0","10.1007/978-1-4614-7906-2_11","https://www.scopus.com/pages/publications/85060512943?origin=resultslist","Book chapter","Final","","Scopus","2-s2.0-85060512943"
"Rosales C.","Rosales, Carlos (36828677400)","36828677400","Synthetic three-dimensional turbulent passive scalar fields via the minimal Lagrangian map","2011","Physics of Fluids","23","7","075106","","","4","10.1063/1.3609280","https://www.scopus.com/pages/publications/79960909319?origin=resultslist","Article","Final","All Open Access; Green Open Access","Scopus","2-s2.0-79960909319"
"De La Fuente J.C.; Valderrama J.O.; Bottini S.B.; Del Valle J.M.","De La Fuente, Juan C. (8648287000); Valderrama, José O. (7005194999); Bottini, Susana B. (7003933025); Del Valle, José M. (7005396861)","8648287000; 7005194999; 7003933025; 7005396861","Measurement and modeling of solubilities of capsaicin in high-pressure CO2                     ","2005","Journal of Supercritical Fluids","34","2 SPEC. ISS.","","195","201","35","10.1016/j.supflu.2004.11.014","https://www.scopus.com/pages/publications/15744399387?origin=resultslist","Article","Final","All Open Access; Bronze Open Access; Green Open Access","Scopus","2-s2.0-15744399387"
"Yianatos J.; Contreras F.; Díaz F.; Villanueva A.","Yianatos, J. (7004328398); Contreras, F. (23667185900); Díaz, F. (57205852825); Villanueva, A. (7101612854)","7004328398; 23667185900; 57205852825; 7101612854","Direct measurement of entrainment in large flotation cells","2009","Powder Technology","189","1","","42","47","39","10.1016/j.powtec.2008.05.013","https://www.scopus.com/pages/publications/57749186838?origin=resultslist","Article","Final","All Open Access; Green Open Access","Scopus","2-s2.0-57749186838"
"Erath B.D.; Peterson S.D.; Zañartu M.; Plesniak M.W.","Erath, Byron D. (13404663000); Peterson, Sean D. (7202288175); Zañartu, Matias (15838299100); Plesniak, Michael W. (7003715484)","13404663000; 7202288175; 15838299100; 7003715484","A wave reflection analog extension for reduced order vocal fold investigations with asymmetric intraglottal flows","2012","ASME 2012 Summer Bioengineering Conference, SBC 2012","","","","1265","1266","0","10.1115/SBC2012-80480","https://www.scopus.com/pages/publications/84882715476?origin=resultslist","Conference paper","Final","","Scopus","2-s2.0-84882715476"
"Almonacid S.F.; Torres J.A.","Almonacid, Sergio F. (6602451316); Torres, J. Antonio (55550722000)","6602451316; 55550722000","Uncertainty of microbial shelf-life estimations for refrigerated foods due to the experimental variability of the model parameters","2010","Journal of Food Process Engineering","33","SUPPL. 1","","66","84","12","10.1111/j.1745-4530.2008.00298.x","https://www.scopus.com/pages/publications/76249105860?origin=resultslist","Article","Final","","Scopus","2-s2.0-76249105860"
"Viveros P.; Nikulin C.; Crespo A.; Tapia R.; Stegmaier R.; Johns E.; Kristjanpoller F.","Viveros, Pablo (55234845600); Nikulin, Christopher (55574659500); Crespo, Adolfo (24175681000); Tapia, René (55809803300); Stegmaier, Raúl (55249392600); Johns, Edward (54992874900); Kristjanpoller, Fredy (55227316300)","55234845600; 55574659500; 24175681000; 55809803300; 55249392600; 54992874900; 55227316300","A support system for selecting the most suitable spare parts strategy","2015","Lecture Notes in Mechanical Engineering","19","","","19","29","0","10.1007/978-3-319-09507-3_3","https://www.scopus.com/pages/publications/84950998596?origin=resultslist","Article","Final","","Scopus","2-s2.0-84950998596"
"Nuñez P.; Hansen H.K.; Rodriguez N.; Guzman J.; Gutierrez C.","Nuñez, Patricio (22035372800); Hansen, Henrik K. (7403333704); Rodriguez, Nicolas (24470523300); Guzman, Jaime (24469534300); Gutierrez, Claudia (35190237200)","22035372800; 7403333704; 24470523300; 24469534300; 35190237200","Electrochemical generation of fenton's reagent to treat spent caustic wastewater","2009","Separation Science and Technology","44","10","","2223","2233","22","10.1080/01496390902979545","https://www.scopus.com/pages/publications/70449470330?origin=resultslist","Article","Final","All Open Access; Green Open Access","Scopus","2-s2.0-70449470330"
"Garcés L.; Vásquez C.; Contreras E.; Urra J.; Diez M.C.; Guerrero L.; Palma C.","Garcés, L. (57188535184); Vásquez, C. (52063936300); Contreras, E. (7006198790); Urra, J. (15752177200); Diez, M.C. (7102085487); Guerrero, L. (7006028997); Palma, C. (7007004249)","57188535184; 52063936300; 7006198790; 15752177200; 7102085487; 7006028997; 7007004249","An alternative, banana peel-based medium used to investigate the catalytic properties of peroxidase from a fungus, inonotus sp sp2, recently isolated in southern chile","2012","Biotechnology and Bioprocess Engineering","17","5","","972","980","8","10.1007/s12257-012-0295-8","https://www.scopus.com/pages/publications/84871186718?origin=resultslist","Article","Final","All Open Access; Green Open Access","Scopus","2-s2.0-84871186718"
"De La Fuente Badilla J.C.; Peters C.J.; De Swaan Arons J.","De La Fuente Badilla, J.C. (15738086900); Peters, C.J. (7402558595); De Swaan Arons, J. (7006138680)","15738086900; 7402558595; 7006138680","Volume expansion in relation to the gas-antisolvent process","2000","Journal of Supercritical Fluids","17","1","","13","23","153","10.1016/S0896-8446(99)00045-5","https://www.scopus.com/pages/publications/0034728307?origin=resultslist","Article","Final","","Scopus","2-s2.0-0034728307"
"Valencia P.; Wilson L.; Aguirre C.; Illanes A.","Valencia, Pedro (57201824872); Wilson, Lorena (7403520925); Aguirre, Carolina (7005079092); Illanes, A. (7004170275)","57201824872; 7403520925; 7005079092; 7004170275","Evaluation of the incidence of diffusional restrictions on the enzymatic reactions of hydrolysis of penicillin G and synthesis of cephalexin","2010","Enzyme and Microbial Technology","47","6","","268","276","27","10.1016/j.enzmictec.2010.07.010","https://www.scopus.com/pages/publications/77956467132?origin=resultslist","Article","Final","All Open Access; Green Open Access","Scopus","2-s2.0-77956467132"
"Rojo A.; Hansen H.K.; Cubillos M.","Rojo, Adrian (56212827100); Hansen, Henrik K. (7403333704); Cubillos, Marcela (55214784100)","56212827100; 7403333704; 55214784100","Electrokinetic remediation using pulsed sinusoidal electric field","2012","Electrochimica Acta","86","","","124","129","37","10.1016/j.electacta.2012.04.070","https://www.scopus.com/pages/publications/84870678086?origin=resultslist","Conference paper","Final","","Scopus","2-s2.0-84870678086"
"Borzone L.A.","Borzone, Luis A. (6603412197)","6603412197","A comparison of particle wear in pneumatic transport","2010","Chemical Engineering Communications","197","9","","1215","1224","5","10.1080/00986440903574891","https://www.scopus.com/pages/publications/77950911496?origin=resultslist","Article","Final","","Scopus","2-s2.0-77950911496"
"Apel V.M.; Orellana P.A.; Pacheco M.","Apel, V.M. (6603234559); Orellana, P.A. (56246097800); Pacheco, M. (57217223434)","6603234559; 56246097800; 57217223434","Fano and Dicke effects in a double Rashba-ring system","2008","Nanotechnology","19","35","355202","","","10","10.1088/0957-4484/19/35/355202","https://www.scopus.com/pages/publications/48249144063?origin=resultslist","Article","Final","","Scopus","2-s2.0-48249144063"
"Simpson R.; Carevic E.; Pinto M.; Cortés C.","Simpson, R. (56239119700); Carevic, E. (23089943700); Pinto, M. (7202889875); Cortés, C. (7006195636)","56239119700; 23089943700; 7202889875; 7006195636","Development of frozen sushi: Optimization and shelf life simulation","2008","Journal of Food Processing and Preservation","32","4","","681","696","2","10.1111/j.1745-4549.2008.00208.x","https://www.scopus.com/pages/publications/48849096389?origin=resultslist","Article","Final","","Scopus","2-s2.0-48849096389"
"Holdsworth S.D.; Simpson R.","Holdsworth, S. Donald (7006410659); Simpson, Ricardo (56239119700)","7006410659; 56239119700","Process Instrumentation, Online Control, and Plant Automation","2016","Food Engineering Series","","","","425","454","2","10.1007/978-3-319-24904-9_21","https://www.scopus.com/pages/publications/85060735363?origin=resultslist","Book chapter","Final","","Scopus","2-s2.0-85060735363"
"Enrione J.; Díaz-Calderón P.; Weinstein-Oppenheimer C.R.; Sánchez E.; Fuentes M.A.; Brown D.I.; Herrera H.; Acevedo C.A.","Enrione, Javier (15829018400); Díaz-Calderón, Paulo (55180615500); Weinstein-Oppenheimer, Caroline R. (8789487000); Sánchez, Elizabeth (7403362626); Fuentes, Miguel A. (57197879206); Brown, Donald I. (7407730678); Herrera, Hugo (56362377300); Acevedo, Cristian A. (7004963806)","15829018400; 55180615500; 8789487000; 7403362626; 57197879206; 7407730678; 56362377300; 7004963806","Designing a gelatin/chitosan/hyaluronic acid biopolymer using a thermophysical approach for use in tissue engineering","2013","Bioprocess and Biosystems Engineering","36","12","","1947","1956","24","10.1007/s00449-013-0971-x","https://www.scopus.com/pages/publications/84892435644?origin=resultslist","Article","Final","All Open Access; Green Open Access","Scopus","2-s2.0-84892435644"
"Bayen T.; Mairet F.","Bayen, Térence (22133757700); Mairet, Francis (35792398100)","22133757700; 35792398100","Minimal time control of fed-batch bioreactor with product inhibition","2013","Bioprocess and Biosystems Engineering","36","10","","1485","1496","24","10.1007/s00449-013-0911-9","https://www.scopus.com/pages/publications/84884595857?origin=resultslist","Article","Final","All Open Access; Green Open Access","Scopus","2-s2.0-84884595857"
"Montalvo S.; Guerrero L.; Rivera E.; Borja R.; Chica A.; Martín A.","Montalvo, S. (6701371309); Guerrero, L. (7006028997); Rivera, E. (59569031400); Borja, R. (12545180200); Chica, A. (6701716925); Martín, A. (7404931460)","6701371309; 7006028997; 59569031400; 12545180200; 6701716925; 7404931460","Kinetic evaluation and performance of pilot-scale fed-batch aerated lagoons treating winery wastewaters","2010","Bioresource Technology","101","10","","3452","3456","22","10.1016/j.biortech.2009.12.101","https://www.scopus.com/pages/publications/76349106406?origin=resultslist","Article","Final","All Open Access; Green Open Access","Scopus","2-s2.0-76349106406"
"Chicardi E.; Gotor F.J.; Medri V.; Guicciardi S.; Lascano S.; Córdoba J.M.","Chicardi, E. (46461062300); Gotor, F.J. (7003412451); Medri, V. (6602760240); Guicciardi, S. (6603852767); Lascano, S. (56010754300); Córdoba, J.M. (26538552800)","46461062300; 7003412451; 6602760240; 6603852767; 56010754300; 26538552800","Hot-pressing of (Ti,Mt)(C,N)-Co-Mo2C (Mt = Ta,Nb) powdered cermets synthesized by a mechanically induced self-sustaining reaction","2016","Chemical Engineering Journal","292","","","51","61","32","10.1016/j.cej.2016.02.007","https://www.scopus.com/pages/publications/84958793727?origin=resultslist","Article","Final","All Open Access; Green Open Access","Scopus","2-s2.0-84958793727"
"Florez J.M.; Núñez Á.S.; Vargas P.","Florez, J.M. (23977945100); Núñez, Álvaro S (7103278877); Vargas, P. (7005330462)","23977945100; 7103278877; 7005330462","Quantum tunneling in nanomagnetic systems with different uniaxial anisotropy order","2009","Nanotechnology","20","46","465403","","","2","10.1088/0957-4484/20/46/465403","https://www.scopus.com/pages/publications/70350580820?origin=resultslist","Article","Final","All Open Access; Green Open Access","Scopus","2-s2.0-70350580820"
"Holdsworth S.D.; Simpson R.","Holdsworth, S. Donald (7006410659); Simpson, Ricardo (56239119700)","7006410659; 56239119700","Thermal Food Processing Equipment","2016","Food Engineering Series","","","","337","366","1","10.1007/978-3-319-24904-9_17","https://www.scopus.com/pages/publications/85060703094?origin=resultslist","Book chapter","Final","","Scopus","2-s2.0-85060703094"
"Rojo A.; Hansen H.K.; Del Campo J.","Rojo, Adrian (56212827100); Hansen, Henrik K. (7403333704); Del Campo, Jorge (36457513400)","56212827100; 7403333704; 36457513400","Electrodialytic remediation of copper mine tailings with sinusoidal electric field","2010","Journal of Applied Electrochemistry","40","6","","1095","1100","21","10.1007/s10800-010-0074-1","https://www.scopus.com/pages/publications/77955775898?origin=resultslist","Article","Final","All Open Access; Green Open Access","Scopus","2-s2.0-77955775898"
"León A.; Reuquen P.; Garín C.; Segura R.; Vargas P.; Zapata P.; Orihuela P.A.","León, Andrea (57190737041); Reuquen, Patricia (55971658800); Garín, Carolina (36052995100); Segura, Rodrigo (15027635700); Vargas, Patricio (7005330462); Zapata, Paula (24469397200); Orihuela, Pedro A. (6602770715)","57190737041; 55971658800; 36052995100; 15027635700; 7005330462; 24469397200; 6602770715","FTIR and raman characterization of TiO2 nanoparticles coated with polyethylene glycol as carrier for 2-methoxyestradiol","2017","Applied Sciences (Switzerland)","7","1","49","","","618","10.3390/app7010049","https://www.scopus.com/pages/publications/85011708067?origin=resultslist","Article","Final","All Open Access; Gold Open Access; Green Open Access","Scopus","2-s2.0-85011708067"
"De La Fuente J.C.; Bottini S.B.; Peters C.J.","De La Fuente, Juan C. (8648287000); Bottini, Susana B. (7003933025); Peters, Cor J. (7402558595)","8648287000; 7003933025; 7402558595","Measurement of the phase behavior of the ternary system carbon dioxide + acetone + phenanthrene","2006","Journal of Chemical and Engineering Data","51","1","","2","6","8","10.1021/je0496239","https://www.scopus.com/pages/publications/31444455523?origin=resultslist","Article","Final","All Open Access; Green Open Access","Scopus","2-s2.0-31444455523"
"Sandoval T.E.; Espinoza L.J.; Guerra I.A.; Olea A.F.; Gárate M.P.","Sandoval, Tania E. (57197507023); Espinoza, Luis J. (7103098526); Guerra, Ignacio A. (7003485449); Olea, Andrés F. (6603911583); Gárate, María P. (18133517700)","57197507023; 7103098526; 7003485449; 6603911583; 18133517700","Study of the size and morphology of aggregates formed by pentaethylene glycol monooctyl ether (C8EO5) in n-heptane","2012","Colloids and Surfaces A: Physicochemical and Engineering Aspects","398","","","17","23","9","10.1016/j.colsurfa.2012.02.002","https://www.scopus.com/pages/publications/84858621379?origin=resultslist","Article","Final","","Scopus","2-s2.0-84858621379"
"Hansen H.K.; Nuñez P.","Hansen, Henrik K. (7403333704); Nuñez, Patricio (22035372800)","7403333704; 22035372800","Electrocoagulation in wastewaters containing arsenic. Comparing different reactor design","2006","CHISA 2006 - 17th International Congress of Chemical and Process Engineering","","","","","","0","","https://www.scopus.com/pages/publications/34748829950?origin=resultslist","Conference paper","Final","","Scopus","2-s2.0-34748829950"
"Valenzuela M.A.; Gárate M.P.; Olea A.F.","Valenzuela, M. Ángeles (57197676680); Gárate, M. Pilar (18133517700); Olea, Andres F. (6603911583)","57197676680; 18133517700; 6603911583","Surface activity of alcohols ethoxylates at the n-heptane/water interface","2007","Colloids and Surfaces A: Physicochemical and Engineering Aspects","307","1-3","","28","34","27","10.1016/j.colsurfa.2007.04.059","https://www.scopus.com/pages/publications/34547558584?origin=resultslist","Article","Final","","Scopus","2-s2.0-34547558584"
"Sáez A.; Toledo M.","Sáez, Alejandro (26433829600); Toledo, Mario (58984742000)","26433829600; 58984742000","Thermal effect of the adsorption heat on an adsorbed natural gas storage and transportation systems","2009","Applied Thermal Engineering","29","13","","2617","2623","55","10.1016/j.applthermaleng.2008.10.020","https://www.scopus.com/pages/publications/66149182688?origin=resultslist","Article","Final","All Open Access; Green Open Access","Scopus","2-s2.0-66149182688"
"De La Fuente B J.C.; Bottini S.B.","De La Fuente B, Juan C (8648287000); Bottini, Susana B (7003933025)","8648287000; 7003933025","High-pressure phase equilibria and thermodynamic modelling for the binary systems CO2+lemon oil and C2H6+lemon oil","2000","Fluid Phase Equilibria","175","1-2","","45","52","12","10.1016/S0378-3812(00)00454-4","https://www.scopus.com/pages/publications/0034351222?origin=resultslist","Article","Final","","Scopus","2-s2.0-0034351222"
"Navia D.; Briceño L.; Gutiérrez G.; De Prada C.","Navia, D. (55263003900); Briceño, L. (36676832100); Gutiérrez, G. (22833996000); De Prada, C. (6603379715)","55263003900; 36676832100; 22833996000; 6603379715","Modifier-Adaptation Methodology for Real-Time Optimization Reformulated as a Nested Optimization Problem","2015","Industrial and Engineering Chemistry Research","54","48","","12054","12071","34","10.1021/acs.iecr.5b01946","https://www.scopus.com/pages/publications/84949058144?origin=resultslist","Article","Final","","Scopus","2-s2.0-84949058144"
"Soussi J.P.; Demarco R.; Consalvi J.L.; Liu F.; Fuentes A.","Soussi, J.P. (57195591081); Demarco, R. (42361029000); Consalvi, J.L. (6506341914); Liu, F. (55493554300); Fuentes, A. (8725383200)","57195591081; 42361029000; 6506341914; 55493554300; 8725383200","Influence of soot aging on soot production for laminar propane diffusion flames","2017","Fuel","210","","","472","481","14","10.1016/j.fuel.2017.08.086","https://www.scopus.com/pages/publications/85028978670?origin=resultslist","Article","Final","","Scopus","2-s2.0-85028978670"
"del Valle J.M.; de la Fuente J.C.; Uquiche E.; Zetzl C.; Brunner G.","del Valle, José M. (7005396861); de la Fuente, Juan C. (8648287000); Uquiche, Edgar (6506563189); Zetzl, Carsten (6507390838); Brunner, Gerd (7102581507)","7005396861; 8648287000; 6506563189; 6507390838; 7102581507","Mass Transfer and Equilibrium Parameters on High-Pressure CO2 Extraction of Plant Essential Oils","2011","Food Engineering Series","","","","393","470","25","10.1007/978-1-4419-7475-4_17","https://www.scopus.com/pages/publications/84958126018?origin=resultslist","Book chapter","Final","","Scopus","2-s2.0-84958126018"
"O'Dwyer C.; Szachowicz M.; Visimberga G.; Lavayen V.; Newcomb S.B.; Torres C.M.S.","O'Dwyer, C. (8645982400); Szachowicz, M. (15830863600); Visimberga, G. (6505924047); Lavayen, V. (6507891190); Newcomb, S.B. (7005319984); Torres, C. M. Sotomayor (35403074800)","8645982400; 15830863600; 6505924047; 6507891190; 7005319984; 35403074800","Bottom-up growth of fully transparent contact layers of indium tin oxide nanowires for light-emitting devices","2009","Nature Nanotechnology","4","4","","239","244","170","10.1038/nnano.2008.418","https://www.scopus.com/pages/publications/64449083963?origin=resultslist","Article","Final","","Scopus","2-s2.0-64449083963"
"Laroze D.; Escrig J.; Landeros P.; Altbir D.; Vázquez M.; Vargas P.","Laroze, D. (8450437100); Escrig, J. (8450436900); Landeros, P. (8450437400); Altbir, D. (6602086134); Vázquez, M. (7401539793); Vargas, P. (7005330462)","8450437100; 8450436900; 8450437400; 6602086134; 7401539793; 7005330462","A detailed analysis of dipolar interactions in arrays of bi-stable magnetic nanowires","2007","Nanotechnology","18","41","415708","","","36","10.1088/0957-4484/18/41/415708","https://www.scopus.com/pages/publications/34748896528?origin=resultslist","Article","Final","","Scopus","2-s2.0-34748896528"
"Harkensee D.; Beutel S.; Young M.; Ulber R.","Harkensee, Daniela (12041934500); Beutel, Sascha (6602915056); Young, Manuel (23995804400); Ulber, Roland (7003759756)","12041934500; 6602915056; 23995804400; 7003759756","Development of a bioanalytical system to measure polyphenols in wine grapes; [Entwicklung eines bioanalytischen systems zur messung von polyphenolen in Weintrauben]","2005","Chemie-Ingenieur-Technik","77","12","","1960","1964","0","10.1002/cite.200500073","https://www.scopus.com/pages/publications/31544439917?origin=resultslist","Review","Final","","Scopus","2-s2.0-31544439917"
"Toledo M.; Rojas C.; Montes E.; Veloso J.; Sáez A.","Toledo, Mario (58984742000); Rojas, Cristián (36163544000); Montes, Esteban (55425626700); Veloso, José (55425809400); Sáez, Alejandro (26433829600)","58984742000; 36163544000; 55425626700; 55425809400; 26433829600","Use of phase change materials on an adsorbed carbon dioxide storage system","2013","Applied Thermal Engineering","51","1-2","","512","519","16","10.1016/j.applthermaleng.2012.09.034","https://www.scopus.com/pages/publications/84867742438?origin=resultslist","Article","Final","All Open Access; Green Open Access","Scopus","2-s2.0-84867742438"
"Aiyangar A.; Vivanco J.; Au A.; Anderson P.; Smith E.; Ploeg H.-L.","Aiyangar, Ameet (8248721300); Vivanco, Juan (35147131100); Au, Anthony (8253591800); Anderson, Paul (35448072700); Smith, Everett (7408616537); Ploeg, Heidi-Lynn (55920493600)","8248721300; 35147131100; 8253591800; 35448072700; 7408616537; 55920493600","Dependence of human Lumbar Vertebral Trabecular Bone (HVTB) mechanical anisotropy ratio on QCT-based apparent density","2013","ASME 2013 Summer Bioengineering Conference, SBC 2013","1 A","","","","","0","10.1115/SBC2013-14274","https://www.scopus.com/pages/publications/84894669838?origin=resultslist","Conference paper","Final","","Scopus","2-s2.0-84894669838"
"Svasand E.; Häberle P.","Svasand, Eldrid (19338155600); Häberle, Patricio (6602338067)","19338155600; 6602338067","Humidity sensing by carbon nanocones","2014","Journal of Nanoscience and Nanotechnology","14","5","","3575","3580","2","10.1166/jnn.2014.8644","https://www.scopus.com/pages/publications/84897995102?origin=resultslist","Article","Final","All Open Access; Green Open Access","Scopus","2-s2.0-84897995102"
"Enrione J.; Sáez C.; López D.; Skurtys O.; Acevedo C.","Enrione, J. (15829018400); Sáez, C. (39362380400); López, D. (56857187300); Skurtys, O. (23096076900); Acevedo, C. (7004963806)","15829018400; 39362380400; 56857187300; 23096076900; 7004963806","Structural relaxation of salmon gelatin films in the Glassy State","2015","Food Engineering Series","","","","611","619","0","10.1007/978-1-4939-2578-0_58","https://www.scopus.com/pages/publications/85060650731?origin=resultslist","Book chapter","Final","","Scopus","2-s2.0-85060650731"
"Ojeda J.H.; Pacheco M.; Orellana P.A.","Ojeda, J.H. (56014962300); Pacheco, M. (57217223434); Orellana, P.A. (56246097800)","56014962300; 57217223434; 56246097800","An array of quantum dots as a spin filter device by using Dicke and Fano effects","2009","Nanotechnology","20","43","434013","","","40","10.1088/0957-4484/20/43/434013","https://www.scopus.com/pages/publications/70349675768?origin=resultslist","Article","Final","All Open Access; Green Open Access","Scopus","2-s2.0-70349675768"
"De La Fuente J.C.; Quezada N.; Del Valle J.M.","De La Fuente, Juan C. (8648287000); Quezada, Natalie (57217036999); Del Valle, José M. (7005396861)","8648287000; 57217036999; 7005396861","Solubility of boldo leaf antioxidant components (Boldine) in high-pressure carbon dioxide","2005","Fluid Phase Equilibria","235","2","","196","200","17","10.1016/j.fluid.2005.04.024","https://www.scopus.com/pages/publications/23844510872?origin=resultslist","Article","Final","All Open Access; Green Open Access","Scopus","2-s2.0-23844510872"
"Jensen P.E.; Ferreira C.M.D.; Hansen H.K.; Rype J.-U.; Ottosen L.M.; Villumsen A.","Jensen, Pernille E. (8201545300); Ferreira, Célia M.D. (55037188000); Hansen, Henrik K. (7403333704); Rype, Jens-Ulrik (14059090300); Ottosen, Lisbeth M. (7003887668); Villumsen, Arne (6602821770)","8201545300; 55037188000; 7403333704; 14059090300; 7003887668; 6602821770","Electroremediation of air pollution control residues in a continuous reactor","2010","Journal of Applied Electrochemistry","40","6","","1173","1181","24","10.1007/s10800-010-0090-1","https://www.scopus.com/pages/publications/77955775625?origin=resultslist","Article","Final","","Scopus","2-s2.0-77955775625"
"Rosales L.; Pacheco M.; Barticevic Z.; Latgé A.; Orellana P.A.","Rosales, L. (23969069300); Pacheco, M. (57217223434); Barticevic, Z. (6701562396); Latgé, A. (7003322817); Orellana, P.A. (56246097800)","23969069300; 57217223434; 6701562396; 7003322817; 56246097800","Transport properties of graphene nanoribbons with side-attached organic molecules","2008","Nanotechnology","19","6","065402","","","46","10.1088/0957-4484/19/6/065402","https://www.scopus.com/pages/publications/43049129654?origin=resultslist","Article","Final","All Open Access; Green Open Access","Scopus","2-s2.0-43049129654"
"Vásquez C.; Anderson D.; Oyarzún M.; Carvajal A.; Palma C.","Vásquez, Carlos (52063936300); Anderson, David (58325904200); Oyarzún, Muriel (56197754600); Carvajal, Andrea (52063234100); Palma, Carolyn (7007004249)","52063936300; 58325904200; 56197754600; 52063234100; 7007004249","Method for the stabilization and immobilization of enzymatic extracts and its application to the decolorization of textile dyes","2014","Biotechnology Letters","36","10","","1999","2010","7","10.1007/s10529-014-1575-5","https://www.scopus.com/pages/publications/84906951526?origin=resultslist","Article","Final","All Open Access; Green Open Access","Scopus","2-s2.0-84906951526"
"Simpson R.; Almonacid S.; Nuñez H.; Pinto M.; Abakarov A.; Teixeira A.","Simpson, R. (56239119700); Almonacid, S. (6602451316); Nuñez, H. (7003943176); Pinto, M. (7202889875); Abakarov, A. (23024240400); Teixeira, A. (55818108900)","56239119700; 6602451316; 7003943176; 7202889875; 23024240400; 55818108900","Time-temperature indicator to monitor cold chain distribution of fresh salmon (Salmo salar)","2012","Journal of Food Process Engineering","35","5","","742","750","25","10.1111/j.1745-4530.2010.00623.x","https://www.scopus.com/pages/publications/84867079150?origin=resultslist","Article","Final","","Scopus","2-s2.0-84867079150"
"Holdsworth S.D.; Simpson R.","Holdsworth, S. Donald (7006410659); Simpson, Ricardo (56239119700)","7006410659; 56239119700","Simultaneous Sterilization","2016","Food Engineering Series","","","","301","310","0","10.1007/978-3-319-24904-9_14","https://www.scopus.com/pages/publications/85060702347?origin=resultslist","Book chapter","Final","","Scopus","2-s2.0-85060702347"
"Acevedo C.A.; Brown D.I.; Young M.E.; Reyes J.G.","Acevedo, Cristian A. (7004963806); Brown, Donald I. (7407730678); Young, Manuel E. (23995804400); Reyes, Juan G. (7202553038)","7004963806; 7407730678; 23995804400; 7202553038","Senescent cultures of human dermal fibroblasts modified phenotype when immobilized in fibrin polymer","2009","Journal of Biomaterials Science, Polymer Edition","20","13","","1929","1942","10","10.1163/156856208X394418","https://www.scopus.com/pages/publications/71749106297?origin=resultslist","Article","Final","","Scopus","2-s2.0-71749106297"
"Sáez A.; Flores-Maradiaga A.; Toledo M.","Sáez, Alejandro (26433829600); Flores-Maradiaga, Alex (55221800300); Toledo, Mario (58984742000)","26433829600; 55221800300; 58984742000","Liquid butane as an alternative fuel for diesel oil burners","2012","Applied Thermal Engineering","45-46","","","1","8","13","10.1016/j.applthermaleng.2012.04.024","https://www.scopus.com/pages/publications/84861208137?origin=resultslist","Article","Final","All Open Access; Green Open Access","Scopus","2-s2.0-84861208137"
"De La Fuente B J.C.; Bottini S.B.","De La Fuente B, J.C. (8648287000); Bottini, S.B. (7003933025)","8648287000; 7003933025","Solubility of carbon dioxide and ethane in lemon oil at elevated pressures","2000","Brazilian Journal of Chemical Engineering","17","4","","785","792","0","10.1590/s0104-66322000000400041","https://www.scopus.com/pages/publications/0348237143?origin=resultslist","Article","Final","All Open Access; Hybrid Gold Open Access","Scopus","2-s2.0-0348237143"
"Nefzaoui E.; Skurtys O.","Nefzaoui, E. (36810472400); Skurtys, O. (23096076900)","36810472400; 23096076900","Impact of a liquid drop on a granular medium: Inertia, viscosity and surface tension effects on the drop deformation","2012","Experimental Thermal and Fluid Science","41","","","43","50","86","10.1016/j.expthermflusci.2012.03.007","https://www.scopus.com/pages/publications/84861480109?origin=resultslist","Article","Final","All Open Access; Bronze Open Access","Scopus","2-s2.0-84861480109"
"Fuentes A.; Henríquez R.; Nmira F.; Liu F.; Consalvi J.-L.","Fuentes, Andrès (8725383200); Henríquez, Rodrigo (57196992511); Nmira, Fatiha (22952048100); Liu, Fengshan (55493554300); Consalvi, Jean-Louis (6506341914)","8725383200; 57196992511; 22952048100; 55493554300; 6506341914","Experimental and numerical study of the effects of the oxygen index on the radiation characteristics of laminar coflow diffusion flames","2013","Combustion and Flame","160","4","","786","795","63","10.1016/j.combustflame.2012.12.005","https://www.scopus.com/pages/publications/84874294048?origin=resultslist","Article","Final","All Open Access; Green Open Access","Scopus","2-s2.0-84874294048"
"Santander R.; Creixell W.; Sánchez E.; Tomic G.; Silva J.R.; Acevedo C.A.","Santander, Rocío (16643602900); Creixell, Werner (9334310100); Sánchez, Elizabeth (7403362626); Tomic, Gerda (6507072709); Silva, José R. (57195967865); Acevedo, Cristian A. (7004963806)","16643602900; 9334310100; 7403362626; 6507072709; 57195967865; 7004963806","Recognizing Age at Slaughter of Cattle from Beef Samples Using GC/MS-SPME Chromatographic Method","2013","Food and Bioprocess Technology","6","12","","3345","3352","17","10.1007/s11947-012-0998-z","https://www.scopus.com/pages/publications/84886091631?origin=resultslist","Article","Final","All Open Access; Green Open Access","Scopus","2-s2.0-84886091631"
"Kafarov V.; Toledo M.; Meriño L.","Kafarov, Viatcheslav (59854072300); Toledo, Mario (58984742000); Meriño, Lourdes (7003946353)","59854072300; 58984742000; 7003946353","Numerical simulation of combustion process of fuel gas mixtures at refining industry","2015","Chemical Engineering Transactions","43","","","1351","1356","8","10.3303/CET1543226","https://www.scopus.com/pages/publications/84946095652?origin=resultslist","Article","Final","","Scopus","2-s2.0-84946095652"
"Valencia P.; Flores S.; Wilson L.; Illanes A.","Valencia, Pedro (57201824872); Flores, Sebastián (14035659300); Wilson, Lorena (7403520925); Illanes, Andrés (7004170275)","57201824872; 14035659300; 7403520925; 7004170275","Batch reactor performance for the enzymatic synthesis of cephalexin: Influence of catalyst enzyme loading and particle size","2012","New Biotechnology","29","2","","218","226","26","10.1016/j.nbt.2011.09.002","https://www.scopus.com/pages/publications/84855818748?origin=resultslist","Article","Final","All Open Access; Green Open Access","Scopus","2-s2.0-84855818748"
"Rojo A.; Hansen H.K.","Rojo, Adrian (56212827100); Hansen, Henrik K. (7403333704)","56212827100; 7403333704","Electrodialytic remediation of copper mine tailings: Sulphuric and citric acid addition","2005","Separation Science and Technology","40","9","","1947","1956","15","10.1081/SS-200054581","https://www.scopus.com/pages/publications/22944444522?origin=resultslist","Article","Final","All Open Access; Green Open Access","Scopus","2-s2.0-22944444522"
"Holdsworth S.D.; Simpson R.","Holdsworth, S. Donald (7006410659); Simpson, Ricardo (56239119700)","7006410659; 56239119700","Mechanical Agitation and Rotation of Cans","2016","Food Engineering Series","","","","291","299","2","10.1007/978-3-319-24904-9_13","https://www.scopus.com/pages/publications/85060706022?origin=resultslist","Book chapter","Final","","Scopus","2-s2.0-85060706022"
"Francisco C.M.","Francisco, Cabrejos M. (6603001270)","6603001270","Recent developments in pneumatic conveying at the universidad técnica federico santa maría","2006","AIChE Annual Meeting, Conference Proceedings","","","","","","0","","https://www.scopus.com/pages/publications/56749158939?origin=resultslist","Conference paper","Final","","Scopus","2-s2.0-56749158939"
"Triday J.O.","Triday, Jaime O. (6603231751)","6603231751","Vapor-Liquid Equilibria in Binary Systems Formed by Thiophene and Light Alcohols","1983","Journal of Chemical and Engineering Data","28","3","","307","310","16","10.1021/je00033a007","https://www.scopus.com/pages/publications/0020782754?origin=resultslist","Article","Final","","Scopus","2-s2.0-0020782754"
"Abakarov A.; Teixeira A.; Simpson R.; Pinto M.; Almonacid S.","Abakarov, A. (23024240400); Teixeira, A. (55818108900); Simpson, R. (56239119700); Pinto, M. (7202889875); Almonacid, S. (6602451316)","23024240400; 55818108900; 56239119700; 7202889875; 6602451316","Modeling of squid protein hydrolysis: Artificial neural network approach","2011","Journal of Food Process Engineering","34","6","","2026","2046","9","10.1111/j.1745-4530.2009.00567.x","https://www.scopus.com/pages/publications/82955188681?origin=resultslist","Article","Final","All Open Access; Green Open Access","Scopus","2-s2.0-82955188681"
"Urrego F.A.; Núñez G.A.; Donaire Y.D.; Del Valle J.M.","Urrego, Freddy A. (59879012400); Núñez, Gonzalo A. (18437589700); Donaire, Yazmin D. (56624510200); Del Valle, José M. (7005396861)","59879012400; 18437589700; 56624510200; 7005396861","Equilibrium partition of rapeseed oil between supercritical CO2 and prepressed rapeseed","2015","Journal of Supercritical Fluids","102","","","80","91","18","10.1016/j.supflu.2015.04.004","https://www.scopus.com/pages/publications/84928974756?origin=resultslist","Article","Final","","Scopus","2-s2.0-84928974756"
"Bergh L.G.; Acosta S.","Bergh, Luis G. (6701774149); Acosta, Sebastián (57196849716)","6701774149; 57196849716","On-line fault detection on a pilot flotation column using linear PCA models","2009","Computer Aided Chemical Engineering","27","C","","1437","1442","7","10.1016/S1570-7946(09)70630-3","https://www.scopus.com/pages/publications/77649313944?origin=resultslist","Conference paper","Final","","Scopus","2-s2.0-77649313944"
"Bergh L.G.; MacGregor J.F.","Bergh, Luis G. (6701774149); MacGregor, John F. (7202858651)","6701774149; 7202858651","Constrained Minimum Variance Controllers: Internal Model Structure and Robustness Properties","1987","Industrial and Engineering Chemistry Research","26","8","","1558","1564","36","10.1021/ie00068a011","https://www.scopus.com/pages/publications/0023400187?origin=resultslist","Article","Final","","Scopus","2-s2.0-0023400187"
"Holdsworth S.D.; Simpson R.","Holdsworth, S. Donald (7006410659); Simpson, Ricardo (56239119700)","7006410659; 56239119700","Some Factors Affecting F-Values and Mass-Average Sterilizing Values","2016","Food Engineering Series","","","","251","258","0","10.1007/978-3-319-24904-9_9","https://www.scopus.com/pages/publications/85060738626?origin=resultslist","Book chapter","Final","","Scopus","2-s2.0-85060738626"
"Montalvo S.; Guerrero L.; Borj R.; Cortés I.; Sánchez E.; Colmenarejo M.F.","Montalvo, S. (6701371309); Guerrero, L. (7006028997); Borj, R. (36172362000); Cortés, I. (16047188000); Sánchez, E. (7403362708); Colmenarejo, M.F. (6602487140)","6701371309; 7006028997; 36172362000; 16047188000; 7403362708; 6602487140","Effect of the influent COD concentration on the anaerobic digestion of winery wastewaters from grape-red and tropical fruit (Guava) wine production in fluidized bed reactors with Chilean natural zeolite for biomass immobilization","2010","Chemical and Biochemical Engineering Quarterly","24","2","","219","226","19","","https://www.scopus.com/pages/publications/77954647786?origin=resultslist","Article","Final","","Scopus","2-s2.0-77954647786"
"Montalvo S.; Prades H.; González M.; Pérez P.; Guerrero L.; Huiliñir C.","Montalvo, S. (6701371309); Prades, H. (57193738279); González, M. (59044709900); Pérez, P. (57213305123); Guerrero, L. (7006028997); Huiliñir, C. (57216785072)","6701371309; 57193738279; 59044709900; 57213305123; 7006028997; 57216785072","Anaerobic digestion of wastewater with high sulfate concentration using micro-aeration and natural zeolites","2016","Brazilian Journal of Chemical Engineering","33","4","","743","752","3","10.1590/0104-6632.20160334s20150261","https://www.scopus.com/pages/publications/85016202804?origin=resultslist","Article","Final","All Open Access; Green Open Access; Hybrid Gold Open Access","Scopus","2-s2.0-85016202804"
"Montalvo S.; Díaz F.; Guerrero L.; Sánchez E.; Borja R.","Montalvo, S. (6701371309); Díaz, F. (57197498573); Guerrero, L. (7006028997); Sánchez, E. (7403362708); Borja, R. (12545180200)","6701371309; 57197498573; 7006028997; 7403362708; 12545180200","Effect of particle size and doses of zeolite addition on anaerobic digestion processes of synthetic and piggery wastes","2005","Process Biochemistry","40","3-4","","1475","1481","77","10.1016/j.procbio.2004.06.032","https://www.scopus.com/pages/publications/9644266913?origin=resultslist","Article","Final","All Open Access; Green Open Access","Scopus","2-s2.0-9644266913"
"Toledo M.; González F.; Ellzey J.","Toledo, Mario (58984742000); González, Freddy (54968248000); Ellzey, Janet (7004378682)","58984742000; 54968248000; 7004378682","Hydrogen production from methanol and ethanol partial oxidation","2014","Energy and Fuels","28","5","","3453","3459","17","10.1021/ef500352v","https://www.scopus.com/pages/publications/84900536166?origin=resultslist","Article","Final","","Scopus","2-s2.0-84900536166"
"Duarte M.; Suárez A.; Bassi D.","Duarte, Manuel (6602085760); Suárez, Alejandro (7202765524); Bassi, Danilo (7006218265)","6602085760; 7202765524; 7006218265","Control of grinding plants using predictive multivariable neural control","2001","Powder Technology","115","2","","193","206","27","10.1016/S0032-5910(00)00340-5","https://www.scopus.com/pages/publications/0035906349?origin=resultslist","Article","Final","","Scopus","2-s2.0-0035906349"
"Bubnovich V.; Toledo M.; Henríquez L.; Rosas C.; Romero J.","Bubnovich, Valeri (35562140300); Toledo, Mario (58984742000); Henríquez, Luis (39961464200); Rosas, César (7006465077); Romero, Julio (8693232700)","35562140300; 58984742000; 39961464200; 7006465077; 8693232700","Flame stabilization between two beds of alumina balls in a porous burner","2010","Applied Thermal Engineering","30","2-3","","92","95","73","10.1016/j.applthermaleng.2009.04.001","https://www.scopus.com/pages/publications/74249114593?origin=resultslist","Article","Final","All Open Access; Green Open Access","Scopus","2-s2.0-74249114593"
"Simpson R.; Almonacid S.; Acevedo C.; Cortés C.","Simpson, R. (56239119700); Almonacid, S. (6602451316); Acevedo, C. (7004963806); Cortés, C. (7006195636)","56239119700; 6602451316; 7004963806; 7006195636","Mathematical model to predict effect of temperature abuse in map systems applied to pacific hake (Merluccius australis)","2003","Journal of Food Process Engineering","26","5","","413","434","14","10.1111/j.1745-4530.2003.tb00610.x","https://www.scopus.com/pages/publications/0942277774?origin=resultslist","Article","Final","","Scopus","2-s2.0-0942277774"
"Nuñez P.; Hansen H.K.; Jil C.","Nuñez, Patricio (22035372800); Hansen, Henrik K. (7403333704); Jil, Cesar (23485188300)","22035372800; 7403333704; 23485188300","Arsenic removal from copper smelter wastewater by electrocoagulation in an airlift reactor. Scale up and industrial design","2006","CHISA 2006 - 17th International Congress of Chemical and Process Engineering","","","","","","0","","https://www.scopus.com/pages/publications/34748827424?origin=resultslist","Conference paper","Final","","Scopus","2-s2.0-34748827424"
"García M.; Honores J.; Quezada D.; Díaz C.; Dreyse P.; Celis F.; Kubiak C.P.; Canzi G.; Guzmán F.; Aguirre M.J.; Isaacs M.","García, Macarena (7404277698); Honores, Jessica (55328520100); Quezada, Diego (55328311500); Díaz, Carlos (57215187970); Dreyse, Paulina (14035589500); Celis, Freddy (24075210700); Kubiak, Clifford P. (7006716080); Canzi, Gabriele (35333623700); Guzmán, Fernando (58830608800); Aguirre, María J. (16534552600); Isaacs, Mauricio (7103363276)","7404277698; 55328520100; 55328311500; 57215187970; 14035589500; 24075210700; 7006716080; 35333623700; 58830608800; 16534552600; 7103363276","Nitrite reduction on a multimetallic porphyrin/polyoxotungstate layer-by-layer modified electrodes","2016","Electrochimica Acta","192","","","61","71","17","10.1016/j.electacta.2016.01.132","https://www.scopus.com/pages/publications/84957092445?origin=resultslist","Article","Final","All Open Access; Bronze Open Access; Green Open Access","Scopus","2-s2.0-84957092445"
"Toledo M.; Utria K.; Saveliev A.V.","Toledo, Mario (58984742000); Utria, Khriscia (54966699900); Saveliev, Alexei V. (35563725600)","58984742000; 54966699900; 35563725600","Ultrarich filtration combustion of ethane","2014","Energy and Fuels","28","2","","1536","1540","11","10.1021/ef402264a","https://www.scopus.com/pages/publications/84894535071?origin=resultslist","Article","Final","","Scopus","2-s2.0-84894535071"
"Rosales L.; Pacheco M.; Barticevic Z.; Latgé A.; Orellana P.A.","Rosales, L. (23969069300); Pacheco, M. (57217223434); Barticevic, Z. (6701562396); Latgé, A. (7003322817); Orellana, P.A. (56246097800)","23969069300; 57217223434; 6701562396; 7003322817; 56246097800","Conductance gaps in graphene ribbons designed by molecular aggregations","2009","Nanotechnology","20","9","095705","","","18","10.1088/0957-4484/20/9/095705","https://www.scopus.com/pages/publications/65549127331?origin=resultslist","Article","Final","","Scopus","2-s2.0-65549127331"
"Ramírez C.; Millon C.; Nuñez H.; Pinto M.; Valencia P.; Acevedo C.; Simpson R.","Ramírez, Cristian (36870781000); Millon, Camila (56400803100); Nuñez, Helena (7003943176); Pinto, Marlene (55964078500); Valencia, Pedro (57201824872); Acevedo, Cristian (7004963806); Simpson, Ricardo (56239119700)","36870781000; 56400803100; 7003943176; 55964078500; 57201824872; 7004963806; 56239119700","Study of effect of sodium alginate on potato starch digestibility during invitro digestion","2015","Food Hydrocolloids","44","","","328","332","56","10.1016/j.foodhyd.2014.08.023","https://www.scopus.com/pages/publications/84908429013?origin=resultslist","Article","Final","All Open Access; Green Open Access","Scopus","2-s2.0-84908429013"
"Ollino M.A.; Rest A.J.","Ollino, Mario A. (6507864297); Rest, Antony J. (35425696600)","6507864297; 35425696600","Photochemistry of bis(2,2′-bipyridyl)(methylene-linked diamine)ruthenium(II) complexes, [Ru(bipy)2(L)]2+ (L = H2N-(CH2)n-NH2; n = 2 and 3)","1992","Journal of Photochemistry and Photobiology, A: Chemistry","69","1","","73","81","10","10.1016/1010-6030(92)85263-T","https://www.scopus.com/pages/publications/0002083252?origin=resultslist","Article","Final","","Scopus","2-s2.0-0002083252"
"Noodleman L.; Case D.A.; Aizman A.","Noodleman, Louis (7003609101); Case, David A. (7102943261); Aizman, Arie (6603065311)","7003609101; 7102943261; 6603065311","Broken symmetry analysis of spin coupling in iron-sulfur clusters","1988","Journal of the American Chemical Society","110","4","","1001","1005","240","10.1021/ja00212a003","https://www.scopus.com/pages/publications/0001379854?origin=resultslist","Article","Final","","Scopus","2-s2.0-0001379854"
"Valencia P.; Cornejo I.; Almonacid S.; Teixeira A.A.; Simpson R.","Valencia, Pedro (57201824872); Cornejo, Iván (39761491700); Almonacid, Sergio (6602451316); Teixeira, Arthur A. (55818108900); Simpson, Ricardo (56239119700)","57201824872; 39761491700; 6602451316; 55818108900; 56239119700","Kinetic Parameter Determination for Enzyme Hydrolysis of Fish Protein Residue Using D-optimal Design","2013","Food and Bioprocess Technology","6","1","","290","296","7","10.1007/s11947-011-0628-1","https://www.scopus.com/pages/publications/84871719224?origin=resultslist","Article","Final","","Scopus","2-s2.0-84871719224"
