"Authors","Author full names","Author(s) ID","Title","Year","Source title","Volume","Issue","Art. No.","Page start","Page end","Cited by","DOI","Link","Document Type","Publication Stage","Open Access","Source","EID"
"Maureira D.; Wilson L.; Guzmán H.; Tommasi T.; Fino D.; Hernández S.; Ottone C.","Maureira, Diego (57202004838); Wilson, Lorena (7403520925); Guzmán, Hilmar (57215382985); Tommasi, Tonia (25724727000); Fino, Debora (6603706724); Hernández, Simelys (23978104200); Ottone, Carminna (56120084100)","57202004838; 7403520925; 57215382985; 25724727000; 6603706724; 23978104200; 56120084100","Cu and SnO2-Modified Carbon Felt for Electroenzymatic CO2 Upcycling","2026","ChemSusChem","19","8","e202502316","","","0","10.1002/cssc.202502316","https://www.scopus.com/pages/publications/105036472468?origin=resultslist","Article","Final","All Open Access; Green Open Access; Hybrid Gold Open Access","Scopus","2-s2.0-105036472468"
"Celedón S.; Roisnel T.; Artigas V.; Fuentealba M.; Carrillo D.; Ledoux-Rak I.; Hamon J.-R.; Manzur C.","Celedón, Salvador (25642504000); Roisnel, Thierry (7003907744); Artigas, Vania (56556470800); Fuentealba, Mauricio (7801538556); Carrillo, David (7004301883); Ledoux-Rak, Isabelle (7005079715); Hamon, Jean-René (57208457603); Manzur, Carolina (6601982179)","25642504000; 7003907744; 56556470800; 7801538556; 7004301883; 7005079715; 57208457603; 6601982179","Palladium(ii) complexes of tetradentate donor-acceptor Schiff base ligands: Synthesis and spectral, structural, thermal and NLO properties","2020","New Journal of Chemistry","44","22","","9190","9201","19","10.1039/d0nj01982h","https://www.scopus.com/pages/publications/85090133989?origin=resultslist","Article","Final","All Open Access; Green Open Access","Scopus","2-s2.0-85090133989"
"Mussagy C.U.; Caicedo-Paz A.V.; Ramos N.F.; Diaz A.C.; Cubo M.F.; Arantes M.S.; Lima N.P.; Ribeiro I.S.; Haminiuk C.W.I.; Franco M.; Farias F.O.","Mussagy, Cassamo U. (57205156967); Caicedo-Paz, Angie V. (58030292900); Ramos, Nataly F. (58909082800); Diaz, Antonia C. (60333283700); Cubo, Mateus F. (57221938246); Arantes, Matheus S. (57889293600); Lima, Nayara P. (59218383200); Ribeiro, Isabela S. (58181428900); Haminiuk, Charles W.I. (10939458300); Franco, Marcelo (56207496400); Farias, Fabiane O. (57194337358)","57205156967; 58030292900; 58909082800; 60333283700; 57221938246; 57889293600; 59218383200; 58181428900; 10939458300; 56207496400; 57194337358","Tailored natural deep eutectic solvents for isolation of astaxanthin from Paracoccus carotinifaciens and one-pot synthesis of functional ingredients for biotechnological applications","2026","Bioresource Technology","442","","133704","","","0","10.1016/j.biortech.2025.133704","https://www.scopus.com/pages/publications/105027402605?origin=resultslist","Article","Final","","Scopus","2-s2.0-105027402605"
"González-Pereira P.; Trinh R.; Vasuthasawat A.; Bartsch-Jiménez A.; Nuñez-Soto C.; Altamirano C.","González-Pereira, Priscilla (58955787100); Trinh, Ryan (6506616103); Vasuthasawat, Alex (26325974700); Bartsch-Jiménez, Angelo (58135240500); Nuñez-Soto, Constanza (57194037311); Altamirano, Claudia (8332398700)","58955787100; 6506616103; 26325974700; 58135240500; 57194037311; 8332398700","Enhancing Antibody-Specific Productivity: Unraveling the Impact of XBP1s Overexpression and Glutamine Availability in SP2/0 Cells","2024","Bioengineering","11","3","201","","","0","10.3390/bioengineering11030201","https://www.scopus.com/pages/publications/85188726767?origin=resultslist","Article","Final","All Open Access; Gold Open Access; Green Open Access","Scopus","2-s2.0-85188726767"
"Silva J.; Ortiz R.; Carrasco S.; Aroca G.","Silva, J. (7403023118); Ortiz, R. (59506121300); Carrasco, S. (57204606950); Aroca, G. (6603177229)","7403023118; 59506121300; 57204606950; 6603177229","A TWO-PARAMETER MODEL FOR THE DETERMINATION OF THE PARTITION COEFFICIENT FOR TOTAL REDUCE COMPOUNDS IN A CULTURE MEDIUM","2022","Latin American Applied Research","52","1","","15","20","0","10.52292/j.laar.2022.584","https://www.scopus.com/pages/publications/85123640528?origin=resultslist","Article","Final","All Open Access; Hybrid Gold Open Access","Scopus","2-s2.0-85123640528"
"Bugueño I.; Carvallo J.; Vielma J.C.","Bugueño, Ignacio (57433397600); Carvallo, Jorge (57207566888); Vielma, Juan Carlos (57216408783)","57433397600; 57207566888; 57216408783","Influence of Directionality on the Seismic Response of Typical RC Buildings","2022","Applied Sciences (Switzerland)","12","3","1534","","","13","10.3390/app12031534","https://www.scopus.com/pages/publications/85123752473?origin=resultslist","Article","Final","All Open Access; Gold Open Access; Green Open Access","Scopus","2-s2.0-85123752473"
"Aguilar-Muñoz P.; Lavergne C.; Chamy R.; Cabrol L.","Aguilar-Muñoz, P. (57223053567); Lavergne, C. (55657103600); Chamy, R. (6603874955); Cabrol, L. (26642315400)","57223053567; 55657103600; 6603874955; 26642315400","The biotechnological potential of microbial communities from Antarctic soils and sediments: Application to low temperature biogenic methane production","2022","Journal of Biotechnology","351","","","38","49","12","10.1016/j.jbiotec.2022.04.014","https://www.scopus.com/pages/publications/85129462776?origin=resultslist","Article","Final","All Open Access; Green Open Access","Scopus","2-s2.0-85129462776"
"Schanze E.; Leiva G.; Gómez M.; Lopez A.","Schanze, Edmundo (57222811889); Leiva, Gilberto (57250353900); Gómez, Miguel (57222013376); Lopez, Alvaro (57203782718)","57222811889; 57250353900; 57222013376; 57203782718","Numerical study of the seismic response of an instrumented building with underground stories","2021","Applied Sciences (Switzerland)","11","7","3190","","","9","10.3390/app11073190","https://www.scopus.com/pages/publications/85104080953?origin=resultslist","Article","Final","All Open Access; Gold Open Access; Green Open Access","Scopus","2-s2.0-85104080953"
"Fernandez L.; Correa D.; Seguel M.; Suarez C.; Bustamante M.; Caro C.; Jana P.; Leyton P.; Trudel S.; Cabello-Guzmán G.","Fernandez, Luis (57290304900); Correa, Diana (57203593092); Seguel, Mathias (56592796000); Suarez, Cristian (58171998300); Bustamante, Martin (59004098200); Caro, Claudia (7006058112); Jana, Patricia (59003689900); Leyton, Patricio (6506800698); Trudel, Simon (14029402900); Cabello-Guzmán, Gerardo (9844991600)","57290304900; 57203593092; 56592796000; 58171998300; 59004098200; 7006058112; 59003689900; 6506800698; 14029402900; 9844991600","Catalytic photo-degradation of brilliant green and bacterial disinfection of Escherichia coli by the action of Y2Ti2O7/AgO films","2024","Ceramics International","50","14","","25241","25255","5","10.1016/j.ceramint.2024.04.255","https://www.scopus.com/pages/publications/85191519748?origin=resultslist","Article","Final","","Scopus","2-s2.0-85191519748"
"Guerrero M.; Marican A.; Rafael D.; Andrade F.; Moore-Carrasco R.; Vijayakumar S.; Salinas P.; Cabrera-Barjas G.; Lara J.; Durán-Lara E.F.","Guerrero, Marcelo (55765102600); Marican, Adolfo (14834222500); Rafael, Diana (57194480054); Andrade, Fernanda (37098680600); Moore-Carrasco, Rodrigo (6506091308); Vijayakumar, Sekar (57021080900); Salinas, Paulo (55759188100); Cabrera-Barjas, Gustavo (57217424937); Lara, Juan (59694827100); Durán-Lara, Esteban F. (33367889300)","55765102600; 14834222500; 57194480054; 37098680600; 6506091308; 57021080900; 55759188100; 57217424937; 59694827100; 33367889300","On-demand dual-stimuli-responsive hydrogels for localized and sustained delivery of MP-L [I5R8] to treat bacterial wound infections","2025","Colloids and Surfaces B: Biointerfaces","251","","114636","","","9","10.1016/j.colsurfb.2025.114636","https://www.scopus.com/pages/publications/105000187144?origin=resultslist","Article","Final","","Scopus","2-s2.0-105000187144"
"Jeldres M.; Piceros E.C.; Toro N.; Robles P.; Nieto S.; Quezada G.R.; Jeldres R.I.","Jeldres, Matías (57211509783); Piceros, Eder C. (57194850724); Toro, Norman (57191539325); Robles, Pedro (12774054800); Nieto, Steven (57212408022); Quezada, Gonzalo R. (56461257700); Jeldres, Ricardo I. (56085610300)","57211509783; 57194850724; 57191539325; 12774054800; 57212408022; 56461257700; 56085610300","Enhancing the sedimentation of clay-based tailings in seawater by magnesium removal treatment","2020","Separation and Purification Technology","242","","116762","","","23","10.1016/j.seppur.2020.116762","https://www.scopus.com/pages/publications/85081013539?origin=resultslist","Article","Final","","Scopus","2-s2.0-85081013539"
"Valencia P.L.; Sepúlveda B.; Gajardo D.; Astudillo-Castro C.","Valencia, Pedro L. (57201824872); Sepúlveda, Bastián (57218375798); Gajardo, Diego (57193254410); Astudillo-Castro, Carolina (7004510679)","57201824872; 57218375798; 57193254410; 7004510679","Estimating the product inhibition constant from enzyme kinetic equations using the direct linear plot method in one-stage treatment","2020","Catalysts","10","8","853","","","2","10.3390/catal10080853","https://www.scopus.com/pages/publications/85088976611?origin=resultslist","Article","Final","All Open Access; Gold Open Access; Green Open Access","Scopus","2-s2.0-85088976611"
"Pesce C.; Riedemann J.; Peña R.; Andrade I.; Jara W.; Villalobos R.","Pesce, Cristián (57189377406); Riedemann, Javier (55823576200); Peña, Rubén (7102371917); Andrade, Iván (56963737100); Jara, Werner (36677418100); Villalobos, Rodrigo (57209175029)","57189377406; 55823576200; 7102371917; 56963737100; 36677418100; 57209175029","Decoupled Control for Double-T Dc-Dc MMC Topology for MT-HVdc/MVdc Grids","2023","Applied Sciences (Switzerland)","13","6","3778","","","2","10.3390/app13063778","https://www.scopus.com/pages/publications/85151953563?origin=resultslist","Article","Final","All Open Access; Gold Open Access; Green Open Access","Scopus","2-s2.0-85151953563"
"Nolasco E.; Vassiliadis V.S.; Kähm W.; Adloor S.D.; Ismaili R.A.; Conejeros R.; Espaas T.; Gangadharan N.; Mappas V.; Scott F.; Zhang Q.","Nolasco, Eduardo (57219470472); Vassiliadis, Vassilios S. (7004115264); Kähm, Walter (57202253574); Adloor, Sai Darshan (57076882400); Ismaili, Riham Al (57201777614); Conejeros, Raúl (35611393300); Espaas, Thomas (57277857700); Gangadharan, Nishanthi (57205350203); Mappas, Vasileios (57207452387); Scott, Felipe (55743894700); Zhang, Qianyue (57277695000)","57219470472; 7004115264; 57202253574; 57076882400; 57201777614; 35611393300; 57277857700; 57205350203; 57207452387; 55743894700; 57277695000","Optimal control in chemical engineering: Past, present and future","2021","Computers and Chemical Engineering","155","","107528","","","37","10.1016/j.compchemeng.2021.107528","https://www.scopus.com/pages/publications/85115928713?origin=resultslist","Article","Final","","Scopus","2-s2.0-85115928713"
"Cosenza B.; Kusianovich A.; Lutzu G.A.; Concas A.; Martinez C.; Torres-Aravena A.; Messineo A.; Volpe M.; Picone A.; Denaro G.; Cravotto G.; Peroni C.V.; Díaz-Navarrete P.; Cosenza A.; Soto-Ramirez R.","Cosenza, Bartolomeo (24279252700); Kusianovich, Alexander (60513010900); Lutzu, Giovanni Antonio (55151176100); Concas, Alessandro (24354959000); Martinez, Carlos (57203976962); Torres-Aravena, Alvaro (58981676400); Messineo, Antonio (7006272131); Volpe, Maurizio (13003024100); Picone, Antonio (59773860400); Denaro, Giovanni (56616848600); Cravotto, Giovanni (60513011000); Peroni, Catalina Valencia (8947932700); Díaz-Navarrete, Paola (58167535600); Cosenza, Alessandro (57201885343); Soto-Ramirez, Robinson (57221469695)","24279252700; 60513010900; 55151176100; 24354959000; 57203976962; 58981676400; 7006272131; 13003024100; 59773860400; 56616848600; 60513011000; 8947932700; 58167535600; 57201885343; 57221469695","Regime-aware unsupervised monitoring of microalgal photobioreactors via change-point detection and ensemble anomaly scoring","2026","Computers and Chemical Engineering","210","","109611","","","0","10.1016/j.compchemeng.2026.109611","https://www.scopus.com/pages/publications/105033018197?origin=resultslist","Article","Final","","Scopus","2-s2.0-105033018197"
"Méndez-Figueroa H.G.; Ossandón S.; Ramírez Fernández J.A.; Galván Martínez R.; Espinoza Vázquez A.; Orozco-Cruz R.","Méndez-Figueroa, Henevith G. (57481380900); Ossandón, Sebastián (12775589100); Ramírez Fernández, José Arturo (57222012556); Galván Martínez, Ricardo (7801607238); Espinoza Vázquez, Araceli (55662752400); Orozco-Cruz, Ricardo (56000787600)","57481380900; 12775589100; 57222012556; 7801607238; 55662752400; 56000787600","Electrochemical evaluation of an Acanthocereus tetragonus aqueous extract on aluminum in NaCl (0.6 M) and HCl (1 M) and its modelling using forward and inverse artificial neural networks","2022","Journal of Electroanalytical Chemistry","918","","116444","","","15","10.1016/j.jelechem.2022.116444","https://www.scopus.com/pages/publications/85131085288?origin=resultslist","Article","Final","","Scopus","2-s2.0-85131085288"
"Vielma J.C.; Vielma-Quintero J.C.; Diaz-Segura E.G.","Vielma, Juan C. (57216408783); Vielma-Quintero, Juan C. (58414190500); Diaz-Segura, Edgar Giovanny (56638613900)","57216408783; 58414190500; 56638613900","Evaluation of Seismic Design Factors in Reinforced Concrete Shear Wall Buildings Located on Sloping Terrain Using FEMA P695 Methodology","2025","Applied Sciences (Switzerland)","15","11","6209","","","2","10.3390/app15116209","https://www.scopus.com/pages/publications/105007772106?origin=resultslist","Article","Final","All Open Access; Gold Open Access; Green Open Access","Scopus","2-s2.0-105007772106"
"Diaz M.; Doederer K.; Keller J.; Cataldo M.; Donose B.-C.; Ali Y.; Ledezma P.","Diaz, M. (57214506268); Doederer, K. (55431212100); Keller, J. (57208772241); Cataldo, M. (57204093085); Donose, B.-C. (8310277300); Ali, Y. (56374996200); Ledezma, P. (55246199500)","57214506268; 55431212100; 57208772241; 57204093085; 8310277300; 56374996200; 55246199500","Towards in situ electro-generation of ferrate for drinking water treatment: A comparison of three low-cost sacrificial iron electrodes","2021","Journal of Electroanalytical Chemistry","880","","114897","","","18","10.1016/j.jelechem.2020.114897","https://www.scopus.com/pages/publications/85099214091?origin=resultslist","Article","Final","","Scopus","2-s2.0-85099214091"
"Ávila-Saavedra A.; Diaz M.; Pizarro F.","Ávila-Saavedra, Andrea (59524032200); Diaz, Marcos (55710757400); Pizarro, Francisco (55263738800)","59524032200; 55710757400; 55263738800","A 3D-Printed Enclosed Twist Dielectric Resonator Antenna with Circular Polarization","2025","Applied Sciences (Switzerland)","15","2","992","","","1","10.3390/app15020992","https://www.scopus.com/pages/publications/85215756131?origin=resultslist","Article","Final","All Open Access; Gold Open Access; Green Open Access","Scopus","2-s2.0-85215756131"
"Djordjevic B.; Morales-Lange B.; Press C.M.; Olson J.; Lagos L.; Mercado L.; Øverland M.","Djordjevic, Brankica (16645144700); Morales-Lange, Byron (57609792700); Press, Charles Mclean (21738228900); Olson, Jake (56007859300); Lagos, Leidy (55362198600); Mercado, Luis (7006279021); Øverland, Margareth (56236554400)","16645144700; 57609792700; 21738228900; 56007859300; 55362198600; 7006279021; 56236554400","Comparison of circulating markers and mucosal immune parameters from skin and distal intestine of atlantic salmon in two models of acute stress","2021","International Journal of Molecular Sciences","22","3","1028","1","13","18","10.3390/ijms22031028","https://www.scopus.com/pages/publications/85099710124?origin=resultslist","Article","Final","All Open Access; Gold Open Access; Green Open Access","Scopus","2-s2.0-85099710124"
"Ortiz-Soto R.; Leal D.; Gutierrez C.; Aracena A.; León M.; Lazo A.; Lazo P.; Ottosen L.; Hansen H.","Ortiz-Soto, Rodrigo (59506121300); Leal, Daniela (57204756602); Gutierrez, Claudia (35190237200); Aracena, Alvaro (6504525592); León, Marcelo (58332207400); Lazo, Andrea (57191916725); Lazo, Pamela (57191909004); Ottosen, Lisbeth (7003887668); Hansen, Henrik (7403333704)","59506121300; 57204756602; 35190237200; 6504525592; 58332207400; 57191916725; 57191909004; 7003887668; 7403333704","Incidence of Electric Field and Sulfuric Acid Concentration in Electrokinetic Remediation of Cobalt, Copper, and Nickel in Fresh Copper Mine Tailings","2023","Processes","11","1","108","","","4","10.3390/pr11010108","https://www.scopus.com/pages/publications/85146692351?origin=resultslist","Article","Final","All Open Access; Gold Open Access; Green Open Access","Scopus","2-s2.0-85146692351"
"Hallsworth J.E.; Udaondo Z.; Pedrós-Alió C.; Höfer J.; Benison K.C.; Lloyd K.G.; Cordero R.J.B.; de Campos C.B.L.; Yakimov M.M.; Amils R.","Hallsworth, John E. (6701375850); Udaondo, Zulema (55246829500); Pedrós-Alió, Carlos (7005923874); Höfer, Juan (35304999000); Benison, Kathleen C. (6602581374); Lloyd, Karen G. (8670502400); Cordero, Radamés J. B. (35069148000); de Campos, Claudia B. L. (56740500000); Yakimov, Michail M. (7005111470); Amils, Ricardo (7005386190)","6701375850; 55246829500; 7005923874; 35304999000; 6602581374; 8670502400; 35069148000; 56740500000; 7005111470; 7005386190","Scientific novelty beyond the experiment","2023","Microbial Biotechnology","16","6","","1131","1173","50","10.1111/1751-7915.14222","https://www.scopus.com/pages/publications/85148292647?origin=resultslist","Article","Final","All Open Access; Gold Open Access; Green Open Access","Scopus","2-s2.0-85148292647"
"García del Pino G.; Kieling A.C.; Bezazi A.; Boumediri H.; Rolim de Souza J.F.; Valenzuela Díaz F.; Valin Rivera J.L.; Dehaini J.; Panzera T.H.","García del Pino, Gilberto (55737167200); Kieling, Antonio Claudio (57191512075); Bezazi, Abderrezak (15753490900); Boumediri, Haithem (57209540108); Rolim de Souza, Juliana Fontolan (57215041858); Valenzuela Díaz, Francisco (6506507655); Valin Rivera, Jose Luis (57215038914); Dehaini, Jamile (57215051742); Panzera, Tulio Hallak (24401963800)","55737167200; 57191512075; 15753490900; 57209540108; 57215041858; 6506507655; 57215038914; 57215051742; 24401963800","Hybrid Polyester Composites Reinforced with Curauá Fibres and Nanoclays","2020","Fibers and Polymers","21","2","","399","406","40","10.1007/s12221-020-9506-7","https://www.scopus.com/pages/publications/85079775338?origin=resultslist","Article","Final","","Scopus","2-s2.0-85079775338"
"Bustos C.; Berrios J.; Fickers P.","Bustos, Cristina (57651740500); Berrios, Julio (7004545486); Fickers, Patrick (6507014982)","57651740500; 7004545486; 6507014982","Formate from THF-C1 metabolism induces the AOX1 promoter in formate dehydrogenase-deficient Komagataella phaffii","2024","Microbial Biotechnology","17","10","e70022","","","3","10.1111/1751-7915.70022","https://www.scopus.com/pages/publications/85205783337?origin=resultslist","Article","Final","All Open Access; Gold Open Access; Green Open Access","Scopus","2-s2.0-85205783337"
"Padilla-Córdova C.; Mongili B.; Contreras P.; Fino D.; Tommasi T.; Díaz-Barrera A.","Padilla-Córdova, Claudio (57204475356); Mongili, Beatrice (56707362400); Contreras, Pablo (57216991686); Fino, Debora (6603706724); Tommasi, Tonia (25724727000); Díaz-Barrera, Alvaro (20435715600)","57204475356; 56707362400; 57216991686; 6603706724; 25724727000; 20435715600","Productivity and scale-up of poly(3-hydroxybutyrate) production under different oxygen transfer conditions in cultures of Azotobacter vinelandii","2020","Journal of Chemical Technology and Biotechnology","95","11","","3034","3040","13","10.1002/jctb.6465","https://www.scopus.com/pages/publications/85085660275?origin=resultslist","Article","Final","","Scopus","2-s2.0-85085660275"
"Rubio J.M.; Vidal-Silva C.L.; Cabrera G.","Rubio, José M. (24802548900); Vidal-Silva, Cristian L. (58628874800); Cabrera, Guillermo (57220737672)","24802548900; 58628874800; 57220737672","Seeking an optimal solution for a balanced academic curriculum by metaheuristics and functional programming; [En búsqueda de una solución óptima al balanceo de mallas curriculares con metaheurísticas y programación funcional]","2021","Informacion Tecnologica","31","6","","87","94","1","10.4067/S0718-07642020000600087","https://www.scopus.com/pages/publications/85099070113?origin=resultslist","Article","Final","All Open Access; Gold Open Access; Green Open Access","Scopus","2-s2.0-85099070113"
"Cobos-Montes K.; Fuentes S.E.; Estuardo F.; Cárdenas C.; Guzmán F.; Santana P.; Gavilán J.; Figueroa M.; Fuentealba J.; Jiménez V.A.; Ramírez D.","Cobos-Montes, Kevin (59492077000); Fuentes, Sebastián E. (60093832600); Estuardo, Francisca (60094193100); Cárdenas, Constanza (7003841627); Guzmán, Fanny (7004463815); Santana, Paula (55364467400); Gavilán, Javiera (57196258675); Figueroa, Maximiliano (15828963600); Fuentealba, Jorge (35268318900); Jiménez, Verónica A. (57195132252); Ramírez, David (57547201500)","59492077000; 60093832600; 60094193100; 7003841627; 7004463815; 55364467400; 57196258675; 15828963600; 35268318900; 57195132252; 57547201500","Molecular Mechanism of Beta-Amyloid Aggregation Inhibition by KLVFF","2026","Journal of Chemical Information and Modeling","66","1","","684","700","0","10.1021/acs.jcim.5c01967","https://www.scopus.com/pages/publications/105027257091?origin=resultslist","Article","Final","","Scopus","2-s2.0-105027257091"
"Quispe-Fuentes I.; Uribe E.; López J.; Contreras D.; Poblete J.","Quispe-Fuentes, Issis (55143972600); Uribe, Elsa (16837407300); López, Jéssica (26662289800); Contreras, Daniella (57324741300); Poblete, Jacqueline (57210425948)","55143972600; 16837407300; 26662289800; 57324741300; 57210425948","A study of dried mandarin (Clementina orogrande) peel applying supercritical carbon dioxide using co-solvent: Influence on oil extraction, phenolic compounds, and antioxidant activity","2022","Journal of Food Processing and Preservation","46","1","e16116","","","25","10.1111/jfpp.16116","https://www.scopus.com/pages/publications/85118550222?origin=resultslist","Article","Final","","Scopus","2-s2.0-85118550222"
"Carrasco S.; Silva J.; Pino-Cortés E.; Gómez J.; Vallejo F.; Díaz-Robles L.; Campos V.; Cubillos F.; Pelz S.; Paczkowski S.; Cereceda-Balic F.; Vergara-Fernández A.; Lapuerta M.; Pazo A.; Monedero E.; Hoekman K.","Carrasco, Samuel (57204606950); Silva, Javier (7403023118); Pino-Cortés, Ernesto (56830455800); Gómez, Jaime (56391913100); Vallejo, Fidel (57211057346); Díaz-Robles, Luis (23060179200); Campos, Valeria (57209136007); Cubillos, Francisco (6603422314); Pelz, Stefan (56856721500); Paczkowski, Sebastian (39161793400); Cereceda-Balic, Francisco (6508361398); Vergara-Fernández, Albero (16240235200); Lapuerta, Magín (6701834060); Pazo, Amparo (23978248400); Monedero, Esperanza (8963423600); Hoekman, Kent (55340849900)","57204606950; 7403023118; 56830455800; 56391913100; 57211057346; 23060179200; 57209136007; 6603422314; 56856721500; 39161793400; 6508361398; 16240235200; 6701834060; 23978248400; 8963423600; 55340849900","Experimental study on hydrothermal carbonization of lignocellulosic biomass with magnesium chloride for solid fuel production","2020","Processes","8","4","444","","","20","10.3390/PR8040444","https://www.scopus.com/pages/publications/85084575399?origin=resultslist","Article","Final","All Open Access; Gold Open Access; Green Open Access","Scopus","2-s2.0-85084575399"
"Gonzalez-Espinoza M.; Otalora G.; Leyva Y.; Saavedra J.","Gonzalez-Espinoza, Manuel (57120104200); Otalora, Giovanni (55279851600); Leyva, Yoelsy (6506562182); Saavedra, Joel (7202229159)","57120104200; 55279851600; 6506562182; 7202229159","Dynamics of dark energy in a scalar-vector-torsion theory","2023","European Physical Journal Plus","138","7","600","","","6","10.1140/epjp/s13360-023-04237-1","https://www.scopus.com/pages/publications/85164336851?origin=resultslist","Article","Final","","Scopus","2-s2.0-85164336851"
"Quiroga F.; Hermosilla G.; Varas G.; Alonso F.; Schröder K.","Quiroga, Francisco (58043942000); Hermosilla, Gabriel (35797061600); Varas, German (22958911300); Alonso, Francisco (59094352300); Schröder, Karla (57883913500)","58043942000; 35797061600; 22958911300; 59094352300; 57883913500","RL-Based Sim2Real Enhancements for Autonomous Beach-Cleaning Agents","2024","Applied Sciences (Switzerland)","14","11","4602","","","3","10.3390/app14114602","https://www.scopus.com/pages/publications/85195995342?origin=resultslist","Article","Final","All Open Access; Gold Open Access; Green Open Access","Scopus","2-s2.0-85195995342"
"González-Chavarría I.; Roa F.J.; Sandoval F.; Muñoz-Flores C.; Kappes T.; Acosta J.; Bertinat R.; Altamirano C.; Valenzuela A.; Sánchez O.; Fernández K.; Toledo J.R.","González-Chavarría, Iván (56807103500); Roa, Francisco J. (56108641300); Sandoval, Felipe (56806508700); Muñoz-Flores, Carolina (57203005033); Kappes, Tomas (55583984300); Acosta, Jannel (8862159800); Bertinat, Romina (6508182627); Altamirano, Claudia (8332398700); Valenzuela, Ariel (7103344882); Sánchez, Oliberto (56238333700); Fernández, Katherina (16318706200); Toledo, Jorge R. (8916311400)","56807103500; 56108641300; 56806508700; 57203005033; 55583984300; 8862159800; 6508182627; 8332398700; 7103344882; 56238333700; 16318706200; 8916311400","Chitosan Microparticles Enhance the Intestinal Release and Immune Response of an Immune Stimulant Peptide in Oncorhynchus mykiss","2023","International Journal of Molecular Sciences","24","19","14685","","","5","10.3390/ijms241914685","https://www.scopus.com/pages/publications/85174711728?origin=resultslist","Article","Final","All Open Access; Gold Open Access; Green Open Access","Scopus","2-s2.0-85174711728"
"Badán J.A.; Jauregui G.; Navarrete-Astorga E.; Henríquez R.; Jiménez F.M.; Ariosa D.; Dalchiele E.A.","Badán, Juan Agustín (57199336451); Jauregui, Guillermo (57220602713); Navarrete-Astorga, Elena (57197739815); Henríquez, Rodrigo (55554951600); Jiménez, Francisco Martín (57947034100); Ariosa, Daniel (6604021716); Dalchiele, Enrique A. (6701854336)","57199336451; 57220602713; 57197739815; 55554951600; 57947034100; 6604021716; 6701854336","Solid-state thermal dewetted silver nanoparticles onto electrochemically grown self-standing vertically aligned ZnO nanorods for three-dimensional plasmonic nanostructures","2021","Ceramics International","47","23","","32685","32698","12","10.1016/j.ceramint.2021.08.165","https://www.scopus.com/pages/publications/85112855303?origin=resultslist","Article","Final","","Scopus","2-s2.0-85112855303"
"Norambuena N.; Ortega J.; Muñoz-La Rivera F.; Covarrubias M.; Valín Rivera J.L.; Ramírez E.; Ketterer C.I.G.","Norambuena, Nicolás (59730545800); Ortega, Julio (57216433157); Muñoz-La Rivera, Felipe (57217534356); Covarrubias, Mario (35118628900); Valín Rivera, José Luis (57215038914); Ramírez, Emanuel (59730545900); Ketterer, Cristóbal Ignacio Galleguillos (58125618700)","59730545800; 57216433157; 57217534356; 35118628900; 57215038914; 59730545900; 58125618700","Integrating Digital Twins of Engineering Labs into Multi-User Virtual Reality Environments","2025","Applied Sciences (Switzerland)","15","7","3819","","","8","10.3390/app15073819","https://www.scopus.com/pages/publications/105002279684?origin=resultslist","Article","Final","All Open Access; Gold Open Access; Green Open Access","Scopus","2-s2.0-105002279684"
"Ibarra J.; Aguirre M.J.; del Río R.; Henriquez R.; Faccio R.; Dalchiele E.A.; Arce R.; Ramírez G.","Ibarra, José (57210440934); Aguirre, María Jesus (16534552600); del Río, Rodrigo (56384505300); Henriquez, Rodrigo (55554951600); Faccio, Ricardo (6701745624); Dalchiele, Enrique A. (6701854336); Arce, Roxana (55218425600); Ramírez, Galo (25654214100)","57210440934; 16534552600; 56384505300; 55554951600; 6701745624; 6701854336; 55218425600; 25654214100","α-Fe2O3/, Co3O4/, and CoFe2O4/MWCNTs/Ionic Liquid Nanocomposites as High-Performance Electrocatalysts for the Electrocatalytic Hydrogen Evolution Reaction in a Neutral Medium","2024","International Journal of Molecular Sciences","25","13","7043","","","11","10.3390/ijms25137043","https://www.scopus.com/pages/publications/85198411114?origin=resultslist","Article","Final","All Open Access; Gold Open Access; Green Open Access","Scopus","2-s2.0-85198411114"
"Queiroga E.M.; Lopes J.L.; Kappel K.; Aguiar M.; Araújo R.M.; Munoz R.; Villarroel R.; Cechinel C.","Queiroga, Emanuel Marques (57192594702); Lopes, João Ladislau (36721505900); Kappel, Kristofer (57205729135); Aguiar, Marilton (7004368480); Araújo, Ricardo Matsumura (8318360600); Munoz, Roberto (57192589742); Villarroel, Rodolfo (12764593200); Cechinel, Cristian (35097285700)","57192594702; 36721505900; 57205729135; 7004368480; 8318360600; 57192589742; 12764593200; 35097285700","A learning analytics approach to identify students at risk of dropout: A case study with a technical distance education course","2020","Applied Sciences (Switzerland)","10","11","3998","","","61","10.3390/app10113998","https://www.scopus.com/pages/publications/85086929448?origin=resultslist","Article","Final","All Open Access; Gold Open Access; Green Open Access","Scopus","2-s2.0-85086929448"
"Berrios Vasquez S.I.; Hermosilla Monckton P.A.; Leiva Muñoz D.I.; Allende H.","Berrios Vasquez, Sebastian Ignacio (60017102300); Hermosilla Monckton, Pamela Alejandra (59713778800); Leiva Muñoz, Dante Ivan (60017824000); Allende, Hector (22333831700)","60017102300; 59713778800; 60017824000; 22333831700","Zero-Day Threat Mitigation via Deep Learning in Cloud Environments","2025","Applied Sciences (Switzerland)","15","14","7885","","","1","10.3390/app15147885","https://www.scopus.com/pages/publications/105011867542?origin=resultslist","Article","Final","All Open Access; Gold Open Access; Green Open Access","Scopus","2-s2.0-105011867542"
"Maureira A.; Zapata M.; Olave J.; Jeison D.; Wong L.-S.; Panico A.; Hernández P.; Cisternas L.A.; Rivas M.","Maureira, Alejandro (57189731513); Zapata, Manuel (15830802000); Olave, Jorge (58973004100); Jeison, David (6507881259); Wong, Liey-Si (59199636300); Panico, Antonio (36740396200); Hernández, Pía (35229583600); Cisternas, Luis A. (6603665617); Rivas, Mariella (54950327800)","57189731513; 15830802000; 58973004100; 6507881259; 59199636300; 36740396200; 35229583600; 6603665617; 54950327800","MICP mediated by indigenous bacteria isolated from tailings for biocementation for reduction of wind erosion","2024","Frontiers in Bioengineering and Biotechnology","12","","1393334","","","13","10.3389/fbioe.2024.1393334","https://www.scopus.com/pages/publications/85197363534?origin=resultslist","Article","Final","All Open Access; Gold Open Access; Green Open Access","Scopus","2-s2.0-85197363534"
"Silva P.G.P.; Mussagy C.U.; Lima C.D.A.; Santos-Ebinuma V.C.; Burkert J.F.D.M.; Santos L.O.","Silva, Pedro Garcia Pereira (57218502098); Mussagy, Cassamo U. (57205156967); Lima, Caio de Azevedo (58003479400); Santos-Ebinuma, Valéria C. (55503896600); Burkert, Janaína Fernandes de Medeiros (6602284973); Santos, Lucielen Oliveira (37012443300)","57218502098; 57205156967; 58003479400; 55503896600; 6602284973; 37012443300","Sustainable approach to recover β-carotene and astaxanthin from Phaffia rhodozyma grown in a stirred-tank bioreactor under the influence of magnetic fields","2023","Bioresource Technology","390","","129906","","","19","10.1016/j.biortech.2023.129906","https://www.scopus.com/pages/publications/85175048257?origin=resultslist","Article","Final","All Open Access; Green Open Access","Scopus","2-s2.0-85175048257"
"Araya M.; Villarreal P.; Moyano T.; Santos A.R.O.; Díaz F.P.; Bustos-Jarufe A.; Urbina K.; del Pino J.E.; Groenewald M.; Gutiérrez R.A.; Rosa C.A.; Cubillos F.A.","Araya, Macarena (58785194600); Villarreal, Pablo (57515881500); Moyano, Tomás (55812730300); Santos, Ana R. O. (57199742385); Díaz, Francisca P. (57205852822); Bustos-Jarufe, Andrea (58784849900); Urbina, Kamila (57216797735); del Pino, Javier E. (58785719100); Groenewald, Marizeth (8678888900); Gutiérrez, Rodrigo A. (7201937337); Rosa, Carlos A. (55552784400); Cubillos, Francisco A. (6603422314)","58785194600; 57515881500; 55812730300; 57199742385; 57205852822; 58784849900; 57216797735; 58785719100; 8678888900; 7201937337; 55552784400; 6603422314","Nakazawaea atacamensis f.a., sp. nov. a novel nonconventional fermentative ascomycetous yeast species from the Atacama Desert","2024","Yeast","41","1-2","","52","63","2","10.1002/yea.3920","https://www.scopus.com/pages/publications/85180918523?origin=resultslist","Article","Final","All Open Access; Bronze Open Access","Scopus","2-s2.0-85180918523"
"Paz Á.; Crawford B.; Monfroy E.; Barrera-García J.; Peña Fritz Á.; Soto R.; Cisternas-Caneo F.; Yáñez A.","Paz, Álex (58782560700); Crawford, Broderick (23395875300); Monfroy, Eric (6701648878); Barrera-García, José (58843404200); Peña Fritz, Álvaro (56959863300); Soto, Ricardo (24403038600); Cisternas-Caneo, Felipe (57219988879); Yáñez, Andrés (59917894200)","58782560700; 23395875300; 6701648878; 58843404200; 56959863300; 24403038600; 57219988879; 59917894200","Machine Learning and Metaheuristics Approach for Individual Credit Risk Assessment: A Systematic Literature Review","2025","Biomimetics","10","5","326","","","6","10.3390/biomimetics10050326","https://www.scopus.com/pages/publications/105006710337?origin=resultslist","Review","Final","All Open Access; Gold Open Access; Green Open Access","Scopus","2-s2.0-105006710337"
"Duarte-Vidal L.; Herrera R.F.; Atencio E.; Muñoz-La Rivera F.","Duarte-Vidal, Luz (57327180500); Herrera, Rodrigo F. (57192660568); Atencio, Edison (57215433542); Muñoz-La Rivera, Felipe (57217534356)","57327180500; 57192660568; 57215433542; 57217534356","Interoperability of digital tools for the monitoring and control of construction projects","2021","Applied Sciences (Switzerland)","11","21","10370","","","31","10.3390/app112110370","https://www.scopus.com/pages/publications/85118724967?origin=resultslist","Article","Final","All Open Access; Gold Open Access; Green Open Access","Scopus","2-s2.0-85118724967"
"Farias F.O.; Muchanga F.J.; Mussagy C.U.","Farias, Fabiane O. (57194337358); Muchanga, Felismina J. (59959511400); Mussagy, Cassamo U. (57205156967)","57194337358; 59959511400; 57205156967","Potential of sweet cherry by-products: From agro-industrial residues to the sustainable recovery of bioactive compounds in a circular economy framework","2025","Food and Bioproducts Processing","153","","","173","184","3","10.1016/j.fbp.2025.06.013","https://www.scopus.com/pages/publications/105008930906?origin=resultslist","Review","Final","","Scopus","2-s2.0-105008930906"
"Araya-Santelices P.; Moraga P.; Atencio E.; Lozano-Galant F.; Lozano-Galant J.A.","Araya-Santelices, Pablo (59510131300); Moraga, Pedro (59510131400); Atencio, Edison (57215433542); Lozano-Galant, Fidel (58962397900); Lozano-Galant, José Antonio (36739467200)","59510131300; 59510131400; 57215433542; 58962397900; 36739467200","BIM-GIS-Based Approach for Quality Management Aligned with ISO 9001","2025","Applied Sciences (Switzerland)","15","11","6107","","","0","10.3390/app15116107","https://www.scopus.com/pages/publications/105007851469?origin=resultslist","Article","Final","All Open Access; Gold Open Access; Green Open Access","Scopus","2-s2.0-105007851469"
"Mussagy C.U.; Alvarado-Holtheuer C.N.; Passaes A.C.S.J.; Farias R.L.","Mussagy, Cassamo.U. (57205156967); Alvarado-Holtheuer, Cristobál N. (60204484900); Passaes, Anna C.S.J. (59564416900); Farias, Renan L. (59564934600)","57205156967; 60204484900; 59564416900; 59564934600","Solvatochromism and color modulation of carotenoids in bio-based solvents","2026","Dyes and Pigments","250","","113671","","","1","10.1016/j.dyepig.2026.113671","https://www.scopus.com/pages/publications/105030659384?origin=resultslist","Article","Final","","Scopus","2-s2.0-105030659384"
"Erbetta N.; Puebla G.; Day D.; Jennings M.; Loureiro A.; Green C.; Gallardo L.; Quiroz W.","Erbetta, Nayadet (59359854800); Puebla, Gonzalo (58534484500); Day, Dave (56942956800); Jennings, Morgan (57617915500); Loureiro, Agustin (58534121300); Green, Christopher (57221932927); Gallardo, Loverchio (58534300500); Quiroz, Waldo (8943807600)","59359854800; 58534484500; 56942956800; 57617915500; 58534121300; 57221932927; 58534300500; 8943807600","Direct determination of lithium in brine samples using handheld LIBS without sample treatment: sample introduction by venturi system","2024","Analytical Methods","16","43","","7311","7318","8","10.1039/d3ay02025h","https://www.scopus.com/pages/publications/85205933203?origin=resultslist","Article","Final","All Open Access; Hybrid Gold Open Access","Scopus","2-s2.0-85205933203"
"Szakács S.; Martínez E.O.; Koók L.; Santos G.M.; Alarcon J.T.; Jeison D.; Pientka Z.; Nemestóthy N.; Bélafi-Bakó K.; Bakonyi P.","Szakács, Szabolcs (57222870902); Martínez, Eduardo Ortega (59110052200); Koók, László (56717654500); Santos, Gabriela Medeiros (58955827800); Alarcon, Javiera Toledo (58955579500); Jeison, David (6507881259); Pientka, Zbynek (6603623524); Nemestóthy, Nándor (6506371540); Bélafi-Bakó, Katalin (55880404200); Bakonyi, Péter (36871443100)","57222870902; 59110052200; 56717654500; 58955827800; 58955579500; 6507881259; 6603623524; 6506371540; 55880404200; 36871443100","Biofouling-focused assessment of a novel, cellulose-based ionogel membrane applied in a microbial fuel cell","2024","Bioresource Technology Reports","26","","101817","","","5","10.1016/j.biteb.2024.101817","https://www.scopus.com/pages/publications/85188699078?origin=resultslist","Article","Final","All Open Access; Green Open Access; Hybrid Gold Open Access","Scopus","2-s2.0-85188699078"
"López A.; Tapia A.; Seriani S.","López, Ariel (58872370200); Tapia, Anibal (59066038500); Seriani, Sebastian (56545753100)","58872370200; 59066038500; 56545753100","Analyzing Escalator Infrastructures: A Pilot Study in Santiago Metro","2023","Applied Sciences (Switzerland)","13","20","11117","","","4","10.3390/app132011117","https://www.scopus.com/pages/publications/85192362531?origin=resultslist","Article","Final","All Open Access; Gold Open Access; Green Open Access","Scopus","2-s2.0-85192362531"
"Rojas Catalán V.; Valín J.L.; Muñoz-La Rivera F.; Ortega J.; Norambuena N.; Ramirez E.; Galleguillos Ketterer C.I.","Rojas Catalán, Vicente (59986558700); Valín, José Luis (6603885305); Muñoz-La Rivera, Felipe (57217534356); Ortega, Julio (57216433157); Norambuena, Nicolás (59730545800); Ramirez, Emanuel (59730545900); Galleguillos Ketterer, Cristóbal Ignacio (59985518200)","59986558700; 6603885305; 57217534356; 57216433157; 59730545800; 59730545900; 59985518200","Virtual Reality and Digital Twins for Catastrophic Failure Prevention in Industry 4.0","2025","Applied Sciences (Switzerland)","15","13","7230","","","2","10.3390/app15137230","https://www.scopus.com/pages/publications/105010311102?origin=resultslist","Article","Final","All Open Access; Gold Open Access; Green Open Access","Scopus","2-s2.0-105010311102"
"Guerrero K.; Gallardo R.; González E.; Veliz F.; Conejeros R.; Gentina J.C.; Aroca G.","Guerrero, Karlo (23134789700); Gallardo, Roberto (55999234200); González, Ernesto (56856511800); Veliz, Fabián (57382042800); Conejeros, Raúl (35611393300); Gentina, Juan Carlos (7004106285); Aroca, Germán (6603177229)","23134789700; 55999234200; 56856511800; 57382042800; 35611393300; 7004106285; 6603177229","Butanol production by Clostridium acetobutylicum ATCC 824 using electro-fermentation in culture medium supplemented with butyrate and neutral red","2022","Journal of Chemical Technology and Biotechnology","97","6","","1526","1535","15","10.1002/jctb.7007","https://www.scopus.com/pages/publications/85121561788?origin=resultslist","Article","Final","","Scopus","2-s2.0-85121561788"
"Zúñiga H.; Vergara C.; Donoso-Bravo A.; Jeison D.","Zúñiga, Héctor (57214751518); Vergara, Christian (56994099500); Donoso-Bravo, Andrés (25723108900); Jeison, David (6507881259)","57214751518; 56994099500; 25723108900; 6507881259","Effect of delays on the response of microalgae when exposed to dynamic environmental conditions","2020","Processes","8","1","87","","","7","10.3390/pr8010087","https://www.scopus.com/pages/publications/85079030546?origin=resultslist","Article","Final","All Open Access; Gold Open Access; Green Open Access","Scopus","2-s2.0-85079030546"
"León F.; Rojas L.; Bazán V.; Martínez Y.; Peña A.; Garcia J.","León, Fabian (59919430700); Rojas, Luis (60263041200); Bazán, Vanesa (57520973300); Martínez, Yuniel (59919240900); Peña, Alvaro (56959863300); Garcia, José (7406129672)","59919430700; 60263041200; 57520973300; 59919240900; 56959863300; 7406129672","A Systematic Review of Copper Heap Leaching: Key Operational Variables, Green Reagents, and Sustainable Engineering Strategies","2025","Processes","13","5","1513","","","5","10.3390/pr13051513","https://www.scopus.com/pages/publications/105006745539?origin=resultslist","Article","Final","All Open Access; Gold Open Access; Green Open Access","Scopus","2-s2.0-105006745539"
"González V.; Giraldo R.; Leiva V.","González, Víctor (58315116500); Giraldo, Ramón (36007298900); Leiva, Víctor (22953630400)","58315116500; 36007298900; 22953630400","PLS1-MD: A partial least squares regression algorithm for solving missing data problems","2023","Chemometrics and Intelligent Laboratory Systems","240","","104876","","","6","10.1016/j.chemolab.2023.104876","https://www.scopus.com/pages/publications/85161972379?origin=resultslist","Article","Final","","Scopus","2-s2.0-85161972379"
"Seriani S.; Aprigliano V.; Peña A.; Gonzalez S.; Arredondo B.; Bastías I.; Bustos E.; Requesens J.; Lopez A.; Fujiyama T.","Seriani, Sebastian (56545753100); Aprigliano, Vicente (58106736100); Peña, Alvaro (56959863300); Gonzalez, Shirley (58871998400); Arredondo, Bernardo (59490057200); Bastías, Iván (59489845200); Bustos, Emilio (59490057300); Requesens, Jose (59175926900); Lopez, Ariel (58872370200); Fujiyama, Taku (26640412100)","56545753100; 58106736100; 56959863300; 58871998400; 59490057200; 59489845200; 59490057300; 59175926900; 58872370200; 26640412100","An Experimental Pilot Approach to Evaluate the Infrastructure Accessibility and Level of Service at Metro Station Platforms","2025","Applied Sciences (Switzerland)","15","3","1221","","","1","10.3390/app15031221","https://www.scopus.com/pages/publications/85217524242?origin=resultslist","Article","Final","All Open Access; Gold Open Access; Green Open Access","Scopus","2-s2.0-85217524242"
"Taborda M.I.; Catalan K.N.; Orellana N.; Bezjak D.; Enrione J.; Acevedo C.A.; Corrales T.P.","Taborda, María I. (58769895300); Catalan, Karina N. (57208834444); Orellana, Nicole (57201341543); Bezjak, Dragica (58487944500); Enrione, Javier (15829018400); Acevedo, Cristian A. (7004963806); Corrales, Tomas P. (54884299600)","58769895300; 57208834444; 57201341543; 58487944500; 15829018400; 7004963806; 54884299600","Micropatterned Nanofiber Scaffolds of Salmon Gelatin, Chitosan, and Poly(vinyl alcohol) for Muscle Tissue Engineering","2023","ACS Omega","8","50","","47883","47896","13","10.1021/acsomega.3c06436","https://www.scopus.com/pages/publications/85180115690?origin=resultslist","Article","Final","All Open Access; Gold Open Access; Green Open Access","Scopus","2-s2.0-85180115690"
"Valdez-Cruz N.A.; García-Hernández E.; Espitia C.; Cobos-Marín L.; Altamirano C.; Bando-Campos C.G.; Cofas-Vargas L.F.; Coronado-Aceves E.W.; González-Hernández R.A.; Hernández-Peralta P.; Juárez-López D.; Ortega-Portilla P.A.; Restrepo-Pineda S.; Zelada-Cordero P.; Trujillo-Roldán M.A.","Valdez-Cruz, Norma A. (6508138237); García-Hernández, Enrique (55993721900); Espitia, Clara (6701547642); Cobos-Marín, Laura (6504388990); Altamirano, Claudia (8332398700); Bando-Campos, Carlos G. (36127501100); Cofas-Vargas, Luis F. (57221527170); Coronado-Aceves, Enrique W. (55935795900); González-Hernández, Ricardo A. (57191199991); Hernández-Peralta, Pablo (56487965100); Juárez-López, Daniel (57205469399); Ortega-Portilla, Paola A. (57192027883); Restrepo-Pineda, Sara (57195201600); Zelada-Cordero, Patricio (57223096382); Trujillo-Roldán, Mauricio A. (56000813300)","6508138237; 55993721900; 6701547642; 6504388990; 8332398700; 36127501100; 57221527170; 55935795900; 57191199991; 56487965100; 57205469399; 57192027883; 57195201600; 57223096382; 56000813300","Integrative overview of antibodies against SARS-CoV-2 and their possible applications in COVID-19 prophylaxis and treatment","2021","Microbial Cell Factories","20","1","88","","","41","10.1186/s12934-021-01576-5","https://www.scopus.com/pages/publications/85104765543?origin=resultslist","Review","Final","All Open Access; Gold Open Access; Green Open Access","Scopus","2-s2.0-85104765543"
"Durán O.; Aguilar J.; Capaldo A.; Arata A.","Durán, Orlando (23396493200); Aguilar, Javier (57220004518); Capaldo, Andrea (57200503468); Arata, Adolfo (55575369700)","23396493200; 57220004518; 57200503468; 55575369700","Fleet resilience: evaluating maintenance strategies in critical equipment","2021","Applied Sciences (Switzerland)","11","1","38","1","17","13","10.3390/app11010038","https://www.scopus.com/pages/publications/85098654956?origin=resultslist","Article","Final","All Open Access; Gold Open Access; Green Open Access","Scopus","2-s2.0-85098654956"
"Pietricola G.; Ottone C.; Fino D.; Tommasi T.","Pietricola, Giuseppe (57219938432); Ottone, Carminna (56120084100); Fino, Debora (6603706724); Tommasi, Tonia (25724727000)","57219938432; 56120084100; 6603706724; 25724727000","Enzymatic reduction of CO2to formic acid using FDH immobilized on natural zeolite","2020","Journal of CO2 Utilization","42","","101343","","","45","10.1016/j.jcou.2020.101343","https://www.scopus.com/pages/publications/85096182428?origin=resultslist","Article","Final","","Scopus","2-s2.0-85096182428"
"Atencio E.; Lozano F.; Alfaro I.; Lozano-Galant J.A.; Muñoz-La Rivera F.","Atencio, Edison (57215433542); Lozano, Fidel (58962397900); Alfaro, Ignacio (59370115000); Lozano-Galant, Jose Antonio (36739467200); Muñoz-La Rivera, Felipe (57217534356)","57215433542; 58962397900; 59370115000; 36739467200; 57217534356","Integrating Web-Based Weather Data into Building Information Modeling Models through Robot Process Automation","2024","Applied Sciences (Switzerland)","14","19","9109","","","11","10.3390/app14199109","https://www.scopus.com/pages/publications/85206579082?origin=resultslist","Article","Final","All Open Access; Gold Open Access; Green Open Access","Scopus","2-s2.0-85206579082"
"Cocuzza C.; Pietricola G.; Zonca I.; Dosa M.; Romero O.; Tommasi T.; Cauda V.; Fino D.; Ottone C.; Piumetti M.","Cocuzza, Clarissa (57235535300); Pietricola, Giuseppe (57219938432); Zonca, Ilaria (57982188800); Dosa, Melodj (57194513287); Romero, Oscar (26667441500); Tommasi, Tonia (25724727000); Cauda, Valentina (57221906163); Fino, Debora (6603706724); Ottone, Carminna (56120084100); Piumetti, Marco (15846740600)","57235535300; 57219938432; 57982188800; 57194513287; 26667441500; 25724727000; 57221906163; 6603706724; 56120084100; 15846740600","Simultaneous CO2 reduction and NADH regeneration using formate and glycerol dehydrogenase enzymes co-immobilized on modified natural zeolite","2022","RSC Advances","12","48","","31142","31155","20","10.1039/d2ra03459j","https://www.scopus.com/pages/publications/85142756305?origin=resultslist","Article","Final","All Open Access; Gold Open Access; Green Open Access","Scopus","2-s2.0-85142756305"
"Alvarez K.L.; Martín J.M.; Burgos N.; Ipatov M.; Domínguez L.; González J.","Alvarez, Kenny L. (57196568609); Martín, José Manuel (55505779000); Burgos, Nerea (57196838072); Ipatov, Mihail (55950065900); Domínguez, Lourdes (7103341989); González, Julián (7404493359)","57196568609; 55505779000; 57196838072; 55950065900; 7103341989; 7404493359","Coercivity and magnetic anisotropy of (Fe0.76 si0.09 b0.10 p0.05)97.5 nb2.0 cu0.5 amorphous and nanocrystalline alloy produced by gas atomization process","2020","Nanomaterials","10","5","884","","","8","10.3390/nano10050884","https://www.scopus.com/pages/publications/85085034886?origin=resultslist","Article","Final","All Open Access; Gold Open Access; Green Open Access","Scopus","2-s2.0-85085034886"
"Pino-Cortés E.; Montalvo S.; Huiliñir C.; Cubillos F.; Gacitúa J.","Pino-Cortés, Ernesto (56830455800); Montalvo, Silvio (6701371309); Huiliñir, César (57216785072); Cubillos, Francisco (6603422314); Gacitúa, Juan (57217305098)","56830455800; 6701371309; 57216785072; 6603422314; 57217305098","Characteristics and treatment of wastewater from the mercaptan oxidation process: A comprehensive review","2020","Processes","8","4","425","","","21","10.3390/PR8040425","https://www.scopus.com/pages/publications/85087053590?origin=resultslist","Review","Final","All Open Access; Gold Open Access; Green Open Access","Scopus","2-s2.0-85087053590"
"Quiñones D.; Rusu C.; Arancibia D.; González S.; Saavedra M.J.","Quiñones, Daniela (56237424300); Rusu, Cristian (15521347000); Arancibia, Diego (57219357870); González, Sebastián (57219356479); Saavedra, María Josée (57210183953)","56237424300; 15521347000; 57219357870; 57219356479; 57210183953","SNUXH: A set of social network user experience heuristics","2020","Applied Sciences (Switzerland)","10","18","6547","","","9","10.3390/APP10186547","https://www.scopus.com/pages/publications/85092335122?origin=resultslist","Article","Final","All Open Access; Gold Open Access; Green Open Access","Scopus","2-s2.0-85092335122"
"Szcerba C.; Dávalos E.; Leiva A.; Pinto-Ríos J.","Szcerba, Christian (60432478500); Dávalos, Enrique (36241194200); Leiva, Ariel (35795685600); Pinto-Ríos, Juan (57226668916)","60432478500; 36241194200; 35795685600; 57226668916","Early Fault Detection in a Real Scenario of Hybrid Fiber–Coaxial Networks Using Machine Learning: An Approach Based on Decision Trees and Random Forests","2025","Applied Sciences (Switzerland)","15","19","10442","","","0","10.3390/app151910442","https://www.scopus.com/pages/publications/105031705944?origin=resultslist","Article","Final","All Open Access; Gold Open Access; Green Open Access","Scopus","2-s2.0-105031705944"
"Chirinos R.; Pedreschi R.; Campos D.","Chirinos, Rosana (14833763600); Pedreschi, Romina (14052508500); Campos, David (7005426874)","14833763600; 14052508500; 7005426874","Enzyme-assisted hydrolysates from sacha inchi (Plukenetia volubilis) protein with in vitro antioxidant and antihypertensive properties","2020","Journal of Food Processing and Preservation","44","12","e14969","","","27","10.1111/jfpp.14969","https://www.scopus.com/pages/publications/85096722712?origin=resultslist","Article","Final","","Scopus","2-s2.0-85096722712"
"Suazo A.; Parera Olm I.; Otálora F.; Martínez-Ruano J.; Conejeros R.; Aroca G.; Sousa D.Z.","Suazo, Andrés (58241796100); Parera Olm, Ivette (57212103541); Otálora, Fabián (60347531300); Martínez-Ruano, Jimmy (57201478155); Conejeros, Raúl (35611393300); Aroca, Germán (6603177229); Sousa, Diana Z. (15926458300)","58241796100; 57212103541; 60347531300; 57201478155; 35611393300; 6603177229; 15926458300","Influence of H2:CO2 ratio and low CO supplementation on product distribution and carboxylate reduction in Clostridium autoethanogenum","2026","Chemical Engineering Journal","530","","172982","","","0","10.1016/j.cej.2026.172982","https://www.scopus.com/pages/publications/105028356072?origin=resultslist","Article","Final","All Open Access; Green Open Access; Hybrid Gold Open Access","Scopus","2-s2.0-105028356072"
"Ayala-Claveria M.; Carlesi C.; Puig J.; Olguin G.","Ayala-Claveria, Martin (59422265300); Carlesi, Carlos (57217165711); Puig, Julieta (56254133500); Olguin, Gianni (56043666900)","59422265300; 57217165711; 56254133500; 56043666900","Effects of the functionalization on the performance of graphene oxide-based membranes in the desalination and wastewater treatment: A new classification of functionalizing material","2024","Chemical Engineering Journal Advances","20","","100684","","","11","10.1016/j.ceja.2024.100684","https://www.scopus.com/pages/publications/85210021583?origin=resultslist","Review","Final","All Open Access; Gold Open Access; Green Open Access","Scopus","2-s2.0-85210021583"
"Mussagy C.U.; Caicedo-Paz A.V.; Figueroa D.; Santander C.; González F.; Tropea A.; Mondello L.; Spadaro D.; Trocino S.; Piazza R.D.; Marques R.F.C.; Godoy K.; Cornejo P.","Mussagy, Cassamo U. (57205156967); Caicedo-Paz, Angie V. (58030292900); Figueroa, Debora (59681134100); Santander, Christian (55366787200); González, Felipe (57889678800); Tropea, Alessia (55649655600); Mondello, Luigi (7005632150); Spadaro, Donatella (26656968900); Trocino, Stefano (55372155200); Piazza, Rodolfo D. (57195774722); Marques, Rodrigo F.C. (7102046000); Godoy, Karina (55507131000); Cornejo, Pablo (24553838900)","57205156967; 58030292900; 59681134100; 55366787200; 57889678800; 55649655600; 7005632150; 26656968900; 55372155200; 57195774722; 7102046000; 55507131000; 24553838900","Maximizing Haematococcus biorefineries: Ionic liquid-based astaxanthin recovery, biocosmetic formulation, solar cell applications, and biofertilizer valorization","2025","Bioresource Technology","426","","132347","","","3","10.1016/j.biortech.2025.132347","https://www.scopus.com/pages/publications/86000472134?origin=resultslist","Article","Final","All Open Access; Green Open Access","Scopus","2-s2.0-86000472134"
"Sadino-Riquelme M.C.; Rivas J.; Jeison D.; Donoso-Bravo A.; Hayes R.E.","Sadino-Riquelme, M. Constanza (57214892787); Rivas, José (57204664136); Jeison, David (6507881259); Donoso-Bravo, Andrés (25723108900); Hayes, Robert E. (57203044203)","57214892787; 57204664136; 6507881259; 25723108900; 57203044203","Integrating mechanical mixing, headspace, and rheology in a computational model for a fermentation process","2023","Canadian Journal of Chemical Engineering","101","11","","6240","6260","3","10.1002/cjce.24845","https://www.scopus.com/pages/publications/85147592487?origin=resultslist","Article","Final","All Open Access; Hybrid Gold Open Access","Scopus","2-s2.0-85147592487"
"Corvalán C.; Espinoza Pérez A.T.; Díaz-Robles L.A.; Cubillos F.; Vallejo F.; Gómez J.; Pino-Cortés E.; Espinoza-Pérez L.; Pelz S.K.; Paczkowski S.; Rumberg M.; Carrasco S.; Silva J.; Lapuerta M.; Cereceda-Balic F.; Pazo A.; Monedero E.; Meriño J.F.","Corvalán, Constanza (57223848729); Espinoza Pérez, Andrea Teresa (57203582471); Díaz-Robles, Luis A. (23060179200); Cubillos, Francisco (6603422314); Vallejo, Fidel (57211057346); Gómez, Jaime (56391913100); Pino-Cortés, Ernesto (56830455800); Espinoza-Pérez, Lorena (57222140496); Pelz, Stefan K. (56856721500); Paczkowski, Sebastian (39161793400); Rumberg, Michael (57223852068); Carrasco, Samuel (57204606950); Silva, Javier (7403023118); Lapuerta, Magín (6701834060); Cereceda-Balic, Francisco (6508361398); Pazo, Amparo (23978248400); Monedero, Esperanza (8963423600); Meriño, Juan Figueroa (57223869748)","57223848729; 57203582471; 23060179200; 6603422314; 57211057346; 56391913100; 56830455800; 57222140496; 56856721500; 39161793400; 57223852068; 57204606950; 7403023118; 6701834060; 6508361398; 23978248400; 8963423600; 57223869748","Life cycle assessment for hydrothermal carbonization of urban organic solid waste in comparison with gasification process: A case study of Southern Chile","2021","Environmental Progress and Sustainable Energy","40","6","e13688","","","25","10.1002/ep.13688","https://www.scopus.com/pages/publications/85106331948?origin=resultslist","Article","Final","","Scopus","2-s2.0-85106331948"
"Luna A.; Herrera R.F.; Castañeda K.; Atencio E.; Biotto C.","Luna, Adriana (59893553500); Herrera, Rodrigo F. (57192660568); Castañeda, Karen (57218622109); Atencio, Edison (57215433542); Biotto, Clarissa (56229895100)","59893553500; 57192660568; 57218622109; 57215433542; 56229895100","Benefits and Limitations of Lean Tools in the Building Design Process: A Functional and Comparative Analysis","2025","Applied Sciences (Switzerland)","15","9","5137","","","5","10.3390/app15095137","https://www.scopus.com/pages/publications/105004931739?origin=resultslist","Article","Final","All Open Access; Gold Open Access; Green Open Access","Scopus","2-s2.0-105004931739"
"Soto-Ramírez R.; Barrientos N.; Videla S.; Chamy R.","Soto-Ramírez, Robinson (57221469695); Barrientos, Nelson (57218687763); Videla, Sebastián (6603706255); Chamy, Rolando (6603874955)","57221469695; 57218687763; 6603706255; 6603874955","Improving irrigation water quality using a pilot algal treatment system: A case study from northern Chile","2025","Case Studies in Chemical and Environmental Engineering","12","","101281","","","1","10.1016/j.cscee.2025.101281","https://www.scopus.com/pages/publications/105015563334?origin=resultslist","Article","Final","All Open Access; Gold Open Access; Green Open Access","Scopus","2-s2.0-105015563334"
"Manquián-Cerda K.; Maldonado T.; Cuevas R.; Calderón R.; Rubio M.A.; Arancibia-Miranda N.","Manquián-Cerda, Karen (36127668100); Maldonado, Tamara (57191910761); Cuevas, Rubén (60593598200); Calderón, Raúl (56341641600); Rubio, María Angélica (7201608152); Arancibia-Miranda, Nicolás (36969561600)","36127668100; 57191910761; 60593598200; 56341641600; 7201608152; 36969561600","Decoding the interfacial synergy of Fe–Cu bimetallic nanoparticles for the concurrent removal of As(V) and Cr(VI)","2026","Journal of Nanoparticle Research","28","5","117","","","0","10.1007/s11051-026-06612-2","https://www.scopus.com/pages/publications/105036565986?origin=resultslist","Article","Final","","Scopus","2-s2.0-105036565986"
"Rios L.A.; Barraza M.J.; Robles P.A.; Quezada G.R.","Rios, Luis A. (59756411500); Barraza, Melanny J. (59756776900); Robles, Pedro A. (12774054800); Quezada, Gonzalo R. (56461257700)","59756411500; 59756776900; 12774054800; 56461257700","Chalcopyrite Flotation, Molecular Design and Smart Industry: A Review","2025","International Journal of Molecular Sciences","26","8","3613","","","7","10.3390/ijms26083613","https://www.scopus.com/pages/publications/105003776879?origin=resultslist","Review","Final","All Open Access; Gold Open Access; Green Open Access","Scopus","2-s2.0-105003776879"
"Delgado-Torres A.M.; Campo A.; Masip-Macia Y.","Delgado-Torres, Agustín M. (16424712900); Campo, Antonio (23157654000); Masip-Macia, Yunesky (36159702500)","16424712900; 23157654000; 36159702500","Compact Algebraic Asymptotes for Small and Large Time Surface Temperatures for Regular Solid Bodies Heated with Uniform Heat Flux: Scrutiny of New Critical Fourier Numbers","2021","Journal of Thermal Science and Engineering Applications","13","3","031001","","","0","10.1115/1.4047939","https://www.scopus.com/pages/publications/85091960660?origin=resultslist","Article","Final","","Scopus","2-s2.0-85091960660"
"Garcia J.; Rios-Colque L.; Peña A.; Rojas L.","Garcia, Jose (7406129672); Rios-Colque, Luis (57189221267); Peña, Alvaro (56959863300); Rojas, Luis (60263041200)","7406129672; 57189221267; 56959863300; 60263041200","Condition Monitoring and Predictive Maintenance in Industrial Equipment: An NLP-Assisted Review of Signal Processing, Hybrid Models, and Implementation Challenges","2025","Applied Sciences (Switzerland)","15","10","5465","","","39","10.3390/app15105465","https://www.scopus.com/pages/publications/105006678920?origin=resultslist","Review","Final","All Open Access; Gold Open Access; Green Open Access","Scopus","2-s2.0-105006678920"
"Vallejo F.; Díaz-Robles L.; Vega R.; Cubillos F.; Espinoza A.P.; Pinilla F.; Pino-Cortés E.","Vallejo, Fidel (57211057346); Díaz-Robles, Luis (23060179200); Vega, Ricardo (56223528200); Cubillos, Francisco (6603422314); Espinoza, Andrea Perez (57203582471); Pinilla, Felipe (57219282186); Pino-Cortés, Ernesto (56830455800)","57211057346; 23060179200; 56223528200; 6603422314; 57203582471; 57219282186; 56830455800","An experimental study for municipal organic waste and sludge treated by hydrothermal carbonization","2020","Chemical Engineering Transactions","81","","","355","360","12","10.3303/CET2081060","https://www.scopus.com/pages/publications/85092091161?origin=resultslist","Article","Final","","Scopus","2-s2.0-85092091161"
"Jara-Guajardo P.; Cabrera P.; Celis F.; Soler M.; Berlanga I.; Parra-Muñoz N.; Acosta G.; Albericio F.; Guzman F.; Campos M.; Alvarez A.; Morales-Zavala F.; Kogan M.J.","Jara-Guajardo, Pedro (57216374754); Cabrera, Pablo (35253414300); Celis, Freddy (24075210700); Soler, Mónica (56223015500); Berlanga, Isadora (37086932200); Parra-Muñoz, Nicole (57212455863); Acosta, Gerardo (14630157200); Albericio, Fernando (7005138070); Guzman, Fanny (7004463815); Campos, Marcelo (56225335900); Alvarez, Alejandra (7202214738); Morales-Zavala, Francisco (57201970159); Kogan, Marcelo J. (7102617437)","57216374754; 35253414300; 24075210700; 56223015500; 37086932200; 57212455863; 14630157200; 7005138070; 7004463815; 56225335900; 7202214738; 57201970159; 7102617437","Gold nanoparticles mediate improved detection of β-amyloid aggregates by fluorescence","2020","Nanomaterials","10","4","690","","","50","10.3390/nano10040690","https://www.scopus.com/pages/publications/85083342200?origin=resultslist","Article","Final","All Open Access; Gold Open Access; Green Open Access","Scopus","2-s2.0-85083342200"
"Vieira I.R.A.S.; Jesus Silva G.D.; Mondlhane C.; Nascimento J.L.; Gonçalves B.-H.R.F.; Caicedo Paz A.V.; Mussagy C.U.; Franco M.","Vieira, Izis Rafaela Alves Silva (60403601300); Jesus Silva, Grazielly de (60403615000); Mondlhane, Celso (59490949100); Nascimento, Júlia Lima (60403639400); Gonçalves, Ben-Hur Ramos Ferreira (57189445990); Caicedo Paz, Angie Vanessa (58030292900); Mussagy, Cassamo Ussemane (57205156967); Franco, Marcelo (56207496400)","60403601300; 60403615000; 59490949100; 60403639400; 57189445990; 58030292900; 57205156967; 56207496400","Green extraction and AI-assisted biorefinery strategies for phenolic recovery from avocado agro-residues: Environmental and techno-economic perspectives","2026","Journal of Environmental Chemical Engineering","14","2","121809","","","0","10.1016/j.jece.2026.121809","https://www.scopus.com/pages/publications/105030413600?origin=resultslist","Article","Final","","Scopus","2-s2.0-105030413600"
"Lazo Y.; Crawford B.; Cisternas-Caneo F.; Barrera-Garcia J.; Soto R.; Giachetti G.","Lazo, Yoslandy (26029395300); Crawford, Broderick (23395875300); Cisternas-Caneo, Felipe (57219988879); Barrera-Garcia, José (58843404200); Soto, Ricardo (24403038600); Giachetti, Giovanni (24481355300)","26029395300; 23395875300; 57219988879; 58843404200; 24403038600; 24481355300","Evolution and Trends of the Exploration–Exploitation Balance in Bio-Inspired Optimization Algorithms: A Bibliometric Analysis of Metaheuristics","2025","Biomimetics","10","8","517","","","2","10.3390/biomimetics10080517","https://www.scopus.com/pages/publications/105014468147?origin=resultslist","Review","Final","All Open Access; Gold Open Access; Green Open Access","Scopus","2-s2.0-105014468147"
"Mussagy C.U.; Alvarado-Holtheuer C.N.; Pessoa A., Jr; Farias F.O.","Mussagy, Cassamo U. (57205156967); Alvarado-Holtheuer, Cristobál N. (60204484900); Pessoa, Adalberto (7004373340); Farias, Fabiane O. (57194337358)","57205156967; 60204484900; 7004373340; 57194337358","Emerging biosolvents for microbial astaxanthin recovery: Molecular insights into green solutions for the 21st century","2026","Separation and Purification Technology","383","","136174","","","0","10.1016/j.seppur.2025.136174","https://www.scopus.com/pages/publications/105022423559?origin=resultslist","Article","Final","","Scopus","2-s2.0-105022423559"
"Noriega-Rodríguez D.; Soto-Maldonado C.; Torres-Alarcón C.; Pastrana-Castro L.; Weinstein-Oppenheimer C.; Zúñiga-Hansen M.E.","Noriega-Rodríguez, Diana (57219094599); Soto-Maldonado, Carmen (7007083173); Torres-Alarcón, Cristian (57219091968); Pastrana-Castro, Lorenzo (57190968916); Weinstein-Oppenheimer, Caroline (8789487000); Zúñiga-Hansen, María Elvira (57219094159)","57219094599; 7007083173; 57219091968; 57190968916; 8789487000; 57219094159","Valorization of globe artichoke (Cynara Scolymus) agro-industrial discards, obtaining an extract with a selective eect on viability of cancer cell lines","2020","Processes","8","6","715","","","31","10.3390/pr8060715","https://www.scopus.com/pages/publications/85087805191?origin=resultslist","Article","Final","All Open Access; Gold Open Access; Green Open Access","Scopus","2-s2.0-85087805191"
"Gómez-Pulid J.A.; Park Y.; Soto R.","Gómez-Pulid, Juan A. (6505916983); Park, Young (56111161400); Soto, Ricardo (24403038600)","6505916983; 56111161400; 24403038600","Advanced techniques in the analysis and prediction of students' behaviour in technology-enhanced learning contexts","2020","Applied Sciences (Switzerland)","10","18","6178","","","4","10.3390/APP10186178","https://www.scopus.com/pages/publications/85091696184?origin=resultslist","Editorial","Final","All Open Access; Gold Open Access; Green Open Access","Scopus","2-s2.0-85091696184"
"Rojas L.; Peña Á.; Garcia J.","Rojas, Luis (60263041200); Peña, Álvaro (56959863300); Garcia, José (7406129672)","60263041200; 56959863300; 7406129672","AI-Driven Predictive Maintenance in Mining: A Systematic Literature Review on Fault Detection, Digital Twins, and Intelligent Asset Management","2025","Applied Sciences (Switzerland)","15","6","3337","","","78","10.3390/app15063337","https://www.scopus.com/pages/publications/105000967139?origin=resultslist","Review","Final","All Open Access; Gold Open Access; Green Open Access","Scopus","2-s2.0-105000967139"
"Kou X.; Anjum T.; Sun K.; Liu L.; Ji G.; Laeeq Khan A.; Elma M.; Olguin G.","Kou, Xiaonan (58059136300); Anjum, Tanzila (57220549543); Sun, Kuo (57343744600); Liu, Liang (57191416701); Ji, Guozhao (55262553900); Laeeq Khan, Asim (35329787700); Elma, Muthia (55758444600); Olguin, Gianni (56043666900)","58059136300; 57220549543; 57343744600; 57191416701; 55262553900; 35329787700; 55758444600; 56043666900","Insights into the pore size distribution of amorphous silica membranes using gas permeation activation energies","2025","Journal of Membrane Science","713","","123269","","","13","10.1016/j.memsci.2024.123269","https://www.scopus.com/pages/publications/85202861503?origin=resultslist","Article","Final","","Scopus","2-s2.0-85202861503"
"Santacruz-Yunga E.; Silva-Rojas P.; Plaza E.; Trejo-Soto C.","Santacruz-Yunga, E. (58619622300); Silva-Rojas, P. (59716846200); Plaza, E. (36987075800); Trejo-Soto, C. (54279608700)","58619622300; 59716846200; 36987075800; 54279608700","Smoothed particle hydrodynamics modeling and experimental validation of pressure-driven microchannel filling","2025","Physics of Fluids","37","8","082031","","","0","10.1063/5.0283435","https://www.scopus.com/pages/publications/105013060159?origin=resultslist","Article","Final","","Scopus","2-s2.0-105013060159"
"de Oliveira U.R.; Brasil T.F.; Aprigliano V.; Santos C.R.D.; Lima G.B.A.","de Oliveira, Ualison Rébula (8210278500); Brasil, Tommy Figueiredo (59756923800); Aprigliano, Vicente (58106736100); Santos, Ciro Rodrigues dos (59756923900); Lima, Gilson Brito Alves (57209025457)","8210278500; 59756923800; 58106736100; 59756923900; 57209025457","Evaluation of ISO 31010 Techniques for Supply Chain Risk Management in Automotive Suppliers","2025","Applied Sciences (Switzerland)","15","8","4169","","","3","10.3390/app15084169","https://www.scopus.com/pages/publications/105003721517?origin=resultslist","Article","Final","All Open Access; Gold Open Access; Green Open Access","Scopus","2-s2.0-105003721517"
"Cabrera-Castillo E.H.; Castillo I.; Ciudad G.; Jeison D.; Ortega-Bravo J.C.","Cabrera-Castillo, E.H. (57224951981); Castillo, I. (57224949311); Ciudad, G. (13608802000); Jeison, D. (6507881259); Ortega-Bravo, J.C. (57190489122)","57224951981; 57224949311; 13608802000; 6507881259; 57190489122","FO-MD setup analysis for acid mine drainage treatment in Chile: An experimental-theoretical economic assessment compared with FO-RO and single RO","2021","Desalination","514","","115164","","","25","10.1016/j.desal.2021.115164","https://www.scopus.com/pages/publications/85108735057?origin=resultslist","Article","Final","","Scopus","2-s2.0-85108735057"
"Anjum T.; Qin T.H.; Olguin G.; Wang Y.; Zhang D.; Kou X.; Wang D.K.; Zhang X.; Ladewig B.; Khan A.L.; Ji G.","Anjum, Tanzila (57220549543); Qin, Tian Heng (58619771100); Olguin, Gianni (56043666900); Wang, Yinxiang (57218520389); Zhang, Dongkuan (59933781300); Kou, Xiaonan (58059136300); Wang, David K. (57194738295); Zhang, Xiaozhen (57198063883); Ladewig, Bradley (12645530400); Khan, Asim Laeeq (35329787700); Ji, Guozhao (55262553900)","57220549543; 58619771100; 56043666900; 57218520389; 59933781300; 58059136300; 57194738295; 57198063883; 12645530400; 35329787700; 55262553900","Impact of freeze drying on pore size distribution of amorphous silica membranes derived from gas permeation activation energies","2026","Separation and Purification Technology","395","","137736","","","1","10.1016/j.seppur.2026.137736","https://www.scopus.com/pages/publications/105033887976?origin=resultslist","Article","Final","","Scopus","2-s2.0-105033887976"
"Monturil I.L.C.; Sales M.M.; Inacio P.A.; Aprigliano V.; Leonardo P.S.; Oliveira-Silva I.; Cunha R.M.; Chiappa G.R.; Fajemiroye J.O.; Vieira R.P.; Lopes-Martins R.A.B.; Sá Filho A.S.","Monturil, Izabela Linhares Campos (59558113000); Sales, Marcelo Magalhães (36644863400); Inacio, Pedro Augusto (58725298400); Aprigliano, Vicente (58106736100); Leonardo, Patricia Sardinha (12791441800); Oliveira-Silva, Iransé (57088985600); Cunha, Raphael Martins (55256880400); Chiappa, Gaspar R. (12244206400); Fajemiroye, James Oluwagbamigbe (55173866200); Vieira, Rodolfo P. (22982307700); Lopes-Martins, Rodrigo Alvaro Brandão (6602553851); Sá Filho, Alberto Souza (57151413300)","59558113000; 36644863400; 58725298400; 58106736100; 12791441800; 57088985600; 55256880400; 12244206400; 55173866200; 22982307700; 6602553851; 57151413300","Not All Forms of Exercise Lead to Positive Affect: A Comparative Monitoring Between an Imposed and Self-Adjusted Prescription in Recreational Runners—A Cross-Sectional Randomized Controlled Study","2025","Applied Sciences (Switzerland)","15","3","1549","","","2","10.3390/app15031549","https://www.scopus.com/pages/publications/85217849681?origin=resultslist","Article","Final","All Open Access; Gold Open Access","Scopus","2-s2.0-85217849681"
"Clavero C.; Urrutia P.; Conejeros R.; Romero O.; Wilson L.","Clavero, Camila (59336678900); Urrutia, Paulina (55580306800); Conejeros, Raúl (35611393300); Romero, Oscar (26667441500); Wilson, Lorena (7403520925)","59336678900; 55580306800; 35611393300; 26667441500; 7403520925","Selection of the Compromised Operating Condition of a One-Pot Multi-Enzymatic Reaction Using Individually Immobilised Enzymes: Production of Lactofructose Syrup","2025","Food and Bioprocess Technology","18","3","","2661","2672","1","10.1007/s11947-024-03616-5","https://www.scopus.com/pages/publications/85206359393?origin=resultslist","Article","Final","","Scopus","2-s2.0-85206359393"
"Carlesi C.; Guajardo N.; Schrebler R.; Carrasco S.","Carlesi, Carlos (56998584200); Guajardo, Nadia (56728431500); Schrebler, Rodrigo (56526623100); Carrasco, Samuel (57204606950)","56998584200; 56728431500; 56526623100; 57204606950","The capture of a dilute stream of industrially generated sulfur dioxide in an aqueous solution of the ionic liquid 1-butyl-3-methylimidazolium chloride [bmim][Cl]","2020","Chemical Engineering Communications","207","11","","1591","1604","3","10.1080/00986445.2019.1668786","https://www.scopus.com/pages/publications/85074033605?origin=resultslist","Article","Final","","Scopus","2-s2.0-85074033605"
"Wancura J.H.C.; Cipolatti E.P.; Manoel E.A.; Nitbani F.O.; Caicedo-Paz A.V.; Mussagy C.U.; Abdellatief T.M.M.; Mustafa A.; di Bitonto L.","Wancura, João H. C. (57200723356); Cipolatti, Eliane Pereira (36625029600); Manoel, Evelin Andrade (47661469000); Nitbani, Febri Odel (57000388400); Caicedo-Paz, Angie Vanessa (58030292900); Mussagy, Cassamo Ussemane (57205156967); Abdellatief, Tamer M. M. (57211339610); Mustafa, Ahmad (55785371100); di Bitonto, Luigi (56110061900)","57200723356; 36625029600; 47661469000; 57000388400; 58030292900; 57205156967; 57211339610; 55785371100; 56110061900","Advanced Biocatalytic Processes for the Conversion of Renewable Feedstocks into High-Value Oleochemicals","2025","Catalysts","15","6","600","","","4","10.3390/catal15060600","https://www.scopus.com/pages/publications/105008996712?origin=resultslist","Review","Final","All Open Access; Gold Open Access","Scopus","2-s2.0-105008996712"
"Panotopoulos G.; Rincón Á.","Panotopoulos, Grigoris (55876981500); Rincón, Ángel (56763719900)","55876981500; 56763719900","Relativistic strange quark stars in Lovelock gravity","2019","European Physical Journal Plus","134","9","472","","","15","10.1140/epjp/i2019-12853-1","https://www.scopus.com/pages/publications/85073242636?origin=resultslist","Article","Final","All Open Access; Green Open Access","Scopus","2-s2.0-85073242636"
"Martinez F.; Farías J.","Martinez, F. (57220791221); Farías, J. (59749223000)","57220791221; 59749223000","Friction factor and surface deformation of subcritical flows on a train of cylindrical ribs","2025","River Flow - Proceedings of the 12th International Conference on Fluvial Hydraulics, River Flow 2024","","","","359","367","1","10.1201/9781003475378-54","https://www.scopus.com/pages/publications/105003287851?origin=resultslist","Conference paper","Final","","Scopus","2-s2.0-105003287851"
"Morales J.W.; Galleguillos H.R.; Hernández-Luis F.; Rodríguez-Raposo R.","Morales, Jaime W. (16417082300); Galleguillos, Héctor R. (6602755098); Hernández-Luis, Felipe (6603382597); Rodríguez-Raposo, Raquel (24291227900)","16417082300; 6602755098; 6603382597; 24291227900","Activity coefficients of naclo4 in (Peg 4000 + h2o) mixtures at 288.15, 298.15 and 308.15 k","2020","Iranian Journal of Chemistry and Chemical Engineering","39","2","","145","157","3","10.30492/IJCCE.2020.33284","https://www.scopus.com/pages/publications/85090635623?origin=resultslist","Article","Final","","Scopus","2-s2.0-85090635623"
"Berrios S.; Leiva D.; Olivares B.; Allende-Cid H.; Hermosilla P.","Berrios, Sebastian (59713368800); Leiva, Dante (59145448000); Olivares, Bastian (60017678100); Allende-Cid, Héctor (57208732887); Hermosilla, Pamela (57203111863)","59713368800; 59145448000; 60017678100; 57208732887; 57203111863","Systematic Review: Malware Detection and Classification in Cybersecurity","2025","Applied Sciences (Switzerland)","15","14","7747","","","18","10.3390/app15147747","https://www.scopus.com/pages/publications/105011868783?origin=resultslist","Review","Final","All Open Access; Gold Open Access; Green Open Access","Scopus","2-s2.0-105011868783"
"Lucay F.A.; Lopez-Arenas T.; Sales-Cruz M.; Gálvez E.D.; Cisternas L.A.","Lucay, F.A. (39961791000); Lopez-Arenas, T. (55993676500); Sales-Cruz, M. (14016743500); Gálvez, E.D. (7006829940); Cisternas, L.A. (6603665617)","39961791000; 55993676500; 14016743500; 7006829940; 6603665617","Performance profiles for benchmarking of global sensitivity analysis algorithms; [Perfiles De Desempeño Para La Evaluación Comparativa De Algoritmos De Análisis De Sensibilidad Global]","2020","Revista Mexicana de Ingeniera Quimica","19","1","","423","444","12","10.24275/rmiq/Sim547","https://www.scopus.com/pages/publications/85073719099?origin=resultslist","Article","Final","All Open Access; Hybrid Gold Open Access","Scopus","2-s2.0-85073719099"
"Gornall J.; Peña A.; Pinto H.; Rojas J.; Correa F.; García J.","Gornall, Jose (59349537800); Peña, Alvaro (56959863300); Pinto, Hernan (57193934642); Rojas, Jorge (60329125000); Correa, Fabiano (14631742600); García, Jose (7406129672)","59349537800; 56959863300; 57193934642; 60329125000; 14631742600; 7406129672","Extended Realityin Construction 4.0: A Systematic Review of Applications, Implementation Barriers, and Research Trends","2026","Applied Sciences (Switzerland)","16","1","9","","","0","10.3390/app16010009","https://www.scopus.com/pages/publications/105027293187?origin=resultslist","Review","Final","All Open Access; Gold Open Access; Green Open Access","Scopus","2-s2.0-105027293187"
"Núñez M.; Naciff A.; Cuadros F.; Rojas C.; Carvallo G.; Yáñez C.","Núñez, Mauricio (57201996113); Naciff, Antonia (59181504900); Cuadros, Fabián (58648729300); Rojas, Constanza (57195491321); Carvallo, Gastón (12786256200); Yáñez, Carolina (58914960100)","57201996113; 59181504900; 58648729300; 57195491321; 12786256200; 58914960100","Adapting to UV: Integrative Genomic and Structural Analysis in Bacteria from Chilean Extreme Environments","2025","International Journal of Molecular Sciences","26","12","5842","","","0","10.3390/ijms26125842","https://www.scopus.com/pages/publications/105009022354?origin=resultslist","Article","Final","All Open Access; Gold Open Access; Green Open Access","Scopus","2-s2.0-105009022354"
"Seriani S.; Aprigliano V.; Garcia G.; Lopez A.; Fujiyama T.","Seriani, Sebastian (56545753100); Aprigliano, Vicente (56252185900); Garcia, Gonzalo (24463584200); Lopez, Ariel (58872370200); Fujiyama, Taku (26640412100)","56545753100; 56252185900; 24463584200; 58872370200; 26640412100","The Pedestrian Level of Service in Metro Stations: A Pilot Study Based on Passenger Detection Techniques","2024","Applied Sciences (Switzerland)","14","15","6515","","","4","10.3390/app14156515","https://www.scopus.com/pages/publications/85200847249?origin=resultslist","Article","Final","All Open Access; Gold Open Access","Scopus","2-s2.0-85200847249"
"Atencio E.; Araya P.; Oyarce F.; Herrera R.F.; Muñoz-La Rivera F.; Lozano-Galant F.","Atencio, Edison (57215433542); Araya, Pablo (59434243500); Oyarce, Francisco (57901394600); Herrera, Rodrigo F. (57192660568); Muñoz-La Rivera, Felipe (57217534356); Lozano-Galant, Fidel (58962397900)","57215433542; 59434243500; 57901394600; 57192660568; 57217534356; 58962397900","Towards the Integration and Automation of the Design Process for Domestic Drinking-Water and Sewerage Systems with BIM","2022","Applied Sciences (Switzerland)","12","18","9063","","","15","10.3390/app12189063","https://www.scopus.com/pages/publications/85138533472?origin=resultslist","Article","Final","All Open Access; Gold Open Access; Green Open Access","Scopus","2-s2.0-85138533472"
"López J.; Vera C.; Bustos R.; Florez-Mendez J.","López, Jéssica (26662289800); Vera, Carlos (55238284100); Bustos, Rubén (7003350908); Florez-Mendez, Jennyfer (57210315972)","26662289800; 55238284100; 7003350908; 57210315972","Native berries of Chile: a comprehensive review on nutritional aspects, functional properties, and potential health benefits","2021","Journal of Food Measurement and Characterization","15","2","","1139","1160","18","10.1007/s11694-020-00699-4","https://www.scopus.com/pages/publications/85093965180?origin=resultslist","Review","Final","","Scopus","2-s2.0-85093965180"
"Crawford B.; López Cortés B.; Cisternas-Caneo F.; Gómez-Pulido J.M.; Olivares R.; Soto R.; Barrera-Garcia J.; Brante-Aguilera C.; Giachetti G.","Crawford, Broderick (23395875300); López Cortés, Benjamín (60159666600); Cisternas-Caneo, Felipe (57219988879); Gómez-Pulido, José Manuel (36767542700); Olivares, Rodrigo (55096374700); Soto, Ricardo (24403038600); Barrera-Garcia, José (58843404200); Brante-Aguilera, Cristóbal (59918247500); Giachetti, Giovanni (24481355300)","23395875300; 60159666600; 57219988879; 36767542700; 55096374700; 24403038600; 58843404200; 59918247500; 24481355300","New Binary Reptile Search Algorithms for Binary Optimization Problems","2025","Biomimetics","10","10","653","","","0","10.3390/biomimetics10100653","https://www.scopus.com/pages/publications/105020008293?origin=resultslist","Article","Final","All Open Access; Gold Open Access; Green Open Access","Scopus","2-s2.0-105020008293"
"Lopez A.; Dusicka P.","Lopez, Alvaro (57203782718); Dusicka, Peter (6505837109)","57203782718; 6505837109","Implementation of a novel inertial mass system and comparison to existing mass-rig systems for shake table experiments","2021","Applied Sciences (Switzerland)","11","2","692","1","25","2","10.3390/app11020692","https://www.scopus.com/pages/publications/85100011515?origin=resultslist","Article","Final","All Open Access; Gold Open Access; Green Open Access","Scopus","2-s2.0-85100011515"
"Saavedra J.; Tello-Ortiz F.","Saavedra, Joel (7202229159); Tello-Ortiz, Francisco (55926788000)","7202229159; 55926788000","Unified first law of thermodynamics in Gauss–Bonnet gravity on an FLRW background","2024","European Physical Journal Plus","139","7","657","","","2","10.1140/epjp/s13360-024-05467-7","https://www.scopus.com/pages/publications/85199766501?origin=resultslist","Article","Final","","Scopus","2-s2.0-85199766501"
"Rivera J.L.V.; Gonçalves E.; Soares P.V.; Milito G.; Perez J.O.R.; Roque G.F.P.; Fernández M.V.; Losada H.F.; Pereira F.A.; Del Pino G.G.; Soto A.R.","Rivera, Jose Luis Valin (57215038914); Gonçalves, Edison (7004990757); Soares, Paulo Vinicius (12763284900); Milito, Giovana (55676028100); Perez, Jorge Octavio Ricardo (16053410300); Roque, Guillermo Francisco Palacios (57218956104); Fernández, Meylí Valin (57193826774); Losada, Henry Figueredo (57798089700); Pereira, Fabrícia Araújo (55676569600); Del Pino, Gilberto Garcia (55737167200); Soto, Alexander Rodriguez (57731773400)","57215038914; 7004990757; 12763284900; 55676028100; 16053410300; 57218956104; 57193826774; 57798089700; 55676569600; 55737167200; 57731773400","The Restored Premolars Biomechanical Behavior: FEM and Experimental Moiré Analyses","2022","Applied Sciences (Switzerland)","12","13","6768","","","7","10.3390/app12136768","https://www.scopus.com/pages/publications/85134038707?origin=resultslist","Article","Final","All Open Access; Gold Open Access; Green Open Access","Scopus","2-s2.0-85134038707"
"Vasquez-Bonilla A.A.; Yáñez-Sepúlveda R.; Tuesta M.; Martin E.B.-S.; Monsalves-Álvarez M.; Olivares-Arancibia J.; Duclos-Bastías D.; Recabarren-Dueñas C.; Alacid F.","Vasquez-Bonilla, Aldo A. (57192810947); Yáñez-Sepúlveda, Rodrigo (57191875417); Tuesta, Marcelo (55357715300); Martin, Eduardo Báez-San (57200336294); Monsalves-Álvarez, Matías (56076647200); Olivares-Arancibia, Jorge (57205271934); Duclos-Bastías, Daniel (57211752928); Recabarren-Dueñas, Catalina (59385937700); Alacid, Fernando (24334350500)","57192810947; 57191875417; 55357715300; 57200336294; 56076647200; 57205271934; 57211752928; 59385937700; 24334350500","Acute Fatigue Impairs Heart Rate Variability and Resting Muscle Oxygen Consumption Kinetics","2024","Applied Sciences (Switzerland)","14","20","9166","","","5","10.3390/app14209166","https://www.scopus.com/pages/publications/85207495662?origin=resultslist","Article","Final","All Open Access; Gold Open Access","Scopus","2-s2.0-85207495662"
"Mancisidor T.; Covarrubias M.; Fernandez M.E.; Norambuena N.; Galleguillos C.; Valin J.L.","Mancisidor, Tomas (60162311700); Covarrubias, Mario (35118628900); Fernandez, Maria Elena (60075290800); Norambuena, Nicolás (59730545800); Galleguillos, Cristóbal (59980069200); Valin, José Luis (6603885305)","60162311700; 35118628900; 60075290800; 59730545800; 59980069200; 6603885305","Prototype Development of a Haptic Virtual Reality SMAW Simulator for the Mechanical Engineer of the Future","2025","Applied Sciences (Switzerland)","15","20","10873","","","0","10.3390/app152010873","https://www.scopus.com/pages/publications/105020242230?origin=resultslist","Article","Final","All Open Access; Gold Open Access; Green Open Access","Scopus","2-s2.0-105020242230"
"Badán J.A.; Navarrete-Astorga E.; Henríquez R.; Martín Jiménez F.; Ariosa D.; Ramos-Barrado J.R.; Dalchiele E.A.","Badán, Juan Agustín (57199336451); Navarrete-Astorga, Elena (57197739815); Henríquez, Rodrigo (55554951600); Martín Jiménez, Francisco (57947034100); Ariosa, Daniel (6604021716); Ramos-Barrado, José Ramón (7004559118); Dalchiele, Enrique A. (6701854336)","57199336451; 57197739815; 55554951600; 57947034100; 6604021716; 7004559118; 6701854336","Silver Nanoparticle Arrays onto Glass Substrates Obtained by Solid-State Thermal Dewetting: A Morphological, Structural and Surface Chemical Study","2022","Nanomaterials","12","4","617","","","25","10.3390/nano12040617","https://www.scopus.com/pages/publications/85124264786?origin=resultslist","Article","Final","All Open Access; Gold Open Access; Green Open Access","Scopus","2-s2.0-85124264786"
"Origone A.; Barberis S.; Illanes A.; Guzmán F.; Camí G.; Liggieri C.; Martínez R.; Bernal C.","Origone, Anabella (57203284111); Barberis, Sonia (7004483087); Illanes, Andrés (7004170275); Guzmán, Fanny (7004463815); Camí, Gerardo (8419726000); Liggieri, Constanza (8579761000); Martínez, Ronny (37122378800); Bernal, Claudia (54783974500)","57203284111; 7004483087; 7004170275; 7004463815; 8419726000; 8579761000; 37122378800; 54783974500","Improvement of enzymatic performance of Asclepias curassavica L. proteases by immobilization. Application to the synthesis of an antihypertensive peptide","2020","Process Biochemistry","95","","","36","46","6","10.1016/j.procbio.2020.05.013","https://www.scopus.com/pages/publications/85084858930?origin=resultslist","Article","Final","All Open Access; Green Open Access","Scopus","2-s2.0-85084858930"
"Mellado R.; Cubillos C.","Mellado, Rafael (59938883100); Cubillos, Claudio (23392232700)","59938883100; 23392232700","Can Generative Artificial Intelligence Outperform Self-Instructional Learning in Computer Programming?: Impact on Motivation and Knowledge Acquisition","2025","Applied Sciences (Switzerland)","15","11","5867","","","4","10.3390/app15115867","https://www.scopus.com/pages/publications/105007785667?origin=resultslist","Article","Final","All Open Access; Gold Open Access; Green Open Access","Scopus","2-s2.0-105007785667"
"Diaz-Segura E.G.; Vielma J.C.; Oviedo-Veas J.E.","Diaz-Segura, Edgar Giovanny (56638613900); Vielma, Juan Carlos (57216408783); Oviedo-Veas, Jorge Eduardo (59322524500)","56638613900; 57216408783; 59322524500","Microzonation Approach for Analyzing Regional Seismic Response: A Case Study of the Dune Deposit in Concón, Chile","2024","Applied Sciences (Switzerland)","14","18","8458","","","0","10.3390/app14188458","https://www.scopus.com/pages/publications/85205256372?origin=resultslist","Article","Final","All Open Access; Gold Open Access","Scopus","2-s2.0-85205256372"
"Veríssimo N.V.P.; Mussagy C.U.; de Lima J.G.O.; Santos-Ebinuma V.C.","Veríssimo, Nathalia Vieira Porphirio (57361749300); Mussagy, Cassamo Usemane (57205156967); de Lima, Júlio Gabriel Oliveira (58205719000); Santos-Ebinuma, Valéria de Carvalho (55503896600)","57361749300; 57205156967; 58205719000; 55503896600","Advances in separation by ionic strength: Association of chromatography and ionic liquids or deep eutectic solvents for the purification of microalgae-based products","2024","Algal Bioreactors: Science, Engineering and Technology of Downstream Processes: Volume 2","2","","","291","306","1","10.1016/B978-0-443-14059-4.00027-1","https://www.scopus.com/pages/publications/85212906554?origin=resultslist","Book chapter","Final","All Open Access; Green Open Access","Scopus","2-s2.0-85212906554"
"Quiñones D.; Rojas L.F.; Olavarría R.; Cubillos C.; Muñoz-La Rivera F.","Quiñones, Daniela (56237424300); Rojas, Luis Felipe (58850780200); Olavarría, Renato (60536429200); Cubillos, Claudio (23392232700); Muñoz-La Rivera, Felipe (57217534356)","56237424300; 58850780200; 60536429200; 23392232700; 57217534356","A Methodology for Evaluating User Experience in Human-Centered Extended Reality Applications","2026","Biomimetics","11","3","182","","","0","10.3390/biomimetics11030182","https://www.scopus.com/pages/publications/105033926363?origin=resultslist","Article","Final","All Open Access; Gold Open Access; Green Open Access","Scopus","2-s2.0-105033926363"
"Arellano A.; Palma-Florez S.; Cabrera P.; Cortés-Adasme E.; Bolaños K.; Celis F.; Araya-Vergara A.J.; Pérez M.; Crespo A.; Matus M.H.; Araya E.; Aldunate R.; Kogan M.J.; Samitier J.; Lagunas A.; Mir M.; Hassan N.","Arellano, Andreas (59392205700); Palma-Florez, Sujey (57031963000); Cabrera, Pablo (35253414300); Cortés-Adasme, Elizabeth (57196008413); Bolaños, Karen (57189598705); Celis, Freddy (24075210700); Araya-Vergara, Aurora J. (60162902300); Pérez, Melina (59964800200); Crespo, Andrés (59964719200); Matus, Maycol Huerta (59964550100); Araya, Eyleen (7004867817); Aldunate, Rebeca (8761628200); Kogan, Marcelo J. (7102617437); Samitier, Josep (7004393372); Lagunas, Anna (6507786435); Mir, Mònica (12647442200); Hassan, Natalia (36611719700)","59392205700; 57031963000; 35253414300; 57196008413; 57189598705; 24075210700; 60162902300; 59964800200; 59964719200; 59964550100; 7004867817; 8761628200; 7102617437; 7004393372; 6507786435; 12647442200; 36611719700","Attenuation of blood-brain barrier dysfunction by functionalized gold nanoparticles against amyloid-β peptide in an Alzheimer's disease-on-a-chip model","2025","Materials Today Bio","35","","102453","","","2","10.1016/j.mtbio.2025.102453","https://www.scopus.com/pages/publications/105020254207?origin=resultslist","Article","Final","All Open Access; Gold Open Access; Green Open Access","Scopus","2-s2.0-105020254207"
"Ketterer C.G.; Rivera J.L.V.; Fernandez M.E.; Norambuena N.; Fernández M.V.","Ketterer, Cristóbal Galleguillos (58125618700); Rivera, José Luis Valin (57215038914); Fernandez, Maria Elena (60075290800); Norambuena, Nicolás (59730545800); Fernández, Meylí Valin (57193826774)","58125618700; 57215038914; 60075290800; 59730545800; 57193826774","A Hybrid Experimental–Machine Learning Framework for Designing Fire-Resistant Natural Fiber Composites","2025","Applied Sciences (Switzerland)","15","16","9148","","","0","10.3390/app15169148","https://www.scopus.com/pages/publications/105014443082?origin=resultslist","Article","Final","All Open Access; Gold Open Access; Green Open Access","Scopus","2-s2.0-105014443082"
"de Luis-Ruiz J.M.; Sedano-Cibrián J.; Pérez-Álvarez R.; Pereda-García R.; Espinoza J.D.T.","de Luis-Ruiz, Julio Manuel (55858136400); Sedano-Cibrián, Javier (57221792719); Pérez-Álvarez, Rubén (56178146600); Pereda-García, Raúl (57191168895); Espinoza, Jonathan Daniel Tapia (59735136000)","55858136400; 57221792719; 56178146600; 57191168895; 59735136000","Optimisation of the Three-Dimensional Distribution of Support Points for the Generation of 3D Models Using UAV Photogrammetry","2025","Lecture Notes in Mechanical Engineering","","","","761","770","0","10.1007/978-3-031-72829-7_61","https://www.scopus.com/pages/publications/105002442834?origin=resultslist","Conference paper","Final","","Scopus","2-s2.0-105002442834"
"Fleitas-Salazar N.; Lamazares E.; Pedroso-Santana S.; Kappes T.; Pérez-Alonso A.; Hidalgo Á.; Altamirano C.; Sánchez O.; Fernández K.; Toledo J.R.","Fleitas-Salazar, Noralvis (57192199810); Lamazares, Emilio (8225515300); Pedroso-Santana, Seidy (55210859900); Kappes, Tomás (55583984300); Pérez-Alonso, Alain (56040244300); Hidalgo, Ángela (24922892400); Altamirano, Claudia (8332398700); Sánchez, Oliberto (56238333700); Fernández, Katherina (16318706200); Toledo, Jorge R. (8916311400)","57192199810; 8225515300; 55210859900; 55583984300; 56040244300; 24922892400; 8332398700; 56238333700; 16318706200; 8916311400","Long-term release of bioactive interferon-alpha from PLGA-chitosan microparticles: in vitro and in vivo studies","2022","Biomaterials Advances","143","","213167","","","10","10.1016/j.bioadv.2022.213167","https://www.scopus.com/pages/publications/85141279747?origin=resultslist","Article","Final","","Scopus","2-s2.0-85141279747"
"Lopes I.; Panotopoulos G.; Rincón Á.","Lopes, Ilídio (7006201697); Panotopoulos, Grigoris (55876981500); Rincón, Ángel (56763719900)","7006201697; 55876981500; 56763719900","Anisotropic strange quark stars with a non-linear equation-of-state","2019","European Physical Journal Plus","134","9","454","","","44","10.1140/epjp/i2019-12842-4","https://www.scopus.com/pages/publications/85073207538?origin=resultslist","Article","Final","All Open Access; Green Open Access","Scopus","2-s2.0-85073207538"
"Silva-Ibaceta A.; Carlesi C.","Silva-Ibaceta, Aldo (60211327100); Carlesi, Carlos (57217165711)","60211327100; 57217165711","The Influence of Membrane Selection on the Performance of Ionic Liquid-Based Redox Flow Batteries","2025","Processes","13","11","3641","","","0","10.3390/pr13113641","https://www.scopus.com/pages/publications/105022931864?origin=resultslist","Review","Final","All Open Access; Gold Open Access","Scopus","2-s2.0-105022931864"
"González F.; Aprigliano V.; Seriani S.; Peña A.","González, Felipe (59469750900); Aprigliano, Vicente (58106736100); Seriani, Sebastian (56545753100); Peña, Alvaro (56959863300)","59469750900; 58106736100; 56545753100; 56959863300","Analyzing Public Transport Wait Times and Identifying the Most Affected Users in the Metropolitan Area of Valparaíso, Chile","2025","Applied Sciences (Switzerland)","15","11","5969","","","1","10.3390/app15115969","https://www.scopus.com/pages/publications/105007773029?origin=resultslist","Article","Final","All Open Access; Gold Open Access; Green Open Access","Scopus","2-s2.0-105007773029"
"Seriani S.; Aprigliano V.; Minatogawa V.; Peña A.; Lopez A.; Gonzalez F.","Seriani, Sebastian (56545753100); Aprigliano, Vicente (58106736100); Minatogawa, Vinicius (57194039106); Peña, Alvaro (56959863300); Lopez, Ariel (58872370200); Gonzalez, Felipe (59469750900)","56545753100; 58106736100; 57194039106; 56959863300; 58872370200; 59469750900","Passenger Service Time at the Platform–Train Interface: A Review of Variability, Design Factors, and Crowd Management Implications Based on Laboratory Experiments","2025","Applied Sciences (Switzerland)","15","15","8256","","","0","10.3390/app15158256","https://www.scopus.com/pages/publications/105013155035?origin=resultslist","Review","Final","All Open Access; Gold Open Access; Green Open Access","Scopus","2-s2.0-105013155035"
"Seriani S.; Lopez A.; Ogalde N.; Dureo G.; Arredondo B.; Aprigliano V.; Peña A.; Fujiyama T.","Seriani, Sebastian (56545753100); Lopez, Ariel (58872370200); Ogalde, Nicolas (59552365300); Dureo, Gerardo (59552476700); Arredondo, Bernardo (59490057200); Aprigliano, Vicente (58106736100); Peña, Alvaro (56959863300); Fujiyama, Taku (26640412100)","56545753100; 58872370200; 59552365300; 59552476700; 59490057200; 58106736100; 56959863300; 26640412100","Time–Space Analysis of Transport Infrastructures: A Pilot Study of Shibuya-Type Crossings for Signalized Intersections in Developing Cities","2025","Applied Sciences (Switzerland)","15","3","1489","","","0","10.3390/app15031489","https://www.scopus.com/pages/publications/85217550706?origin=resultslist","Article","Final","All Open Access; Gold Open Access; Green Open Access","Scopus","2-s2.0-85217550706"
"Valencia K.; Rusu C.; Botella F.; Jamet E.","Valencia, Katherine (57208759394); Rusu, Cristian (15521347000); Botella, Federico (6603818202); Jamet, Erick (57214371663)","57208759394; 15521347000; 6603818202; 57214371663","A Methodology to Evaluate User Experience for People with Autism Spectrum Disorder","2022","Applied Sciences (Switzerland)","12","22","11340","","","4","10.3390/app122211340","https://www.scopus.com/pages/publications/85142488320?origin=resultslist","Article","Final","All Open Access; Gold Open Access; Green Open Access","Scopus","2-s2.0-85142488320"
"Olivares R.; Salinas O.; Ravelo C.; Soto R.; Crawford B.","Olivares, Rodrigo (55096374700); Salinas, Omar (57362695100); Ravelo, Camilo (58668585600); Soto, Ricardo (24403038600); Crawford, Broderick (23395875300)","55096374700; 57362695100; 58668585600; 24403038600; 23395875300","Enhancing the Efficiency of a Cybersecurity Operations Center Using Biomimetic Algorithms Empowered by Deep Q-Learning","2024","Biomimetics","9","6","307","","","7","10.3390/biomimetics9060307","https://www.scopus.com/pages/publications/85197930390?origin=resultslist","Article","Final","All Open Access; Gold Open Access; Green Open Access","Scopus","2-s2.0-85197930390"
"Gómez J.; Corsi G.; Pino-Cortés E.; Díaz-Robles L.A.; Campos V.; Cubillos F.; Pelz S.K.; Paczkowski S.; Carrasco S.; Silva J.; Lapuerta M.; Pazo A.; Monedero E.","Gómez, Jaime (56391913100); Corsi, Giancarlo (57209139393); Pino-Cortés, Ernesto (56830455800); Díaz-Robles, Luis A. (23060179200); Campos, Valeria (57209136007); Cubillos, Francisco (6603422314); Pelz, Stefan K. (56856721500); Paczkowski, Sebastian (39161793400); Carrasco, Samuel (57204606950); Silva, Javier (7403023118); Lapuerta, Magín (6701834060); Pazo, Amparo (23978248400); Monedero, Esperanza (8963423600)","56391913100; 57209139393; 56830455800; 23060179200; 57209136007; 6603422314; 56856721500; 39161793400; 57204606950; 7403023118; 6701834060; 23978248400; 8963423600","Modeling and simulation of a continuous biomass hydrothermal carbonization process","2020","Chemical Engineering Communications","207","6","","751","768","27","10.1080/00986445.2019.1621858","https://www.scopus.com/pages/publications/85066613521?origin=resultslist","Article","Final","","Scopus","2-s2.0-85066613521"
"Letelier K.; Parra-Melipan S.; Negrete-Vergara C.; López V.; Valdebenito G.; Artigas V.; Aranda B.; Vega A.; Moya S.A.; Aguirre P.","Letelier, K. (57210307802); Parra-Melipan, S. (57226009897); Negrete-Vergara, C. (55255180300); López, V. (57225996879); Valdebenito, G. (56023203200); Artigas, V. (56556470800); Aranda, B. (37101066600); Vega, A. (57218171110); Moya, S.A. (7005106247); Aguirre, P. (7007050177)","57210307802; 57226009897; 55255180300; 57225996879; 56023203200; 56556470800; 37101066600; 57218171110; 7005106247; 7007050177","High activities of nickel (II) complexes containing phosphorus-nitrogen ligands in hydrogen transfer reaction of imines using formic acid as a renewable hydrogen source","2023","Molecular Catalysis","546","","113262","","","9","10.1016/j.mcat.2023.113262","https://www.scopus.com/pages/publications/85161241131?origin=resultslist","Article","Final","All Open Access; Hybrid Gold Open Access","Scopus","2-s2.0-85161241131"
"Campo A.; Arıcı M.; Macía Y.M.","Campo, Antonio (23157654000); Arıcı, Müslüm (36093844300); Macía, Yunesky Masip (36159702500)","23157654000; 36093844300; 36159702500","Synergy between the solution based on the Transversal Method Of Lines and the Leveque solution in the platform of the Graetz/Nusselt problem","2020","International Communications in Heat and Mass Transfer","116","","104590","","","1","10.1016/j.icheatmasstransfer.2020.104590","https://www.scopus.com/pages/publications/85085552746?origin=resultslist","Article","Final","","Scopus","2-s2.0-85085552746"
"Santos C.R.D.; de Oliveira U.R.; Aprigliano V.","Santos, Ciro Rodrigues dos (59756923900); de Oliveira, Ualison Rébula (8210278500); Aprigliano, Vicente (58106736100)","59756923900; 8210278500; 58106736100","Supplier Risk in Supply Chain Risk Management: An Updated Conceptual Framework","2025","Applied Sciences (Switzerland)","15","13","7128","","","4","10.3390/app15137128","https://www.scopus.com/pages/publications/105010214058?origin=resultslist","Article","Final","All Open Access; Gold Open Access; Green Open Access","Scopus","2-s2.0-105010214058"
"Veríssimo N.V.P.; Mussagy C.U.; Bento H.B.S.; Pereira J.F.B.; Santos-Ebinuma V.D.C.","Veríssimo, Nathalia Vieira Porphirio (57361749300); Mussagy, Cassamo Usemane (57205156967); Bento, Heitor Buzetti Simões (57192073891); Pereira, Jorge Fernando Brandão (25928623000); Santos-Ebinuma, Valéria de Carvalho (55503896600)","57361749300; 57205156967; 57192073891; 25928623000; 55503896600","Ionic liquids and deep eutectic solvents for the stabilization of biopharmaceuticals: A review","2024","Biotechnology Advances","71","","108316","","","35","10.1016/j.biotechadv.2024.108316","https://www.scopus.com/pages/publications/85182401105?origin=resultslist","Review","Final","All Open Access; Green Open Access","Scopus","2-s2.0-85182401105"
"Meier L.; Vilchez C.; Cuaresma M.; Torres-Aravena Á.; Jeison D.","Meier, Leslie (56465567800); Vilchez, Carlos (55991642900); Cuaresma, María (58832337400); Torres-Aravena, Álvaro (57933370300); Jeison, David (6507881259)","56465567800; 55991642900; 58832337400; 57933370300; 6507881259","Effect of pH Change on the Microalgae-Based Biogas Upgrading Process","2022","Applied Sciences (Switzerland)","12","23","12194","","","16","10.3390/app122312194","https://www.scopus.com/pages/publications/85143656701?origin=resultslist","Article","Final","All Open Access; Gold Open Access; Green Open Access","Scopus","2-s2.0-85143656701"
"Rojas L.; Martinez-Muñoz D.; Garcia J.","Rojas, Luis (58850780200); Martinez-Muñoz, David (57210554338); Garcia, José (7406129672)","58850780200; 57210554338; 7406129672","Systematic Literature Review on Truss-Type Structures for Mobile Mining Bridges and Portable Conveyors: Evidence from Steel Truss Bridges, Structural Optimization, and Maintenance Management","2026","Applied Sciences (Switzerland)","16","7","3452","","","0","10.3390/app16073452","https://www.scopus.com/pages/publications/105036433371?origin=resultslist","Review","Final","All Open Access; Gold Open Access; Green Open Access","Scopus","2-s2.0-105036433371"
"Bebber C.; Trombotto B.; Da Cunha G.E.R.; Piazza R.D.; Pegorin-Brasil G.S.; Sasaki J.C.S.; Gonçalves R.P.; Dos Santos L.S.; Marques R.F.C.; Mussagy C.U.; Goldbeck R.; Cao W.; Polanczyk R.A.; Herculano R.D.; Burd B.S.","Bebber, Camila (57979738200); Trombotto, Bruna (59895742000); Da Cunha, Guilherme Eccard Rezende (59895742100); Piazza, Rodolfo Debone (57195774722); Pegorin-Brasil, Giovana Santana (57340157100); Sasaki, Josana Carla Silva (59895686200); Gonçalves, Rogério Penna (57301294100); Dos Santos, Lindomar Soares (56063863900); Marques, Rodrigo Fernando Costa (7102046000); Mussagy, Cassamo Ussemane (57205156967); Goldbeck, Rosana (16039416600); Cao, Wei (59404786400); Polanczyk, Ricardo Antonio (12808206500); Herculano, Rondinelli Donizetti (35200620700); Burd, Betina Sayeg (57232590000)","57979738200; 59895742000; 59895742100; 57195774722; 57340157100; 59895686200; 57301294100; 56063863900; 7102046000; 57205156967; 16039416600; 59404786400; 12808206500; 35200620700; 57232590000","Effect of supplemented diet on the kinetic profile of polystyrene biodegradation by Tenebrio molitor larvae: Physical, chemical, thermal, wettability and zeta potential measurements","2025","Journal of Environmental Chemical Engineering","13","3","116519","","","1","10.1016/j.jece.2025.116519","https://www.scopus.com/pages/publications/105005027096?origin=resultslist","Article","Final","","Scopus","2-s2.0-105005027096"
"González-Rojas A.; Valencia-Narbona M.","González-Rojas, Andrea (57203596562); Valencia-Narbona, Martina (56305599900)","57203596562; 56305599900","Neurodevelopmental Disruptions in Children of Preeclamptic Mothers: Pathophysiological Mechanisms and Consequences","2024","International Journal of Molecular Sciences","25","7","3632","","","18","10.3390/ijms25073632","https://www.scopus.com/pages/publications/85190363986?origin=resultslist","Review","Final","All Open Access; Gold Open Access; Green Open Access","Scopus","2-s2.0-85190363986"
"Belmadani A.; Auger P.-A.; Maximenko N.; Gomez K.; Cravatte S.","Belmadani, Ali (36247196300); Auger, Pierre-Amaël (36679644800); Maximenko, Nikolai (6603183645); Gomez, Katherine (58036792100); Cravatte, Sophie (7801626182)","36247196300; 36679644800; 6603183645; 58036792100; 7801626182","Similarities and contrasts in time-mean striated surface tracers in pacific eastern boundary upwelling systems: The role of ocean currents in their generation","2021","Fluids","6","12","455","","","2","10.3390/fluids6120455","https://www.scopus.com/pages/publications/85121366029?origin=resultslist","Article","Final","All Open Access; Gold Open Access; Green Open Access","Scopus","2-s2.0-85121366029"
"Crawford B.; Paz Á.; Soto R.; Peña Fritz Á.; Astorga G.; Cisternas-Caneo F.; Toledo Mac-lean C.P.; Solís-Piñones F.; Arce J.L.; Giachetti G.","Crawford, Broderick (23395875300); Paz, Álex (58782560700); Soto, Ricardo (24403038600); Peña Fritz, Álvaro (56959863300); Astorga, Gino (57189029937); Cisternas-Caneo, Felipe (57219988879); Toledo Mac-lean, Claudio Patricio (60349853100); Solís-Piñones, Fabián (60041129600); Arce, José Lara (60349898600); Giachetti, Giovanni (24481355300)","23395875300; 58782560700; 24403038600; 56959863300; 57189029937; 57219988879; 60349853100; 60041129600; 60349898600; 24481355300","Binary Pufferfish Optimization Algorithm for Combinatorial Problems","2026","Biomimetics","11","1","10","","","1","10.3390/biomimetics11010010","https://www.scopus.com/pages/publications/105028503235?origin=resultslist","Article","Final","All Open Access; Gold Open Access; Green Open Access","Scopus","2-s2.0-105028503235"
"Pavez V.; Hermosilla G.; Pizarro F.; Fingerhuth S.; Yunge D.","Pavez, Vicente (57395607800); Hermosilla, Gabriel (35797061600); Pizarro, Francisco (55263738800); Fingerhuth, Sebastián (16068484100); Yunge, Daniel (55787059500)","57395607800; 35797061600; 55263738800; 16068484100; 55787059500","Thermal Image Generation for Robust Face Recognition","2022","Applied Sciences (Switzerland)","12","1","497","","","11","10.3390/app12010497","https://www.scopus.com/pages/publications/85122181612?origin=resultslist","Article","Final","All Open Access; Gold Open Access; Green Open Access","Scopus","2-s2.0-85122181612"
"Celis F.; Aracena A.; García M.; Segura del Río R.; Sanchez-Cortes S.; Leyton P.","Celis, Freddy (24075210700); Aracena, Andrés (56433275900); García, Macarena (7404277698); Segura del Río, Rodrigo (15027635700); Sanchez-Cortes, Santiago (7005804414); Leyton, Patricio (6506800698)","24075210700; 56433275900; 7404277698; 15027635700; 7005804414; 6506800698","Plasmon Chemistry on Ag Nanostars: Experimental and Theoretical Raman/SERS Study of the Pesticide Thiacloprid Bond Cleavage by the Plasmon Deactivation Effect","2023","ACS Omega","8","25","","22887","22898","1","10.1021/acsomega.3c01878","https://www.scopus.com/pages/publications/85163464675?origin=resultslist","Article","Final","All Open Access; Gold Open Access; Green Open Access","Scopus","2-s2.0-85163464675"
"Fernández-Pizarro C.; Wilson L.; Romero O.","Fernández-Pizarro, Carolina (59347030800); Wilson, Lorena (7403520925); Romero, Oscar (26667441500)","59347030800; 7403520925; 26667441500","Catalytic Potential-Guided Design of Multi-Enzymatic System for DHA Production from Glycerol","2024","Processes","12","9","2014","","","2","10.3390/pr12092014","https://www.scopus.com/pages/publications/85205249185?origin=resultslist","Article","Final","All Open Access; Gold Open Access; Green Open Access","Scopus","2-s2.0-85205249185"
"Morais P.C.R.; Floriano J.F.; Garcia C.G.P.; Chagas A.L.D.; Mussagy C.U.; Guerra N.B.; Sant'Ana Pegorin Brasil G.; Vicentine K.F.D.; Rocha L.B.; Oliveira C.J.F.; Soares de Oliveira Junior R.T.; Caetano G.F.; Li B.; dos Santos L.S.; Herculano R.D.; de Mendonça R.J.","Morais, Pamela Cássia Rocha (58806505100); Floriano, Juliana Ferreira (55693532000); Garcia, Cristiane Garcia Paulino (58806600600); Chagas, Ana Laura Destro (57196005883); Mussagy, Cassamo Ussemane (57205156967); Guerra, Nayrim Brizuela (36337589900); Sant'Ana Pegorin Brasil, Giovana (57712530000); Vicentine, Karina Ferrazzoli Devienne (6507976341); Rocha, Lenaldo Branco (7102199494); Oliveira, Carlo José Freire (54889801200); Soares de Oliveira Junior, Robson Tadeu (58806505200); Caetano, Guilherme Ferreira (56418305400); Li, Bingbing (55628529208); dos Santos, Lindomar Soares (56063863900); Herculano, Rondinelli Donizetti (35200620700); de Mendonça, Ricardo José (57219842352)","58806505100; 55693532000; 58806600600; 57196005883; 57205156967; 36337589900; 57712530000; 6507976341; 7102199494; 54889801200; 58806505200; 56418305400; 55628529208; 56063863900; 35200620700; 57219842352","Comparing the wound healing potential of natural rubber latex serum and F1-protein: An in vivo approach","2024","Biomaterials Advances","157","","213754","","","7","10.1016/j.bioadv.2023.213754","https://www.scopus.com/pages/publications/85182026043?origin=resultslist","Article","Final","All Open Access; Green Open Access","Scopus","2-s2.0-85182026043"
"Jusufi K.; Övgün A.; Banerjee A.; Sakallı İ.","Jusufi, Kimet (56884719300); Övgün, Ali (56060684800); Banerjee, Ayan (59579801100); Sakallı, İzzet (6508379347)","56884719300; 56060684800; 59579801100; 6508379347","Gravitational lensing by wormholes supported by electromagnetic, scalar, and quantum effects","2019","European Physical Journal Plus","134","9","428","","","65","10.1140/epjp/i2019-12792-9","https://www.scopus.com/pages/publications/85071918408?origin=resultslist","Article","Final","All Open Access; Green Open Access","Scopus","2-s2.0-85071918408"
"Cozmar R.; Berrios J.; Fickers P.","Cozmar, Rocio (59986668700); Berrios, Julio (7004545486); Fickers, Patrick (6507014982)","59986668700; 7004545486; 6507014982","Engineering serine metabolism to enhance AOX1 promoter self-induction in formate dehydrogenase-deficient Komagataella phaffii","2026","Microbial Cell Factories","25","1","96","","","0","10.1186/s12934-026-02968-1","https://www.scopus.com/pages/publications/105035749945?origin=resultslist","Article","Final","All Open Access; Gold Open Access","Scopus","2-s2.0-105035749945"
"Diaz-Segura E.G.","Diaz-Segura, Edgar Giovanny (56638613900)","56638613900","Evolution of seismic site classification according to the criteria in chilean design codes","2021","Applied Sciences (Switzerland)","11","22","10754","","","7","10.3390/app112210754","https://www.scopus.com/pages/publications/85119601252?origin=resultslist","Article","Final","All Open Access; Gold Open Access; Green Open Access","Scopus","2-s2.0-85119601252"
"Oropesa Y.; Sauceda S.; Lascano S.; Maril M.; Chávez-Vásconez R.; Fuentes N.; Contreras-Cerón J.; Araya N.","Oropesa, Y. (59320658900); Sauceda, S. (60194586500); Lascano, S. (56010754300); Maril, M. (57192114240); Chávez-Vásconez, R. (57218526992); Fuentes, N. (60546161300); Contreras-Cerón, J. (60546320200); Araya, N. (57194034338)","59320658900; 60194586500; 56010754300; 57192114240; 57218526992; 60546161300; 60546320200; 57194034338","Microstructural features and mechanical response of Fe–SiC cermets processed by SPS: Influence of current mode, particle size distribution and sintering time","2026","Ceramics International","52","8","","10681","10696","0","10.1016/j.ceramint.2026.01.244","https://www.scopus.com/pages/publications/105034365857?origin=resultslist","Article","Final","","Scopus","2-s2.0-105034365857"
"Cacciuttolo C.; Atencio E.; Komarizadehasl S.; Lozano-Galant J.A.","Cacciuttolo, Carlos (57728135900); Atencio, Edison (57215433542); Komarizadehasl, Seyedmilad (57258935800); Lozano-Galant, Jose Antonio (36739467200)","57728135900; 57215433542; 57258935800; 36739467200","Design of Dry Stacking of Filtered Tailings in Extreme Seismic and Mountain Conditions","2026","Applied Sciences (Switzerland)","16","8","3911","","","0","10.3390/app16083911","https://www.scopus.com/pages/publications/105036993883?origin=resultslist","Article","Final","All Open Access; Gold Open Access; Green Open Access","Scopus","2-s2.0-105036993883"
"Otarola L.L.; de la Fuente-Mella H.; Domarchi A.P.; Navarro M.M.; Ceroni J.","Otarola, Luis Lillo (59966585500); de la Fuente-Mella, Hanns (25960662200); Domarchi, Alonso Peña (60510524000); Navarro, Mercedes Marzo (8625411900); Ceroni, José (56116979000)","59966585500; 25960662200; 60510524000; 8625411900; 56116979000","Predicting filtration clogging behavior using machine learning and physicochemical parameters in final wine filtration processes","2026","Separation and Purification Technology","394","","137628","","","0","10.1016/j.seppur.2026.137628","https://www.scopus.com/pages/publications/105033224383?origin=resultslist","Article","Final","All Open Access; Green Open Access","Scopus","2-s2.0-105033224383"
"Doan D.T.; Atencio E.; Muñoz La Rivera F.; Alnajjar O.","Doan, Dat Tien (57194902007); Atencio, Edison (57215433542); Muñoz La Rivera, Felipe (57217534356); Alnajjar, Omar (59986165500)","57194902007; 57215433542; 57217534356; 59986165500","A Systematic Literature Review of Building Information Modelling (BIM) and Offsite Construction (OSC) Integration: Emerging Technologies and Future Trends","2025","Applied Sciences (Switzerland)","15","18","9981","","","4","10.3390/app15189981","https://www.scopus.com/pages/publications/105017240560?origin=resultslist","Review","Final","All Open Access; Gold Open Access; Green Open Access","Scopus","2-s2.0-105017240560"
"Mota V.T.; Zaiat M.; Jeison D.","Mota, Vera Tainá (55842711200); Zaiat, Marcelo (7004252408); Jeison, David (6507881259)","55842711200; 7004252408; 6507881259","Effects of effluent acidification on filtration characteristics in sidestream AnMBRs","2019","Bioresource Technology Reports","8","","100346","","","5","10.1016/j.biteb.2019.100346","https://www.scopus.com/pages/publications/85074680691?origin=resultslist","Article","Final","All Open Access; Green Open Access","Scopus","2-s2.0-85074680691"
"Pizarro-Oteíza S.; Giovagnoli-Vicuña C.; Briones-Labarca V.; Salazar F.","Pizarro-Oteíza, Sebastián (57202005566); Giovagnoli-Vicuña, Claudia (56344358900); Briones-Labarca, Vilbett (37023048800); Salazar, Fernando (56477429300)","57202005566; 56344358900; 37023048800; 56477429300","Effects of optimized osmotic vacuum impregnation on quality properties of red abalone (Haliotis rufescens) drying","2023","Journal of Food Measurement and Characterization","17","5","","4520","4529","5","10.1007/s11694-023-01987-5","https://www.scopus.com/pages/publications/85160828554?origin=resultslist","Article","Final","","Scopus","2-s2.0-85160828554"
"Jeldres M.; Robles P.; Toledo P.G.; Saldaña M.; Quezada L.; Jeldres R.I.","Jeldres, Matías (57211509783); Robles, Pedro (12774054800); Toledo, Pedro G. (7003737536); Saldaña, Manuel (57210265646); Quezada, Luciano (57221163424); Jeldres, Ricardo I. (56085610300)","57211509783; 12774054800; 7003737536; 57210265646; 57221163424; 56085610300","Improved dispersion of clay-rich tailings in seawater using sodium polyacrylate","2021","Colloids and Surfaces A: Physicochemical and Engineering Aspects","612","","126015","","","21","10.1016/j.colsurfa.2020.126015","https://www.scopus.com/pages/publications/85098463458?origin=resultslist","Article","Final","","Scopus","2-s2.0-85098463458"
"Salazar F.; Pizarro-Oteíza S.; Kasahara I.; Labbé M.; Estay C.; Tarnok M.E.; Aguilar L.; Ibáñez R.A.","Salazar, Fernando (56477429300); Pizarro-Oteíza, Sebastián (57202005566); Kasahara, Ismael (7004677476); Labbé, Mariela (37046135500); Estay, Camila (58098316900); Tarnok, María Elena (57216852737); Aguilar, Luis (58811477200); Ibáñez, Rodrigo A. (56988943000)","56477429300; 57202005566; 7004677476; 37046135500; 58098316900; 57216852737; 58811477200; 56988943000","Effect of pulsed ultraviolet light on the degree of antigenicity and hydrolysis in cow's milk proteins","2024","Journal of Food Process Engineering","47","5","e14629","","","8","10.1111/jfpe.14629","https://www.scopus.com/pages/publications/85192861260?origin=resultslist","Article","Final","All Open Access; Bronze Open Access","Scopus","2-s2.0-85192861260"
"Herrera R.F.; Sánchez O.; Castañeda K.; Porras H.","Herrera, Rodrigo F. (57192660568); Sánchez, Omar (57218621184); Castañeda, Karen (57218622109); Porras, Hernán (57218616879)","57192660568; 57218621184; 57218622109; 57218616879","Cost overrun causative factors in road infrastructure projects: A frequency and importance analysis","2020","Applied Sciences (Switzerland)","10","16","5506","","","87","10.3390/app10165506","https://www.scopus.com/pages/publications/85089806730?origin=resultslist","Review","Final","All Open Access; Gold Open Access; Green Open Access","Scopus","2-s2.0-85089806730"
"Córdova A.; Catalán S.; Carrasco V.; Farias F.O.; Trentin J.; López J.; Salazar F.; Mussagy C.U.","Córdova, Andrés (54405633400); Catalán, Sebastián (59168283200); Carrasco, Vinka (58085611700); Farias, Fabiane O. (57194337358); Trentin, Julia (59330526500); López, Jessica (26662289800); Salazar, Fernando (56477429300); Mussagy, Cassamo U. (57205156967)","54405633400; 59168283200; 58085611700; 57194337358; 59330526500; 26662289800; 56477429300; 57205156967","Sustainable assessment of ultrasound-assisted extraction of anthocyanins with bio-based solvents for upgrading grape pomace Cabernet Sauvignon derived from a winemaking process","2025","Ultrasonics Sonochemistry","112","","107201","","","17","10.1016/j.ultsonch.2024.107201","https://www.scopus.com/pages/publications/85212560989?origin=resultslist","Article","Final","All Open Access; Gold Open Access; Green Open Access","Scopus","2-s2.0-85212560989"
"Petikova Z.; Demcisakova Z.; Petrovova E.; Luptakova L.; de Sousa Abreu A.P.; Burd B.S.; Guerra N.B.; Carvalho B.G.; Peirsman A.; Nguyen H.T.; dos Santos L.S.; Chagas P.A.M.; Mussagy C.U.; de Mendonça R.J.; Herculano R.D.; Floriano J.F.","Petikova, Zuzana (60549866400); Demcisakova, Zuzana (57222508724); Petrovova, Eva (23985476400); Luptakova, Lenka (24512028800); de Sousa Abreu, Ana Paula (57979379100); Burd, Betina Sayeg (57232590000); Guerra, Nayrim Brizuela (36337589900); Carvalho, Bruna Gregatti (59776589200); Peirsman, Arne (57209852043); Nguyen, Huu Tuan (57192832205); dos Santos, Lindomar Soares (56063863900); Chagas, Paulo Augusto Marques (59759191300); Mussagy, Cassamo Ussemane (57205156967); de Mendonça, Ricardo José (57219842352); Herculano, Rondinelli Donizetti (35200620700); Floriano, Juliana Ferreira (55693532000)","60549866400; 57222508724; 23985476400; 24512028800; 57979379100; 57232590000; 36337589900; 59776589200; 57209852043; 57192832205; 56063863900; 59759191300; 57205156967; 57219842352; 35200620700; 55693532000","Chorioallantoic membrane (CAM) of chicken embryo as an assay for biomaterial and drug testing: Current gaps and future directions","2026","Biomaterials Advances","184","","214827","","","0","10.1016/j.bioadv.2026.214827","https://www.scopus.com/pages/publications/105034499220?origin=resultslist","Review","Final","","Scopus","2-s2.0-105034499220"
"Ramírez A.M.R.; Mieres F.; Pineda F.; Grez P.; Heyser C.","Ramírez, A.M.R. (57214204199); Mieres, F. (57220987025); Pineda, F. (57192107058); Grez, P. (6506476548); Heyser, C. (27667712900)","57214204199; 57220987025; 57192107058; 6506476548; 27667712900","Electrosynthesis of polyindole-carboxylic acids on stainless steel and their corrosion protection at different temperatures in acidic solution","2022","Progress in Organic Coatings","172","","107075","","","7","10.1016/j.porgcoat.2022.107075","https://www.scopus.com/pages/publications/85135930068?origin=resultslist","Article","Final","","Scopus","2-s2.0-85135930068"
"Mussagy C.U.; Remonatto D.; Picheli F.P.; Paula A.V.; Herculano R.D.; Santos-Ebinuma V.C.; Farias R.L.; S. D. Onishi B.; J. L. Ribeiro S.; F. B. Pereira J.; Pessoa A., Jr.","Mussagy, Cassamo U. (57205156967); Remonatto, Daniela (25932412800); Picheli, Flavio P. (55875118900); Paula, Ariela V. (57217502688); Herculano, Rondinelli D. (35200620700); Santos-Ebinuma, Valéria C. (55503896600); Farias, Renan L. (55681152800); S. D. Onishi, Bruno (57846163500); J. L. Ribeiro, Sidney (57845938200); F. B. Pereira, Jorge (25928623000); Pessoa, Adalberto (7004373340)","57205156967; 25932412800; 55875118900; 57217502688; 35200620700; 55503896600; 55681152800; 57846163500; 57845938200; 25928623000; 7004373340","A look into Phaffia rhodozyma biorefinery: From the recovery and fractionation of carotenoids, lipids and proteins to the sustainable manufacturing of biologically active bioplastics","2022","Bioresource Technology","362","","127785","","","28","10.1016/j.biortech.2022.127785","https://www.scopus.com/pages/publications/85136080356?origin=resultslist","Article","Final","All Open Access; Green Open Access","Scopus","2-s2.0-85136080356"
"Mussagy C.U.; dos Santos A.; F. G. Militão G.; Carolina Silva de Oliveira J.; de A. Umbuzeiro G.; Peixoto G.; Pessoa A., Jr.; Santos-Ebinuma V.C.","Mussagy, Cassamo U. (57205156967); dos Santos, Amanda (57196706353); F. G. Militão, Gabriely (58534858800); Carolina Silva de Oliveira, Jéssica (58534322800); de A. Umbuzeiro, Gisela (58533957700); Peixoto, Guilherme (24734160300); Pessoa, Adalberto (7004373340); Santos-Ebinuma, Valeria C. (55503896600)","57205156967; 57196706353; 58534858800; 58534322800; 58533957700; 24734160300; 7004373340; 55503896600","Phaffia rhodozyma biorefinery: A sustainable pathway to obtain natural pigments and production of methane biogas as renewable fuel","2023","Chemical Engineering Journal","473","","145350","","","10","10.1016/j.cej.2023.145350","https://www.scopus.com/pages/publications/85167797578?origin=resultslist","Article","Final","All Open Access; Green Open Access","Scopus","2-s2.0-85167797578"
"Alnajjar O.; Atencio E.; Turmo J.","Alnajjar, Omar (59986165500); Atencio, Edison (57215433542); Turmo, Jose (9237960000)","59986165500; 57215433542; 9237960000","Framework for Optimizing the Construction Process: The Integration of Lean Construction, Building Information Modeling (BIM), and Emerging Technologies","2025","Applied Sciences (Switzerland)","15","13","7253","","","9","10.3390/app15137253","https://www.scopus.com/pages/publications/105010313118?origin=resultslist","Article","Final","All Open Access; Gold Open Access; Green Open Access","Scopus","2-s2.0-105010313118"
"Vallayil M.; Nand P.; Yan W.Q.; Allende-Cid H.; Vamathevan T.","Vallayil, Manju (59074001300); Nand, Parma (6506991350); Yan, Wei Qi (56004310900); Allende-Cid, Héctor (57208732887); Vamathevan, Thamilini (59641856600)","59074001300; 6506991350; 56004310900; 57208732887; 59641856600","CARAG: A Context-Aware Retrieval Framework for Fact Verification, Integrating Local and Global Perspectives of Explainable AI","2025","Applied Sciences (Switzerland)","15","4","1970","","","3","10.3390/app15041970","https://www.scopus.com/pages/publications/85218622156?origin=resultslist","Article","Final","All Open Access; Gold Open Access; Green Open Access","Scopus","2-s2.0-85218622156"
"Femat-Castañeda C.; González-Alfonso J.L.; Plou F.J.; Guerrero C.; Rodriguez-Campos J.; Amaya-Delgado L.; González-Avila M.; Arrizon J.","Femat-Castañeda, César (57208737048); González-Alfonso, José L. (57202319326); Plou, Francisco J. (7003499529); Guerrero, Cecilia (36738876300); Rodriguez-Campos, Jacobo (36919063200); Amaya-Delgado, Lorena (56002691700); González-Avila, Marisela (6507224561); Arrizon, Javier (9337663900)","57208737048; 57202319326; 7003499529; 36738876300; 36919063200; 56002691700; 6507224561; 9337663900","Enzymatic galactosylation of phlorizin: a comparative study of β-galactosidases from different glycoside hydrolase families","2026","Biocatalysis and Biotransformation","","","","","","0","10.1080/10242422.2026.2642744","https://www.scopus.com/pages/publications/105033003681?origin=resultslist","Article","Article in press","","Scopus","2-s2.0-105033003681"
"Seriani S.; Guzman P.; Fujiyama T.","Seriani, Sebastian (56545753100); Guzman, Pablo (58099522300); Fujiyama, Taku (26640412100)","56545753100; 58099522300; 26640412100","Analyzing the Occupied Space of Passengers with Reduced Mobility in Metro Station Platforms: An Experimental Approach Using a Tracking System","2023","Applied Sciences (Switzerland)","13","3","1895","","","1","10.3390/app13031895","https://www.scopus.com/pages/publications/85147860495?origin=resultslist","Article","Final","All Open Access; Gold Open Access; Green Open Access","Scopus","2-s2.0-85147860495"
"Montecinos B.A.G.; Fernández M.V.; Quilodrán L.E.M.; Soto I.I.M.; Rivera J.L.V.","Montecinos, Benjamín Antonio García (60604240900); Fernández, Meylí Valin (60240218900); Quilodrán, Luis Enrique Merino (60604039100); Soto, Iván Ignacio Muñoz (60604039200); Rivera, José Luis Valin (57215038914)","60604240900; 60240218900; 60604039100; 60604039200; 57215038914","Effect of Particle Size Distribution and Dosage of Clam Shell-Derived Filler on the Mechanical Performance of Cementitious Mortars","2026","Applied Sciences (Switzerland)","16","8","3736","","","0","10.3390/app16083736","https://www.scopus.com/pages/publications/105037060002?origin=resultslist","Article","Final","All Open Access; Gold Open Access; Green Open Access","Scopus","2-s2.0-105037060002"
"Romero F.; Méndez F.; González J.; Tuninetti V.; Medina C.; Valin M.; Valin J.; Salas A.; Vicuña C.","Romero, Felipe (59170551000); Méndez, Franco (57222060904); González, Javiera (57214433361); Tuninetti, Víctor (36146219700); Medina, Carlos (56353775400); Valin, Meylí (58787785000); Valin, José (6603885305); Salas, Alexis (57194264909); Vicuña, Cristián (55961894100)","59170551000; 57222060904; 57214433361; 36146219700; 56353775400; 58787785000; 6603885305; 57194264909; 55961894100","Acoustic Emission-Based Method for IFSS Characterization in Single-Fiber Fragmentation Tests","2025","Applied Sciences (Switzerland)","15","8","4517","","","3","10.3390/app15084517","https://www.scopus.com/pages/publications/105003732135?origin=resultslist","Article","Final","All Open Access; Gold Open Access; Green Open Access","Scopus","2-s2.0-105003732135"
"Robles P.A.; Lourenço N.I.; Igarashi E.M.S.; Sousa M.N.; Arce P.F.","Robles, Pedro A. (12774054800); Lourenço, Natalia I. (57216041561); Igarashi, Edson M. S. (57200320419); Sousa, Marivone N. (57216036682); Arce, Pedro F. (9337814500)","12774054800; 57216041561; 57200320419; 57216036682; 9337814500","Thermodynamic Behavior of the Phase Equilibrium of Ethyl Acetate + Ethanol + Water Systems at Atmospheric Pressure: Experiment and Modeling","2020","Journal of Chemical and Engineering Data","65","4","","1402","1410","18","10.1021/acs.jced.9b00785","https://www.scopus.com/pages/publications/85082529437?origin=resultslist","Article","Final","","Scopus","2-s2.0-85082529437"
"Mussagy C.U.; Dias A.C.R.V.; Santos-Ebinuma V.C.; Shaaban Sadek M.; Ahmad M.; de Andrade C.R.; Haddad F.F.; dos Santos J.L.; Scarim C.B.; Pereira J.F.B.; Floriano J.F.; Herculano R.D.; Mustafa A.","Mussagy, Cassamo U. (57205156967); Dias, Ana C.R.V. (36190593500); Santos-Ebinuma, Valeria C. (55503896600); Shaaban Sadek, M. (58896719400); Ahmad, Mushtaq (56430353500); de Andrade, Cleverton R. (7003399309); Haddad, Felipe F. (57216953467); dos Santos, Jean L. (35083272500); Scarim, Cauê B. (57193749125); Pereira, Jorge F.B. (25928623000); Floriano, Juliana Ferreira (55693532000); Herculano, Rondinelli D. (35200620700); Mustafa, Ahmad (55785371100)","57205156967; 36190593500; 55503896600; 58896719400; 56430353500; 7003399309; 57216953467; 35083272500; 57193749125; 25928623000; 55693532000; 35200620700; 55785371100","Is the carotenoid production from Phaffia rhodozyma yeast genuinely sustainable? a comprehensive analysis of biocompatibility, environmental assessment, and techno-economic constraints","2024","Bioresource Technology","397","","130456","","","7","10.1016/j.biortech.2024.130456","https://www.scopus.com/pages/publications/85185532618?origin=resultslist","Article","Final","All Open Access; Green Open Access","Scopus","2-s2.0-85185532618"
"Martínez M.; Ramos C.; Poirrier P.; Chamy R.","Martínez, María (58838174700); Ramos, Carlos (56673576700); Poirrier, Paola (56236142500); Chamy, Rolando (6603874955)","58838174700; 56673576700; 56236142500; 6603874955","Influence of substrate concentration and bicarbonate addition on the anaerobic digestion of an inulin-rich substrate as the ending stage in a dandelion biorefinery scheme","2020","Process Biochemistry","98","","","211","216","2","10.1016/j.procbio.2020.07.001","https://www.scopus.com/pages/publications/85089799442?origin=resultslist","Article","Final","","Scopus","2-s2.0-85089799442"
"Vera G.; Feijoo F.A.; Prieto A.L.","Vera, Gino (58734932600); Feijoo, Felipe A. (56024472300); Prieto, Ana L. (55754485300)","58734932600; 56024472300; 55754485300","A Mechanistic Model for Hydrogen Production in an AnMBR Treating High Strength Wastewater","2023","Membranes","13","11","852","","","1","10.3390/membranes13110852","https://www.scopus.com/pages/publications/85178282130?origin=resultslist","Article","Final","All Open Access; Gold Open Access; Green Open Access","Scopus","2-s2.0-85178282130"
"Aracena A.; Jerez O.","Aracena, Alvaro (6504525592); Jerez, Oscar (35242436200)","6504525592; 35242436200","Mechanism and kinetics of pyrite transformation at elevated temperatures","2021","Physicochemical Problems of Mineral Processing","57","6","","127","139","7","10.37190/ppmp/143124","https://www.scopus.com/pages/publications/85120978197?origin=resultslist","Article","Final","All Open Access; Gold Open Access","Scopus","2-s2.0-85120978197"
"Gauna A.; Moglia Í.; Vásquez D.; Celis F.; Guzmán F.; Sánchez F.; Huerta M.; Álamos C.; Araya E.; Kogan M.J.","Gauna, Adriana (36767607100); Moglia, Ítalo (56276383900); Vásquez, David (59830493100); Celis, Freddy (24075210700); Guzmán, Fanny (7004463815); Sánchez, Fredys (59743650500); Huerta, Maycol (59446793000); Álamos, Carlos (59328277300); Araya, Eyleen (7004867817); Kogan, Marcelo J. (7102617437)","36767607100; 56276383900; 59830493100; 24075210700; 7004463815; 59743650500; 59446793000; 59328277300; 7004867817; 7102617437","Antimicrobial coating based on mussel adhesive and silver nanoparticle-binding sequences for surface modification of titanium","2025","Colloids and Surfaces A: Physicochemical and Engineering Aspects","719","","136939","","","5","10.1016/j.colsurfa.2025.136939","https://www.scopus.com/pages/publications/105002848680?origin=resultslist","Article","Final","","Scopus","2-s2.0-105002848680"
"Herculano R.D.; Mussagy C.U.; Guerra N.B.; Sant'Ana Pegorin Brasil G.; Floriano J.F.; Burd B.S.; Su Y.; da Silva Sasaki J.C.; Marques P.A.C.; Scontri M.; Miranda M.C.R.; Ferreira E.S.; Primo F.L.; Fernandes M.A.; He S.; Forster S.; Ma C.; de Lima Lopes Filho P.E.; dos Santos L.S.; Silva G.R.; Crotti A.E.M.; de Barros N.R.; Li B.; de Mendonça R.J.","Herculano, Rondinelli Donizetti (35200620700); Mussagy, Cassamo Ussemane (57205156967); Guerra, Nayrim Brizuela (36337589900); Sant'Ana Pegorin Brasil, Giovana (57712530000); Floriano, Juliana Ferreira (55693532000); Burd, Betina Sayeg (57232590000); Su, Yanjin (58519421300); da Silva Sasaki, Josana Carla (58519290000); Marques, Paulo Augusto Chagas (58396035400); Scontri, Mateus (56904173000); Miranda, Matheus Carlos Romeiro (56392423500); Ferreira, Ernando Silva (55881277400); Primo, Fernando Lucas (16033749900); Fernandes, Mariza Aires (57200005341); He, Siqi (58519290200); Forster, Samuel (58519222000); Ma, Changyu (57221705998); de Lima Lopes Filho, Paulo Eduardo (58789516700); dos Santos, Lindomar Soares (56063863900); Silva, Glaucio Ribeiro (58769162400); Crotti, Antônio Eduardo Miller (6506503661); de Barros, Natan Roberto (57188721325); Li, Bingbing (55628529208); de Mendonça, Ricardo José (57219842352)","35200620700; 57205156967; 36337589900; 57712530000; 55693532000; 57232590000; 58519421300; 58519290000; 58396035400; 56904173000; 56392423500; 55881277400; 16033749900; 57200005341; 58519290200; 58519222000; 57221705998; 58789516700; 56063863900; 58769162400; 6506503661; 57188721325; 55628529208; 57219842352","Recent advances and perspectives on natural latex serum and its fractions for biomedical applications","2024","Biomaterials Advances","157","","213739","","","10","10.1016/j.bioadv.2023.213739","https://www.scopus.com/pages/publications/85181168573?origin=resultslist","Review","Final","","Scopus","2-s2.0-85181168573"
"Piumetti M.; Illanes A.","Piumetti, Marco (15846740600); Illanes, Andrés (7004170275)","15846740600; 7004170275","Introduction to molecular catalysis","2022","Molecular Dynamics and Complexity in Catalysis and Biocatalysis","","","","55","83","1","10.1007/978-3-030-88500-7_3","https://www.scopus.com/pages/publications/85160371325?origin=resultslist","Book chapter","Final","","Scopus","2-s2.0-85160371325"
"Romero-Parra M.; Caballero Ó.; García-Hermoso A.; López-Gil J.F.; Páez-Herrera J.; Yáñez-Sepúlveda R.; Ezzatvar Y.","Romero-Parra, María (57214751057); Caballero, Óscar (58350364700); García-Hermoso, Antonio (36632087000); López-Gil, José Francisco (57211391916); Páez-Herrera, Jacqueline (58154998900); Yáñez-Sepúlveda, Rodrigo (57191875417); Ezzatvar, Yasmin (56335702900)","57214751057; 58350364700; 36632087000; 57211391916; 58154998900; 57191875417; 56335702900","Do the Long-Term Cardiometabolic Effects of Night Shift Work Differ Between Men and Women? A 17-Year Cohort Study of the U.S. Workforce","2026","Safety and Health at Work","17","1","","70","75","0","10.1016/j.shaw.2025.11.001","https://www.scopus.com/pages/publications/105025126841?origin=resultslist","Article","Final","All Open Access; Gold Open Access; Green Open Access","Scopus","2-s2.0-105025126841"
"González-Rojas A.; de la Fuente-Mella H.; Parra S.; Cancino-Haas F.; Coiro-Nicolas C.; Godoy-Saavedra J.; Pastén-Torres M.; Verdejo-Zamora E.; Dotte-González A.; Salinas P.; Valencia-Narbona M.; Achiardi O.; Granada-Granada F.; Lizana P.A.; Bravo M.A.","González-Rojas, Andrea (57203596562); de la Fuente-Mella, Hanns (25960662200); Parra, Sonnia (56241170300); Cancino-Haas, Fernando (59917276600); Coiro-Nicolas, Catalina (59917276700); Godoy-Saavedra, Javiera (59917991500); Pastén-Torres, Melanie (59917516100); Verdejo-Zamora, Elizabeth (59918234800); Dotte-González, Agustín (59917991600); Salinas, Paulo (55759188100); Valencia-Narbona, Martina (56305599900); Achiardi, Oscar (57209235573); Granada-Granada, Felipe (59918476600); Lizana, Pablo A. (55933019200); Bravo, Manuel A. (35602879700)","57203596562; 25960662200; 56241170300; 59917276600; 59917276700; 59917991500; 59917516100; 59918234800; 59917991600; 55759188100; 56305599900; 57209235573; 59918476600; 55933019200; 35602879700","Assessing the Impact of Exposure to PM2.5 Air Pollution on the Academic Performance of Schoolchildren in Chile","2025","Applied Sciences (Switzerland)","15","10","5474","","","0","10.3390/app15105474","https://www.scopus.com/pages/publications/105006698732?origin=resultslist","Article","Final","All Open Access; Gold Open Access; Green Open Access","Scopus","2-s2.0-105006698732"
"Mussagy C.U.; Hucke H.U.; Farias F.O.; Tretin J.; de Souza Mesquita L.M.; Rostagno M.A.; Valette J.; Ahmad M.; Mustafa A.; Raghavan V.; Sangaré D.","Mussagy, Cassamo U. (57205156967); Hucke, Henua U. (58909082700); Farias, Fabiane O. (57194337358); Tretin, Julia (59513311600); de Souza Mesquita, Leonardo M. (57194200924); Rostagno, Mauricio A. (6601978164); Valette, Jérémy (55081713500); Ahmad, Mushtaq (56430353500); Mustafa, Ahmad (55785371100); Raghavan, Vijaya (7103247218); Sangaré, Diakaridia (57221223843)","57205156967; 58909082700; 57194337358; 59513311600; 57194200924; 6601978164; 55081713500; 56430353500; 55785371100; 7103247218; 57221223843","Novel strategies for valorizing red araça pomace: Cyanidin-rich extracts recovery and sustainable bioenergy production","2025","Process Safety and Environmental Protection","195","","106791","","","3","10.1016/j.psep.2025.106791","https://www.scopus.com/pages/publications/85214949267?origin=resultslist","Article","Final","","Scopus","2-s2.0-85214949267"
"Olivares R.; Munoz R.; Soto R.; Crawford B.; Cárdenas D.; Ponce A.; Taramasco C.","Olivares, Rodrigo (55096374700); Munoz, Roberto (57192589742); Soto, Ricardo (24403038600); Crawford, Broderick (23395875300); Cárdenas, Diego (57215827409); Ponce, Aarón (55819522100); Taramasco, Carla (35085484500)","55096374700; 57192589742; 24403038600; 23395875300; 57215827409; 55819522100; 35085484500","An optimized brain-based algorithm for classifying parkinson's disease","2020","Applied Sciences (Switzerland)","10","5","1827","","","51","10.3390/app10051827","https://www.scopus.com/pages/publications/85081999011?origin=resultslist","Article","Final","All Open Access; Gold Open Access; Green Open Access","Scopus","2-s2.0-85081999011"
"Riveros A.L.; Eggeling C.; Riquelme S.; Adura C.; López-Iglesias C.; Guzmán F.; Araya E.; Almada M.; Juárez J.; Valdez M.A.; Fuentevilla I.A.; López O.; Kogan M.J.","Riveros, Ana L. (6602858444); Eggeling, Cynthia (57215872846); Riquelme, Sebastián (56087675400); Adura, Carolina (60271173100); López-Iglesias, Carmen (6701725199); Guzmán, Fanny (7004463815); Araya, Eyleen (7004867817); Almada, Mario (56490974200); Juárez, Josué (24477330500); Valdez, Miguel A. (7006794213); Fuentevilla, Ignacio A. (57205267974); López, Olga (56072028200); Kogan, Marcelo J. (7102617437)","6602858444; 57215872846; 56087675400; 60271173100; 6701725199; 7004463815; 7004867817; 56490974200; 24477330500; 7006794213; 57205267974; 56072028200; 7102617437","Improving cell penetration of gold nanorods by using an amphipathic arginine rich peptide","2020","International Journal of Nanomedicine","15","","","1837","1851","20","10.2147/IJN.S237820","https://www.scopus.com/pages/publications/85082182068?origin=resultslist","Article","Final","All Open Access; Gold Open Access; Green Open Access","Scopus","2-s2.0-85082182068"
"Vesga-Baron A.; Chamy R.; Vande Wouwer A.","Vesga-Baron, Alejandra (57212089059); Chamy, Rolando (6603874955); Vande Wouwer, Alain (6603744450)","57212089059; 6603874955; 6603744450","Minimizing Foaming and Bulking in Activated Sludge with Bacteriophage Treatment: A Review of Mathematical Modeling","2022","Processes","10","8","1600","","","5","10.3390/pr10081600","https://www.scopus.com/pages/publications/85137608250?origin=resultslist","Review","Final","All Open Access; Gold Open Access; Green Open Access","Scopus","2-s2.0-85137608250"
"Quiñones D.; Ruz F.; Díaz-Arancibia J.; Paz F.; Osega J.; Rojas L.F.","Quiñones, Daniela (56237424300); Ruz, Felipe (56818912000); Díaz-Arancibia, Jaime (57205075178); Paz, Freddy (57221503219); Osega, José (59348583600); Rojas, Luis Felipe (58850780200)","56237424300; 56818912000; 57205075178; 57221503219; 59348583600; 58850780200","Innovating Statistics Education: The Design of a Novel App Using Design Thinking","2024","Applied Sciences (Switzerland)","14","18","8515","","","5","10.3390/app14188515","https://www.scopus.com/pages/publications/85205318628?origin=resultslist","Article","Final","All Open Access; Gold Open Access; Green Open Access","Scopus","2-s2.0-85205318628"
"Teixeira J.M.; Santana N.B.; Lima T.S.M.; do Nascimento I.S.; da Silva Neto A.B.; Costa F.S.; de Carvalho Tavares I.M.; Pereira R.G.; de Jesus Silva G.; Silva F.N.; Mussagy C.U.; Caicedo-Paz A.V.; Franco M.","Teixeira, Jabson Meneses (57298739700); Santana, Nívio Batista (54684999300); Lima, Thais Santos Moraes (59090483000); do Nascimento, Ivonéa Soares (58076550600); da Silva Neto, Abdias Batista (60529925000); Costa, Floriatan Santos (57216746115); de Carvalho Tavares, Iasnaia Maria (59486373300); Pereira, Rúbner Gonçalves (60530210300); de Jesus Silva, Grazielly (57195314747); Silva, Fabiane Neves (57220117694); Mussagy, Cassamo Ussemane (57205156967); Caicedo-Paz, Angie Vanessa (58030292900); Franco, Marcelo (56207496400)","57298739700; 54684999300; 59090483000; 58076550600; 60529925000; 57216746115; 59486373300; 60530210300; 57195314747; 57220117694; 57205156967; 58030292900; 56207496400","L-Asparaginase Production by Fungal Coculture Under Solid-State Fermentation: Biochemical Characterization and Application in French Fries for Acrylamide Mitigation","2026","Food and Bioprocess Technology","19","5","218","","","0","10.1007/s11947-026-04311-3","https://www.scopus.com/pages/publications/105033854476?origin=resultslist","Article","Final","All Open Access; Hybrid Gold Open Access","Scopus","2-s2.0-105033854476"
"Sanhueza N.; Fuentes R.; Aguilar A.; Carnicero B.; Vega K.; Muñoz D.; Contreras D.; Moreno N.; Troncoso E.; Mercado L.; Morales‐lange B.; Boltana S.","Sanhueza, Nataly (57195221314); Fuentes, Ricardo (12778915900); Aguilar, Andrea (57164404600); Carnicero, Beatriz (57226758670); Vega, Karina (57226737843); Muñoz, David (57198144864); Contreras, David (7006727169); Moreno, Nataly (57209058753); Troncoso, Eduardo (57222535773); Mercado, Luis (7006279021); Morales‐lange, Byron (57609792700); Boltana, Sebastian (8899247500)","57195221314; 12778915900; 57164404600; 57226758670; 57226737843; 57198144864; 7006727169; 57209058753; 57222535773; 7006279021; 57609792700; 8899247500","Behavioural fever promotes an inflammatory reflex circuit in ectotherms","2021","International Journal of Molecular Sciences","22","16","8860","","","13","10.3390/ijms22168860","https://www.scopus.com/pages/publications/85112576445?origin=resultslist","Article","Final","All Open Access; Gold Open Access; Green Open Access","Scopus","2-s2.0-85112576445"
"Calle-Saldarriaga A.; Laniado H.; Zuluaga F.; Leiva V.","Calle-Saldarriaga, Alejandro (57219755314); Laniado, Henry (55089692200); Zuluaga, Francisco (25636625400); Leiva, Víctor (22953630400)","57219755314; 55089692200; 25636625400; 22953630400","Homogeneity tests for functional data based on depth-depth plots with chemical applications","2021","Chemometrics and Intelligent Laboratory Systems","219","","104420","","","7","10.1016/j.chemolab.2021.104420","https://www.scopus.com/pages/publications/85118338067?origin=resultslist","Article","Final","All Open Access; Green Open Access","Scopus","2-s2.0-85118338067"
"Vallejo F.; Díaz-Robles L.; Cubillos F.; Espinoza A.P.; Espinoza L.; Pinilla F.; Pino-Cortes E.","Vallejo, Fidel (57211057346); Díaz-Robles, Luis (23060179200); Cubillos, Francisco (6603422314); Espinoza, Andrea Perez (57203582471); Espinoza, Lorena (57222140496); Pinilla, Felipe (57219282186); Pino-Cortes, Ernesto (56830455800)","57211057346; 23060179200; 6603422314; 57203582471; 57222140496; 57219282186; 56830455800","Valorization of municipal solid waste using hydrothermal carbonization and gasification: A review","2020","Chemical Engineering Transactions","81","","","1045","1050","20","10.3303/CET2081175","https://www.scopus.com/pages/publications/85092058342?origin=resultslist","Article","Final","","Scopus","2-s2.0-85092058342"
"Hernández C.R.A.; Duclos-Bastías D.; del Val Martín P.; Vilugrón G.F.","Hernández, Carlos Roberto Arriagada (57387552000); Duclos-Bastías, Daniel (57211752928); del Val Martín, Pablo (57208720027); Vilugrón, Gerardo Fuentes (57224782844)","57387552000; 57211752928; 57208720027; 57224782844","Perceptions of University Academics about the School Curriculum for Undergraduate Application, Chile","2023","International Journal of Membrane Science and Technology","10","2","","558","565","1","10.15379/ijmst.v10i2.1315","https://www.scopus.com/pages/publications/85165672980?origin=resultslist","Article","Final","All Open Access; Gold Open Access","Scopus","2-s2.0-85165672980"
"Gonzalez A.; Orozco-Aguilar J.; Achiardi O.; Simon F.; Cabello-Verrugio C.","Gonzalez, Andrea (56892840300); Orozco-Aguilar, Josué (57188670216); Achiardi, Oscar (57209235573); Simon, Felipe (7201952657); Cabello-Verrugio, Claudio (8761628000)","56892840300; 57188670216; 57209235573; 7201952657; 8761628000","SARS-CoV-2/renin-angiotensin system: Deciphering the clues for a couple with potentially harmful effects on skeletal muscle","2020","International Journal of Molecular Sciences","21","21","7904","1","18","27","10.3390/ijms21217904","https://www.scopus.com/pages/publications/85094593843?origin=resultslist","Review","Final","All Open Access; Gold Open Access; Green Open Access","Scopus","2-s2.0-85094593843"
"Pérez P.A.; Bravo M.A.; Quiroz W.","Pérez, Pablo A. (57195561025); Bravo, Manuel A. (35602879700); Quiroz, Waldo (8943807600)","57195561025; 35602879700; 8943807600","Total mercury bias in soil analysis by CV-AFS: Causes, consequences and a simple solution based on sulfhydryl cotton fiber as a clean-up step","2020","Analytical Methods","12","29","","3756","3762","6","10.1039/d0ay01035a","https://www.scopus.com/pages/publications/85089548412?origin=resultslist","Article","Final","","Scopus","2-s2.0-85089548412"
"Heyser C.; Ramírez A.M.R.; Grez P.; Muñoz E.; Sáez-Arteaga A.; Briones N.; Häberle P.","Heyser, C. (27667712900); Ramírez, A.M.R. (57214204199); Grez, P. (6506476548); Muñoz, E. (13611547600); Sáez-Arteaga, A. (58838272100); Briones, N. (59462374100); Häberle, P. (6602338067)","27667712900; 57214204199; 6506476548; 13611547600; 58838272100; 59462374100; 6602338067","Evaluation of the surface activity of silicon in electrolytic media under the influence of hydroxyl radicals","2025","Journal of Electroanalytical Chemistry","982","","119010","","","0","10.1016/j.jelechem.2025.119010","https://www.scopus.com/pages/publications/85217977857?origin=resultslist","Article","Final","","Scopus","2-s2.0-85217977857"
"Wang Y.; Liu Y.; Hou X.; Ge Y.; Peng X.; Yang F.; Xiao L.; Höfer J.; Wang F.; Chen J.","Wang, Yi (57455801300); Liu, Yinuo (60163740800); Hou, Xiaochuan (58220988300); Ge, Ying (59914511300); Peng, Xiao (58915536900); Yang, Fengling (57217134019); Xiao, Liang (57190858425); Höfer, Juan (35304999000); Wang, Fei (57828051400); Chen, Jingbo (57207764794)","57455801300; 60163740800; 58220988300; 59914511300; 58915536900; 57217134019; 57190858425; 35304999000; 57828051400; 57207764794","Development of a Highly Specific Immunoassay for Residual Venom Detection of the Toxic Jellyfish Nemopilema nomurai","2025","Toxics","13","10","881","","","0","10.3390/toxics13100881","https://www.scopus.com/pages/publications/105020295021?origin=resultslist","Article","Final","All Open Access; Gold Open Access; Green Open Access","Scopus","2-s2.0-105020295021"
"Basán N.P.; Cóccola M.E.; Dondo R.G.; Guarnaschelli A.; Schweickardt G.A.; Méndez C.A.","Basán, Natalia P. (55913080500); Cóccola, Mariana E. (39961173200); Dondo, Rodolfo G. (55883049100); Guarnaschelli, Armando (55253449800); Schweickardt, Gustavo A. (21743574000); Méndez, Carlos A. (7004302842)","55913080500; 39961173200; 55883049100; 55253449800; 21743574000; 7004302842","A reactive-iterative optimization algorithm for scheduling of air separation units under uncertainty in electricity prices","2020","Computers and Chemical Engineering","142","","107050","","","20","10.1016/j.compchemeng.2020.107050","https://www.scopus.com/pages/publications/85089441219?origin=resultslist","Article","Final","All Open Access; Green Open Access","Scopus","2-s2.0-85089441219"
"Soto-Ramírez R.; Vlatten N.; Ruz F.; Tavernini L.; Lobos M.-G.","Soto-Ramírez, Robinson (57221469695); Vlatten, Nicolás (59307437100); Ruz, Felipe (56818912000); Tavernini, Luigi (16319713300); Lobos, María-Gabriela (6603240524)","57221469695; 59307437100; 56818912000; 16319713300; 6603240524","Engineering the cell wall reactive groups of Plant Growth Promoting Rhizobacteria by culture strategy for heavy metal removal","2024","Journal of Biotechnology","394","","","125","134","1","10.1016/j.jbiotec.2024.08.015","https://www.scopus.com/pages/publications/85202711378?origin=resultslist","Article","Final","","Scopus","2-s2.0-85202711378"
"Moraga-Díaz R.; Leiva-Araos A.; García J.","Moraga-Díaz, Roberto (58512923900); Leiva-Araos, Andrés (57215608479); García, José (7406129672)","58512923900; 57215608479; 7406129672","A Robust Statistical Methodology for Measuring Enterprise Agility","2023","Applied Sciences (Switzerland)","13","14","8445","","","5","10.3390/app13148445","https://www.scopus.com/pages/publications/85166240650?origin=resultslist","Article","Final","All Open Access; Gold Open Access; Green Open Access","Scopus","2-s2.0-85166240650"
"Pizarro F.; Stuardo P.; Olivares R.; Rajo-Iglesias E.","Pizarro, Francisco (55263738800); Stuardo, Pablo (57217245599); Olivares, Ricardo (36872230700); Rajo-Iglesias, Eva (6603262783)","55263738800; 57217245599; 36872230700; 6603262783","Potential use of cold plasma discharges for frequency reconfigurability in a sievenpiper mushroom metasurface","2021","Applied Sciences (Switzerland)","11","23","11342","","","3","10.3390/app112311342","https://www.scopus.com/pages/publications/85120881601?origin=resultslist","Article","Final","All Open Access; Gold Open Access; Green Open Access","Scopus","2-s2.0-85120881601"
"Panotopoulos G.; Rincón Á.","Panotopoulos, Grigoris (55876981500); Rincón, Ángel (56763719900)","55876981500; 56763719900","Quasinormal modes of five-dimensional black holes in non-commutative geometry","2020","European Physical Journal Plus","135","1","33","","","33","10.1140/epjp/s13360-019-00016-z","https://www.scopus.com/pages/publications/85077678971?origin=resultslist","Article","Final","All Open Access; Green Open Access","Scopus","2-s2.0-85077678971"
"Solís-Cortés D.; Navarrete-Astorga E.; Schrebler R.; Peinado-Pérez J.J.; Martín F.; Ramos-Barrado J.R.; Dalchiele E.A.","Solís-Cortés, D. (57203962860); Navarrete-Astorga, E. (57197739815); Schrebler, R. (56213692700); Peinado-Pérez, J.J. (57215537979); Martín, F. (57947034100); Ramos-Barrado, J.R. (7004559118); Dalchiele, E.A. (6701854336)","57203962860; 57197739815; 56213692700; 57215537979; 57947034100; 7004559118; 6701854336","A solid-state integrated photo-supercapacitor based on ZnO nanorod arrays decorated with Ag2S quantum dots as the photoanode and a PEDOT charge storage counter-electrode","2020","RSC Advances","10","10","","5712","5721","44","10.1039/c9ra10635a","https://www.scopus.com/pages/publications/85081108441?origin=resultslist","Article","Final","All Open Access; Gold Open Access; Green Open Access","Scopus","2-s2.0-85081108441"
"Sadino-Riquelme M.C.; Rivas J.; Jeison D.; Donoso-Bravo A.; Hayes R.E.","Sadino-Riquelme, M. Constanza (57214892787); Rivas, José (57204664136); Jeison, David (6507881259); Donoso-Bravo, Andrés (25723108900); Hayes, Robert E. (57203044203)","57214892787; 57204664136; 6507881259; 25723108900; 57203044203","Computational modelling of mixing tanks for bioprocesses: Developing a comprehensive workflow","2022","Canadian Journal of Chemical Engineering","100","11","","3210","3226","5","10.1002/cjce.24220","https://www.scopus.com/pages/publications/85111451414?origin=resultslist","Article","Final","","Scopus","2-s2.0-85111451414"
"Guerrero C.; Súarez S.; Aburto C.; Ubilla C.; Ramírez N.; Vera C.; Illanes A.","Guerrero, Cecilia (36738876300); Súarez, Sebastián (57191571843); Aburto, Carla (57188974717); Ubilla, Claudia (57205587403); Ramírez, Nicolás (57205581901); Vera, Carlos (55238284100); Illanes, Andrés (7004170275)","36738876300; 57191571843; 57188974717; 57205587403; 57205581901; 55238284100; 7004170275","Comparison of batch and repeated batch operation of lactulose synthesis with cross-linked aggregates of Bacillus circulans β-galactosidase","2020","Process Biochemistry","94","","","224","234","14","10.1016/j.procbio.2020.04.025","https://www.scopus.com/pages/publications/85084341669?origin=resultslist","Article","Final","","Scopus","2-s2.0-85084341669"
"Quiroga F.; Hermosilla G.; Farias G.; Fabregas E.; Montenegro G.","Quiroga, Francisco (58043942000); Hermosilla, Gabriel (35797061600); Farias, Gonzalo (23097347700); Fabregas, Ernesto (36868306100); Montenegro, Guelis (57218874594)","58043942000; 35797061600; 23097347700; 36868306100; 57218874594","Position Control of a Mobile Robot through Deep Reinforcement Learning","2022","Applied Sciences (Switzerland)","12","14","7194","","","25","10.3390/app12147194","https://www.scopus.com/pages/publications/85136466499?origin=resultslist","Article","Final","All Open Access; Gold Open Access; Green Open Access","Scopus","2-s2.0-85136466499"
"Díaz B.; Bacchiega R.; Soto G.; Kimmins S.D.; Flores M.; Hamm E.; Aguilar C.; Tamayo L.; Muñoz L.","Díaz, Bastián (58412576200); Bacchiega, Renato (58412576300); Soto, Gabriela (60017470400); Kimmins, Scott D. (36774702300); Flores, Marcos (57219908946); Hamm, Eugenio (6602698047); Aguilar, Claudio (56166871800); Tamayo, Laura (48061626000); Muñoz, Lisa (36961404000)","58412576200; 58412576300; 60017470400; 36774702300; 57219908946; 6602698047; 56166871800; 48061626000; 36961404000","Enhanced adhesion and dual antibacterial/anti-adherent function of polycaprolactone coatings on polydopamine-treated Ti-13Ta-12Sn alloy","2025","Progress in Organic Coatings","209","","109553","","","0","10.1016/j.porgcoat.2025.109553","https://www.scopus.com/pages/publications/105011838516?origin=resultslist","Article","Final","","Scopus","2-s2.0-105011838516"
"Silva P.; Arancibia V.; Cid D.; Romero O.; Illanes A.; Wilson L.","Silva, Pablo (57273999500); Arancibia, Vanessa (57272275900); Cid, Daniela (57273506100); Romero, Oscar (26667441500); Illanes, Andrés (7004170275); Wilson, Lorena (7403520925)","57273999500; 57272275900; 57273506100; 26667441500; 7004170275; 7403520925","Catalyst replacement policy on multienzymatic systems: Theoretical study in the one-pot sequential batch production of lactofructose syrup","2021","Catalysts","11","10","1167","","","6","10.3390/catal11101167","https://www.scopus.com/pages/publications/85115745809?origin=resultslist","Article","Final","All Open Access; Gold Open Access; Green Open Access","Scopus","2-s2.0-85115745809"
"Trejo-Soto C.; Lázaro G.R.; Pagonabarraga I.; Hernández-Machado A.","Trejo-Soto, Claudia (54279608700); Lázaro, Guillermo R. (55936390400); Pagonabarraga, Ignacio (7004423246); Hernández-Machado, Aurora (6602109932)","54279608700; 55936390400; 7004423246; 6602109932","Microfluidics Approach to the Mechanical Properties of Red Blood Cell Membrane and Their Effect on Blood Rheology","2022","Membranes","12","2","217","","","34","10.3390/membranes12020217","https://www.scopus.com/pages/publications/85124796635?origin=resultslist","Article","Final","All Open Access; Gold Open Access; Green Open Access","Scopus","2-s2.0-85124796635"
"Hermosilla G.; Pizarro F.; Fingerhuth S.; Lazcano F.; Santibanez F.; Baker N.; Castro D.; Yáñez C.","Hermosilla, Gabriel (35797061600); Pizarro, Francisco (55263738800); Fingerhuth, Sebastián (16068484100); Lazcano, Francisco (57373447400); Santibanez, Francisco (24172196300); Baker, Nelson (57373809900); Castro, David (57373628300); Yáñez, Carolina (57373810000)","35797061600; 55263738800; 16068484100; 57373447400; 24172196300; 57373809900; 57373628300; 57373810000","Real‐time remote sensing of the lobesia botrana moth using a wireless acoustic detection sensor","2021","Applied Sciences (Switzerland)","11","24","11889","","","8","10.3390/app112411889","https://www.scopus.com/pages/publications/85121217569?origin=resultslist","Article","Final","All Open Access; Gold Open Access; Green Open Access","Scopus","2-s2.0-85121217569"
"Martínez-Muñoz D.; Martí J.V.; García J.; Yepes V.","Martínez-Muñoz, David (57210554338); Martí, José V. (35242961800); García, José (7406129672); Yepes, Víctor (57200949536)","57210554338; 35242961800; 7406129672; 57200949536","Embodied energy optimization of buttressed earth-retaining walls with hybrid simulated annealing","2021","Applied Sciences (Switzerland)","11","4","1800","1","16","18","10.3390/app11041800","https://www.scopus.com/pages/publications/85101874717?origin=resultslist","Article","Final","All Open Access; Gold Open Access; Green Open Access","Scopus","2-s2.0-85101874717"
"Celedón S.; Hamon P.; Artigas V.; Fuentealba M.; Kahlal S.; Carrillo D.; Saillard J.-Y.; Hamon J.-R.; Manzur C.","Celedón, Salvador (25642504000); Hamon, Paul (7003684898); Artigas, Vania (56556470800); Fuentealba, Mauricio (7801538556); Kahlal, Samia (6603609986); Carrillo, David (7004301883); Saillard, Jean-Yves (7004537107); Hamon, Jean-Rene (57208457603); Manzur, Carolina (6601982179)","25642504000; 7003684898; 56556470800; 7801538556; 6603609986; 7004301883; 7004537107; 57208457603; 6601982179","Ferrocene functionalized enantiomerically pure Schiff bases and their Zn(ii) and Pd(ii) complexes: a spectroscopic, crystallographic, electrochemical and computational investigation","2022","New Journal of Chemistry","46","8","","3948","3960","7","10.1039/d1nj06106b","https://www.scopus.com/pages/publications/85125448748?origin=resultslist","Article","Final","","Scopus","2-s2.0-85125448748"
"Durán O.; Orellana F.; Lobos G.; Ibacache A.","Durán, Orlando (23396493200); Orellana, Fabián (57219486806); Lobos, Gabriel (59425271100); Ibacache, Alexis (59425386500)","23396493200; 57219486806; 59425271100; 59425386500","Integrating Fuzzy FMEA and RAM Analysis for Evaluating Modernization Strategies in an LNG Plant Pumping and Vaporization Facility","2024","Applied Sciences (Switzerland)","14","22","10729","","","4","10.3390/app142210729","https://www.scopus.com/pages/publications/85210266422?origin=resultslist","Article","Final","All Open Access; Gold Open Access","Scopus","2-s2.0-85210266422"
"Ruiz-Márvez E.; Ramírez C.A.; Rodríguez E.R.; Flórez M.M.; Delgado G.; Guzmán F.; Gómez-Puertas P.; Requena J.M.; Puerta C.J.","Ruiz-Márvez, Elizabeth (57216292981); Ramírez, César Augusto (57686804300); Rodríguez, Eliana Rocío (57213838700); Flórez, Magda Mellisa (57200564253); Delgado, Gabriela (41960955700); Guzmán, Fanny (7004463815); Gómez-Puertas, Paulino (6701710022); Requena, José María (8398614900); Puerta, Concepción J. (6701665995)","57216292981; 57686804300; 57213838700; 57200564253; 41960955700; 7004463815; 6701710022; 8398614900; 6701665995","Molecular characterization of TC964, a novel antigenic protein from trypanosoma cruzi","2020","International Journal of Molecular Sciences","21","7","2432","1","19","4","10.3390/ijms21072432","https://www.scopus.com/pages/publications/85083041825?origin=resultslist","Article","Final","All Open Access; Gold Open Access; Green Open Access","Scopus","2-s2.0-85083041825"
"Rojas L.F.; Quiñones D.; Cubillos C.","Rojas, Luis Felipe (58850780200); Quiñones, Daniela (56237424300); Cubillos, Claudio (23392232700)","58850780200; 56237424300; 23392232700","FRAMUX-EV: A Framework for Evaluating User Experience in Agile Software Development","2024","Applied Sciences (Switzerland)","14","19","8991","","","4","10.3390/app14198991","https://www.scopus.com/pages/publications/85206568470?origin=resultslist","Article","Final","All Open Access; Gold Open Access; Green Open Access","Scopus","2-s2.0-85206568470"
"Montisci A.; Pibi F.; Porcu M.C.; Vielma J.C.","Montisci, Augusto (6602440951); Pibi, Francesca (60143667100); Porcu, Maria Cristina (56834689600); Vielma, Juan Carlos (57216408783)","6602440951; 60143667100; 56834689600; 57216408783","Intelligent Optimal Seismic Design of Buildings Based on the Inversion of Artificial Neural Networks","2025","Applied Sciences (Switzerland)","15","19","10713","","","0","10.3390/app151910713","https://www.scopus.com/pages/publications/105018905513?origin=resultslist","Article","Final","All Open Access; Gold Open Access; Green Open Access","Scopus","2-s2.0-105018905513"
"Koopmann A.-K.; Ehgartner C.R.; Euchler D.; Claros M.; Huesing N.","Koopmann, Ann-Kathrin (57219700858); Ehgartner, Caroline Ramona (57194875941); Euchler, Daniel (57219617923); Claros, Martha (36975002400); Huesing, Nicola (6701327760)","57219700858; 57194875941; 57219617923; 36975002400; 6701327760","Sustainable Tannin Gels for the Efficient Removal of Metal Ions and Organic Dyes","2023","Gels","9","10","822","","","5","10.3390/gels9100822","https://www.scopus.com/pages/publications/85175473702?origin=resultslist","Article","Final","All Open Access; Gold Open Access; Green Open Access","Scopus","2-s2.0-85175473702"
"Crawford B.; Caballero H.; Astorga G.; Cisternas-Caneo F.; Becerra-Rozas M.; Baeza A.; Bernales G.; Puga P.; Giachetti G.; Soto R.","Crawford, Broderick (23395875300); Caballero, Hugo (57189025633); Astorga, Gino (57189029937); Cisternas-Caneo, Felipe (57219988879); Becerra-Rozas, Marcelo (57219448750); Baeza, Alan (60538625100); Bernales, Gabriel (57960594100); Puga, Pablo (60538920400); Giachetti, Giovanni (24481355300); Soto, Ricardo (24403038600)","23395875300; 57189025633; 57189029937; 57219988879; 57219448750; 60538625100; 57960594100; 60538920400; 24481355300; 24403038600","A Novel Binary Dream Optimization Algorithm with Data-Driven Repair for the Set Covering Problem","2026","Biomimetics","11","3","197","","","0","10.3390/biomimetics11030197","https://www.scopus.com/pages/publications/105034060487?origin=resultslist","Article","Final","All Open Access; Gold Open Access; Green Open Access","Scopus","2-s2.0-105034060487"
"Abbasi T.U.; Ahmad M.; Alsahli A.A.; Asma M.; Rozina; Mussagy C.U.; Abdellatief T.M.M.; Pastore C.; Mustafa A.","Abbasi, Tehreem Usman (58002674000); Ahmad, Mushtaq (56430353500); Alsahli, Abdulaziz Abdullah (55631604800); Asma, Maliha (8341609200); Rozina (57193510734); Mussagy, Cassamo Ussemane (57205156967); Abdellatief, Tamer M.M. (57211339610); Pastore, Carlo (57817504800); Mustafa, Ahmad (55785371100)","58002674000; 56430353500; 55631604800; 8341609200; 57193510734; 57205156967; 57211339610; 57817504800; 55785371100","Eco-friendly production of biodiesel from Carthamus tinctorius L. seeds using bismuth oxide nanocatalysts derived from Cannabis sativa L. Leaf extract","2024","Process Safety and Environmental Protection","191","","","710","722","9","10.1016/j.psep.2024.08.108","https://www.scopus.com/pages/publications/85203406271?origin=resultslist","Article","Final","All Open Access; Hybrid Gold Open Access","Scopus","2-s2.0-85203406271"
"Araya B.; Diaz C.; Martín J.S.; Vergara-Fernández A.; Aroca G.; Scott F.","Araya, Blanca (56236085000); Diaz, Camilo (59869256700); Martín, Jessica San (57267257000); Vergara-Fernández, Alberto (16240235200); Aroca, Germán (6603177229); Scott, Felipe (55743894700)","56236085000; 59869256700; 57267257000; 16240235200; 6603177229; 55743894700","Biodegradation of 2,5-dimethylpyrazine in gas and liquid phase by the fungus Fusarium solani","2022","Journal of Chemical Technology and Biotechnology","97","6","","1408","1415","4","10.1002/jctb.6903","https://www.scopus.com/pages/publications/85115407979?origin=resultslist","Article","Final","","Scopus","2-s2.0-85115407979"
"Arıcı M.; Macia Y.M.; Campo A.","Arıcı, Müslüm (36093844300); Macia, Yunesky Masip (36159702500); Campo, Antonio (23157654000)","36093844300; 36159702500; 23157654000","Finite-Difference analysis of the generalized graetz problem with heat convection boundary condition","2020","Heat Transfer Research","51","8","","797","806","3","10.1615/HEATTRANSRES.2020031877","https://www.scopus.com/pages/publications/85088289777?origin=resultslist","Article","Final","","Scopus","2-s2.0-85088289777"
"Ubilla C.; Ramírez N.; Valdivia F.; Vera C.; Illanes A.; Guerrero C.","Ubilla, Claudia (57205587403); Ramírez, Nicolás (57205581901); Valdivia, Felipe (57205570881); Vera, Carlos (55238284100); Illanes, Andrés (7004170275); Guerrero, Cecilia (36738876300)","57205587403; 57205581901; 57205570881; 55238284100; 7004170275; 36738876300","Synthesis of Lactulose in Continuous Stirred Tank Reactor With β-Galactosidase of Apergillus oryzae Immobilized in Monofunctional Glyoxyl Agarose Support","2020","Frontiers in Bioengineering and Biotechnology","8","","699","","","18","10.3389/fbioe.2020.00699","https://www.scopus.com/pages/publications/85087813162?origin=resultslist","Article","Final","All Open Access; Gold Open Access; Green Open Access","Scopus","2-s2.0-85087813162"
"Gonzalez A.A.; Visniauskas B.; Reverte V.; Sure V.N.; Vallotton Z.; Torres B.S.; Acosta M.A.; Zemedkun M.; Katakam P.V.; Prieto M.C.","Gonzalez, Alexis A. (56305790200); Visniauskas, Bruna (39263092900); Reverte, Virginia (16319888400); Sure, Ventaka N. (57191168285); Vallotton, Zoe (58250168500); Torres, Bryan S. (58804470400); Acosta, Marco A. (58804698900); Zemedkun, Mahlet (58805169600); Katakam, Prasad V. (57221836927); Prieto, Minolfa C. (57215519070)","56305790200; 39263092900; 16319888400; 57191168285; 58250168500; 58804470400; 58804698900; 58805169600; 57221836927; 57215519070","Urinary Angiotensinogen Displays Sexual Dimorphism in Non-Diabetic Humans and Mice with Overweight","2024","International Journal of Molecular Sciences","25","1","635","","","2","10.3390/ijms25010635","https://www.scopus.com/pages/publications/85181959590?origin=resultslist","Article","Final","All Open Access; Gold Open Access; Green Open Access","Scopus","2-s2.0-85181959590"
"Barrera-García J.; Cisternas-Caneo F.; Crawford B.; Gómez Sánchez M.; Soto R.","Barrera-García, José (58843404200); Cisternas-Caneo, Felipe (57219988879); Crawford, Broderick (23395875300); Gómez Sánchez, Mariam (57203513456); Soto, Ricardo (24403038600)","58843404200; 57219988879; 23395875300; 57203513456; 24403038600","Feature Selection Problem and Metaheuristics: A Systematic Literature Review about Its Formulation, Evaluation and Applications","2024","Biomimetics","9","1","9","","","40","10.3390/biomimetics9010009","https://www.scopus.com/pages/publications/85183097880?origin=resultslist","Review","Final","All Open Access; Gold Open Access; Green Open Access","Scopus","2-s2.0-85183097880"
"Duque P.; Parra C.; Pizarro F.; Aránguiz A.; Vega E.","Duque, Pablo (58163199300); Parra, Carlos (54961099400); Pizarro, Felix (57190814998); Aránguiz, Andrés (58162804400); Vega, Emanuel (57023414600)","58163199300; 54961099400; 57190814998; 58162804400; 57023414600","Audit Models for Asset Management, Maintenance and Reliability Processes: A Case Study Applied to the Desalination Plant","2023","Lecture Notes in Mechanical Engineering","","","","375","384","1","10.1007/978-3-031-25448-2_36","https://www.scopus.com/pages/publications/85151139472?origin=resultslist","Conference paper","Final","","Scopus","2-s2.0-85151139472"
"Silva P.; Illanes A.; Wilson L.; Conejeros R.","Silva, Pablo (57273999500); Illanes, Andrés (7004170275); Wilson, Lorena (7403520925); Conejeros, Raúl (35611393300)","57273999500; 7004170275; 7403520925; 35611393300","One-pot Heterogeneous Biocatalysis under Thermal Decay for Fructose Production from Lactose using Co-Immobilized Enzymes: Modeling and Simulation","2024","ChemCatChem","16","6","e202301240","","","3","10.1002/cctc.202301240","https://www.scopus.com/pages/publications/85181470201?origin=resultslist","Article","Final","","Scopus","2-s2.0-85181470201"
"da Silva M.R.; Vidal D.M.; Figueiredo L.; Bandeira P.T.; Bergmann J.; Zarbin P.H.G.","da Silva, Maycon R. (56643770200); Vidal, Diogo M. (16023320300); Figueiredo, Leonardo (57219298825); Bandeira, Pamela T. (57073600000); Bergmann, Jan (7203025577); Zarbin, Paulo H. G. (6701317499)","56643770200; 16023320300; 57219298825; 57073600000; 7203025577; 6701317499","Tergal Gland Secretion of the Rove Beetle Aleochara pseudochrysorrhoa (Staphylinidae: Aleocharinae): Chemical Composition and Biological Roles","2020","Chemistry and Biodiversity","17","10","e2000483","","","5","10.1002/cbdv.202000483","https://www.scopus.com/pages/publications/85092076071?origin=resultslist","Article","Final","","Scopus","2-s2.0-85092076071"
"Muñoz K.; Ahumada D.; Arenas F.; Guerrero C.; Illanes A.; Vera C.","Muñoz, Kevin (57226538642); Ahumada, Diego (57202058430); Arenas, Felipe (57218595683); Guerrero, Cecilia (36738876300); Illanes, Andrés (7004170275); Vera, Carlos (55238284100)","57226538642; 57202058430; 57218595683; 36738876300; 7004170275; 55238284100","Effect of product partition on the synthesis of butyl-β-D-galactoside from Aspergillus oryzae","2021","Bioresource Technology","340","","125697","","","3","10.1016/j.biortech.2021.125697","https://www.scopus.com/pages/publications/85111816625?origin=resultslist","Article","Final","","Scopus","2-s2.0-85111816625"
"Rojas V.; Navarrete E.; Román J.; Ballesteros L.; Cáceres G.; Díaz R.; Schrebler R.; Córdova R.; Grez P.; Henríquez R.; Marotti R.E.; Dalchiele E.A.; Herrera F.; Muñoz E.C.","Rojas, Víctor (57193070215); Navarrete, Emilio (56211402600); Román, Javier (55974485800); Ballesteros, Luis (24721256300); Cáceres, Gustavo (57521608900); Díaz, Romina (56941364200); Schrebler, Ricardo (56213692700); Córdova, Ricardo (56224655100); Grez, Paula (6506476548); Henríquez, Rodrigo (55554951600); Marotti, Ricardo E. (6603482197); Dalchiele, Enrique A. (6701854336); Herrera, Francisco (36016472200); Muñoz, Eduardo C. (13611547600)","57193070215; 56211402600; 55974485800; 24721256300; 57521608900; 56941364200; 56213692700; 56224655100; 6506476548; 55554951600; 6603482197; 6701854336; 36016472200; 13611547600","Study about an assembly of iron(III) hexacyanoferrate(II) and α-Fe2O3 as a secondary photocell: Part 1. Synthesis, characterization and photoelectrochemical properties of FTO/α-Fe2O3/KFe[Fe(CN)6]3 electrode system","2020","Journal of Electroanalytical Chemistry","860","","113913","","","5","10.1016/j.jelechem.2020.113913","https://www.scopus.com/pages/publications/85078976282?origin=resultslist","Article","Final","","Scopus","2-s2.0-85078976282"
"Soto R.; Crawford B.; Lanza-Gutierrez J.M.; Olivares R.; Camacho P.; Astorga G.; de la Fuente-Mella H.; Paredes F.; Castro C.","Soto, Ricardo (24403038600); Crawford, Broderick (23395875300); Lanza-Gutierrez, Jose M. (54784705200); Olivares, Rodrigo (55096374700); Camacho, Pablo (57194191725); Astorga, Gino (57189029937); de la Fuente-Mella, Hanns (25960662200); Paredes, Fernando (24773930800); Castro, Carlos (7202237871)","24403038600; 23395875300; 54784705200; 55096374700; 57194191725; 57189029937; 25960662200; 24773930800; 7202237871","Solving the manufacturing cell design problem through an autonomous water cycle algorithm","2019","Applied Sciences (Switzerland)","9","22","4736","","","2","10.3390/app9224736","https://www.scopus.com/pages/publications/85075245498?origin=resultslist","Article","Final","All Open Access; Gold Open Access; Green Open Access","Scopus","2-s2.0-85075245498"
"Bassi R.; Baeza P.; Sepulveda C.; Ghampson I.T.; Camu E.; Brückner A.; Bentrup U.; Fierro J.L.G.; Escalona N.","Bassi, R. (56662821600); Baeza, P. (8225737300); Sepulveda, C. (36844620000); Ghampson, I.T. (23469137800); Camu, E. (37101088700); Brückner, A. (57216512832); Bentrup, U. (7003500244); Fierro, J.L.G. (7202608150); Escalona, N. (6602883313)","56662821600; 8225737300; 36844620000; 23469137800; 37101088700; 57216512832; 7003500244; 7202608150; 6602883313","Conversion of levulinic acid over rhenium oxide catalysts: Effect of metal content","2021","Applied Catalysis A: General","625","","118328","","","12","10.1016/j.apcata.2021.118328","https://www.scopus.com/pages/publications/85113531228?origin=resultslist","Review","Final","","Scopus","2-s2.0-85113531228"
"Torres-Pedraza A.J.; Salgado-Lugo H.; Segura D.; Díaz-Barrera A.; Peña C.","Torres-Pedraza, Angie Johanna (57224984702); Salgado-Lugo, Holjes (55445560300); Segura, Daniel (55989812300); Díaz-Barrera, Alvaro (20435715600); Peña, Carlos (55989663100)","57224984702; 55445560300; 55989812300; 20435715600; 55989663100","Composition control of poly(3-hydroxybutyrate-co-3-hydroxyvalerate) copolymerization by oxygen transfer rate (OTR) in Azotobacter vinelandii OPNA","2021","Journal of Chemical Technology and Biotechnology","96","10","","2782","2791","9","10.1002/jctb.6825","https://www.scopus.com/pages/publications/85108842197?origin=resultslist","Article","Final","","Scopus","2-s2.0-85108842197"
"Aróstica M.; Rojas R.; Aguilar L.F.; Carvajal-Rondanelli P.; Albericio F.; Guzmán F.; Cárdenas C.","Aróstica, Mónica (57189524671); Rojas, Roberto (57848427100); Aguilar, Luis Felipe (58811477200); Carvajal-Rondanelli, Patricio (36023363100); Albericio, Fernando (7005138070); Guzmán, Fanny (7004463815); Cárdenas, Constanza (7003841627)","57189524671; 57848427100; 58811477200; 36023363100; 7005138070; 7004463815; 7003841627","Arginine Homopeptide of 11 Residues as a Model of Cell-Penetrating Peptides in the Interaction with Bacterial Membranes","2022","Membranes","12","12","1180","","","5","10.3390/membranes12121180","https://www.scopus.com/pages/publications/85144604180?origin=resultslist","Article","Final","All Open Access; Gold Open Access; Green Open Access","Scopus","2-s2.0-85144604180"
"Ramírez N.; Ubilla C.; Campos J.; Valencia F.; Aburto C.; Vera C.; Illanes A.; Guerrero C.","Ramírez, Nicolás (57205581901); Ubilla, Claudia (57205587403); Campos, Javiera (57226806301); Valencia, Francisca (57226817343); Aburto, Carla (57188974717); Vera, Carlos (55238284100); Illanes, Andrés (7004170275); Guerrero, Cecilia (36738876300)","57205581901; 57205587403; 57226806301; 57226817343; 57188974717; 55238284100; 7004170275; 36738876300","Enzymatic production of lactulose by fed-batch and repeated fed-batch reactor","2021","Bioresource Technology","341","","125769","","","20","10.1016/j.biortech.2021.125769","https://www.scopus.com/pages/publications/85112741471?origin=resultslist","Article","Final","","Scopus","2-s2.0-85112741471"
"Rebolledo Monsalve E.; Verduga Vergara L.","Rebolledo Monsalve, Eduardo (57209195947); Verduga Vergara, Lita (58489725500)","57209195947; 58489725500","Water and Sediment Quality Changes in Mangrove Systems with Shrimp Farms in the Northern Ecuadorean Coast","2023","Applied Sciences (Switzerland)","13","13","7749","","","4","10.3390/app13137749","https://www.scopus.com/pages/publications/85164963415?origin=resultslist","Article","Final","All Open Access; Gold Open Access; Green Open Access","Scopus","2-s2.0-85164963415"
"Cano S.; Hidalgo R.; Peláez C.A.; Solano A.; Guzmán F.; Reyes I.; Villalba-Condori K.O.","Cano, Sandra (56670957000); Hidalgo, Rocio (60430530300); Peláez, Carlos Alberto (57209830458); Solano, Andrés (57210710623); Guzmán, Francisca (60430348500); Reyes, Ignacio (60430530400); Villalba-Condori, Klinge Orlando (57200248801)","56670957000; 60430530300; 57209830458; 57210710623; 60430348500; 60430530400; 57200248801","A Child–Robot Interaction Framework for Designing Inclusive Educational Robotics in Resourced Classrooms: (Robo-ICARE)","2026","Applied Sciences (Switzerland)","16","4","1862","","","0","10.3390/app16041862","https://www.scopus.com/pages/publications/105031623304?origin=resultslist","Article","Final","All Open Access; Gold Open Access","Scopus","2-s2.0-105031623304"
"Araya B.; Torres-Praderio P.; Conejeros R.; Vergara-Fernández A.; Scott F.","Araya, Blanca (56236085000); Torres-Praderio, Paz (59714074300); Conejeros, Raúl (35611393300); Vergara-Fernández, Alberto (16240235200); Scott, Felipe (55743894700)","56236085000; 59714074300; 35611393300; 16240235200; 55743894700","Triacylglycerol accumulation in Rhodococcus opacus DSM 43205 from Knallgas and Knallgas-derived soluble intermediates","2026","Journal of Environmental Chemical Engineering","14","1","120959","","","0","10.1016/j.jece.2025.120959","https://www.scopus.com/pages/publications/105026458696?origin=resultslist","Article","Final","","Scopus","2-s2.0-105026458696"
"Pinto P.; Cabrera A.; Cruz J.J.; Contreras J.; Severino G.; Demarco R.; Elicer-Cortés J.C.; Fuentes A.","Pinto, P. (57216417316); Cabrera, A. (56814371600); Cruz, J.J. (58221978600); Contreras, J. (56537780200); Severino, G. (55911944000); Demarco, R. (42361029000); Elicer-Cortés, J.C. (6603367970); Fuentes, A. (8725383200)","57216417316; 56814371600; 58221978600; 56537780200; 55911944000; 42361029000; 6603367970; 8725383200","Effects of wildland fuel moisture content on radiant heat flux emitted by a laminar non-premixed flame","2020","Applied Thermal Engineering","181","","115968","","","11","10.1016/j.applthermaleng.2020.115968","https://www.scopus.com/pages/publications/85091349344?origin=resultslist","Article","Final","","Scopus","2-s2.0-85091349344"
"Mellado M.; Espinoza L.; Madrid A.; Mella J.; Chávez-Weisser E.; Diaz K.; Cuellar M.","Mellado, Marco (55442913900); Espinoza, Luis (7103098526); Madrid, Alejandro (54915256200); Mella, Jaime (56925090500); Chávez-Weisser, Eduardo (57209209048); Diaz, Katy (56049836400); Cuellar, Mauricio (7005051317)","55442913900; 7103098526; 54915256200; 56925090500; 57209209048; 56049836400; 7005051317","Design, synthesis, antifungal activity, and structure–activity relationship studies of chalcones and hybrid dihydrochromane–chalcones","2020","Molecular Diversity","24","3","","603","615","53","10.1007/s11030-019-09967-y","https://www.scopus.com/pages/publications/85066817072?origin=resultslist","Article","Final","","Scopus","2-s2.0-85066817072"
"Muñoz E.; Pérez-Prieto J.; Román J.; Rojas V.; Henríquez R.; Grez P.; Schrebler R.; Córdova R.; Navarrete E.","Muñoz, Eduardo (13611547600); Pérez-Prieto, Julia (57204743800); Román, Javier (55974485800); Rojas, Víctor (57193070215); Henríquez, Rodrigo (55554951600); Grez, Paula (6506476548); Schrebler, Ricardo (56213692700); Córdova, Ricardo (56224655100); Navarrete, Emilio (56211402600)","13611547600; 57204743800; 55974485800; 57193070215; 55554951600; 6506476548; 56213692700; 56224655100; 56211402600","Interaction between nitroxyl radicals and CdTe quantum dots: Determination of fluorescence-quenching mechanisms in aqueous solution","2019","Journal of Photochemistry and Photobiology A: Chemistry","383","","112024","","","9","10.1016/j.jphotochem.2019.112024","https://www.scopus.com/pages/publications/85070275970?origin=resultslist","Article","Final","","Scopus","2-s2.0-85070275970"
"Arango J.; Rojo A.; Casagli F.; Bernard O.; Jeison D.","Arango, Jineth (58515463000); Rojo, Anibal (60086398500); Casagli, Francesca (57197859755); Bernard, Olivier (8509748200); Jeison, David (6507881259)","58515463000; 60086398500; 57197859755; 8509748200; 6507881259","Assessing the impact of biomass retention in membrane-assisted microalgae-bacteria sewage treatment","2025","Journal of Environmental Chemical Engineering","13","5","118546","","","2","10.1016/j.jece.2025.118546","https://www.scopus.com/pages/publications/105015147535?origin=resultslist","Article","Final","All Open Access; Green Open Access","Scopus","2-s2.0-105015147535"
"Abba Z.A.; Yahaya S.; Ahmad S.A.; Ramírez-Moreno N.; Yusuf I.","Abba, Z.A. (57218378611); Yahaya, S. (57224750989); Ahmad, S.A. (57195140650); Ramírez-Moreno, N. (57216301607); Yusuf, I. (55640391100)","57218378611; 57224750989; 57195140650; 57216301607; 55640391100","Bioremediation of heavy metals by melanised and non-melanised feathers and heavy metal resistant feather-degrading bacteria; [Biorremediación de metales pesados por plumas melanizadas y no melanizadas y bacterias degradantes de plumas, resistentes a metales pesados]","2020","Revista Mexicana de Ingeniera Quimica","19","","","243","252","9","10.24275/rmiq/Bio1551","https://www.scopus.com/pages/publications/85088970930?origin=resultslist","Article","Final","All Open Access; Hybrid Gold Open Access","Scopus","2-s2.0-85088970930"
"Santacruz-Yunga E.; Guerrero-Rodríguez B.; Silva-Rojas P.; Pérez-Roa R.; Sigalotti L.G.; Trejo C.; Plaza E.","Santacruz-Yunga, Elias (58619622300); Guerrero-Rodríguez, Bernardo (59716846100); Silva-Rojas, Pablo (59716846200); Pérez-Roa, Richard (55835027000); Sigalotti, Leonardo Di G. (59159997400); Trejo, Claudia (59716544500); Plaza, Eric (36987075800)","58619622300; 59716846100; 59716846200; 55835027000; 59159997400; 59716544500; 36987075800","A pair potential force model for surface tension calculations with smoothed particle hydrodynamics","2025","Computational Particle Mechanics","12","5","","2729","2744","2","10.1007/s40571-025-00948-7","https://www.scopus.com/pages/publications/105001504629?origin=resultslist","Article","Final","","Scopus","2-s2.0-105001504629"
"Serrano-Lotina A.; Portela R.; Baeza P.; Alcolea-Rodriguez V.; Villarroel M.; Ávila P.","Serrano-Lotina, A. (26031091600); Portela, R. (56253044300); Baeza, P. (8225737300); Alcolea-Rodriguez, V. (57219417944); Villarroel, M. (7003443904); Ávila, P. (7006694430)","26031091600; 56253044300; 8225737300; 57219417944; 7003443904; 7006694430","Zeta potential as a tool for functional materials development","2023","Catalysis Today","423","","113862","","","310","10.1016/j.cattod.2022.08.004","https://www.scopus.com/pages/publications/85136067296?origin=resultslist","Article","Final","All Open Access; Green Open Access; Hybrid Gold Open Access","Scopus","2-s2.0-85136067296"
"Figueredo F.; Henríquez R.; Muñoz E.; Heyser C.; Schrebler R.; Grez P.","Figueredo, Francisco (57202001146); Henríquez, Rodrigo (55554951600); Muñoz, Eduardo (13611547600); Heyser, Cristopher (27667712900); Schrebler, Ricardo (56213692700); Grez, Paula (6506476548)","57202001146; 55554951600; 13611547600; 27667712900; 56213692700; 6506476548","Study of the application of a Cu2O thin film as non-enzymatic amperometric glucose sensor","2024","Journal of Electroanalytical Chemistry","971","","118584","","","9","10.1016/j.jelechem.2024.118584","https://www.scopus.com/pages/publications/85202293727?origin=resultslist","Article","Final","","Scopus","2-s2.0-85202293727"
"Ji G.; Kou X.; Olguin G.; Anjum T.; Yin X.; Guo Y.; Qu B.","Ji, Guozhao (55262553900); Kou, Xiaonan (58059136300); Olguin, Gianni (56043666900); Anjum, Tanzila (57220549543); Yin, Xian (58059157100); Guo, You (58626501000); Qu, Boyu (57216224734)","55262553900; 58059136300; 56043666900; 57220549543; 58059157100; 58626501000; 57216224734","Enhanced hydrogen production from ammonia decomposition by a silica membrane reactor","2025","Separation and Purification Technology","379","","134989","","","5","10.1016/j.seppur.2025.134989","https://www.scopus.com/pages/publications/105014812211?origin=resultslist","Article","Final","","Scopus","2-s2.0-105014812211"
"Quezada G.R.; Jeldres M.; Toro N.; Robles P.; Toledo P.G.; Jeldres R.I.","Quezada, Gonzalo R. (56461257700); Jeldres, Matías (57211509783); Toro, Norman (57191539325); Robles, Pedro (12774054800); Toledo, Pedro G. (7003737536); Jeldres, Ricardo I. (56085610300)","56461257700; 57211509783; 57191539325; 12774054800; 7003737536; 56085610300","Understanding the flocculation mechanism of quartz and kaolinite with polyacrylamide in seawater: A molecular dynamics approach","2021","Colloids and Surfaces A: Physicochemical and Engineering Aspects","608","","125576","","","60","10.1016/j.colsurfa.2020.125576","https://www.scopus.com/pages/publications/85091562837?origin=resultslist","Article","Final","","Scopus","2-s2.0-85091562837"
"Mussagy C.U.; De Oliveira F.; Santos-Ebinuma V.C.","Mussagy, Cassamo U. (57205156967); De Oliveira, Fernanda (38761182000); Santos-Ebinuma, Valeria C. (55503896600)","57205156967; 38761182000; 55503896600","Natural Colorants from Fungi","2023","Handbook of Natural Colorants","","","","391","415","5","10.1002/9781119811749.ch18","https://www.scopus.com/pages/publications/85163496548?origin=resultslist","Book chapter","Final","All Open Access; Gold Open Access; Green Open Access","Scopus","2-s2.0-85163496548"
"Atencio E.; Muñoz A.; Lozano F.; González-Arteaga J.; Lozano-Galant J.A.","Atencio, Edison (57215433542); Muñoz, Andrea (59489391800); Lozano, Fidel (58962397900); González-Arteaga, Jesús (57194039380); Lozano-Galant, José Antonio (36739467200)","57215433542; 59489391800; 58962397900; 57194039380; 36739467200","Calibration of iPad Pro LiDAR Scanning Parameters for the Scanning of Heritage Structures Using Orthogonal Arrays","2024","Applied Sciences (Switzerland)","14","24","11814","","","4","10.3390/app142411814","https://www.scopus.com/pages/publications/85213230247?origin=resultslist","Article","Final","All Open Access; Gold Open Access; Green Open Access","Scopus","2-s2.0-85213230247"
"Arıcı M.; Campo A.; Masip-Macia Y.","Arıcı, Müslüm (36093844300); Campo, Antonio (23157654000); Masip-Macia, Yunesky (36159702500)","36093844300; 23157654000; 36159702500","Computation of spatio-temporal temperatures in simple bodies with thermal radiation cooling by means of the numerical method of lines (NMOL)","2020","International Communications in Heat and Mass Transfer","114","","104504","","","1","10.1016/j.icheatmasstransfer.2020.104504","https://www.scopus.com/pages/publications/85082507738?origin=resultslist","Article","Final","","Scopus","2-s2.0-85082507738"
"Castañeda K.; Sánchez O.; Peña C.A.; Herrera R.F.; Mejía G.","Castañeda, Karen (57218622109); Sánchez, Omar (57218621184); Peña, Carlos A. (57204792944); Herrera, Rodrigo F. (57192660568); Mejía, Guillermo (57197731992)","57218622109; 57218621184; 57204792944; 57192660568; 57197731992","Comprehensive Analysis of Scheduling Processes in Road Intersections: Associating Deficiencies and Their Consequences in Colombian Projects","2025","Applied Sciences (Switzerland)","15","9","4614","","","4","10.3390/app15094614","https://www.scopus.com/pages/publications/105004916062?origin=resultslist","Article","Final","All Open Access; Gold Open Access; Green Open Access","Scopus","2-s2.0-105004916062"
"García J.; Cattarinich I.; Moraga P.; Pinto H.","García, José (7406129672); Cattarinich, Ivo (59640746500); Moraga, Paola (57148009700); Pinto, Hernan (57193934642)","7406129672; 59640746500; 57148009700; 57193934642","Exploring the Impact of Local Operator Configurations in the Multi-Demand Multidimensional Knapsack Problem","2025","Applied Sciences (Switzerland)","15","4","2059","","","3","10.3390/app15042059","https://www.scopus.com/pages/publications/85218624247?origin=resultslist","Article","Final","All Open Access; Gold Open Access","Scopus","2-s2.0-85218624247"
"Crossier-Guach A.; Huerta M.; Arenas F.; Guerrero C.; Illanes A.; Vera C.","Crossier-Guach, Addiel (58670737500); Huerta, Macarena (58670957400); Arenas, Felipe (57218595683); Guerrero, Cecilia (36738876300); Illanes, Andrés (7004170275); Vera, Carlos (55238284100)","58670737500; 58670957400; 57218595683; 36738876300; 7004170275; 55238284100","Modeling lactulose and epilactose synthesis by a mutant cellobiose 2-epimerase from Caldicellulosiruptor saccharolyticus","2024","Food and Bioproducts Processing","143","","","36","44","6","10.1016/j.fbp.2023.10.002","https://www.scopus.com/pages/publications/85175261797?origin=resultslist","Article","Final","","Scopus","2-s2.0-85175261797"
"Plaza-Díaz J.; Solís-Urra P.; Rodríguez-Rodríguez F.; Olivares-Arancibia J.; Navarro-Oliveros M.; Abadía-Molina F.; Álvarez-Mercado A.I.","Plaza-Díaz, Julio (55587885300); Solís-Urra, Patricio (57189460195); Rodríguez-Rodríguez, Fernando (27467624500); Olivares-Arancibia, Jorge (57205271934); Navarro-Oliveros, Miguel (57211485420); Abadía-Molina, Francisco (6602256255); Álvarez-Mercado, Ana I. (56891458500)","55587885300; 57189460195; 27467624500; 57205271934; 57211485420; 6602256255; 56891458500","The gut barrier, intestinal microbiota, and liver disease: Molecular mechanisms and strategies to manage","2020","International Journal of Molecular Sciences","21","21","8351","1","22","125","10.3390/ijms21218351","https://www.scopus.com/pages/publications/85096031163?origin=resultslist","Review","Final","All Open Access; Gold Open Access; Green Open Access","Scopus","2-s2.0-85096031163"
"León-Vargas F.; Arango Oviedo J.A.; Luna Wandurraga H.J.","León-Vargas, Fabian (54787902000); Arango Oviedo, Jineth Andrea (57894217200); Luna Wandurraga, Héctor Javier (56365235700)","54787902000; 57894217200; 56365235700","Two Decades of Research in Artificial Pancreas: Insights from a Bibliometric Analysis","2022","Journal of Diabetes Science and Technology","16","2","","434","445","16","10.1177/19322968211005500","https://www.scopus.com/pages/publications/85104497780?origin=resultslist","Article","Final","All Open Access; Bronze Open Access; Green Open Access","Scopus","2-s2.0-85104497780"
"Tarnok M.E.; Guzmán F.; Aguilar L.F.","Tarnok, María Elena (57216852737); Guzmán, Fanny (7004463815); Aguilar, Luis F. (58811477200)","57216852737; 7004463815; 58811477200","Effects of cholesterol on lipid vesicle fusion mediated by infectious salmon anaemia virus fusion peptides","2022","Colloids and Surfaces B: Biointerfaces","217","","112684","","","2","10.1016/j.colsurfb.2022.112684","https://www.scopus.com/pages/publications/85134292328?origin=resultslist","Article","Final","","Scopus","2-s2.0-85134292328"
"Mussagy C.U.; Pereira J.F.B.; Dufossé L.","Mussagy, Cassamo U. (57205156967); Pereira, Jorge F.B. (25928623000); Dufossé, Laurent (57200168801)","57205156967; 25928623000; 57200168801","Astaxanthin production using Paracoccus carotinifaciens: a way forward?","2023","Trends in Biotechnology","41","8","","996","999","23","10.1016/j.tibtech.2023.01.016","https://www.scopus.com/pages/publications/85150424938?origin=resultslist","Short survey","Final","","Scopus","2-s2.0-85150424938"
"Matus N.; Botella F.; Rusu C.","Matus, Nicolás (57312006000); Botella, Federico (6603818202); Rusu, Cristian (15521347000)","57312006000; 6603818202; 15521347000","SteXMeC: A Student eXperience Evaluation Methodology with Cultural Aspects","2025","Applied Sciences (Switzerland)","15","10","5314","","","2","10.3390/app15105314","https://www.scopus.com/pages/publications/105006763026?origin=resultslist","Article","Final","All Open Access; Gold Open Access; Green Open Access","Scopus","2-s2.0-105006763026"
"Mussagy C.U.; Farias F.O.; Bila N.M.; Giannini M.J.S.M.; Pereira J.F.B.; Santos-Ebinuma V.C.; Pessoa Jr A.","Mussagy, Cassamo U. (57205156967); Farias, Fabiane O. (57194337358); Bila, Niura M. (57217294681); Giannini, Maria J.S.M. (8926873300); Pereira, Jorge F.B. (25928623000); Santos-Ebinuma, Valeria C. (55503896600); Pessoa Jr, Adalberto (7004373340)","57205156967; 57194337358; 57217294681; 8926873300; 25928623000; 55503896600; 7004373340","Recovery of β-carotene and astaxanthin from Phaffia rhodozyma biomass using aqueous solutions of cholinium-based ionic liquids","2022","Separation and Purification Technology","290","","120852","","","42","10.1016/j.seppur.2022.120852","https://www.scopus.com/pages/publications/85127205740?origin=resultslist","Article","Final","All Open Access; Green Open Access","Scopus","2-s2.0-85127205740"
"Seriani S.; Aprigliano V.; Peña A.; Briones H.; Arredondo B.; Requesens J.; Fujiyama T.","Seriani, Sebastian (56545753100); Aprigliano, Vicente (58106736100); Peña, Alvaro (56959863300); Briones, Hector (59552985800); Arredondo, Bernardo (59490057200); Requesens, Jose (59175926900); Fujiyama, Taku (26640412100)","56545753100; 58106736100; 56959863300; 59552985800; 59490057200; 59175926900; 26640412100","Evaluating the Accessibility of Pedestrian Sidewalks to Connect Public Transport: A Pilot Study in Valparaíso, Chile","2025","Applied Sciences (Switzerland)","15","3","1106","","","2","10.3390/app15031106","https://www.scopus.com/pages/publications/85217618704?origin=resultslist","Article","Final","All Open Access; Gold Open Access; Green Open Access","Scopus","2-s2.0-85217618704"
"Aline Otaviano C.; Ussemane Mussagy C.; Roberto Paz-Cedeno F.; Fernando Brandão Pereira J.; Masarin F.","Aline Otaviano, Cecília (57957956500); Ussemane Mussagy, Cassamo (57205156967); Roberto Paz-Cedeno, Fernando (57202457491); Fernando Brandão Pereira, Jorge (25928623000); Masarin, Fernando (23035586700)","57957956500; 57205156967; 57202457491; 25928623000; 23035586700","Hydrothermal pretreatment of Eucalyptus by-product and refining of xylooligosaccharides from hemicellulosic hydrolysate","2023","Separation and Purification Technology","306","","122520","","","17","10.1016/j.seppur.2022.122520","https://www.scopus.com/pages/publications/85141490436?origin=resultslist","Article","Final","All Open Access; Green Open Access","Scopus","2-s2.0-85141490436"
"Leiva D.; Ramos-Tapia B.; Crawford B.; Soto R.; Cisternas-Caneo F.","Leiva, Dante (59145448000); Ramos-Tapia, Benjamín (59145448100); Crawford, Broderick (23395875300); Soto, Ricardo (24403038600); Cisternas-Caneo, Felipe (57219988879)","59145448000; 59145448100; 23395875300; 24403038600; 57219988879","A Novel Approach to Combinatorial Problems: Binary Growth Optimizer Algorithm","2024","Biomimetics","9","5","283","","","8","10.3390/biomimetics9050283","https://www.scopus.com/pages/publications/85194276181?origin=resultslist","Article","Final","All Open Access; Gold Open Access; Green Open Access","Scopus","2-s2.0-85194276181"
"Sedano-Cibrián J.; de Luis-Ruiz J.M.; Pérez-Álvarez R.; Pereda-García R.; Tapia-Espinoza J.D.","Sedano-Cibrián, Javier (57221792719); de Luis-Ruiz, Julio Manuel (55858136400); Pérez-Álvarez, Rubén (56178146600); Pereda-García, Raúl (57191168895); Tapia-Espinoza, Jonathan Daniel (59072920900)","57221792719; 55858136400; 56178146600; 57191168895; 59072920900","4D Models Generated with UAV Photogrammetry for Landfill Monitoring Thermal Control of Municipal Solid Waste (MSW) Landfills","2023","Applied Sciences (Switzerland)","13","24","13164","","","7","10.3390/app132413164","https://www.scopus.com/pages/publications/85192481970?origin=resultslist","Article","Final","All Open Access; Gold Open Access; Green Open Access","Scopus","2-s2.0-85192481970"
"Huerta M.; San Martín A.; Arancibia B.; Cornejo F.A.; Arenas F.; Illanes A.; Guerrero C.; Vera C.","Huerta, Macarena (58670957400); San Martín, Andrea (59271691800); Arancibia, Benjamín (59272714200); Cornejo, Fabián A. (56015570900); Arenas, Felipe (57218595683); Illanes, Andrés (7004170275); Guerrero, Cecilia (36738876300); Vera, Carlos (55238284100)","58670957400; 59271691800; 59272714200; 56015570900; 57218595683; 7004170275; 36738876300; 55238284100","Integrating the enzymatic syntheses of lactulose, epilactose and galacto-oligosaccharides","2024","Food and Bioproducts Processing","147","","","474","482","7","10.1016/j.fbp.2024.08.002","https://www.scopus.com/pages/publications/85201513258?origin=resultslist","Article","Final","","Scopus","2-s2.0-85201513258"
"Hernández L.A.; Martín F.; Berrios E.; Riveros G.; González D.M.; González E.; Lizama S.; Hernández F.","Hernández, Loreto. A. (54881716200); Martín, Francisco (57947034100); Berrios, Eduardo (36909415200); Riveros, Gonzalo (6701422090); González, Darío M. (55771367100); González, Ernesto (56856511800); Lizama, Susy (57218480817); Hernández, Franco (57219571835)","54881716200; 57947034100; 36909415200; 6701422090; 55771367100; 56856511800; 57218480817; 57219571835","Novel electrosynthesis of CdS/FeS nanocomposite-modified poly(o-phenylenediamine) with views to their use as a biosensor for Escherichia coli","2020","Arabian Journal of Chemistry","13","12","","8758","8767","5","10.1016/j.arabjc.2020.10.006","https://www.scopus.com/pages/publications/85093941396?origin=resultslist","Article","Final","All Open Access; Gold Open Access; Green Open Access","Scopus","2-s2.0-85093941396"
"Mussagy C.U.; Oshiro A.A.; Lima C.A.; Amantino C.F.; Primo F.L.; Santos-Ebinuma V.C.; Herculano R.D.","Mussagy, Cassamo U. (57205156967); Oshiro, Ariane A. (57362486200); Lima, Caio A. (58003479400); Amantino, Camila F. (57191378231); Primo, Fernando L. (16033749900); Santos-Ebinuma, Valéria C. (55503896600); Herculano, Rondinelli D. (35200620700)","57205156967; 57362486200; 58003479400; 57191378231; 16033749900; 55503896600; 35200620700","Natural fluorescent red colorants produced by Talaromyces amestolkiae as promising coloring agents for custom-made latex gloves","2023","Journal of Industrial and Engineering Chemistry","119","","","357","366","10","10.1016/j.jiec.2022.11.056","https://www.scopus.com/pages/publications/85143894028?origin=resultslist","Article","Final","All Open Access; Green Open Access","Scopus","2-s2.0-85143894028"
"Torquato I.O.; Corrales A.; Mussagy C.U.; Pereira J.F.B.; Lopes A.M.","Torquato, Isabelle O. (59733308100); Corrales, Astrid (59978965700); Mussagy, Cassamo U. (57205156967); Pereira, Jorge F. B. (25928623000); Lopes, André M. (23486135800)","59733308100; 59978965700; 57205156967; 25928623000; 23486135800","Revolutionizing Curcumin Extraction: New Insights From Non-Conventional Methods—A Comparative Analysis of the Last Decade","2025","Journal of Separation Science","48","7","e70198","","","6","10.1002/jssc.70198","https://www.scopus.com/pages/publications/105009880204?origin=resultslist","Review","Final","All Open Access; Green Open Access; Hybrid Gold Open Access","Scopus","2-s2.0-105009880204"
"Olmedo P.; Vidal J.; Ponce E.; Defilippi B.G.; Pérez-Donoso A.G.; Meneses C.; Carpentier S.; Pedreschi R.; Campos-Vargas R.","Olmedo, Patricio (56065956100); Vidal, Juan (57200753845); Ponce, Excequel (57221942707); Defilippi, Bruno G. (6507163310); Pérez-Donoso, Alonso G. (16234317300); Meneses, Claudio (35590560400); Carpentier, Sebastien (23471893700); Pedreschi, Romina (14052508500); Campos-Vargas, Reinaldo (56065674900)","56065956100; 57200753845; 57221942707; 6507163310; 16234317300; 35590560400; 23471893700; 14052508500; 56065674900","Proteomic and Low-Polar Metabolite Profiling Reveal Unique Dynamics in Fatty Acid Metabolism during Flower and Berry Development of Table Grapes","2023","International Journal of Molecular Sciences","24","20","15360","","","9","10.3390/ijms242015360","https://www.scopus.com/pages/publications/85175272208?origin=resultslist","Article","Final","All Open Access; Gold Open Access; Green Open Access","Scopus","2-s2.0-85175272208"
"Gana B.; Leiva-Araos A.; Allende-Cid H.; García J.","Gana, Bady (59322730500); Leiva-Araos, Andrés (57215608479); Allende-Cid, Héctor (57208732887); García, José (7406129672)","59322730500; 57215608479; 57208732887; 7406129672","Leveraging LLMs for Efficient Topic Reviews","2024","Applied Sciences (Switzerland)","14","17","7675","","","11","10.3390/app14177675","https://www.scopus.com/pages/publications/85203641479?origin=resultslist","Article","Final","All Open Access; Gold Open Access; Green Open Access","Scopus","2-s2.0-85203641479"
"Vielma J.C.; Aguiar R.; Frau C.; Zambrano A.","Vielma, Juan Carlos (57216408783); Aguiar, Roberto (15051763200); Frau, Carlos (56765958800); Zambrano, Abel (57266007700)","57216408783; 15051763200; 56765958800; 57266007700","Irregularity of the distribution of masonry infill panels and its effect on the seismic collapse of reinforced concrete buildings","2021","Applied Sciences (Switzerland)","11","18","8691","","","14","10.3390/app11188691","https://www.scopus.com/pages/publications/85115315607?origin=resultslist","Article","Final","All Open Access; Gold Open Access; Green Open Access","Scopus","2-s2.0-85115315607"
"Marchant C.; Leiva V.; Saulo H.; Vila R.","Marchant, Carolina (55094211400); Leiva, Víctor (22953630400); Saulo, Helton (51061286700); Vila, Roberto (56924856000)","55094211400; 22953630400; 51061286700; 56924856000","Multivariate methods to monitor the risk of critical episodes of environmental contamination using an asymmetric distribution with data of Santiago, Chile","2022","Risk, Reliability and Sustainable Remediation in the Field of Civil and Environmental Engineering","","","","359","378","0","10.1016/B978-0-323-85698-0.00024-1","https://www.scopus.com/pages/publications/85138401681?origin=resultslist","Book chapter","Final","","Scopus","2-s2.0-85138401681"
"Silva P.; Scott F.; Adloor S.D.; Vassiliadis V.S.; Illanes A.; Wilson L.; Conejeros R.","Silva, Pablo (57273999500); Scott, Felipe (55743894700); Adloor, Sai Darshan (57076882400); Vassiliadis, Vassilios S. (7004115264); Illanes, Andrés (7004170275); Wilson, Lorena (7403520925); Conejeros, Raúl (35611393300)","57273999500; 55743894700; 57076882400; 7004115264; 7004170275; 7403520925; 35611393300","Optimal control of scheduling and production for a multienzymatic system in continuous reactors","2025","Computers and Chemical Engineering","201","","109209","","","0","10.1016/j.compchemeng.2025.109209","https://www.scopus.com/pages/publications/105007731107?origin=resultslist","Article","Final","","Scopus","2-s2.0-105007731107"
"Guerrero M.; Muñoz La Rivera F.; Vega-Córdova V.; Proboste-Martínez M.; Álvarez-Aguado I.; Spencer H.","Guerrero, Matías (59938936300); Muñoz La Rivera, Felipe (57217534356); Vega-Córdova, Vanessa (59759866100); Proboste-Martínez, Mathías (59076147800); Álvarez-Aguado, Izaskun (57217232660); Spencer, Herbert (57612757500)","59938936300; 57217534356; 59759866100; 59076147800; 57217232660; 57612757500","Evaluation of Universal Accessible Housing (UAH) Design Using Virtual Reality: A Focus on Circulation Areas","2025","Applied Sciences (Switzerland)","15","11","5936","","","0","10.3390/app15115936","https://www.scopus.com/pages/publications/105007779888?origin=resultslist","Article","Final","All Open Access; Gold Open Access; Green Open Access","Scopus","2-s2.0-105007779888"
"Ponce B.; Zamora-Quiroz A.; González E.; Andler R.; Díaz-Barrera A.","Ponce, Belén (57213270130); Zamora-Quiroz, Agustín (60050659600); González, Ernesto (56856511800); Andler, Rodrigo (56604311100); Díaz-Barrera, Alvaro (20435715600)","57213270130; 60050659600; 56856511800; 56604311100; 20435715600","Advances in alginate biosynthesis: regulation and production in Azotobacter vinelandii","2025","Frontiers in Bioengineering and Biotechnology","13","","1593893","","","7","10.3389/fbioe.2025.1593893","https://www.scopus.com/pages/publications/105013459778?origin=resultslist","Review","Final","All Open Access; Gold Open Access; Green Open Access","Scopus","2-s2.0-105013459778"
"Iquilio R.; Fehrmann K.; Núñez Sepúlveda S.; Tesser E.; Valín M.; Valín J.L.","Iquilio, Roberto (57260738100); Fehrmann, Kurt (59322900400); Núñez Sepúlveda, Sergio (59322795900); Tesser, Enzo (57273716700); Valín, Meyli (58787785000); Valín, José Luis (6603885305)","57260738100; 59322900400; 59322795900; 57273716700; 58787785000; 6603885305","Evaluating the Plastic Anisotropic Effect on the Forming Limit Curve of 2024-T3 Aluminum Alloy Sheets Using Marciniak Tests and Digital Image Correlation","2024","Applied Sciences (Switzerland)","14","17","8082","","","0","10.3390/app14178082","https://www.scopus.com/pages/publications/85203640020?origin=resultslist","Article","Final","All Open Access; Gold Open Access; Green Open Access","Scopus","2-s2.0-85203640020"
"Vásquez D.; Palominos F.; Martínez S.","Vásquez, Dreidy (56369410000); Palominos, Francisca (57221418348); Martínez, Sebastián (57221416851)","56369410000; 57221418348; 57221416851","Visible-light photocatalytic degradation of aniline blue by stainless-steel foam coated with tio2 grafted with anthocyanins from a maqui-blackberry system","2020","Catalysts","10","11","1245","1","16","14","10.3390/catal10111245","https://www.scopus.com/pages/publications/85099090875?origin=resultslist","Article","Final","All Open Access; Gold Open Access; Green Open Access","Scopus","2-s2.0-85099090875"
"Mayumi Ueda K.; Castro Leal F.; Oliveira Farias F.; Mussagy C.U.; Igarashi-Mafra L.; Mafra M.R.","Mayumi Ueda, Karina (57218092814); Castro Leal, Fernando (57211397898); Oliveira Farias, Fabiane (57194337358); Mussagy, Cassamo U. (57205156967); Igarashi-Mafra, Luciana (21739087500); Mafra, Marcos R. (12800251500)","57218092814; 57211397898; 57194337358; 57205156967; 21739087500; 12800251500","Enhancing the carotenoid recovery from Eugenia uniflora l. pulp: A comparative study of supramolecular solvents, ionic liquids, and deep eutectic solvents","2023","Separation and Purification Technology","324","","124632","","","23","10.1016/j.seppur.2023.124632","https://www.scopus.com/pages/publications/85167995464?origin=resultslist","Article","Final","","Scopus","2-s2.0-85167995464"
"Mellado-Silva R.; Cubillos C.; Cabrera-Paniagua D.; Urra E.","Mellado-Silva, Rafael (57193062452); Cubillos, Claudio (23392232700); Cabrera-Paniagua, Daniel (25960679700); Urra, Enrique (55694778300)","57193062452; 23392232700; 25960679700; 55694778300","Flow-Shop Scheduling Problem Applied to the Planning of Repair and Maintenance of Electromedical Equipment in the Hospital Industry","2022","Processes","10","12","2679","","","4","10.3390/pr10122679","https://www.scopus.com/pages/publications/85144838428?origin=resultslist","Article","Final","All Open Access; Gold Open Access; Green Open Access","Scopus","2-s2.0-85144838428"
"Fernández M.V.; Rivera J.L.V.; Rodríguez F.P.; Losada H.F.; Abreu M.E.F.; Diaz F.R.V.; Soto A.R.; Alvarez A.A.; Quinteros R.; Ketterer C.G.; García del Pino G.","Fernández, Meylí Valin (57193826774); Rivera, José Luis Valin (57215038914); Rodríguez, Frank Pérez (58126748300); Losada, Henry Figueredo (57798089700); Abreu, María Elena Fernández (56095993200); Diaz, Francisco Rolando Valenzuela (6506507655); Soto, Angel Rodríguez (57731773400); Alvarez, Alexander Alfonso (57731266300); Quinteros, Roberto (57207621662); Ketterer, Cristobal Galleguillos (58125618700); García del Pino, Gilberto (55737167200)","57193826774; 57215038914; 58126748300; 57798089700; 56095993200; 6506507655; 57731773400; 57731266300; 57207621662; 58125618700; 55737167200","Mechanical Characterization of a Polymer/Natural Fibers/Bentonite Composite Material with Implementation of a Continuous Damage Model","2023","Applied Sciences (Switzerland)","13","4","2677","","","9","10.3390/app13042677","https://www.scopus.com/pages/publications/85149270703?origin=resultslist","Article","Final","All Open Access; Gold Open Access; Green Open Access","Scopus","2-s2.0-85149270703"
"Serra I.; Wilson L.; Alcántara A.R.","Serra, Immacolata (22942087500); Wilson, Lorena (7403520925); Alcántara, Andrés R. (7006761900)","22942087500; 7403520925; 7006761900","Editorial: Recent Advances in Biocatalysis: Focusing on Applications of These Processes","2022","Frontiers in Bioengineering and Biotechnology","10","","844741","","","0","10.3389/fbioe.2022.844741","https://www.scopus.com/pages/publications/85125857043?origin=resultslist","Editorial","Final","All Open Access; Gold Open Access; Green Open Access","Scopus","2-s2.0-85125857043"
"Panotopoulos G.; López M.; Videla N.","Panotopoulos, Grigoris (55876981500); López, Matías (57211332473); Videla, Nelson (35786470500)","55876981500; 57211332473; 35786470500","Dynamics of cosmological inflation and predictions for reheating in the light of 2018 PLANCK results","2021","European Physical Journal Plus","136","4","397","","","5","10.1140/epjp/s13360-021-01396-x","https://www.scopus.com/pages/publications/85104394853?origin=resultslist","Article","Final","","Scopus","2-s2.0-85104394853"
"Hoerl S.; Griesshaber E.; Weller D.; Amini S.; Häussermann V.; Bitner M.A.; Achterhold K.; Pfeiffer F.; Schmahl W.W.","Hoerl, Sebastian (57199500392); Griesshaber, Erika (8437972500); Weller, Daniel (58637578400); Amini, Shahrouz (57195616626); Häussermann, Verena (57204227116); Bitner, Maria A. (7003559266); Achterhold, Klaus (6602620431); Pfeiffer, Franz (7102420628); Schmahl, Wolfgang W. (7005727273)","57199500392; 8437972500; 58637578400; 57195616626; 57204227116; 7003559266; 6602620431; 7102420628; 7005727273","Crystal Organisation of Muscle Attachment Sites of Bivalved Marine Organisms: A Juxtaposition Between Brachiopod and Bivalved Mollusc Shells","2025","Crystals","15","7","649","","","0","10.3390/cryst15070649","https://www.scopus.com/pages/publications/105011629040?origin=resultslist","Article","Final","All Open Access; Gold Open Access; Green Open Access","Scopus","2-s2.0-105011629040"
"Mussagy C.U.; Ramos N.F.; Caicedo P. A.V.; Farias F.O.; Ahmad M.; Mustafa A.; Raghavan V.","Mussagy, Cassamo U. (57205156967); Ramos, Nataly F. (58909082800); Caicedo P., Angie V. (58993274000); Farias, Fabiane O. (57194337358); Ahmad, Mushtaq (56430353500); Mustafa, Ahmad (55785371100); Raghavan, Vijaya (7103247218)","57205156967; 58909082800; 58993274000; 57194337358; 56430353500; 55785371100; 7103247218","Tuning bio-derived solvents for the rapid solubilization of astaxanthin-rich extracts from non-conventional bacterium Paracoccus carotinifaciens","2024","Separation and Purification Technology","346","","127542","","","12","10.1016/j.seppur.2024.127542","https://www.scopus.com/pages/publications/85190807610?origin=resultslist","Article","Final","","Scopus","2-s2.0-85190807610"
"Hernández P.; Molina A.I.; Lacave C.; Rusu C.; Toledano-González A.","Hernández, Patricia (57720018100); Molina, Ana I. (34467788400); Lacave, Carmen (55933966400); Rusu, Cristian (15521347000); Toledano-González, Abel (57201581668)","57720018100; 34467788400; 55933966400; 15521347000; 57201581668","PlanTEA: Supporting Planning and Anticipation for Children with ASD Attending Medical Appointments","2022","Applied Sciences (Switzerland)","12","10","5237","","","12","10.3390/app12105237","https://www.scopus.com/pages/publications/85131047104?origin=resultslist","Article","Final","All Open Access; Gold Open Access; Green Open Access","Scopus","2-s2.0-85131047104"
"Rivas-Astroza M.; Paredes I.; Guerrero K.; Mau S.; Quintero J.; Gentina J.C.; Conejeros R.; Aroca G.","Rivas-Astroza, Marcelo (54682244400); Paredes, Iván (56997238800); Guerrero, Karlo (23134789700); Mau, Silvia (57208011972); Quintero, Julián (23482772800); Gentina, Juan Carlos (7004106285); Conejeros, Raúl (35611393300); Aroca, Germán (6603177229)","54682244400; 56997238800; 23134789700; 57208011972; 23482772800; 7004106285; 35611393300; 6603177229","Kinetic model of Clostridium beijerinckii's Acetone-Butanol-Ethanol fermentation considering metabolically diverse cell types","2021","Journal of Biotechnology","342","","","1","12","6","10.1016/j.jbiotec.2021.09.021","https://www.scopus.com/pages/publications/85117139439?origin=resultslist","Article","Final","","Scopus","2-s2.0-85117139439"
"Silambarasan S.; Cornejo P.; Santos C.; García C.; Kamaraj B.; Vangnai A.S.","Silambarasan, Sivagnanam (36807102000); Cornejo, Pablo (24553838900); Santos, Cledir (8620996200); García, Cecilia (60200783600); Kamaraj, Balu (55555141100); Vangnai, Alisa S. (6506413020)","36807102000; 24553838900; 8620996200; 60200783600; 55555141100; 6506413020","Halotolerant plant growth promoting Streptomyces maritimus strain SST3 alleviates salinity stress in Solanum lycopersicum by improving growth, nutritional content and antioxidant enzymes","2026","Biocatalysis and Agricultural Biotechnology","71","","103894","","","0","10.1016/j.bcab.2025.103894","https://www.scopus.com/pages/publications/105025106034?origin=resultslist","Article","Final","","Scopus","2-s2.0-105025106034"
"Tropea A.; Spadaro D.; Citro I.; Lanza M.; Trocino S.; Tella R.L.; Giuffrida D.; Mussagy C.U.; Mondello L.; Calogero G.","Tropea, Alessia (55649655600); Spadaro, Donatella (26656968900); Citro, Ilaria (37118524800); Lanza, Maurizio (57034906000); Trocino, Stefano (55372155200); Tella, Roberta La (57222087653); Giuffrida, Daniele (7003643687); Mussagy, Cassamo U. (57205156967); Mondello, Luigi (7005632150); Calogero, Giuseppe (6701502239)","55649655600; 26656968900; 37118524800; 57034906000; 55372155200; 57222087653; 7003643687; 57205156967; 7005632150; 6701502239","The influence of microbial sources on astaxanthin implementation as sensitizer in dye sensitized solar cells (DSSCs)","2025","Journal of Photochemistry and Photobiology A: Chemistry","461","","116174","","","5","10.1016/j.jphotochem.2024.116174","https://www.scopus.com/pages/publications/85210135739?origin=resultslist","Article","Final","All Open Access; Hybrid Gold Open Access","Scopus","2-s2.0-85210135739"
"Anjum T.; Wang Y.; Olguin G.; Shahbaz R.; Ladewig B.; Wang G.; Wang D.K.; Zhang X.; Khan A.L.; Ji G.","Anjum, Tanzila (57220549543); Wang, Yinxiang (57218520389); Olguin, Gianni (56043666900); Shahbaz, Rashida (59993111900); Ladewig, Bradley (12645530400); Wang, Guanqi (60333635800); Wang, David K. (57194738295); Zhang, Xiaozhen (57198063883); Khan, Asim Laeeq (35329787700); Ji, Guozhao (55262553900)","57220549543; 57218520389; 56043666900; 59993111900; 12645530400; 60333635800; 57194738295; 57198063883; 35329787700; 55262553900","Defect-free cobalt-silica membrane via supercritical drying route for high temperature hydrogen separation","2026","Separation and Purification Technology","397","","138027","","","0","10.1016/j.seppur.2026.138027","https://www.scopus.com/pages/publications/105036286981?origin=resultslist","Article","Final","","Scopus","2-s2.0-105036286981"
"Nuñez-Belmar J.; Morales-Olavarria M.; Vicencio E.; Vernal R.; Cárdenas J.P.; Cortez C.","Nuñez-Belmar, Josefa (58055029100); Morales-Olavarria, Mauricio (58055098700); Vicencio, Emiliano (57208001587); Vernal, Rolando (8384227500); Cárdenas, Juan P. (35387679700); Cortez, Cristian (53871143800)","58055029100; 58055098700; 57208001587; 8384227500; 35387679700; 53871143800","Contribution of −Omics Technologies in the Study of Porphyromonas gingivalis during Periodontitis Pathogenesis: A Minireview","2023","International Journal of Molecular Sciences","24","1","620","","","19","10.3390/ijms24010620","https://www.scopus.com/pages/publications/85145968215?origin=resultslist","Review","Final","All Open Access; Gold Open Access; Green Open Access","Scopus","2-s2.0-85145968215"
"Forero J.C.; Carvajal K.; Guzmán F.; Acevedo C.; Osses N.; Santana P.","Forero, Juan Carlos (57196120827); Carvajal, Karina (58514958700); Guzmán, Fanny (7004463815); Acevedo, Cristian (7004963806); Osses, Nelson (6507230410); Santana, Paula (55364467400)","57196120827; 58514958700; 7004463815; 7004963806; 6507230410; 55364467400","Use of Chitosan from Southern King Crab to Develop Films Functionalized with RGD Peptides for Potential Tissue Engineering Applications","2023","Biomimetics","8","3","323","","","3","10.3390/biomimetics8030323","https://www.scopus.com/pages/publications/85166338529?origin=resultslist","Article","Final","All Open Access; Gold Open Access; Green Open Access","Scopus","2-s2.0-85166338529"
"Alkady W.; ElBahnasy K.; Leiva V.; Gad W.","Alkady, Walaa (57216799772); ElBahnasy, Khaled (57209749228); Leiva, Víctor (22953630400); Gad, Walaa (58580418900)","57216799772; 57209749228; 22953630400; 58580418900","Classifying COVID-19 based on amino acids encoding with machine learning algorithms","2022","Chemometrics and Intelligent Laboratory Systems","224","","104535","","","32","10.1016/j.chemolab.2022.104535","https://www.scopus.com/pages/publications/85127006194?origin=resultslist","Article","Final","All Open Access; Green Open Access","Scopus","2-s2.0-85127006194"
"Martínez I.; Zelada P.; Guevara F.; Andler R.; Urtuvia V.; Pacheco-Leyva I.; Díaz-Barrera A.","Martínez, Irene (56603723600); Zelada, Patricio (57208178819); Guevara, Felipe (58563177300); Andler, Rodrigo (56604311100); Urtuvia, Viviana (35390155100); Pacheco-Leyva, Ivette (56524572200); Díaz-Barrera, Alvaro (20435715600)","56603723600; 57208178819; 58563177300; 56604311100; 35390155100; 56524572200; 20435715600","Coenzyme Q production by metabolic engineered Escherichia coli strains in defined medium","2019","Bioprocess and Biosystems Engineering","42","7","","1143","1149","3","10.1007/s00449-019-02111-y","https://www.scopus.com/pages/publications/85064051534?origin=resultslist","Article","Final","","Scopus","2-s2.0-85064051534"
"Quiñones D.; Rojas L.F.; Serrá C.; Ramírez J.; Barrientos V.; Cano S.","Quiñones, Daniela (56237424300); Rojas, Luis Felipe (58850780200); Serrá, Camila (60162314300); Ramírez, Jessica (60162444500); Barrientos, Viviana (60162365300); Cano, Sandra (56670957000)","56237424300; 58850780200; 60162314300; 60162444500; 60162365300; 56670957000","HEUXIVA: A Set of Heuristics for Evaluating User eXperience with Voice Assistants","2025","Applied Sciences (Switzerland)","15","20","11178","","","1","10.3390/app152011178","https://www.scopus.com/pages/publications/105020245483?origin=resultslist","Article","Final","All Open Access; Gold Open Access; Green Open Access","Scopus","2-s2.0-105020245483"
"Córdova A.; Aburto C.; Carrasco V.; Guerrero C.; Henriquez P.; Astudillo-Castro C.; Catalán S.; Poerio T.; Mazzei R.","Córdova, Andrés (54405633400); Aburto, Carla (57188974717); Carrasco, Vinka (58085611700); Guerrero, Cecilia (36738876300); Henriquez, Paola (57412993400); Astudillo-Castro, Carolina (57961039100); Catalán, Sebastián (59168283200); Poerio, Teresa (7801656140); Mazzei, Rosalinda (56229022300)","54405633400; 57188974717; 58085611700; 36738876300; 57412993400; 57961039100; 59168283200; 7801656140; 56229022300","Development of a magnetic responsive biocatalalytic membrane reactor (MR-BMR) to produce galacto-oligosaccharides (GOS) using saturated lactose concentrations","2024","Process Safety and Environmental Protection","188","","","1081","1092","4","10.1016/j.psep.2024.05.126","https://www.scopus.com/pages/publications/85195679590?origin=resultslist","Article","Final","","Scopus","2-s2.0-85195679590"
"Ghaffar A.; Rahman M.Z.U.; Leiva V.; Martin-Barreiro C.; Ali I.; Cabezas X.; Castro C.","Ghaffar, Asim (57215387251); Rahman, Muhammad Zia Ur (58156828500); Leiva, Víctor (22953630400); Martin-Barreiro, Carlos (57219733203); Ali, Imran (57225450006); Cabezas, Xavier (57219461911); Castro, Cecilia (58862389400)","57215387251; 58156828500; 22953630400; 57219733203; 57225450006; 57219461911; 58862389400","Efficiency, optimality, and selection in a rigid actuation system with matching capabilities for an assistive robotic exoskeleton","2024","Engineering Science and Technology, an International Journal","51","","101613","","","10","10.1016/j.jestch.2023.101613","https://www.scopus.com/pages/publications/85184770548?origin=resultslist","Article","Final","All Open Access; Gold Open Access; Green Open Access","Scopus","2-s2.0-85184770548"
"Francos J.; Moreno-Narváez M.E.; Cadierno V.; Sierra D.; Ariz K.; Gómez J.","Francos, Javier (25228282100); Moreno-Narváez, María Esther (55578911600); Cadierno, Victorio (7004251800); Sierra, Diego (18538452300); Ariz, Katherine (57211798685); Gómez, Johana (56900416300)","25228282100; 55578911600; 7004251800; 18538452300; 57211798685; 56900416300","Gold(I) complexes with ferrocenylphosphino sulfonate ligands: Synthesis and application in the catalytic addition of carboxylic acids to internal alkynes in water","2019","Catalysts","9","11","955","","","10","10.3390/catal9110955","https://www.scopus.com/pages/publications/85075044930?origin=resultslist","Article","Final","All Open Access; Gold Open Access; Green Open Access","Scopus","2-s2.0-85075044930"
"Vanessa Caicedo Paz A.; Rigano F.; Cafarella C.; Tropea A.; Mondello L.; Paul Martinez Galan J.; Ahmad M.; Mustafa A.; Farias F.; Córdova A.; Giuffrida D.; Dufossé L.; Ussemane Mussagy C.","Vanessa Caicedo Paz, Angie (58888909200); Rigano, Francesca (56512206200); Cafarella, Cinzia (58098589600); Tropea, Alessia (55649655600); Mondello, Luigi (7005632150); Paul Martinez Galan, Julián (57189378184); Ahmad, Mushtaq (56430353500); Mustafa, Ahmad (55785371100); Farias, Fabiane (57194337358); Córdova, Andrés (54405633400); Giuffrida, Daniele (7003643687); Dufossé, Laurent (57200168801); Ussemane Mussagy, Cassamo (57205156967)","58888909200; 56512206200; 58098589600; 55649655600; 7005632150; 57189378184; 56430353500; 55785371100; 57194337358; 54405633400; 7003643687; 57200168801; 57205156967","Process intensification of ultrasound assisted deep eutectic solvent-based extraction of astaxanthin-rich extract derived from the non-conventional bacterium Paracoccus carotinifaciens","2024","Separation and Purification Technology","339","","126674","","","29","10.1016/j.seppur.2024.126674","https://www.scopus.com/pages/publications/85185191890?origin=resultslist","Article","Final","All Open Access; Green Open Access","Scopus","2-s2.0-85185191890"
"Vallayil M.; Nand P.; Yan W.Q.; Allende-Cid H.","Vallayil, Manju (59074001300); Nand, Parma (6506991350); Yan, Wei Qi (56004310900); Allende-Cid, Héctor (57208732887)","59074001300; 6506991350; 56004310900; 57208732887","Explainability of Automated Fact Verification Systems: A Comprehensive Review","2023","Applied Sciences (Switzerland)","13","23","12608","","","9","10.3390/app132312608","https://www.scopus.com/pages/publications/85192433278?origin=resultslist","Review","Final","All Open Access; Gold Open Access; Green Open Access","Scopus","2-s2.0-85192433278"
"Toledo-Alarcón J.; Ortega-Martinez E.; Pavez-Jara J.; Franchi O.; Nancucheo I.; Zuñiga-Barra H.; Campos J.L.; Jeison D.","Toledo-Alarcón, Javiera (56644828400); Ortega-Martinez, Eduardo (57004841100); Pavez-Jara, Javier (58241567500); Franchi, Oscar (57202247838); Nancucheo, Ivan (35334897500); Zuñiga-Barra, Héctor (57933320100); Campos, Jose Luis (56147689900); Jeison, David (6507881259)","56644828400; 57004841100; 58241567500; 57202247838; 35334897500; 57933320100; 56147689900; 6507881259","Groundwater denitrification using electro-assisted autotrophic processes: exploring bacterial community dynamics in a single-chamber reactor","2025","Frontiers in Bioengineering and Biotechnology","13","","1475589","","","7","10.3389/fbioe.2025.1475589","https://www.scopus.com/pages/publications/85216792208?origin=resultslist","Article","Final","All Open Access; Gold Open Access; Green Open Access","Scopus","2-s2.0-85216792208"
"Andler R.; Valdés C.; Díaz-Barrera A.; Steinbüchel A.","Andler, Rodrigo (56604311100); Valdés, Cristian (56913060400); Díaz-Barrera, Alvaro (20435715600); Steinbüchel, Alexander (7101981197)","56604311100; 56913060400; 20435715600; 7101981197","Biotransformation of poly(cis-1,4-isoprene) in a multiphase enzymatic reactor for continuous extraction of oligo-isoprenoid molecules","2020","New Biotechnology","58","","","10","16","13","10.1016/j.nbt.2020.05.001","https://www.scopus.com/pages/publications/85084948008?origin=resultslist","Article","Final","All Open Access; Hybrid Gold Open Access","Scopus","2-s2.0-85084948008"
"Maureira D.; Romero O.; Illanes A.; Wilson L.; Ottone C.","Maureira, Diego (57202004838); Romero, Oscar (26667441500); Illanes, Andrés (7004170275); Wilson, Lorena (7403520925); Ottone, Carminna (56120084100)","57202004838; 26667441500; 7004170275; 7403520925; 56120084100","Industrial bioelectrochemistry for waste valorization: State of the art and challenges","2023","Biotechnology Advances","64","","108123","","","28","10.1016/j.biotechadv.2023.108123","https://www.scopus.com/pages/publications/85150836029?origin=resultslist","Review","Final","All Open Access; Green Open Access; Hybrid Gold Open Access","Scopus","2-s2.0-85150836029"
"Panotopoulos G.; Rincón Á.; Lopes I.","Panotopoulos, Grigorios (55876981500); Rincón, Ángel (56763719900); Lopes, Ilídio (7006201697)","55876981500; 56763719900; 7006201697","Radial oscillations and tidal Love numbers of dark energy stars","2020","European Physical Journal Plus","135","10","856","","","25","10.1140/epjp/s13360-020-00867-x","https://www.scopus.com/pages/publications/85093859160?origin=resultslist","Article","Final","All Open Access; Green Open Access","Scopus","2-s2.0-85093859160"
"Ampuero G.C.; Hermosilla G.; Varas G.; Clark M.T.","Ampuero, Guillermo Cid (60432706000); Hermosilla, Gabriel (35797061600); Varas, Germán (22958911300); Clark, Matías Toribio (60432327700)","60432706000; 35797061600; 22958911300; 60432327700","Deep Reinforcement Learning for Sim-to-Real Robot Navigation with a Minimal Sensor Suite for Beach-Cleaning Applications","2025","Applied Sciences (Switzerland)","15","19","10719","","","4","10.3390/app151910719","https://www.scopus.com/pages/publications/105031706220?origin=resultslist","Article","Final","All Open Access; Gold Open Access; Green Open Access","Scopus","2-s2.0-105031706220"
"Aguila G.; Calle R.; Guerrero S.; Baeza P.; Araya P.","Aguila, Gonzalo (23018231300); Calle, Rafael (57361556400); Guerrero, Sichem (8316951300); Baeza, Patricio (8225737300); Araya, Paulo (6603684858)","23018231300; 57361556400; 8316951300; 8225737300; 6603684858","Improvement of thermal stability of highly active species on SiO2supported copper-ceria catalysts","2021","RSC Advances","11","53","","33271","33275","1","10.1039/d1ra06204b","https://www.scopus.com/pages/publications/85120521905?origin=resultslist","Article","Final","All Open Access; Gold Open Access; Green Open Access","Scopus","2-s2.0-85120521905"
"Valverde B.; Sancy M.; Martínez C.; Botello E.; Pío E.; Aguilar C.","Valverde, B. (57213599989); Sancy, M. (23973316100); Martínez, C. (57223687584); Botello, E. (56912230600); Pío, E. (57206781297); Aguilar, C. (56166871800)","57213599989; 23973316100; 57223687584; 56912230600; 57206781297; 56166871800","Effect of Sn content on the passivity of Ti-Ta-Sn alloys","2023","Corrosion Science","211","","110887","","","12","10.1016/j.corsci.2022.110887","https://www.scopus.com/pages/publications/85144348976?origin=resultslist","Article","Final","","Scopus","2-s2.0-85144348976"
"Silva J.; Ortiz-Soto R.; León M.; Morales M.; Aroca G.","Silva, Javier (7403023118); Ortiz-Soto, Rodrigo (59506121300); León, Marcelo (58332207400); Morales, Marjorie (57211363751); Aroca, Germán (6603177229)","7403023118; 59506121300; 58332207400; 57211363751; 6603177229","Simulation of the Biofiltration of Sulfur Compounds: Effect of the Partition Coefficients","2022","Processes","10","7","1325","","","3","10.3390/pr10071325","https://www.scopus.com/pages/publications/85134014392?origin=resultslist","Article","Final","All Open Access; Gold Open Access; Green Open Access","Scopus","2-s2.0-85134014392"
"Rincón-Murcia S.; Forero-Garcia E.; Torres M.J.; Ramirez-Pastran J.","Rincón-Murcia, Sergio (57224735048); Forero-Garcia, Edwin (55923638300); Torres, Maria Josefina (57214872197); Ramirez-Pastran, Jesus (57211474881)","57224735048; 55923638300; 57214872197; 57211474881","Electronic unit for the management of energy harvesting of different piezo generators","2021","Crystals","11","6","640","","","0","10.3390/cryst11060640","https://www.scopus.com/pages/publications/85108201489?origin=resultslist","Article","Final","All Open Access; Gold Open Access; Green Open Access","Scopus","2-s2.0-85108201489"
"Diaz M.; Cataldo M.; Ledezma P.; Keller J.; Doederer K.","Diaz, M. (57214506268); Cataldo, M. (57204093085); Ledezma, P. (55246199500); Keller, J. (57208772241); Doederer, K. (55431212100)","57214506268; 57204093085; 55246199500; 57208772241; 55431212100","Unravelling the mechanisms controlling the electro-generation of ferrate using four iron salts in boron-doped diamond electrodes","2019","Journal of Electroanalytical Chemistry","854","","113501","","","23","10.1016/j.jelechem.2019.113501","https://www.scopus.com/pages/publications/85073608909?origin=resultslist","Article","Final","","Scopus","2-s2.0-85073608909"
"Lucay F.A.; Cisternas L.A.; Gálvez E.D.","Lucay, Freddy A. (39961791000); Cisternas, Luis A. (6603665617); Gálvez, Edelmira D. (7006829940)","39961791000; 6603665617; 7006829940","An LS-SVM classifier based methodology for avoiding unwanted responses in processes under uncertainties","2020","Computers and Chemical Engineering","138","","106860","","","7","10.1016/j.compchemeng.2020.106860","https://www.scopus.com/pages/publications/85083877873?origin=resultslist","Article","Final","","Scopus","2-s2.0-85083877873"
"Henríquez R.; Mestra-Acosta A.S.; Muñoz E.; Grez P.; Navarrete-Astorga E.; Dalchiele E.A.","Henríquez, Rodrigo (55554951600); Mestra-Acosta, Alifhers S. (57352453900); Muñoz, Eduardo (13611547600); Grez, Paula (6506476548); Navarrete-Astorga, Elena (57197739815); Dalchiele, Enrique A. (6701854336)","55554951600; 57352453900; 13611547600; 6506476548; 57197739815; 6701854336","High-performance asymmetric supercapacitor based on CdCO3/CdO/Co3O4composite supported on Ni foam","2021","RSC Advances","11","50","","31557","31565","14","10.1039/d1ra05243h","https://www.scopus.com/pages/publications/85119846363?origin=resultslist","Article","Final","All Open Access; Gold Open Access; Green Open Access","Scopus","2-s2.0-85119846363"
"Pizarro F.; Vega E.; Soto R.; Crawford B.; Villamayor J.","Pizarro, Fabián (60211409600); Vega, Emanuel (57023414600); Soto, Ricardo (24403038600); Crawford, Broderick (23395875300); Villamayor, José (60210659400)","60211409600; 57023414600; 24403038600; 23395875300; 60210659400","Low-Overhead Learning: Quantized Shallow Neural Networks at the Service of Genetic Algorithm Optimization","2025","Biomimetics","10","11","762","","","0","10.3390/biomimetics10110762","https://www.scopus.com/pages/publications/105022885450?origin=resultslist","Article","Final","All Open Access; Gold Open Access; Green Open Access","Scopus","2-s2.0-105022885450"
"Matus N.; Rusu C.; Cano S.","Matus, Nicolás (57312006000); Rusu, Cristian (15521347000); Cano, Sandra (56670957000)","57312006000; 15521347000; 56670957000","Student eXperience: A systematic literature review","2021","Applied Sciences (Switzerland)","11","20","9543","","","42","10.3390/app11209543","https://www.scopus.com/pages/publications/85117928692?origin=resultslist","Article","Final","All Open Access; Gold Open Access; Green Open Access","Scopus","2-s2.0-85117928692"
"Franchi O.; Cabrol L.; Chamy R.; Rosenkranz F.","Franchi, Oscar (57202247838); Cabrol, Léa (26642315400); Chamy, Rolando (6603874955); Rosenkranz, Francisca (35077823400)","57202247838; 26642315400; 6603874955; 35077823400","Correlations between microbial population dynamics, bamA gene abundance and performance of anaerobic sequencing batch reactor (ASBR) treating increasing concentrations of phenol","2020","Journal of Biotechnology","310","","","40","48","21","10.1016/j.jbiotec.2020.01.010","https://www.scopus.com/pages/publications/85078944172?origin=resultslist","Article","Final","All Open Access; Bronze Open Access","Scopus","2-s2.0-85078944172"
"Tarnok M.E.; Caravia-Merlo L.; Cárdenas C.; Guzmán F.; Aguilar L.F.","Tarnok, María Elena (57216852737); Caravia-Merlo, Lucía (59959909800); Cárdenas, Constanza (7003841627); Guzmán, Fanny (7004463815); Aguilar, Luis F. (58811477200)","57216852737; 59959909800; 7003841627; 7004463815; 58811477200","Inhibition of ISAV Membrane Fusion by a Peptide Derived from Its Fusion Protein","2025","Membranes","15","6","180","","","0","10.3390/membranes15060180","https://www.scopus.com/pages/publications/105008897489?origin=resultslist","Article","Final","All Open Access; Gold Open Access; Green Open Access","Scopus","2-s2.0-105008897489"
"Masip Macía Y.; Nuñez González S.M.; Villazon Carmona E.J.; Burgos Pezoa M.","Masip Macía, Yunesky (36159702500); Nuñez González, Suleivys M. (59589991200); Villazon Carmona, Elvin Jonathan (59584983100); Burgos Pezoa, Marcelo (59586660900)","36159702500; 59589991200; 59584983100; 59586660900","Bibliometric Analysis of Renewable Energy Strategies for Mitigating the Impact of Severe Droughts on Electrical Systems","2025","Applied Sciences (Switzerland)","15","4","2060","","","8","10.3390/app15042060","https://www.scopus.com/pages/publications/85218443270?origin=resultslist","Review","Final","All Open Access; Gold Open Access","Scopus","2-s2.0-85218443270"
"Pardo A.; Villasante A.; Romero J.","Pardo, Alda (57200519789); Villasante, Alejandro (35209090900); Romero, Jaime (55758570600)","57200519789; 35209090900; 55758570600","Skin Microbiota of Salmonids: A Procedure to Examine Active Bacterial Populations Using an RNA-Based Approach","2023","Applied Microbiology","3","2","","485","492","5","10.3390/applmicrobiol3020034","https://www.scopus.com/pages/publications/85183099693?origin=resultslist","Article","Final","All Open Access; Gold Open Access; Green Open Access","Scopus","2-s2.0-85183099693"
"Mussagy C.U.; Pereira J.F.B.; Pessoa A., Jr","Mussagy, Cassamo U. (57205156967); Pereira, Jorge F.B. (25928623000); Pessoa, Adalberto (7004373340)","57205156967; 25928623000; 7004373340","Microbial products for space nutrition","2024","Trends in Biotechnology","42","7","","810","814","4","10.1016/j.tibtech.2023.12.004","https://www.scopus.com/pages/publications/85181801664?origin=resultslist","Short survey","Final","","Scopus","2-s2.0-85181801664"
"Martínez C.; Guerra C.; Silva D.; Cubillos M.; Briones F.; Muñoz L.; Páez M.A.; Aguilar C.; Sancy M.","Martínez, Carola (57223687584); Guerra, Carolina (57196635414); Silva, Daniela (57197392418); Cubillos, Mariela (57215091554); Briones, Francisco (58073520600); Muñoz, Lisa (36961404000); Páez, M.A. (7006658774); Aguilar, Claudio (56166871800); Sancy, Mamié (23973316100)","57223687584; 57196635414; 57197392418; 57215091554; 58073520600; 36961404000; 7006658774; 56166871800; 23973316100","Effect of porosity on mechanical and electrochemical properties of Ti–6Al–4V alloy","2020","Electrochimica Acta","338","","135858","","","34","10.1016/j.electacta.2020.135858","https://www.scopus.com/pages/publications/85079850562?origin=resultslist","Article","Final","","Scopus","2-s2.0-85079850562"
"Abellán G.; Rincón Á.; Fuenmayor E.; Contreras E.","Abellán, G. (57202980053); Rincón, Á. (56763719900); Fuenmayor, E. (6508079463); Contreras, E. (36767066800)","57202980053; 56763719900; 6508079463; 36767066800","Anisotropic interior solution by gravitational decoupling based on a non-standard anisotropy","2020","European Physical Journal Plus","135","7","606","","","49","10.1140/epjp/s13360-020-00589-0","https://www.scopus.com/pages/publications/85088658467?origin=resultslist","Article","Final","","Scopus","2-s2.0-85088658467"
"Velastegui E.; Quezada J.; Altamirano C.; Berrios J.; Fickers P.","Velastegui, Edgar (57206195006); Quezada, Johan (57655053700); Altamirano, Claudia (8332398700); Berrios, Julio (7004545486); Fickers, Patrick (6507014982)","57206195006; 57655053700; 8332398700; 7004545486; 6507014982","Co-feeding strategy alleviates hypoxic stress in large-scale bioreactor for optimal production of secretory recombinant proteins in Pichia pastoris","2023","Journal of Biotechnology","373","","","20","23","2","10.1016/j.jbiotec.2023.06.006","https://www.scopus.com/pages/publications/85163869094?origin=resultslist","Article","Final","","Scopus","2-s2.0-85163869094"
"Garcia G.; Eskandarian A.; Fabregas E.; Vargas H.; Farias G.","Garcia, Gonzalo (24463584200); Eskandarian, Azim (7003692823); Fabregas, Ernesto (36868306100); Vargas, Hector (55899211400); Farias, Gonzalo (23097347700)","24463584200; 7003692823; 36868306100; 55899211400; 23097347700","Cooperative Formation Control of a Multi-Agent Khepera IV Mobile Robots System Using Deep Reinforcement Learning","2025","Applied Sciences (Switzerland)","15","4","1777","","","4","10.3390/app15041777","https://www.scopus.com/pages/publications/85218468314?origin=resultslist","Article","Final","All Open Access; Gold Open Access; Green Open Access","Scopus","2-s2.0-85218468314"
"Amieva R.; Gil-Gil T.; Martínez J.L.; Alcalde-Rico M.","Amieva, Rafael (57780909000); Gil-Gil, Teresa (57211810018); Martínez, José Luis (57196393771); Alcalde-Rico, Manuel (57189040751)","57780909000; 57211810018; 57196393771; 57189040751","The MexJK Multidrug Efflux Pump Is Not Involved in Acquired or Intrinsic Antibiotic Resistance in Pseudomonas aeruginosa, but Modulates the Bacterial Quorum Sensing Response","2022","International Journal of Molecular Sciences","23","14","7492","","","16","10.3390/ijms23147492","https://www.scopus.com/pages/publications/85133433054?origin=resultslist","Article","Final","All Open Access; Gold Open Access; Green Open Access","Scopus","2-s2.0-85133433054"
"Ramirez H.; Seriani S.; Aprigliano V.; Peña A.; Arredondo B.; Bastias I.; Farias G.","Ramirez, Heilym (57222163587); Seriani, Sebastian (56545753100); Aprigliano, Vicente (58106736100); Peña, Alvaro (56959863300); Arredondo, Bernardo (59490057200); Bastias, Iván (59489845200); Farias, Gonzalo (23097347700)","57222163587; 56545753100; 58106736100; 56959863300; 59490057200; 59489845200; 23097347700","Posture Detection of Passengers’ Movement When Boarding and Alighting an Urban Bus: A Pilot Study in Valparaíso, Chile","2025","Applied Sciences (Switzerland)","15","10","5367","","","1","10.3390/app15105367","https://www.scopus.com/pages/publications/105006782130?origin=resultslist","Article","Final","All Open Access; Gold Open Access; Green Open Access","Scopus","2-s2.0-105006782130"
"Valin Fernández M.; Muñoz Toro B.S.; Merino Quilodrán L.E.; Valin Rivera J.L.; Salas Salgado A.F.; Palacio D.A.","Valin Fernández, Meylí (57193826774); Muñoz Toro, Benjamín Sebastián (59403129700); Merino Quilodrán, Luis Enrique (57195975205); Valin Rivera, José Luis (57215038914); Salas Salgado, Alexis Fidel (57194264909); Palacio, Daniel A. (57201703160)","57193826774; 59403129700; 57195975205; 57215038914; 57194264909; 57201703160","Experimental Study of the Mechanical Properties of Mortar with Biobío Region Clam Shells Used as a Partial Replacement for Cement","2024","Applied Sciences (Switzerland)","14","21","9756","","","4","10.3390/app14219756","https://www.scopus.com/pages/publications/85208547277?origin=resultslist","Article","Final","All Open Access; Gold Open Access; Green Open Access","Scopus","2-s2.0-85208547277"
"Cárdenas V.H.; Cruz M.; Lepe S.","Cárdenas, Víctor H. (7007173577); Cruz, Miguel (37006526400); Lepe, Samuel (8637068900)","7007173577; 37006526400; 8637068900","Generalized second law of thermodynamics for the matter creation scenario and emergence of phantom regime","2024","European Physical Journal Plus","139","7","642","","","5","10.1140/epjp/s13360-024-05447-x","https://www.scopus.com/pages/publications/85199193460?origin=resultslist","Article","Final","","Scopus","2-s2.0-85199193460"
"Wilson L.; Illanes A.; Ottone C.; Romero O.","Wilson, Lorena (7403520925); Illanes, Andrés (7004170275); Ottone, Carminna (56120084100); Romero, Oscar (26667441500)","7403520925; 7004170275; 56120084100; 26667441500","Co-immobilized carrier-free enzymes for lactose upgrading","2022","Current Opinion in Green and Sustainable Chemistry","33","","100553","","","24","10.1016/j.cogsc.2021.100553","https://www.scopus.com/pages/publications/85115763926?origin=resultslist","Review","Final","","Scopus","2-s2.0-85115763926"
"Pinto H.; Sepulveda A.; Moraga P.; Gálvez H.A.; Peña A.; Gornall J.; García J.","Pinto, Hernan (57193934642); Sepulveda, Alexander (59350350900); Moraga, Paola (57148009700); Gálvez, Héctor A. (57216953033); Peña, Alvaro (56959863300); Gornall, Jose (59349537800); García, José (7406129672)","57193934642; 59350350900; 57148009700; 57216953033; 56959863300; 59349537800; 7406129672","Mesostructural Model for the Fatigue Analysis of Open-Cell Metal Foams","2024","Applied Sciences (Switzerland)","14","18","8527","","","1","10.3390/app14188527","https://www.scopus.com/pages/publications/85205388478?origin=resultslist","Article","Final","All Open Access; Gold Open Access; Green Open Access","Scopus","2-s2.0-85205388478"
"Dorochesi F.; Barrientos-Sanhueza C.; Díaz-Barrera Á.; Cuneo I.F.","Dorochesi, Flavia (57311175800); Barrientos-Sanhueza, Cesar (57257828300); Díaz-Barrera, Álvaro (20435715600); Cuneo, Italo F. (55860123200)","57311175800; 57257828300; 20435715600; 55860123200","Enhancing Soil Resilience: Bacterial Alginate Hydrogel vs. Algal Alginate in Mitigating Agricultural Challenges","2023","Gels","9","12","988","","","8","10.3390/gels9120988","https://www.scopus.com/pages/publications/85180679252?origin=resultslist","Article","Final","All Open Access; Gold Open Access; Green Open Access","Scopus","2-s2.0-85180679252"
"Durán O.; Aguilar J.; Capaldo A.","Durán, Orlando (23396493200); Aguilar, Javier (57220004518); Capaldo, Andrea (57200503468)","23396493200; 57220004518; 57200503468","Evaluating maintenance strategies using a resilience index in a seawater desalination plant","2021","Desalination","500","","114855","","","7","10.1016/j.desal.2020.114855","https://www.scopus.com/pages/publications/85096473336?origin=resultslist","Article","Final","","Scopus","2-s2.0-85096473336"
"Huerta M.; Leiva V.; Rojas F.; Wanke P.; Cabezas X.","Huerta, Mauricio (57195952795); Leiva, Víctor (22953630400); Rojas, Fernando (56072548200); Wanke, Peter (16200418700); Cabezas, Xavier (57219461911)","57195952795; 22953630400; 56072548200; 16200418700; 57219461911","A Methodology for Consolidation Effects of Inventory Management with Serially Dependent Random Demand","2023","Processes","11","7","2008","","","4","10.3390/pr11072008","https://www.scopus.com/pages/publications/85166258323?origin=resultslist","Article","Final","All Open Access; Gold Open Access; Green Open Access","Scopus","2-s2.0-85166258323"
"D'Haese A.; Bravo J.C.O.; Harmsen D.; Vanhaecke L.; Verliefde A.R.D.; Jeison D.; Cornelissen E.R.","D'Haese, Arnout (37118550100); Bravo, Juan Carlos Ortega (57222131749); Harmsen, Danny (36456617000); Vanhaecke, Lynn (23092256600); Verliefde, Arne R.D. (16745102600); Jeison, David (6507881259); Cornelissen, Emile R. (15131229600)","37118550100; 57222131749; 36456617000; 23092256600; 16745102600; 6507881259; 15131229600","Analysing organic micropollutant accumulation in closed loop FO–RO systems: A pilot plant study","2021","Journal of Membrane Science","626","","119182","","","11","10.1016/j.memsci.2021.119182","https://www.scopus.com/pages/publications/85101542951?origin=resultslist","Article","Final","All Open Access; Bronze Open Access; Green Open Access","Scopus","2-s2.0-85101542951"
"Becerra-Rozas M.; Gana B.; Lara J.; Leiva-Araos A.; Crawford B.; Gómez Pulido J.M.; Contreras C.; Caro-Miranda J.J.; García-Remesal M.","Becerra-Rozas, Marcelo (57219448750); Gana, Bady (59322730500); Lara, José (60538855100); Leiva-Araos, Andres (57215608479); Crawford, Broderick (23395875300); Gómez Pulido, José M. (36767542700); Contreras, Cristian (60538855200); Caro-Miranda, José J. (57212105132); García-Remesal, Miguel (6507216549)","57219448750; 59322730500; 60538855100; 57215608479; 23395875300; 36767542700; 60538855200; 57212105132; 6507216549","Evaluating Bio-Inspired Metaheuristics for Dynamic Surgical Scheduling: A Resilient Three-Stage Flow Shop Model Under Stochastic Emergency Arrivals","2026","Biomimetics","11","3","183","","","0","10.3390/biomimetics11030183","https://www.scopus.com/pages/publications/105034214067?origin=resultslist","Article","Final","All Open Access; Gold Open Access; Green Open Access","Scopus","2-s2.0-105034214067"
"Villan M.A.; Suresh A.; Misra M.; Ruiz C.N.; Cameron N.R.; Saha S.K.; Chandramouli S.","Villan, Mohammed Aslam (59262664600); Suresh, Amrutha (60147515900); Misra, Mukund (60148167100); Ruiz, Cintia Naranjo (60148488900); Cameron, Neil R. (7103056170); Saha, Sandip K. (58462545200); Chandramouli, Subramaniam (50062306900)","59262664600; 60147515900; 60148167100; 60148488900; 7103056170; 58462545200; 50062306900","Ultrathin, Unsinkable, Janus-Faced Solar–Thermal Interfacial Evaporator for High-Throughput Seawater Distillation and Solar-Water Production","2026","Advanced Science","13","6","e11600","","","4","10.1002/advs.202511600","https://www.scopus.com/pages/publications/105019219099?origin=resultslist","Article","Final","All Open Access; Gold Open Access; Green Open Access","Scopus","2-s2.0-105019219099"
"Briones N.; Gómez H.; Henríquez R.; Rojas V.; Villarroel M.","Briones, Nicole (59462374100); Gómez, Humberto (7006142241); Henríquez, Rodrigo (55554951600); Rojas, Víctor (57193070215); Villarroel, María (23471477000)","59462374100; 7006142241; 55554951600; 57193070215; 23471477000","Photoelectrochemical aptasensor for detection of Ochratoxin A in synthetic red wine samples","2025","Journal of Photochemistry and Photobiology A: Chemistry","463","","116311","","","2","10.1016/j.jphotochem.2025.116311","https://www.scopus.com/pages/publications/85216514687?origin=resultslist","Article","Final","","Scopus","2-s2.0-85216514687"
"Zabala-Quintero C.; Ramirez-Pastran J.; Torres M.J.","Zabala-Quintero, Camilo (57224867001); Ramirez-Pastran, Jesus (57211474881); Torres, Maria Josefina (57214872197)","57224867001; 57211474881; 57214872197","Performance characterization of a new model for a cyclone separator of particles using computational fluid dynamics","2021","Applied Sciences (Switzerland)","11","12","5342","","","6","10.3390/app11125342","https://www.scopus.com/pages/publications/85108431574?origin=resultslist","Article","Final","All Open Access; Gold Open Access; Green Open Access","Scopus","2-s2.0-85108431574"
"Cavieres-Lagos S.; Muñoz La Rivera F.; Atencio E.; Herrera R.F.","Cavieres-Lagos, Sebastián (59234513400); Muñoz La Rivera, Felipe (57217534356); Atencio, Edison (57215433542); Herrera, Rodrigo F. (57192660568)","59234513400; 57217534356; 57215433542; 57192660568","Integration of BIM Tools for the Facility Management of Railway Bridges","2024","Applied Sciences (Switzerland)","14","14","6209","","","12","10.3390/app14146209","https://www.scopus.com/pages/publications/85199655418?origin=resultslist","Article","Final","All Open Access; Gold Open Access","Scopus","2-s2.0-85199655418"
"Valenzuela-Heredia D.; Aroca G.","Valenzuela-Heredia, Daniel (36515832000); Aroca, Germán (6603177229)","36515832000; 6603177229","Methane biofiltration for the treatment of a simulated diluted biogas emission containing ammonia and hydrogen sulfide","2023","Chemical Engineering Journal","469","","143704","","","11","10.1016/j.cej.2023.143704","https://www.scopus.com/pages/publications/85161850483?origin=resultslist","Article","Final","","Scopus","2-s2.0-85161850483"
"Fincheira P.; Hoffmann N.; Tortella G.; Ruiz A.; Cornejo P.; Diez M.C.; Seabra A.B.; Benavides-Mendoza A.; Rubilar O.","Fincheira, Paola (56669718400); Hoffmann, Nicolas (57210110418); Tortella, Gonzalo (9846446900); Ruiz, Antonieta (57193959740); Cornejo, Pablo (24553838900); Diez, María Cristina (7102085487); Seabra, Amedea B. (6603373734); Benavides-Mendoza, Adalberto (6504513226); Rubilar, Olga (8842366500)","56669718400; 57210110418; 9846446900; 57193959740; 24553838900; 7102085487; 6603373734; 6504513226; 8842366500","Eco-Efficient Systems Based on Nanocarriers for the Controlled Release of Fertilizers and Pesticides: Toward Smart Agriculture","2023","Nanomaterials","13","13","1978","","","93","10.3390/nano13131978","https://www.scopus.com/pages/publications/85164729508?origin=resultslist","Review","Final","All Open Access; Gold Open Access; Green Open Access","Scopus","2-s2.0-85164729508"
"Fuentes F.; Lozano S.; Gomez M.; Vielma J.C.; Lopez A.","Fuentes, Fernando (57866485300); Lozano, Sebastián (57866681600); Gomez, Miguel (57222013376); Vielma, Juan C. (57216408783); Lopez, Alvaro (57203782718)","57866485300; 57866681600; 57222013376; 57216408783; 57203782718","Determining the Dynamic Characteristics of a Multi-Story RC Building Located in Chile: A Comparison of the Results between the Nonparametric Spectral Analysis Method and the Parametric Stochastic Subspace Identification Method","2022","Applied Sciences (Switzerland)","12","15","7760","","","6","10.3390/app12157760","https://www.scopus.com/pages/publications/85136956768?origin=resultslist","Article","Final","All Open Access; Gold Open Access; Green Open Access","Scopus","2-s2.0-85136956768"
"Piumetti M.; Illanes A.","Piumetti, Marco (15846740600); Illanes, Andrés (7004170275)","15846740600; 7004170275","Enzymes and their function","2022","Molecular Dynamics and Complexity in Catalysis and Biocatalysis","","","","23","53","5","10.1007/978-3-030-88500-7_2","https://www.scopus.com/pages/publications/85154540409?origin=resultslist","Book chapter","Final","","Scopus","2-s2.0-85154540409"
"Nuñez S.M.; García A.; Roman T.; Aguilar L.; Tarnok M.E.; Guzmán F.; Cárdenas C.; Ponce S.; Vásquez D.; Carrasco S.; Valín J.L.","Nuñez, Suleivys M. (57212408308); García, Ahyra (59960771400); Roman, Tanya (57210283464); Aguilar, Luis (58811477200); Tarnok, María Elena (57216852737); Guzmán, Fanny (7004463815); Cárdenas, Constanza (7003841627); Ponce, Sebastián (59368255100); Vásquez, Dreidy (59763517200); Carrasco, Samuel (57204606950); Valín, José Luis (6603885305)","57212408308; 59960771400; 57210283464; 58811477200; 57216852737; 7004463815; 7003841627; 59368255100; 59763517200; 57204606950; 6603885305","Antioxidant and Cytotoxic Evaluation of Aqueous Extracts from Hymenochaetaceae Fungi Associated with Endemic Chilean Sclerophyll Forest Trees","2025","International Journal of Molecular Sciences","26","12","5877","","","0","10.3390/ijms26125877","https://www.scopus.com/pages/publications/105008999328?origin=resultslist","Article","Final","All Open Access; Gold Open Access; Green Open Access","Scopus","2-s2.0-105008999328"
"Acevedo W.; Morán-Figueroa R.; Vargas-Chacoff L.; Morera F.J.; Pontigo J.P.","Acevedo, Waldo (35147637500); Morán-Figueroa, Rodrigo (58659949700); Vargas-Chacoff, Luis (14526139200); Morera, Francisco J. (36957907800); Pontigo, Juan Pablo (55290372000)","35147637500; 58659949700; 14526139200; 36957907800; 55290372000","Revealing the Salmo salar NLRP3 Inflammasome: Insights from Structural Modeling and Transcriptome Analysis","2023","International Journal of Molecular Sciences","24","19","14556","","","5","10.3390/ijms241914556","https://www.scopus.com/pages/publications/85174747469?origin=resultslist","Article","Final","All Open Access; Gold Open Access; Green Open Access","Scopus","2-s2.0-85174747469"
"Lozano-Allimant S.; Lopez A.; Gomez M.; Atencio E.; Lozano-Galant J.A.; Fingerhuth S.","Lozano-Allimant, Sebastián (59557389200); Lopez, Alvaro (57203782718); Gomez, Miguel (57222013376); Atencio, Edison (57215433542); Lozano-Galant, José Antonio (36739467200); Fingerhuth, Sebastian (16068484100)","59557389200; 57203782718; 57222013376; 57215433542; 36739467200; 16068484100","Structural Health Assessment of a Reinforced Concrete Building in Valparaíso Under Seismic and Environmental Shaking: A Foundation for IoT-Driven Digital Twin Systems","2025","Applied Sciences (Switzerland)","15","3","1202","","","3","10.3390/app15031202","https://www.scopus.com/pages/publications/85217756906?origin=resultslist","Article","Final","All Open Access; Gold Open Access; Green Open Access","Scopus","2-s2.0-85217756906"
"Alonso F.; Samaniego B.; Farias G.; Dormido-Canto S.","Alonso, Francisco (59094352300); Samaniego, Benjamín (59094352400); Farias, Gonzalo (23097347700); Dormido-Canto, Sebastián (55663979500)","59094352300; 59094352400; 23097347700; 55663979500","Analysis of Cryptographic Algorithms to Improve Cybersecurity in the Industrial Electrical Sector","2024","Applied Sciences (Switzerland)","14","7","2964","","","11","10.3390/app14072964","https://www.scopus.com/pages/publications/85192531761?origin=resultslist","Article","Final","All Open Access; Gold Open Access","Scopus","2-s2.0-85192531761"
"Sore P.Z.; Mera A.C.; Concepción A.D.; Rivera J.L.V.; Valin Fernández M.; Navarrete Rojas C.A.; Alfonso-Alvarez A.","Sore, Pablo Zavala (59090421500); Mera, Adriana C. (56205501100); Concepción, Armando Díaz (57194594369); Rivera, José Luis Valin (57215038914); Valin Fernández, Meylí (57193826774); Navarrete Rojas, Carlos Arturo (59090421600); Alfonso-Alvarez, Alexander (57223094996)","59090421500; 56205501100; 57194594369; 57215038914; 57193826774; 59090421600; 57223094996","Removal of Contaminants in Water with Scallop Shell Waste","2024","Applied Sciences (Switzerland)","14","8","3499","","","5","10.3390/app14083499","https://www.scopus.com/pages/publications/85192575105?origin=resultslist","Article","Final","All Open Access; Gold Open Access","Scopus","2-s2.0-85192575105"
"Vega E.; Lemus-Romani J.; Soto R.; Crawford B.; Löffler C.; Peña J.; Talbi E.-G.","Vega, Emanuel (57023414600); Lemus-Romani, José (57208862820); Soto, Ricardo (24403038600); Crawford, Broderick (23395875300); Löffler, Christoffer (58906427000); Peña, Javier (57232472100); Talbi, El-Gazhali (6701668267)","57023414600; 57208862820; 24403038600; 23395875300; 58906427000; 57232472100; 6701668267","Autonomous Parameter Balance in Population-Based Approaches: A Self-Adaptive Learning-Based Strategy","2024","Biomimetics","9","2","82","","","2","10.3390/biomimetics9020082","https://www.scopus.com/pages/publications/85185956681?origin=resultslist","Article","Final","All Open Access; Gold Open Access; Green Open Access","Scopus","2-s2.0-85185956681"
"Arellano A.; Palma-Florez S.; Cabrera P.; Cortés-Adasme E.; Bolaños K.; Celis F.; Araya-Vergara A.J.; Pérez M.; Crespo A.; Matus M.H.; Araya E.; Aldunate R.; Kogan M.J.; Samitier J.; Lagunas A.; Mir M.; Hassan N.","Arellano, Andreas (59392205700); Palma-Florez, Sujey (57031963000); Cabrera, Pablo (35253414300); Cortés-Adasme, Elizabeth (57196008413); Bolaños, Karen (57189598705); Celis, Freddy (24075210700); Araya-Vergara, Aurora J. (60162902300); Pérez, Melina (59964800200); Crespo, Andrés (59964719200); Matus, Maycol Huerta (59964550100); Araya, Eyleen (7004867817); Aldunate, Rebeca (8761628200); Kogan, Marcelo J. (7102617437); Samitier, Josep (7004393372); Lagunas, Anna (6507786435); Mir, Mònica (12647442200); Hassan, Natalia (36611719700)","59392205700; 57031963000; 35253414300; 57196008413; 57189598705; 24075210700; 60162902300; 59964800200; 59964719200; 59964550100; 7004867817; 8761628200; 7102617437; 7004393372; 6507786435; 12647442200; 36611719700","Corrigendum to “Attenuation of blood-brain barrier dysfunction by functionalized gold nanoparticles against amyloid-β peptide in an Alzheimer's disease-on-a-chip model” [Mater. Today Bio 35 (2025) 102453] (S2590006425010245), (10.1016/j.mtbio.2025.102453)","2025","Materials Today Bio","35","","102542","","","1","10.1016/j.mtbio.2025.102542","https://www.scopus.com/pages/publications/105022063848?origin=resultslist","Erratum","Final","All Open Access; Gold Open Access; Green Open Access","Scopus","2-s2.0-105022063848"
"Trojovská E.; Dehghani M.; Leiva V.","Trojovská, Eva (57194505201); Dehghani, Mohammad (58254808600); Leiva, Víctor (22953630400)","57194505201; 58254808600; 22953630400","Drawer Algorithm: A New Metaheuristic Approach for Solving Optimization Problems in Engineering","2023","Biomimetics","8","2","239","","","41","10.3390/biomimetics8020239","https://www.scopus.com/pages/publications/85163849568?origin=resultslist","Article","Final","All Open Access; Gold Open Access; Green Open Access","Scopus","2-s2.0-85163849568"
"Mussagy C.U.; Ramos N.F.; Caicedo-Paz A.V.; Farias F.O.; Luísa R. Gini A.; Scarim C.B.; E. L. L. Filho P.; Herculano R.D.; Shaaban Sadek M.; Ahmad M.; Mustafa A.; Dufossé L.","Mussagy, Cassamo U. (57205156967); Ramos, Nataly F. (58909082800); Caicedo-Paz, Angie V. (58030292900); Farias, Fabiane O. (57194337358); Luísa R. Gini, Ana (59348306200); Scarim, Cauê B. (57193749125); E. L. L. Filho, Paulo (59348607300); Herculano, Rondinelli D. (35200620700); Shaaban Sadek, M. (58896719400); Ahmad, Mushtaq (56430353500); Mustafa, Ahmad (55785371100); Dufossé, Laurent (57200168801)","57205156967; 58909082800; 58030292900; 57194337358; 59348306200; 57193749125; 59348607300; 35200620700; 58896719400; 56430353500; 55785371100; 57200168801","Techno-economic insights into one-pot bacterial astaxanthin extraction and sustainable therapeutic product development using natural solvent mixtures","2025","Separation and Purification Technology","356","","129926","","","10","10.1016/j.seppur.2024.129926","https://www.scopus.com/pages/publications/85205297103?origin=resultslist","Article","Final","All Open Access; Green Open Access","Scopus","2-s2.0-85205297103"
"Mellado R.; Cubillos C.; Vicari R.M.; Gasca-Hurtado G.","Mellado, Rafael (57193062452); Cubillos, Claudio (23392232700); Vicari, Rosa Maria (55666982300); Gasca-Hurtado, Gloria (55479760400)","57193062452; 23392232700; 55666982300; 55479760400","Leveraging Gamification in ICT Education: Examining Gender Differences and Learning Outcomes in Programming Courses","2024","Applied Sciences (Switzerland)","14","17","7933","","","19","10.3390/app14177933","https://www.scopus.com/pages/publications/85203622649?origin=resultslist","Article","Final","All Open Access; Gold Open Access","Scopus","2-s2.0-85203622649"
"Torres M.; Berrios J.; Rigual Y.; Latorre Y.; Vergara M.; Dickson A.J.; Altamirano C.","Torres, Mauro (56254429300); Berrios, Julio (7004545486); Rigual, Yandi (57208551510); Latorre, Yesenia (57191828272); Vergara, Mauricio (57188633174); Dickson, Alan J. (57208543394); Altamirano, Claudia (8332398700)","56254429300; 7004545486; 57208551510; 57191828272; 57188633174; 57208543394; 8332398700","Metabolic flux analysis during galactose and lactate co-consumption reveals enhanced energy metabolism in continuous CHO cell cultures","2019","Chemical Engineering Science","205","","","201","211","14","10.1016/j.ces.2019.04.049","https://www.scopus.com/pages/publications/85065098121?origin=resultslist","Article","Final","All Open Access; Green Open Access","Scopus","2-s2.0-85065098121"
"Arancibia-Bravo M.P.; Lucay F.A.; Sepúlveda F.D.; Cisternas L.A.","Arancibia-Bravo, María P. (57193439461); Lucay, Freddy A. (39961791000); Sepúlveda, Felipe D. (55263776100); Cisternas, Luis A. (6603665617)","57193439461; 39961791000; 55263776100; 6603665617","On the use of Na2SO3 as a pyrite depressant in saline systems and the presence of kaolinite","2021","Physicochemical Problems of Mineral Processing","57","4","","168","179","6","10.37190/PPMP/139511","https://www.scopus.com/pages/publications/85110725975?origin=resultslist","Article","Final","All Open Access; Gold Open Access","Scopus","2-s2.0-85110725975"
"Arce P.F.; Igarashi E.M.; Freire N.V.; Vásquez D.M.; Robles P.A.","Arce, Pedro F. (9337814500); Igarashi, Edson M. (57200320419); Freire, Nian V. (57224974146); Vásquez, Dreidy M. (56369410000); Robles, Pedro A. (12774054800)","9337814500; 57200320419; 57224974146; 56369410000; 12774054800","Sequestration of light hydrocarbons in Ionic Liquids at high-pressures: Consistency and thermodynamic modeling","2021","Fluid Phase Equilibria","546","","113119","","","7","10.1016/j.fluid.2021.113119","https://www.scopus.com/pages/publications/85108811629?origin=resultslist","Article","Final","","Scopus","2-s2.0-85108811629"
"Gonzalez-Lopez F.; Bustos G.; Munoz-Gama J.; Sepúlveda M.","Gonzalez-Lopez, Fernanda (57194203846); Bustos, Guillermo (57194203668); Munoz-Gama, Jorge (36603094000); Sepúlveda, Marcos (7005859415)","57194203846; 57194203668; 36603094000; 7005859415","Domain Model Based Design of Business Process Architectures","2022","Applied Sciences (Switzerland)","12","5","2563","","","8","10.3390/app12052563","https://www.scopus.com/pages/publications/85125757577?origin=resultslist","Article","Final","All Open Access; Gold Open Access; Green Open Access","Scopus","2-s2.0-85125757577"
"Azócar-Gallardo J.; Ojeda-Aravena A.; Báez-San Martín E.; Campos-Uribe V.; González-Rojas L.; Castillo Cerda M.A.; García-García J.M.","Azócar-Gallardo, Jairo (57218828477); Ojeda-Aravena, Alex (57216691299); Báez-San Martín, Eduardo (57200336294); Campos-Uribe, Victor (57441008300); González-Rojas, Luis (57201483882); Castillo Cerda, María A. (37065744500); García-García, José Manuel (34769556400)","57218828477; 57216691299; 57200336294; 57441008300; 57201483882; 37065744500; 34769556400","Influence of Body Composition on Cardiorespiratory Fitness and Metabolic Markers in Physically Inactive Individuals with Insulin Resistance: An Observational Study","2023","Applied Sciences (Switzerland)","13","4","2238","","","0","10.3390/app13042238","https://www.scopus.com/pages/publications/85149645857?origin=resultslist","Article","Final","All Open Access; Gold Open Access; Green Open Access","Scopus","2-s2.0-85149645857"
"Fuentes P.; Torres M.J.; Arancibia R.; Aulestia F.; Vergara M.; Carrión F.; Osses N.; Altamirano C.","Fuentes, Paloma (57864873900); Torres, María José (55732517900); Arancibia, Rodrigo (13103672800); Aulestia, Francisco (37041205200); Vergara, Mauricio (57188633174); Carrión, Flavio (7007069781); Osses, Nelson (6507230410); Altamirano, Claudia (8332398700)","57864873900; 55732517900; 13103672800; 37041205200; 57188633174; 7007069781; 6507230410; 8332398700","Dynamic Culture of Mesenchymal Stromal/Stem Cell Spheroids and Secretion of Paracrine Factors","2022","Frontiers in Bioengineering and Biotechnology","10","","916229","","","45","10.3389/fbioe.2022.916229","https://www.scopus.com/pages/publications/85136905056?origin=resultslist","Review","Final","All Open Access; Gold Open Access; Green Open Access","Scopus","2-s2.0-85136905056"
"Romero-Chambi E.; Villarroel-Quezada S.; Atencio E.; Rivera F.M.-L.","Romero-Chambi, Eduardo (57217833973); Villarroel-Quezada, Simón (57217832492); Atencio, Edison (57215433542); Rivera, Felipe Muñoz-La (57217534356)","57217833973; 57217832492; 57215433542; 57217534356","Analysis of optimal flight parameters of unmanned aerial vehicles (UAVs) for detecting potholes in pavements","2020","Applied Sciences (Switzerland)","10","12","4157","1","33","40","10.3390/APP10124157","https://www.scopus.com/pages/publications/85087620580?origin=resultslist","Article","Final","All Open Access; Gold Open Access; Green Open Access","Scopus","2-s2.0-85087620580"
"Naveira-Pazos C.; Veiga M.C.; Mussagy C.U.; Farias F.O.; Kennes C.; Pereira J.F.B.","Naveira-Pazos, Cecilia (57814155800); Veiga, María C. (35550232800); Mussagy, Cassamo U. (57205156967); Farias, Fabiane O. (57194337358); Kennes, Christian (8627862800); Pereira, Jorge F.B. (25928623000)","57814155800; 35550232800; 57205156967; 57194337358; 8627862800; 25928623000","Carotenoids production and extraction from Yarrowia lipolytica cells: A biocompatible approach using biosolvents","2024","Separation and Purification Technology","343","","127136","","","8","10.1016/j.seppur.2024.127136","https://www.scopus.com/pages/publications/85188548761?origin=resultslist","Article","Final","All Open Access; Green Open Access; Hybrid Gold Open Access","Scopus","2-s2.0-85188548761"
"Martínez C.; Arcos C.; Briones F.; Machado I.; Sancy M.; Bustamante M.","Martínez, Carola (57223687584); Arcos, Camila (57365177000); Briones, Francisco (58073520600); Machado, Izabel (59565182100); Sancy, Mamié (23973316100); Bustamante, Marion (57216523355)","57223687584; 57365177000; 58073520600; 59565182100; 23973316100; 57216523355","The Effect of Adding CeO2 Nanoparticles to Cu–Ni–Al Alloy for High Temperatures Applications","2024","Nanomaterials","14","2","143","","","5","10.3390/nano14020143","https://www.scopus.com/pages/publications/85183664557?origin=resultslist","Article","Final","All Open Access; Gold Open Access; Green Open Access","Scopus","2-s2.0-85183664557"
"Sharma P.; Singh A.K.; Leiva V.; Martin-Barreiro C.; Cabezas X.","Sharma, Prayas (56105106000); Singh, Ashish Kumar (59092823600); Leiva, Víctor (22953630400); Martin-Barreiro, Carlos (57219733203); Cabezas, Xavier (57219461911)","56105106000; 59092823600; 22953630400; 57219733203; 57219461911","Modern Multivariate Statistical Methods for Evaluating the Impact of WhatsApp on Academic Performance: Methodology and Case Study in India","2022","Applied Sciences (Switzerland)","12","12","6141","","","13","10.3390/app12126141","https://www.scopus.com/pages/publications/85132543560?origin=resultslist","Article","Final","All Open Access; Gold Open Access; Green Open Access","Scopus","2-s2.0-85132543560"
"Mussagy C.U.; Farias F.O.; Sasaki J.C.; Scontri M.; Picheli F.; Santos-Ebinuma V.C.; de Azeredo H.M.C.; Pessoa A., Jr.; Herculano R.D.","Mussagy, Cassamo U. (57205156967); Farias, Fabiane O. (57194337358); Sasaki, Josana C. (58244715600); Scontri, Mateus (56904173000); Picheli, Flavio (55875118900); Santos-Ebinuma, Valéria C. (55503896600); de Azeredo, Henriette M.C. (6506171108); Pessoa, Adalberto (7004373340); Herculano, Rondinelli D. (35200620700)","57205156967; 57194337358; 58244715600; 56904173000; 55875118900; 55503896600; 6506171108; 7004373340; 35200620700","Eutectic solvent-based bioactive films functionalized with microbial astaxanthin extends shelf life of fresh strawberries","2023","Materials Today Chemistry","33","","101721","","","19","10.1016/j.mtchem.2023.101721","https://www.scopus.com/pages/publications/85173566922?origin=resultslist","Article","Final","All Open Access; Green Open Access","Scopus","2-s2.0-85173566922"
"Lopez A.; Seriani S.; Peña A.; Aprigliano V.; Arredondo B.","Lopez, Ariel (58872370200); Seriani, Sebastian (56545753100); Peña, Alvaro (56959863300); Aprigliano, Vicente (58106736100); Arredondo, Bernardo (59490057200)","58872370200; 56545753100; 56959863300; 58106736100; 59490057200","Infrastructure Typology of Metro Stations: A Passenger Simulation Approach Based on Efficiency and Capacity","2025","Applied Sciences (Switzerland)","15","6","2889","","","1","10.3390/app15062889","https://www.scopus.com/pages/publications/105000932866?origin=resultslist","Article","Final","All Open Access; Gold Open Access; Green Open Access","Scopus","2-s2.0-105000932866"
"Gómez-Hernández E.; Salgado-Lugo H.; Segura D.; García A.; Díaz-Barrera A.; Peña C.","Gómez-Hernández, Elsa (57218588553); Salgado-Lugo, Holjes (55445560300); Segura, Daniel (55989812300); García, Andrés (57212956842); Díaz-Barrera, Alvaro (20435715600); Peña, Carlos (55989663100)","57218588553; 55445560300; 55989812300; 57212956842; 20435715600; 55989663100","Production of Poly-3-Hydroxybutyrate (P3HB) with Ultra-High Molecular Weight (UHMW) by Mutant Strains of Azotobacter vinelandii Under Microaerophilic Conditions","2021","Applied Biochemistry and Biotechnology","193","1","","79","95","16","10.1007/s12010-020-03384-w","https://www.scopus.com/pages/publications/85089684063?origin=resultslist","Article","Final","","Scopus","2-s2.0-85089684063"
"Javed W.; Khadim M.B.; Abbas J.; Övgün A.","Javed, Wajiha (36454890500); Khadim, Muhammad Bilal (57215843190); Abbas, Jameela (57210551540); Övgün, Ali (56060684800)","36454890500; 57215843190; 57210551540; 56060684800","Weak gravitational lensing by stringy black holes","2020","European Physical Journal Plus","135","3","314","","","20","10.1140/epjp/s13360-020-00322-x","https://www.scopus.com/pages/publications/85082055004?origin=resultslist","Article","Final","All Open Access; Green Open Access","Scopus","2-s2.0-85082055004"
"Hermosilla P.; Berríos S.; Allende-Cid H.","Hermosilla, Pamela (57203111863); Berríos, Sebastián (59713368800); Allende-Cid, Héctor (57208732887)","57203111863; 59713368800; 57208732887","Explainable AI for Forensic Analysis: A Comparative Study of SHAP and LIME in Intrusion Detection Models","2025","Applied Sciences (Switzerland)","15","13","7329","","","37","10.3390/app15137329","https://www.scopus.com/pages/publications/105010248045?origin=resultslist","Article","Final","All Open Access; Gold Open Access; Green Open Access","Scopus","2-s2.0-105010248045"
"Otarola L.L.","Otarola, Luis Lillo (59966585500)","59966585500","Reliability assessment of Silt Density Index measurements through internal consistency analysis and filter integrity verification","2026","Separation and Purification Technology","398","","137983","","","0","10.1016/j.seppur.2026.137983","https://www.scopus.com/pages/publications/105037445158?origin=resultslist","Article","Final","","Scopus","2-s2.0-105037445158"
"Maldonado J.; Oliva A.; Guzmán L.; Molinari A.; Acevedo W.","Maldonado, Javier (56564841800); Oliva, Alfonso (56254239800); Guzmán, Leda (13007802600); Molinari, Aurora (7103155629); Acevedo, Waldo (35147637500)","56564841800; 56254239800; 13007802600; 7103155629; 35147637500","Synthesis, Anticancer Activity, and Docking Studies of Novel Hydroquinone-Chalcone-Pyrazoline Hybrid Derivatives","2024","International Journal of Molecular Sciences","25","13","7281","","","5","10.3390/ijms25137281","https://www.scopus.com/pages/publications/85198488384?origin=resultslist","Article","Final","All Open Access; Gold Open Access; Green Open Access","Scopus","2-s2.0-85198488384"
"Córdova A.; Henríquez P.; Nuñez H.; Rico-Rodriguez F.; Guerrero C.; Astudillo-Castro C.; Illanes A.","Córdova, Andrés (54405633400); Henríquez, Paola (57412993400); Nuñez, Helena (7003943176); Rico-Rodriguez, Fabián (57200523989); Guerrero, Cecilia (36738876300); Astudillo-Castro, Carolina (7004510679); Illanes, Andrés (7004170275)","54405633400; 57412993400; 7003943176; 57200523989; 36738876300; 7004510679; 7004170275","Recent Advances in the Application of Enzyme Processing Assisted by Ultrasound in Agri-Foods: A Review","2022","Catalysts","12","1","107","","","41","10.3390/catal12010107","https://www.scopus.com/pages/publications/85122850621?origin=resultslist","Review","Final","All Open Access; Gold Open Access; Green Open Access","Scopus","2-s2.0-85122850621"
"Vicencio E.; Nuñez-Belmar J.; Cardenas J.P.; Cortés B.I.; Martin A.J.M.; Maracaja-Coutinho V.; Rojas A.; Cafferata E.A.; González-Osuna L.; Vernal R.; Cortez C.","Vicencio, Emiliano (57208001587); Nuñez-Belmar, Josefa (58055029100); Cardenas, Juan P. (35387679700); Cortés, Bastian I. (57207998566); Martin, Alberto J. M. (14719808500); Maracaja-Coutinho, Vinicius (29068002000); Rojas, Adolfo (57546938600); Cafferata, Emilio A. (57193676929); González-Osuna, Luis (57193367583); Vernal, Rolando (8384227500); Cortez, Cristian (53871143800)","57208001587; 58055029100; 35387679700; 57207998566; 14719808500; 29068002000; 57546938600; 57193676929; 57193367583; 8384227500; 53871143800","(, 10.3390/s241514835)","2024","International Journal of Molecular Sciences","25","3","1671","","","0","10.3390/ijms25031671","https://www.scopus.com/pages/publications/85184470479?origin=resultslist","Erratum","Final","All Open Access; Gold Open Access; Green Open Access","Scopus","2-s2.0-85184470479"
"Campos-Bijit V.; Inostroza N.C.; Orellana R.; Rivera A.; Von Marttens A.; Cortez C.; Covarrubias C.","Campos-Bijit, Vanessa (57999264800); Inostroza, Nicolás Cohn (57392024300); Orellana, Rocío (58755916600); Rivera, Alejandro (58756965000); Von Marttens, Alfredo (56374248400); Cortez, Cristian (53871143800); Covarrubias, Cristian (23088288700)","57999264800; 57392024300; 58755916600; 58756965000; 56374248400; 53871143800; 23088288700","Influence of Topography and Composition of Commercial Titanium Dental Implants on Cell Adhesion of Human Gingiva-Derived Mesenchymal Stem Cells: An In Vitro Study","2023","International Journal of Molecular Sciences","24","23","16686","","","11","10.3390/ijms242316686","https://www.scopus.com/pages/publications/85179360127?origin=resultslist","Article","Final","All Open Access; Gold Open Access; Green Open Access","Scopus","2-s2.0-85179360127"
"Maliki I.M.; Abdul-Manas N.H.; Ahmad S.A.; Fuse H.; Ramírez-Moreno N.; Zulkhamain A.","Maliki, I.M. (57221726413); Abdul-Manas, N.H. (56364749500); Ahmad, S.A. (57195140650); Fuse, H. (7101629067); Ramírez-Moreno, N. (57216301607); Zulkhamain, A. (26538425900)","57221726413; 56364749500; 57195140650; 7101629067; 57216301607; 26538425900","Removal of heterocyclic compound carbazole using cell immobilization of thalassospira profundvmaris strain m02; [Remoción del compuesto heterocíclico carbazol usando inmovilización celular de thalassospira profundimaris cepa m02]","2021","Revista Mexicana de Ingeniera Quimica","20","1","","413","422","3","10.24275/rmiq/Bio1808","https://www.scopus.com/pages/publications/85099971118?origin=resultslist","Article","Final","All Open Access; Hybrid Gold Open Access","Scopus","2-s2.0-85099971118"
"Ottone C.; Romero O.; Urrutia P.; Bernal C.; Illanes A.; Wilson L.","Ottone, Carminna (56120084100); Romero, Oscar (26667441500); Urrutia, Paulina (55580306800); Bernal, Claudia (54783974500); Illanes, Andrés (7004170275); Wilson, Lorena (7403520925)","56120084100; 26667441500; 55580306800; 54783974500; 7004170275; 7403520925","Enzyme biocatalysis and sustainability","2021","Nanostructured Catalysts for Environmental Applications","","","","383","413","16","10.1007/978-3-030-58934-9_14","https://www.scopus.com/pages/publications/85098553446?origin=resultslist","Book chapter","Final","","Scopus","2-s2.0-85098553446"
"Bascur C.; Rusu C.","Bascur, Camila (57204502498); Rusu, Cristian (15521347000)","57204502498; 15521347000","Customer experience in retail: A systematic literature review","2020","Applied Sciences (Switzerland)","10","21","7644","1","18","44","10.3390/app10217644","https://www.scopus.com/pages/publications/85094649543?origin=resultslist","Article","Final","All Open Access; Gold Open Access; Green Open Access","Scopus","2-s2.0-85094649543"
"Rincón Á.; González P.A.; Panotopoulos G.; Saavedra J.; Vásquez Y.","Rincón, Ángel (56763719900); González, P.A. (56225118500); Panotopoulos, Grigoris (55876981500); Saavedra, Joel (7202229159); Vásquez, Yerko (26422638000)","56763719900; 56225118500; 55876981500; 7202229159; 26422638000","Quasinormal modes for a non-minimally coupled scalar field in a five-dimensional Einstein–Power–Maxwell background","2022","European Physical Journal Plus","137","11","1278","","","21","10.1140/epjp/s13360-022-03438-4","https://www.scopus.com/pages/publications/85142475432?origin=resultslist","Article","Final","","Scopus","2-s2.0-85142475432"
"Matus N.; Rusu C.; Botella F.","Matus, Nicolás (57312006000); Rusu, Cristian (15521347000); Botella, Federico (6603818202)","57312006000; 15521347000; 6603818202","Proposing a SX Model with Cultural Factors","2023","Applied Sciences (Switzerland)","13","6","3713","","","6","10.3390/app13063713","https://www.scopus.com/pages/publications/85151967259?origin=resultslist","Article","Final","All Open Access; Gold Open Access; Green Open Access","Scopus","2-s2.0-85151967259"
"Sánchez D.A.; Díaz-Robles L.A.; Cubillos F.; Gómez J.; Reyes A.; Vallejo F.; Pino-Cortés E.","Sánchez, Daniel A. (57220610855); Díaz-Robles, Luis A. (23060179200); Cubillos, Francisco (6603422314); Gómez, Jaime (56391913100); Reyes, Alejandro (7202275158); Vallejo, Fidel (57211057346); Pino-Cortés, Ernesto (56830455800)","57220610855; 23060179200; 6603422314; 56391913100; 7202275158; 57211057346; 56830455800","Drying process study of hydrothermal carbonized biomass","2022","Drying Technology","40","2","","273","283","3","10.1080/07373937.2020.1786110","https://www.scopus.com/pages/publications/85087628080?origin=resultslist","Article","Final","","Scopus","2-s2.0-85087628080"
"D'Albuquerque E Castro J.; Altbir D.; Leon A.O.; Retamal J.C.","D'Albuquerque E Castro, Jose (6603804688); Altbir, Dora (6602086134); Leon, Alejandro O (57198359208); Retamal, Juan C. (6701326825)","6603804688; 6602086134; 57198359208; 6701326825","Phase-shift control of the exchange coupling between magnetic impurities","2020","Nanotechnology","31","35","355002","","","3","10.1088/1361-6528/ab9259","https://www.scopus.com/pages/publications/85087528435?origin=resultslist","Article","Final","","Scopus","2-s2.0-85087528435"
"Gonzalez M.O.G.; Mussagy C.U.; Zandoná Filho A.; Mafra M.R.; Farias F.O.","Gonzalez, Manuel O. G. (60134493000); Mussagy, Cassamo U. (57205156967); Zandoná Filho, Arion (6505763957); Mafra, Marcos R. (12800251500); Farias, Fabiane O. (57194337358)","60134493000; 57205156967; 6505763957; 12800251500; 57194337358","One-Pot Extraction and Functionalization of Soybean Oil withCucurbita moschata Natural Carotenoids: High Shear-Assisted Extraction and Oxidative Stability Evaluation","2025","Food and Bioprocess Technology","18","12","","10712","10724","0","10.1007/s11947-025-04077-0","https://www.scopus.com/pages/publications/105018346441?origin=resultslist","Article","Final","","Scopus","2-s2.0-105018346441"
"Lira S.H.; Torres M.J.; Silva R.G.; Viñuela J.Z.","Lira, Santiago Henríquez (57229932500); Torres, María Josefina (57214872197); Silva, Rafael Guerra (56770164900); Viñuela, Jorge Zahr (57225963834)","57229932500; 57214872197; 56770164900; 57225963834","Numerical characterization of the solid particle accumulation in a turbulent flow through curved pipes by means of stokes numbers","2021","Applied Sciences (Switzerland)","11","16","7381","","","13","10.3390/app11167381","https://www.scopus.com/pages/publications/85113361870?origin=resultslist","Article","Final","All Open Access; Gold Open Access; Green Open Access","Scopus","2-s2.0-85113361870"
"Vergara-Fernandez A.; Scott F.; Carreno-Lopez F.; Aroca G.; Moreno-Casas P.; Gonzalez-Sanchez A.; Munoz R.","Vergara-Fernandez, Alberto (16240235200); Scott, Felipe (55743894700); Carreno-Lopez, Felipe (57219432313); Aroca, German (6603177229); Moreno-Casas, Patricio (56422432700); Gonzalez-Sanchez, Armando (23484792300); Munoz, Raúl (57370422200)","16240235200; 55743894700; 57219432313; 6603177229; 56422432700; 23484792300; 57370422200","A comparative assessment of the performance of fungal-bacterial and fungal biofilters for methane abatement","2020","Journal of Environmental Chemical Engineering","8","5","104421","","","18","10.1016/j.jece.2020.104421","https://www.scopus.com/pages/publications/85092712725?origin=resultslist","Article","Final","All Open Access; Green Open Access","Scopus","2-s2.0-85092712725"
"Campo A.; Macia Y.M.; Sieres J.","Campo, Antonio (23157654000); Macia, Yunesky Masip (36159702500); Sieres, Jaime (56132064100)","23157654000; 36159702500; 56132064100","Semi-analytical solution of unsteady heat conduction in plain walls with equal surface temperatures: The Transversal Method Of Lines (TMOL) delimited to the “small time” sub-domain","2020","International Communications in Heat and Mass Transfer","116","","104687","","","5","10.1016/j.icheatmasstransfer.2020.104687","https://www.scopus.com/pages/publications/85086853341?origin=resultslist","Article","Final","All Open Access; Green Open Access","Scopus","2-s2.0-85086853341"
"Vicencio E.; Nuñez-Belmar J.; Cardenas J.P.; Cortés B.I.; Martin A.J.M.; Maracaja-Coutinho V.; Rojas A.; Cafferata E.A.; González-Osuna L.; Vernal R.; Cortez C.","Vicencio, Emiliano (57208001587); Nuñez-Belmar, Josefa (58055029100); Cardenas, Juan P. (35387679700); Cortés, Bastian I. (57207998566); Martin, Alberto J. M. (14719808500); Maracaja-Coutinho, Vinicius (29068002000); Rojas, Adolfo (57546938600); Cafferata, Emilio A. (57193676929); González-Osuna, Luis (57193367583); Vernal, Rolando (8384227500); Cortez, Cristian (53871143800)","57208001587; 58055029100; 35387679700; 57207998566; 14719808500; 29068002000; 57546938600; 57193676929; 57193367583; 8384227500; 53871143800","Transcriptional Signatures and Network-Based Approaches Identified Master Regulators Transcription Factors Involved in Experimental Periodontitis Pathogenesis","2023","International Journal of Molecular Sciences","24","19","14835","","","9","10.3390/ijms241914835","https://www.scopus.com/pages/publications/85174723049?origin=resultslist","Article","Final","All Open Access; Gold Open Access; Green Open Access","Scopus","2-s2.0-85174723049"
"Origone A.L.; Hissi E.G.V.; Liggieri C.S.; Camí G.E.; Illanes A.; Barberis S.E.","Origone, Anabella L. (57203284111); Hissi, Esteban G. Vega (28268129300); Liggieri, Constanza S. (8579761000); Camí, Gerardo E. (8419726000); Illanes, Andrés (7004170275); Barberis, Sonia E. (7004483087)","57203284111; 28268129300; 8579761000; 8419726000; 7004170275; 7004483087","Effect of Organic Solvents on the Activity, Stability and Secondary Structure of asclepain cI, Using FTIR and Molecular Dynamics Simulations","2024","Protein Journal","43","3","","487","502","1","10.1007/s10930-024-10182-4","https://www.scopus.com/pages/publications/85186853717?origin=resultslist","Article","Final","All Open Access; Green Open Access","Scopus","2-s2.0-85186853717"
"Cabrera D.; Cubillos C.; Urra E.; Mellado R.","Cabrera, Daniel (25960679700); Cubillos, Claudio (23392232700); Urra, Enrique (55694778300); Mellado, Rafael (57193062452)","25960679700; 23392232700; 55694778300; 57193062452","Framework for incorporating artificial somatic markers in the decision-making of autonomous agents","2020","Applied Sciences (Switzerland)","10","20","7361","1","22","8","10.3390/app10207361","https://www.scopus.com/pages/publications/85093938153?origin=resultslist","Article","Final","All Open Access; Gold Open Access; Green Open Access","Scopus","2-s2.0-85093938153"
"Zakaria N.N.; Roslee A.F.A.; Gomez-Fuentes C.; Zulkharnain A.; Abdulrasheed M.; Sabri S.; Ramírez-Moreno N.; Calisto-Ulloa N.; Ahmad S.A.","Zakaria, N.N. (57204357116); Roslee, A.F.A. (57212553953); Gomez-Fuentes, C. (55071029000); Zulkharnain, A. (26538425900); Abdulrasheed, M. (57216299348); Sabri, S. (35389513200); Ramírez-Moreno, N. (57216301607); Calisto-Ulloa, N. (23018279900); Ahmad, S.A. (57195140650)","57204357116; 57212553953; 55071029000; 26538425900; 57216299348; 35389513200; 57216301607; 23018279900; 57195140650","Kinetic studies of marine psychrotolerant microorganisms capable of degrading diesel in the presence of heavy metals; [Estudios cinéticos de microorganismos marinos psicrotolerantes capaces de degradar diésel en presencia de metales pesados]","2020","Revista Mexicana de Ingeniera Quimica","19","3","","1375","1388","29","10.24275/rmiq/Bio1072","https://www.scopus.com/pages/publications/85084828189?origin=resultslist","Article","Final","All Open Access; Green Open Access; Hybrid Gold Open Access","Scopus","2-s2.0-85084828189"
"Barahona J.; Valencia A.; Torres M.","Barahona, José (57222580231); Valencia, Alvaro (7102783733); Torres, María (57214872197)","57222580231; 7102783733; 57214872197","Study of the hemodynamics effects of an isolated systolic hypertension (Ish) condition on cerebral aneurysms models, using fsi simulations","2021","Applied Sciences (Switzerland)","11","6","2595","","","10","10.3390/app11062595","https://www.scopus.com/pages/publications/85103273101?origin=resultslist","Article","Final","All Open Access; Gold Open Access; Green Open Access","Scopus","2-s2.0-85103273101"
"Campos D.; García-Ríos D.; Aguilar-Galvez A.; Chirinos R.; Pedreschi R.","Campos, David (7005426874); García-Ríos, Diego (57207820468); Aguilar-Galvez, Ana (37015469300); Chirinos, Rosana (14833763600); Pedreschi, Romina (14052508500)","7005426874; 57207820468; 37015469300; 14833763600; 14052508500","Comparison of conventional and ultrasound-assisted extractions of polyphenols from Inca muña (Clinopodium bolivianum) and their characterization using UPLC–PDA-ESI–Q/TOF–MSn technique","2022","Journal of Food Processing and Preservation","46","3","e16310","","","10","10.1111/jfpp.16310","https://www.scopus.com/pages/publications/85122884540?origin=resultslist","Article","Final","","Scopus","2-s2.0-85122884540"
"Maldonado T.; Ferraudi G.; Graham Lappin A.; Oliver A.G.","Maldonado, Tamara (57191910761); Ferraudi, Guillermo (55392994200); Graham Lappin, A. (6602177847); Oliver, Allen G. (57211141625)","57191910761; 55392994200; 6602177847; 57211141625","Comparison of the photochemical properties of phthalocyanine and hemiporphyrazine Zn(II) complexes","2023","Journal of Photochemistry and Photobiology A: Chemistry","441","","114715","","","5","10.1016/j.jphotochem.2023.114715","https://www.scopus.com/pages/publications/85151750438?origin=resultslist","Article","Final","All Open Access; Green Open Access","Scopus","2-s2.0-85151750438"
"Muñoz-Gaete M.; Gallardo R.; Atencio E.; Moffat R.; Parra P.F.; Cacciuttolo C.; Araujo W.","Muñoz-Gaete, Matias (60042113800); Gallardo, Ricardo (58763194600); Atencio, Edison (57215433542); Moffat, Ricardo (14522966800); Parra, Pablo F. (56625715500); Cacciuttolo, Carlos (57728135900); Araujo, William (57201684733)","60042113800; 58763194600; 57215433542; 14522966800; 56625715500; 57728135900; 57201684733","Comparative Analysis of the NorSand and HS Small Constitutive Models for Evaluating Static Liquefaction in a Silt Derived from Mine Tailings","2025","Applied Sciences (Switzerland)","15","15","8726","","","1","10.3390/app15158726","https://www.scopus.com/pages/publications/105013277467?origin=resultslist","Article","Final","All Open Access; Gold Open Access; Green Open Access","Scopus","2-s2.0-105013277467"
"Muñoz-La Rivera F.; Mora-Serrano J.; Oñate E.; Montecinos-Orellana S.","Muñoz-La Rivera, Felipe (57217534356); Mora-Serrano, Javier (57217538461); Oñate, Eugenio (55147932200); Montecinos-Orellana, Sofia (59917006800)","57217534356; 57217538461; 55147932200; 59917006800","A Comprehensive Framework for Integrating Extended Reality into Lifecycle-Based Construction Safety Management","2025","Applied Sciences (Switzerland)","15","10","5690","","","6","10.3390/app15105690","https://www.scopus.com/pages/publications/105006808249?origin=resultslist","Article","Final","All Open Access; Gold Open Access; Green Open Access","Scopus","2-s2.0-105006808249"
"Cárdenas P.; Cid-Salinas C.; León A.C.; Castillo-Geraldo J.; de Oliveira L.C.G.; Yokota R.; Vallotton Z.; Casarini D.E.; Prieto M.C.; Lorca R.A.; Gonzalez A.A.","Cárdenas, Pilar (55955294100); Cid-Salinas, Catalina (59348293900); León, Allison C. (59348698600); Castillo-Geraldo, Juan (59894372700); de Oliveira, Lilian Caroline Gonçalves (59157813400); Yokota, Rodrigo (56506723600); Vallotton, Zoe (58250168500); Casarini, Dulce Elena (7005662276); Prieto, Minolfa C. (57215519070); Lorca, Ramón A. (6507462881); Gonzalez, Alexis A. (56305790200)","55955294100; 59348293900; 59348698600; 59894372700; 59157813400; 56506723600; 58250168500; 7005662276; 57215519070; 6507462881; 56305790200","(Pro)renin Receptor Blockade Prevents Increases in Systolic Blood Pressure, Sodium Retention, and αENaC Protein Expression in the Kidney of 2K1C Goldblatt Mice","2025","International Journal of Molecular Sciences","26","9","4177","","","0","10.3390/ijms26094177","https://www.scopus.com/pages/publications/105004902366?origin=resultslist","Article","Final","All Open Access; Gold Open Access; Green Open Access","Scopus","2-s2.0-105004902366"
"Díaz-Barrera A.; Sanchez-Rosales F.; Padilla-Córdova C.; Andler R.; Peña C.","Díaz-Barrera, Alvaro (20435715600); Sanchez-Rosales, Francisco (57222167525); Padilla-Córdova, Claudio (57204475356); Andler, Rodrigo (56604311100); Peña, Carlos (55989663100)","20435715600; 57222167525; 57204475356; 56604311100; 55989663100","Molecular weight and guluronic/mannuronic ratio of alginate produced by Azotobacter vinelandii at two bioreactor scales under diazotrophic conditions","2021","Bioprocess and Biosystems Engineering","44","6","","1275","1287","14","10.1007/s00449-021-02532-8","https://www.scopus.com/pages/publications/85101741681?origin=resultslist","Article","Final","","Scopus","2-s2.0-85101741681"
"Olguin G.; Yacou C.; Motuzas J.; Butterling M.; Meulenberg W.A.; Smart S.; Diniz da Costa J.C.","Olguin, Gianni (56043666900); Yacou, Christelle (24922310100); Motuzas, Julius (8509105100); Butterling, Maik (35274520200); Meulenberg, Wilhelm A. (6505835378); Smart, Simon (25226026100); Diniz da Costa, João C. (6603707659)","56043666900; 24922310100; 8509105100; 35274520200; 6505835378; 25226026100; 6603707659","Surfactant functionalised cobalt silica membranes – Gas permeation and thin film positron annihilation lifetime spectroscopy characterisation","2022","Journal of Membrane Science","664","","121040","","","5","10.1016/j.memsci.2022.121040","https://www.scopus.com/pages/publications/85139824956?origin=resultslist","Article","Final","","Scopus","2-s2.0-85139824956"
"Pérez-Rodriguez S.; Wulff T.; Voldborg B.G.; Altamirano C.; Trujillo-Roldán M.A.; Valdez-Cruz N.A.","Pérez-Rodriguez, Saumel (57195202684); Wulff, Tune (6603232241); Voldborg, Bjørn G. (6507358550); Altamirano, Claudia (8332398700); Trujillo-Roldán, Mauricio A. (56000813300); Valdez-Cruz, Norma A. (6508138237)","57195202684; 6603232241; 6507358550; 8332398700; 56000813300; 6508138237","Compartmentalized Proteomic Profiling Outlines the Crucial Role of the Classical Secretory Pathway during Recombinant Protein Production in Chinese Hamster Ovary Cells","2021","ACS Omega","6","19","","12439","12458","16","10.1021/acsomega.0c06030","https://www.scopus.com/pages/publications/85106639095?origin=resultslist","Article","Final","All Open Access; Gold Open Access; Green Open Access","Scopus","2-s2.0-85106639095"
"Ahumada D.; Arenas F.; Martínez-Gómez F.; Guerrero C.; Illanes A.; Vera C.","Ahumada, Diego (57202058430); Arenas, Felipe (57218595683); Martínez-Gómez, Fabián (56638157100); Guerrero, Cecilia (36738876300); Illanes, Andrés (7004170275); Vera, Carlos (55238284100)","57202058430; 57218595683; 56638157100; 36738876300; 7004170275; 55238284100","Synthesis of Butyl-β-D-Galactoside in the Ternary System: Acetone/1-Butanol/Aqueous Solution","2020","Frontiers in Bioengineering and Biotechnology","8","","859","","","10","10.3389/fbioe.2020.00859","https://www.scopus.com/pages/publications/85089066883?origin=resultslist","Article","Final","All Open Access; Gold Open Access; Green Open Access","Scopus","2-s2.0-85089066883"
"Sá Filho A.S.; Bittar R.D.; Inacio P.A.; Mello J.B.; Oliveira-Silva I.; Leonardo P.S.; Chiappa G.R.; Lopes-Martins R.A.B.; Santos T.M.; Sales M.M.","Sá Filho, Alberto Souza (57151413300); Bittar, Roberto Dib (59401345500); Inacio, Pedro Augusto (58725298400); Mello, Júlio Brugnara (57188867978); Oliveira-Silva, Iransé (57088985600); Leonardo, Patricia Sardinha (12791441800); Chiappa, Gaspar Rogério (12244206400); Lopes-Martins, Rodrigo Alvaro Brandão (6602553851); Santos, Tony Meireles (56033301500); Sales, Marcelo Magalhães (36644863400)","57151413300; 59401345500; 58725298400; 57188867978; 57088985600; 12791441800; 12244206400; 6602553851; 56033301500; 36644863400","Impact of High-Intensity Interval Training on Different Slopes on Aerobic Performance: A Randomized Controlled Trial","2024","Applied Sciences (Switzerland)","14","21","9699","","","1","10.3390/app14219699","https://www.scopus.com/pages/publications/85208458752?origin=resultslist","Article","Final","All Open Access; Gold Open Access; Green Open Access","Scopus","2-s2.0-85208458752"
"Silva J.; Arias-Torres L.; Carlesi C.; Aroca G.","Silva, Javier (7403023118); Arias-Torres, Laura (59197130800); Carlesi, Carlos (57217165711); Aroca, Germán (6603177229)","7403023118; 59197130800; 57217165711; 6603177229","Use of Nanobubbles to Improve Mass Transfer in Bioprocesses","2024","Processes","12","6","1227","","","27","10.3390/pr12061227","https://www.scopus.com/pages/publications/85197260039?origin=resultslist","Review","Final","All Open Access; Gold Open Access","Scopus","2-s2.0-85197260039"
"Losada-Garcia N.; Cabrera Z.; Urrutia P.; Garcia-Sanz C.; Andreu A.; Palomo J.M.","Losada-Garcia, Noelia (57211320482); Cabrera, Zaida (16028105600); Urrutia, Paulina (55580306800); Garcia-Sanz, Carla (57219780072); Andreu, Alicia (57219779833); Palomo, Jose M. (56234758400)","57211320482; 16028105600; 55580306800; 57219780072; 57219779833; 56234758400","Recent advances in enzymatic and chemoenzymatic cascade processes","2020","Catalysts","10","11","1258","1","19","47","10.3390/catal10111258","https://www.scopus.com/pages/publications/85095442929?origin=resultslist","Review","Final","All Open Access; Gold Open Access; Green Open Access","Scopus","2-s2.0-85095442929"
"Millano-González V.; De Rincón O.T.; Torres-Acosta A.A.; Gómez M.A.S.; Castro-Borges P.; Pérez-Quiroz J.T.; Pérez-López T.; Vera R.; Salta M.; Pedrón M.","Millano-González, Valentina (58503758400); De Rincón, Oladis Troconis (7003626110); Torres-Acosta, Andrés A. (55995858600); Gómez, Miguel A. Sánchez (55701805800); Castro-Borges, Pedro (56225952100); Pérez-Quiroz, José T. (26636561800); Pérez-López, Tezozomoc (57222196132); Vera, Rosa (7005768349); Salta, Manuela (6507172513); Pedrón, Miguel (16317503900)","58503758400; 7003626110; 55995858600; 55701805800; 56225952100; 26636561800; 57222196132; 7005768349; 6507172513; 16317503900","Modeling Electrochemical Performance of Reinforced Concrete in Natural Marine Airborne-Exposure Environments: DURACON Project, 10-Year Evaluation","2023","Corrosion","79","7","","719","731","2","10.5006/4235","https://www.scopus.com/pages/publications/85165560420?origin=resultslist","Article","Final","","Scopus","2-s2.0-85165560420"
"Lueckel F.B.; Scott F.; Aroca G.","Lueckel, Fabio Bozzolo (57842889800); Scott, Felipe (55743894700); Aroca, Germán (6603177229)","57842889800; 55743894700; 6603177229","Comparative techno-economic and carbon footprint analysis of 2,3-butanediol production through aerobic and anaerobic bioconversion of carbon dioxide with green hydrogen","2024","Chemical Engineering Journal Advances","20","","100659","","","3","10.1016/j.ceja.2024.100659","https://www.scopus.com/pages/publications/85208476173?origin=resultslist","Article","Final","All Open Access; Gold Open Access; Green Open Access","Scopus","2-s2.0-85208476173"
"Henríquez R.; Nogales P.S.; Moreno P.G.; Cartagena E.M.; Bongiorno P.L.; Navarrete-Astorga E.; Dalchiele E.A.","Henríquez, Rodrigo (55554951600); Nogales, Paula Salazar (58362137100); Moreno, Paula Grez (59455215900); Cartagena, Eduardo Muñoz (13611547600); Bongiorno, Patricio Leyton (57211004146); Navarrete-Astorga, Elena (57197739815); Dalchiele, Enrique A. (6701854336)","55554951600; 58362137100; 59455215900; 13611547600; 57211004146; 57197739815; 6701854336","One-Step Hydrothermal Synthesis of Cu2ZnSnS4 Nanoparticles as an Efficient Visible Light Photocatalyst for the Degradation of Congo Red Azo Dye","2023","Nanomaterials","13","11","1731","","","24","10.3390/nano13111731","https://www.scopus.com/pages/publications/85163108549?origin=resultslist","Article","Final","All Open Access; Gold Open Access; Green Open Access","Scopus","2-s2.0-85163108549"
"Lavergne C.; Bovio-Winkler P.; Etchebehere C.; García-Gen S.","Lavergne, Céline (55657103600); Bovio-Winkler, Patricia (57223409516); Etchebehere, Claudia (6603092954); García-Gen, Santiago (55848678800)","55657103600; 57223409516; 6603092954; 55848678800","Towards centralized biogas plants: Co-digestion of sewage sludge and pig manure maintains process performance and active microbiome diversity","2020","Bioresource Technology","297","","122442","","","39","10.1016/j.biortech.2019.122442","https://www.scopus.com/pages/publications/85076119720?origin=resultslist","Article","Final","","Scopus","2-s2.0-85076119720"
"Lopes T.F.; Carvalheiro F.; Duarte L.C.; Gírio F.; Quintero J.A.; Aroca G.","Lopes, Tiago F. (57203277768); Carvalheiro, Florbela (6603247136); Duarte, Luís C. (56649966600); Gírio, Francisco (7004075046); Quintero, Julián A. (23482772800); Aroca, Germán (6603177229)","57203277768; 6603247136; 56649966600; 7004075046; 23482772800; 6603177229","Techno-economic and life-cycle assessments of small-scale biorefineries for isobutene and xylo-oligosaccharides production: a comparative study in Portugal and Chile","2019","Biofuels, Bioproducts and Biorefining","13","5","","1321","1332","44","10.1002/bbb.2036","https://www.scopus.com/pages/publications/85068889265?origin=resultslist","Article","Final","All Open Access; Bronze Open Access; Green Open Access","Scopus","2-s2.0-85068889265"
"Aguirre A.; Gentina J.C.; Malhautier L.; Fanlo J.-L.; Vergara-Fernandez A.; Scott F.; Aroca G.","Aguirre, Alberto (57191338415); Gentina, Juan C (7004106285); Malhautier, Luc (6602630988); Fanlo, Jean-Louis (6603544331); Vergara-Fernandez, Alberto (16240235200); Scott, Felipe (55743894700); Aroca, Germán (6603177229)","57191338415; 7004106285; 6602630988; 6603544331; 16240235200; 55743894700; 6603177229","Characterization of the microbial community in a biotrickling filter treating a complex mixture of gaseous compounds causing odor nuisance","2021","Journal of Chemical Technology and Biotechnology","96","6","","1720","1731","8","10.1002/jctb.6697","https://www.scopus.com/pages/publications/85101792470?origin=resultslist","Article","Final","","Scopus","2-s2.0-85101792470"
"García-Ríos D.; Aguilar-Galvez A.; Chirinos R.; Pedreschi R.; Campos D.","García-Ríos, Diego (57207820468); Aguilar-Galvez, Ana (37015469300); Chirinos, Rosana (14833763600); Pedreschi, Romina (14052508500); Campos, David (7005426874)","57207820468; 37015469300; 14833763600; 14052508500; 7005426874","Relevant physicochemical properties and metabolites with functional properties of two commercial varieties of Peruvian Pouteria lucuma","2020","Journal of Food Processing and Preservation","44","6","e14479","","","12","10.1111/jfpp.14479","https://www.scopus.com/pages/publications/85083448118?origin=resultslist","Article","Final","All Open Access; Green Open Access","Scopus","2-s2.0-85083448118"
"Monrreal-Ortega L.; Iturriaga-Gallardo R.; Vilicic-Rubio A.; Torres P.; Leyton P.; Morales J.O.; Bahamondez-Canas T.F.; Moraga-Espinoza D.","Monrreal-Ortega, Luis (58554006400); Iturriaga-Gallardo, Rocío (60076023500); Vilicic-Rubio, Andrea (60076398900); Torres, Pedro (60075734400); Leyton, Patricio (6506800698); Morales, Javier O. (36682975500); Bahamondez-Canas, Tania F. (57197713553); Moraga-Espinoza, Daniel (57189697414)","58554006400; 60076023500; 60076398900; 60075734400; 6506800698; 36682975500; 57197713553; 57189697414","Gelatin-Based Microspheres of Ciprofloxacin for Enhanced Lung Delivery and Biofilm Eradication in Pseudomonas aeruginosa Pulmonary Infections","2025","Gels","11","8","567","","","1","10.3390/gels11080567","https://www.scopus.com/pages/publications/105014470816?origin=resultslist","Article","Final","All Open Access; Gold Open Access; Green Open Access","Scopus","2-s2.0-105014470816"
"Mahnert C.; Oyarzún D.A.; Berrios J.","Mahnert, Camilo (59418076700); Oyarzún, Diego A. (22836356200); Berrios, Julio (7004545486)","59418076700; 22836356200; 7004545486","Multiscale modelling of bioprocess dynamics and cellular growth","2024","Microbial Cell Factories","23","1","315","","","10","10.1186/s12934-024-02581-0","https://www.scopus.com/pages/publications/85209705958?origin=resultslist","Article","Final","All Open Access; Gold Open Access; Green Open Access","Scopus","2-s2.0-85209705958"
"Salinas P.; Ponce N.; del Sol M.; Vásquez B.","Salinas, Paulo (55759188100); Ponce, Nikol (57203529679); del Sol, Mariano (6601975371); Vásquez, Bélgica (14055137000)","55759188100; 57203529679; 6601975371; 14055137000","Impact of PM2.5 Exposure from Wood Combustion on Reproductive Health: Implications for Fertility, Ovarian Function, and Fetal Development","2025","Toxics","13","4","238","","","4","10.3390/toxics13040238","https://www.scopus.com/pages/publications/105003594365?origin=resultslist","Article","Final","All Open Access; Gold Open Access; Green Open Access","Scopus","2-s2.0-105003594365"
"García J.; Leiva-Araos A.; Diaz-Saavedra E.; Moraga P.; Pinto H.; Yepes V.","García, José (7406129672); Leiva-Araos, Andres (57215608479); Diaz-Saavedra, Emerson (59073999000); Moraga, Paola (57148009700); Pinto, Hernan (57193934642); Yepes, Víctor (57200949536)","7406129672; 57215608479; 59073999000; 57148009700; 57193934642; 57200949536","Relevance of Machine Learning Techniques in Water Infrastructure Integrity and Quality: A Review Powered by Natural Language Processing","2023","Applied Sciences (Switzerland)","13","22","12497","","","22","10.3390/app132212497","https://www.scopus.com/pages/publications/85192441655?origin=resultslist","Review","Final","All Open Access; Gold Open Access; Green Open Access","Scopus","2-s2.0-85192441655"
"Mussagy C.U.; Dufossé L.","Mussagy, Cassamo U. (57205156967); Dufossé, Laurent (57200168801)","57205156967; 57200168801","A review of natural astaxanthin production in a circular bioeconomy context using Paracoccus carotinifaciens","2023","Bioresource Technology","369","","128499","","","28","10.1016/j.biortech.2022.128499","https://www.scopus.com/pages/publications/85144332433?origin=resultslist","Review","Final","All Open Access; Bronze Open Access; Green Open Access","Scopus","2-s2.0-85144332433"
"Aracena A.; Elgueta S.; Pizarro S.; Zúñiga C.","Aracena, Andrés (56433275900); Elgueta, Sebastián (36086032800); Pizarro, Sebastián (59352337800); Zúñiga, César (23007160200)","56433275900; 36086032800; 59352337800; 23007160200","QTAIM Based Computational Assessment of Cleavage Prone Bonds in Highly Hazardous Pesticides","2025","Toxics","13","10","839","","","0","10.3390/toxics13100839","https://www.scopus.com/pages/publications/105020279633?origin=resultslist","Article","Final","All Open Access; Gold Open Access; Green Open Access","Scopus","2-s2.0-105020279633"
"Sá Filho A.S.; Inacio P.A.; Aprigliano V.; Leonardo P.S.; Oliveira-Silva I.; Cunha R.M.; Chiappa G.R.; Fajemiroye J.O.; Vieira R.P.; Lopes-Martins R.A.B.; Sales M.M.","Sá Filho, Alberto Souza (57151413300); Inacio, Pedro Augusto (58725298400); Aprigliano, Vicente (58106736100); Leonardo, Patricia Sardinha (12791441800); Oliveira-Silva, Iransé (57088985600); Cunha, Raphael Martins (55256880400); Chiappa, Gaspar R. (12244206400); Fajemiroye, James Oluwagbamigbe (55173866200); Vieira, Rodolfo P. (22982307700); Lopes-Martins, Rodrigo Alvaro Brandão (6602553851); Sales, Marcelo Magalhães (36644863400)","57151413300; 58725298400; 58106736100; 12791441800; 57088985600; 55256880400; 12244206400; 55173866200; 22982307700; 6602553851; 36644863400","Predictive and Cross-Validation Analysis of Aerobic and Anaerobic Performance Based on Maximum Strength","2025","Applied Sciences (Switzerland)","15","2","693","","","0","10.3390/app15020693","https://www.scopus.com/pages/publications/85216190821?origin=resultslist","Article","Final","All Open Access; Gold Open Access; Green Open Access","Scopus","2-s2.0-85216190821"
"Garcia Del Pino G.; Bezazi A.; Boumediri H.; Kieling A.C.; Valin Rivera J.L.; Dehaini J.; Valenzuela Díaz F.R.","Garcia Del Pino, Gilberto (55737167200); Bezazi, Abderrezak (15753490900); Boumediri, Haithem (57209540108); Kieling, Antonio Claudio (57191512075); Valin Rivera, Jose Luis (57215038914); Dehaini, Jamile (57215051742); Valenzuela Díaz, Francisco Rolando (6506507655)","55737167200; 15753490900; 57209540108; 57191512075; 57215038914; 57215051742; 6506507655","Composite Materials in Epoxy Resin Matrix Using Curaua Fibers","2021","Lecture Notes in Mechanical Engineering","","","","333","340","0","10.1007/978-3-030-52071-7_46","https://www.scopus.com/pages/publications/85090514832?origin=resultslist","Conference paper","Final","","Scopus","2-s2.0-85090514832"
"Paz Á.; Crawford B.; Monfroy E.; Rodriguez-Tello E.; Barrera-García J.; Cisternas-Caneo F.; Cortés B.L.; Lazo Y.; Yáñez A.; Peña Fritz Á.; Soto R.","Paz, Álex (58782560700); Crawford, Broderick (23395875300); Monfroy, Eric (6701648878); Rodriguez-Tello, Eduardo (13609694400); Barrera-García, José (58843404200); Cisternas-Caneo, Felipe (57219988879); Cortés, Benjamín López (60396881500); Lazo, Yoslandy (26029395300); Yáñez, Andrés (59917894200); Peña Fritz, Álvaro (56959863300); Soto, Ricardo (24403038600)","58782560700; 23395875300; 6701648878; 13609694400; 58843404200; 57219988879; 60396881500; 26029395300; 59917894200; 56959863300; 24403038600","Bioinspired Optimization for Feature Selection in Post-Compliance Risk Prediction","2026","Biomimetics","11","3","190","","","0","10.3390/biomimetics11030190","https://www.scopus.com/pages/publications/105034163886?origin=resultslist","Article","Final","All Open Access; Gold Open Access; Green Open Access","Scopus","2-s2.0-105034163886"
"Silva W.A.; Sá Filho A.S.; Ramos P.S.; Chiappa A.M.G.; Aprigliano V.; Oliveira-Silva I.; Cunha R.M.; Fajemiroye J.O.; Vieira R.P.; Ferrari G.; Chiappa G.R.","Silva, Weder A. (58530141300); Sá Filho, Alberto Souza (57151413300); Ramos, Plinio S. (35424393200); Chiappa, Adriana M. Güntzel (56358206900); Aprigliano, Vicente (58106736100); Oliveira-Silva, Iransé (57088985600); Cunha, Raphael Martins (55256880400); Fajemiroye, James Oluwagbamigbe (55173866200); Vieira, Rodolfo P. (22982307700); Ferrari, Gerson (57208326105); Chiappa, Gaspar R. (12244206400)","58530141300; 57151413300; 35424393200; 56358206900; 58106736100; 57088985600; 55256880400; 55173866200; 22982307700; 57208326105; 12244206400","Exploring the Clinical Utility of Cardiorespiratory Optimal Point in Heart Failure Patients: Creating a New Research Gap","2025","Applied Sciences (Switzerland)","15","7","3495","","","2","10.3390/app15073495","https://www.scopus.com/pages/publications/105002468173?origin=resultslist","Review","Final","All Open Access; Gold Open Access; Green Open Access","Scopus","2-s2.0-105002468173"
"Cisternas-Caneo F.; Santamera-Lastras M.; Barrera-Garcia J.; Crawford B.; Soto R.; Brante-Aguilera C.; Garcés-Jiménez A.; Rodriguez-Puyol D.; Gómez-Pulido J.M.","Cisternas-Caneo, Felipe (57219988879); Santamera-Lastras, María (59917057800); Barrera-Garcia, José (58843404200); Crawford, Broderick (23395875300); Soto, Ricardo (24403038600); Brante-Aguilera, Cristóbal (59918247500); Garcés-Jiménez, Alberto (57211567137); Rodriguez-Puyol, Diego (7005518392); Gómez-Pulido, José Manuel (36767542700)","57219988879; 59917057800; 58843404200; 23395875300; 24403038600; 59918247500; 57211567137; 7005518392; 36767542700","Application of Metaheuristics for Optimizing Predictive Models in iHealth: A Case Study on Hypotension Prediction in Dialysis Patients","2025","Biomimetics","10","5","314","","","3","10.3390/biomimetics10050314","https://www.scopus.com/pages/publications/105006739838?origin=resultslist","Article","Final","All Open Access; Gold Open Access; Green Open Access","Scopus","2-s2.0-105006739838"
"Tinajero-Díaz E.; Kimmins S.D.; García-Carvajal Z.-Y.; Martínez de Ilarduya A.","Tinajero-Díaz, Ernesto (56150978600); Kimmins, Scott D. (36774702300); García-Carvajal, Zaira-Yunuen (6504548394); Martínez de Ilarduya, Antxon (57344210800)","56150978600; 36774702300; 6504548394; 57344210800","Polypeptide-based materials prepared by ring-opening polymerisation of anionic-based α-amino acid N-carboxyanhydrides: A platform for delivery of bioactive-compounds","2021","Reactive and Functional Polymers","168","","105040","","","8","10.1016/j.reactfunctpolym.2021.105040","https://www.scopus.com/pages/publications/85116079682?origin=resultslist","Article","Final","All Open Access; Green Open Access; Hybrid Gold Open Access","Scopus","2-s2.0-85116079682"
"Lemus-Romani J.; Crawford B.; Cisternas-Caneo F.; Soto R.; Becerra-Rozas M.","Lemus-Romani, José (57208862820); Crawford, Broderick (23395875300); Cisternas-Caneo, Felipe (57219988879); Soto, Ricardo (24403038600); Becerra-Rozas, Marcelo (57219448750)","57208862820; 23395875300; 57219988879; 24403038600; 57219448750","Binarization of Metaheuristics: Is the Transfer Function Really Important?","2023","Biomimetics","8","5","400","","","11","10.3390/biomimetics8050400","https://www.scopus.com/pages/publications/85172199414?origin=resultslist","Article","Final","All Open Access; Gold Open Access; Green Open Access","Scopus","2-s2.0-85172199414"
"Julio-Pieper M.; López-Aguilera A.; Eyzaguirre-Velásquez J.; Olavarría-Ramírez L.; Ibacache-Quiroga C.; Bravo J.A.; Cruz G.","Julio-Pieper, Marcela (14008698500); López-Aguilera, Alejandra (57218698082); Eyzaguirre-Velásquez, Johana (57189987612); Olavarría-Ramírez, Loreto (56716265500); Ibacache-Quiroga, Claudia (35223433000); Bravo, Javier A. (14023907300); Cruz, Gonzalo (54786409400)","14008698500; 57218698082; 57189987612; 56716265500; 35223433000; 14023907300; 54786409400","Gut susceptibility to viral invasion: Contributing roles of diet, microbiota and enteric nervous system to mucosal barrier preservation","2021","International Journal of Molecular Sciences","22","9","4734","","","17","10.3390/ijms22094734","https://www.scopus.com/pages/publications/85105481789?origin=resultslist","Review","Final","All Open Access; Gold Open Access; Green Open Access","Scopus","2-s2.0-85105481789"
"Lazo Y.; Paz Á.; Crawford B.; Valle C.; Rodriguez-Tello E.; Soto R.; Barrera-Garcia J.; Cisternas-Caneo F.; López Cortés B.","Lazo, Yoslandy (26029395300); Paz, Álex (58782560700); Crawford, Broderick (23395875300); Valle, Carlos (13611071300); Rodriguez-Tello, Eduardo (13609694400); Soto, Ricardo (24403038600); Barrera-Garcia, José (58843404200); Cisternas-Caneo, Felipe (57219988879); López Cortés, Benjamín (60159666600)","26029395300; 58782560700; 23395875300; 13611071300; 13609694400; 24403038600; 58843404200; 57219988879; 60159666600","Bioinspired Deep Neural Networks for Predicting Income-Reporting Discontinuities in the Chilean Student Loan Program","2026","Biomimetics","11","2","98","","","0","10.3390/biomimetics11020098","https://www.scopus.com/pages/publications/105031431871?origin=resultslist","Article","Final","All Open Access; Gold Open Access; Green Open Access","Scopus","2-s2.0-105031431871"
"Henríquez R.; Salazar Nogales P.; Grez Moreno P.; Muñoz Cartagena E.; Leyton Bongiorno P.; Zerega Garate P.; Navarrete-Astorga E.; Dalchiele E.A.","Henríquez, Rodrigo (55554951600); Salazar Nogales, Paula (58362137100); Grez Moreno, Paula (6506476548); Muñoz Cartagena, Eduardo (59217668700); Leyton Bongiorno, Patricio (57211004146); Zerega Garate, Pablo (59217096400); Navarrete-Astorga, Elena (57197739815); Dalchiele, Enrique A. (6701854336)","55554951600; 58362137100; 6506476548; 59217668700; 57211004146; 59217096400; 57197739815; 6701854336","Solvothermal Synthesis of Cu2ZnSnSe4 Nanoparticles and Their Visible-Light-Driven Photocatalytic Activity","2024","Nanomaterials","14","13","1079","","","8","10.3390/nano14131079","https://www.scopus.com/pages/publications/85198480322?origin=resultslist","Article","Final","All Open Access; Gold Open Access; Green Open Access","Scopus","2-s2.0-85198480322"
"Nuñez S.M.; Trujillo Preuss F.E.; Masip Macía Y.","Nuñez, Suleivys M. (57212408308); Trujillo Preuss, Felipe E. (58341843700); Masip Macía, Yunesky (36159702500)","57212408308; 58341843700; 36159702500","Numerical Study for the Design of a Thermal Energy Storage System with Multiple Tunnels Based on Phase Change Material: Case Study Mining in Chile (Thermal Storage in Off-Grid Industrial Applications)","2024","Applied Sciences (Switzerland)","14","9","3690","","","3","10.3390/app14093690","https://www.scopus.com/pages/publications/85192780951?origin=resultslist","Article","Final","All Open Access; Gold Open Access; Green Open Access","Scopus","2-s2.0-85192780951"
"Bustamante J.; Gallardo-Sepúlveda R.; Atencio E.; Parra P.F.","Bustamante, Javier (59939358600); Gallardo-Sepúlveda, Ricardo (57557593700); Atencio, Edison (57215433542); Parra, Pablo F. (56625715500)","59939358600; 57557593700; 57215433542; 56625715500","Sensitivity Analysis of the Influence of Heavy-Intensity Rain Duration on the Stability of Granular Soil Slopes Under Unsaturated Conditions","2025","Applied Sciences (Switzerland)","15","11","6074","","","0","10.3390/app15116074","https://www.scopus.com/pages/publications/105007843328?origin=resultslist","Article","Final","All Open Access; Gold Open Access; Green Open Access","Scopus","2-s2.0-105007843328"
"Urtuvia V.; Maturana N.; Peña C.; Díaz-Barrera A.","Urtuvia, Viviana (35390155100); Maturana, Nataly (57193443810); Peña, Carlos (55989663100); Díaz-Barrera, Alvaro (20435715600)","35390155100; 57193443810; 55989663100; 20435715600","Accumulation of poly(3-hydroxybutyrate-co-3-hydroxyvalerate) by Azotobacter vinelandii with different 3HV fraction in shake flasks and bioreactor","2020","Bioprocess and Biosystems Engineering","43","8","","1469","1478","21","10.1007/s00449-020-02340-6","https://www.scopus.com/pages/publications/85083064021?origin=resultslist","Article","Final","","Scopus","2-s2.0-85083064021"
"Bahamondes C.; Illanes A.; Pouchucq L.","Bahamondes, Carola (6507536924); Illanes, Andrés (7004170275); Pouchucq, Luis (57200440171)","6507536924; 7004170275; 57200440171","Effect of external diffusional restrictions in immobilized enzymes in stirred reactors","2025","Biocatalysis and Biotransformation","43","3","","228","244","3","10.1080/10242422.2025.2462009","https://www.scopus.com/pages/publications/85217570333?origin=resultslist","Review","Final","","Scopus","2-s2.0-85217570333"
"Prada Y.A.; Guzmán F.; Ortíz C.; Cabanzo R.; Torres R.; Mejía-Ospino E.","Prada, Y.A. (57189709940); Guzmán, Fanny (7004463815); Ortíz, Claudia (35556523500); Cabanzo, Rafael (24278599300); Torres, Rodrigo (7203008451); Mejía-Ospino, Enrique (57188593669)","57189709940; 7004463815; 35556523500; 24278599300; 7203008451; 57188593669","New Synthetic Peptides Conjugated to Gold Nanoclusters: Antibiotic Activity Against Escherichia coli O157:H7 and Methicillin-Resistant Staphylococcus aureus (MRSA)","2019","Protein Journal","38","5","","506","514","9","10.1007/s10930-019-09840-9","https://www.scopus.com/pages/publications/85066881119?origin=resultslist","Article","Final","","Scopus","2-s2.0-85066881119"
"Jimenez P.; Garcia P.; Quitral V.; Vasquez K.; Parra-Ruiz C.; Reyes-Farias M.; Garcia-Diaz D.F.; Robert P.; Encina C.; Soto-Covasich J.","Jimenez, Paula (55597914900); Garcia, Paula (56817139500); Quitral, Vilma (6507147788); Vasquez, Karla (55340892200); Parra-Ruiz, Claudia (57191229517); Reyes-Farias, Marjorie (58532301600); Garcia-Diaz, Diego F (23995030100); Robert, Paz (7201370337); Encina, Cristian (36944536200); Soto-Covasich, Jessica (56290781800)","55597914900; 56817139500; 6507147788; 55340892200; 57191229517; 58532301600; 23995030100; 7201370337; 36944536200; 56290781800","Pulp, Leaf, Peel and Seed of Avocado Fruit: A Review of Bioactive Compounds and Healthy Benefits","2021","Food Reviews International","37","6","","619","655","121","10.1080/87559129.2020.1717520","https://www.scopus.com/pages/publications/85079160419?origin=resultslist","Review","Final","All Open Access; Green Open Access","Scopus","2-s2.0-85079160419"
"Vielma J.C.; Porcu M.C.; López N.","Vielma, Juan Carlos (57216408783); Porcu, Maria Cristina (56834689600); López, Nelson (57220130341)","57216408783; 56834689600; 57220130341","Intensity measure based on a smooth inelastic peak period for a more effective incremental dynamic analysis","2020","Applied Sciences (Switzerland)","10","23","8632","1","21","13","10.3390/app10238632","https://www.scopus.com/pages/publications/85097018655?origin=resultslist","Article","Final","All Open Access; Gold Open Access; Green Open Access","Scopus","2-s2.0-85097018655"
"Lozano Galant F.; Atencio E.; Tošić N.; González-Arteaga J.; Xia Y.","Lozano Galant, Fidel (58962397900); Atencio, Edison (57215433542); Tošić, Nikola (56519872400); González-Arteaga, Jesús (57194039380); Xia, Ye (55553987200)","58962397900; 57215433542; 56519872400; 57194039380; 55553987200","Automatic Calibration of Structural Damage in Building Information Modeling Models with Robotic Process Automation","2026","Engineering","","","","","","0","10.1016/j.eng.2026.04.001","https://www.scopus.com/pages/publications/105036240670?origin=resultslist","Article","Article in press","All Open Access; Gold Open Access","Scopus","2-s2.0-105036240670"
"Marrani A.G.; Motta A.; Amato F.; Schrebler R.; Zanoni R.; Dalchiele E.A.","Marrani, Andrea G. (58871338800); Motta, Alessandro (57224571522); Amato, Francesco (57963266600); Schrebler, Ricardo (56213692700); Zanoni, Robertino (7005637221); Dalchiele, Enrique A. (6701854336)","58871338800; 57224571522; 57963266600; 56213692700; 7005637221; 6701854336","Effect of electrolytic medium on the electrochemical reduction of graphene oxide on Si(111) as probed by XPS","2022","Nanomaterials","12","1","43","","","17","10.3390/nano12010043","https://www.scopus.com/pages/publications/85121524681?origin=resultslist","Article","Final","All Open Access; Gold Open Access; Green Open Access","Scopus","2-s2.0-85121524681"
"Guan Y.; Hooker J.P.; Naranjo Ruiz C.; Kimmins S.; Weerarathna L.J.; Junkers T.; Cameron N.R.","Guan, Yixing (60134431600); Hooker, Jordan P. (57190051121); Naranjo Ruiz, Cintia (59950017300); Kimmins, Scott (36774702300); Weerarathna, Lakshani Jayaprada (58857186100); Junkers, Tanja (8565169400); Cameron, Neil R. (7103056170)","60134431600; 57190051121; 59950017300; 36774702300; 58857186100; 8565169400; 7103056170","Coupled Microfluidic Synthesis and In Situ RGD Functionalization of PolyHIPE Microspheres","2026","ACS Applied Polymer Materials","8","5","","3668","3679","0","10.1021/acsapm.5c04715","https://www.scopus.com/pages/publications/105032750078?origin=resultslist","Article","Final","","Scopus","2-s2.0-105032750078"
"Becerra-Rozas M.; Crawford B.; Soto R.; Talbi E.-G.; Gómez-Pulido J.M.","Becerra-Rozas, Marcelo (57219448750); Crawford, Broderick (23395875300); Soto, Ricardo (24403038600); Talbi, El-Ghazali (6701668267); Gómez-Pulido, Jose M. (36767542700)","57219448750; 23395875300; 24403038600; 6701668267; 36767542700","Challenging the Limits of Binarization: A New Scheme Selection Policy Using Reinforcement Learning Techniques for Binary Combinatorial Problem Solving","2024","Biomimetics","9","2","89","","","0","10.3390/biomimetics9020089","https://www.scopus.com/pages/publications/85185953587?origin=resultslist","Article","Final","All Open Access; Gold Open Access; Green Open Access","Scopus","2-s2.0-85185953587"
"Henríquez R.; Mestra-Acosta A.S.; Grez P.; Muñoz E.; Sessarego G.; Navarrete-Astorga E.; Dalchiele E.A.","Henríquez, Rodrigo (55554951600); Mestra-Acosta, Alifhers S. (57352453900); Grez, Paula (6506476548); Muñoz, Eduardo (13611547600); Sessarego, Gustavo (57194003562); Navarrete-Astorga, Elena (57197739815); Dalchiele, Enrique A. (6701854336)","55554951600; 57352453900; 6506476548; 13611547600; 57194003562; 57197739815; 6701854336","High-performance asymmetric supercapacitor based on a CdCO3/CdO/Co3O4 composite supported on Ni foam – part II: a three-electrode electrochemical study†","2023","RSC Advances","13","15","","10068","10081","5","10.1039/d3ra00499f","https://www.scopus.com/pages/publications/85179816668?origin=resultslist","Article","Final","All Open Access; Gold Open Access; Green Open Access","Scopus","2-s2.0-85179816668"
"Ayala-Claveria M.; Carlesi C.; Puig J.; Olguin G.","Ayala-Claveria, Martin (59422265300); Carlesi, Carlos (57217165711); Puig, Julieta (56254133500); Olguin, Gianni (56043666900)","59422265300; 57217165711; 56254133500; 56043666900","The Impact of Adsorption Property Modification by Crosslinkers on Graphene Oxide Membrane Separation Performance","2024","Processes","12","11","2320","","","4","10.3390/pr12112320","https://www.scopus.com/pages/publications/85210597490?origin=resultslist","Review","Final","All Open Access; Gold Open Access","Scopus","2-s2.0-85210597490"
"Nieto S.; Toledo P.G.; Robles P.; Quezada G.R.; Jeldres R.I.","Nieto, Steven (57212408022); Toledo, Pedro G. (7003737536); Robles, Pedro (12774054800); Quezada, Gonzalo R. (56461257700); Jeldres, Ricardo I. (56085610300)","57212408022; 7003737536; 12774054800; 56461257700; 56085610300","Impact of magnesium on the flocculation, sedimentation and consolidation of clay-rich tailings in lime-treated seawater","2024","Separation and Purification Technology","332","","125633","","","10","10.1016/j.seppur.2023.125633","https://www.scopus.com/pages/publications/85177775089?origin=resultslist","Article","Final","","Scopus","2-s2.0-85177775089"
"Sadino-Riquelme M.C.; Rivas J.; Jeison D.; Hayes R.E.; Donoso-Bravo A.","Sadino-Riquelme, M. Constanza (57214892787); Rivas, José (57204664136); Jeison, David (6507881259); Hayes, Robert E. (57203044203); Donoso-Bravo, Andrés (25723108900)","57214892787; 57204664136; 6507881259; 57203044203; 25723108900","Making sense of parameter estimation and model simulation in bioprocesses","2020","Biotechnology and Bioengineering","117","5","","1357","1366","23","10.1002/bit.27294","https://www.scopus.com/pages/publications/85079451324?origin=resultslist","Article","Final","","Scopus","2-s2.0-85079451324"
"Guerrero S.; Hassan N.; Salas-Huenuleo E.; Moglia I.; Prades R.; Massa S.; Teixido M.; Guzman F.; Giralt E.; Albericio F.; de Oliveira E.; Araya E.; Kogan M.J.","Guerrero, Simón (25223038800); Hassan, Natalia (36611719700); Salas-Huenuleo, Edison (57195977691); Moglia, Italo (56276383900); Prades, Roger (16444558800); Massa, Solange (56189631700); Teixido, Meritxell (16445151300); Guzman, Fanny (7004463815); Giralt, Ernest (56711354500); Albericio, Fernando (7005138070); de Oliveira, Eliandre (7103103855); Araya, Eyleen (7004867817); Kogan, Marcelo J. (7102617437)","25223038800; 36611719700; 57195977691; 56276383900; 16444558800; 56189631700; 16445151300; 7004463815; 56711354500; 7005138070; 7103103855; 7004867817; 7102617437","Apolipoprotein E-enriched protein corona enhances the blood–brain barrier transport of β-sheet-breaker peptide-functionalized gold nanoparticles","2026","Colloids and Surfaces B: Biointerfaces","262","","115538","","","0","10.1016/j.colsurfb.2026.115538","https://www.scopus.com/pages/publications/105034152862?origin=resultslist","Article","Final","","Scopus","2-s2.0-105034152862"
"Godoy M.P.; Rusu C.; Granollers T.; Hatibovic F.; König L.","Godoy, María Paz (57772853500); Rusu, Cristian (15521347000); Granollers, Toni (56962781000); Hatibovic, Fuad (57193558466); König, Luisa (59917569700)","57772853500; 15521347000; 56962781000; 57193558466; 59917569700","Advancing Workplace Efficiency: A Motivated Information Management-Based Model for Information Consumer Experience","2025","Applied Sciences (Switzerland)","15","10","5707","","","0","10.3390/app15105707","https://www.scopus.com/pages/publications/105006736790?origin=resultslist","Article","Final","All Open Access; Gold Open Access; Green Open Access","Scopus","2-s2.0-105006736790"
"Alfaro R.; Allende-Cid H.; Allende H.","Alfaro, Rodrigo (37101112100); Allende-Cid, Héctor (57208732887); Allende, Héctor (22333831700)","37101112100; 57208732887; 22333831700","Multilabel Text Classification with Label-Dependent Representation","2023","Applied Sciences (Switzerland)","13","6","3594","","","11","10.3390/app13063594","https://www.scopus.com/pages/publications/85152297400?origin=resultslist","Article","Final","All Open Access; Gold Open Access; Green Open Access","Scopus","2-s2.0-85152297400"
"Manquián-Cerda K.; Calderón R.; Molina-Roco M.; Maldonado T.; Arancibia-Miranda N.","Manquián-Cerda, Karen (36127668100); Calderón, Raúl (56341641600); Molina-Roco, Mauricio (57344214400); Maldonado, Tamara (57191910761); Arancibia-Miranda, Nicolás (36969561600)","36127668100; 56341641600; 57344214400; 57191910761; 36969561600","Cd2+ Sorption Alterations in Ultisol Soils Triggered by Different Engineered Nanoparticles and Incubation Times","2023","Nanomaterials","13","24","3115","","","4","10.3390/nano13243115","https://www.scopus.com/pages/publications/85180701654?origin=resultslist","Article","Final","All Open Access; Gold Open Access; Green Open Access","Scopus","2-s2.0-85180701654"
"Ji G.; Kou X.; Anjum T.; Khan A.L.; Yin X.; Elma M.; Olguin G.","Ji, Guozhao (55262553900); Kou, Xiaonan (58059136300); Anjum, Tanzila (57220549543); Khan, Asim Laeeq (35329787700); Yin, Xian (58059157100); Elma, Muthia (55758444600); Olguin, Gianni (56043666900)","55262553900; 58059136300; 57220549543; 35329787700; 58059157100; 55758444600; 56043666900","The interpretation of diverging hydrogen and carbon dioxide permeations with temperature across silica-based membranes","2024","Journal of Membrane Science","695","","122472","","","11","10.1016/j.memsci.2024.122472","https://www.scopus.com/pages/publications/85183501756?origin=resultslist","Article","Final","","Scopus","2-s2.0-85183501756"
"Seriani S.; Arce P.; Belmar C.; Blanche V.; Valencia A.; Luza D.; Fujiyama T.","Seriani, Sebastian (56545753100); Arce, Pablo (58220648500); Belmar, Carla (58221742400); Blanche, Vicente (58220862700); Valencia, Alejandra (55279219300); Luza, David (57190217118); Fujiyama, Taku (26640412100)","56545753100; 58220648500; 58221742400; 58220862700; 55279219300; 57190217118; 26640412100","Analyzing the Effect of Yellow Safety Line Designs at the Platform Edge in Metro Stations: An Experimental Approach","2023","Applied Sciences (Switzerland)","13","8","4791","","","4","10.3390/app13084791","https://www.scopus.com/pages/publications/85156155983?origin=resultslist","Article","Final","All Open Access; Gold Open Access; Green Open Access","Scopus","2-s2.0-85156155983"
"Yañez L.; Conejeros R.; Vergara-Fernández A.; Scott F.","Yañez, Luz (56709417100); Conejeros, Raúl (35611393300); Vergara-Fernández, Alberto (16240235200); Scott, Felipe (55743894700)","56709417100; 35611393300; 16240235200; 55743894700","Beyond Intracellular Accumulation of Polyhydroxyalkanoates: Chiral Hydroxyalkanoic Acids and Polymer Secretion","2020","Frontiers in Bioengineering and Biotechnology","8","","248","","","35","10.3389/fbioe.2020.00248","https://www.scopus.com/pages/publications/85083522557?origin=resultslist","Review","Final","All Open Access; Gold Open Access; Green Open Access","Scopus","2-s2.0-85083522557"
"Çevik U.A.; Celik I.; Mella J.; Mellado M.; Özkay Y.; Kaplancikli Z.A.","Çevik, Ulviye Acar (57191752892); Celik, Ismail (57222080211); Mella, Jaime (56925090500); Mellado, Marco (55442913900); Özkay, Yusuf (23478273900); Kaplancikli, Zafer Asim (6602311259)","57191752892; 57222080211; 56925090500; 55442913900; 23478273900; 6602311259","Design, Synthesis, and Molecular Modeling Studies of a Novel Benzimidazole as an Aromatase Inhibitor","2022","ACS Omega","7","18","","16152","16163","32","10.1021/acsomega.2c01497","https://www.scopus.com/pages/publications/85130410744?origin=resultslist","Article","Final","All Open Access; Gold Open Access; Green Open Access","Scopus","2-s2.0-85130410744"
"Camu E.; Pasten B.; Matus C.; Ramirez F.; Ojeda J.; Aguila G.; Baeza P.","Camu, Esteban (37101088700); Pasten, Barbara (57217202345); Matus, Camila (57190072292); Ramirez, Fernanda (57217198172); Ojeda, Juan (7006607945); Aguila, Gonzalo (23018231300); Baeza, Patricio (8225737300)","37101088700; 57217202345; 57190072292; 57217198172; 7006607945; 23018231300; 8225737300","Simultaneous adsorption of 4,6-dimethyldibenzothiophene and quinoline over Nickel and Boron modified Gamma-Al2O3 adsorbent","2020","Processes","8","4","419","","","4","10.3390/PR8040419","https://www.scopus.com/pages/publications/85086731832?origin=resultslist","Article","Final","All Open Access; Gold Open Access; Green Open Access","Scopus","2-s2.0-85086731832"
"Mussagy C.U.; Caicedo Paz A.V.; Cornejo P.; Santander C.; González F.; Voloua R.G.; Besoain X.; Larach A.; Salinas A.; Godoy K.; Sangaré D.","Mussagy, Cassamo U. (57205156967); Caicedo Paz, Angie V. (58030292900); Cornejo, Pablo (24553838900); Santander, Christian (55366787200); González, Felipe (57889678800); Voloua, Rafael G. (59485092600); Besoain, Ximena (6508020848); Larach, Alejandra (35183365000); Salinas, Aldo (54584220500); Godoy, Karina (55507131000); Sangaré, Diakaridia (57221223843)","57205156967; 58030292900; 24553838900; 55366787200; 57889678800; 59485092600; 6508020848; 35183365000; 54584220500; 55507131000; 57221223843","CFD insights into microwave- assisted deep eutectic solvent for the recovery of astaxanthin from bacteria Paracoccus carotinifaciens: From extraction to agricultural applications","2025","Separation and Purification Technology","360","","131212","","","15","10.1016/j.seppur.2024.131212","https://www.scopus.com/pages/publications/85212959577?origin=resultslist","Article","Final","","Scopus","2-s2.0-85212959577"
"Quezada G.R.; Ramos J.; Jeldres R.I.; Robles P.; Toledo P.G.","Quezada, Gonzalo R. (56461257700); Ramos, Jahir (57212110791); Jeldres, Ricardo I. (56085610300); Robles, Pedro (12774054800); Toledo, Pedro G. (7003737536)","56461257700; 57212110791; 56085610300; 12774054800; 7003737536","Analysis of the flocculation process of fine tailings particles in saltwater through a population balance model","2020","Separation and Purification Technology","237","","116319","","","19","10.1016/j.seppur.2019.116319","https://www.scopus.com/pages/publications/85075944953?origin=resultslist","Article","Final","","Scopus","2-s2.0-85075944953"
"Velastín N.; Contreras-Núñez R.; Pino-Cortés E.; Espinoza Pérez L.; Vallejo F.; Espinoza Pérez A.","Velastín, Natalia (59713484000); Contreras-Núñez, Rodrigo (59983749400); Pino-Cortés, Ernesto (56830455800); Espinoza Pérez, Lorena (57222140496); Vallejo, Fidel (57211057346); Espinoza Pérez, Andrea (57203582471)","59713484000; 59983749400; 56830455800; 57222140496; 57211057346; 57203582471","Environmental Impact of Massive Food Services and Homemade Meals: A Case Study on Stewed Chickpeas","2025","Applied Sciences (Switzerland)","15","13","7141","","","0","10.3390/app15137141","https://www.scopus.com/pages/publications/105010187108?origin=resultslist","Article","Final","All Open Access; Gold Open Access; Green Open Access","Scopus","2-s2.0-105010187108"
"Tavernini L.; Aburto C.; Romero O.; Illanes A.; Wilson L.","Tavernini, Luigi (16319713300); Aburto, Carla (57188974717); Romero, Oscar (26667441500); Illanes, Andrés (7004170275); Wilson, Lorena (7403520925)","16319713300; 57188974717; 26667441500; 7004170275; 7403520925","Encapsulation of combi-cleas of glycosidases in alginate beads and polyvinyl alcohol for wine aroma enhancement","2021","Catalysts","11","7","866","","","6","10.3390/catal11070866","https://www.scopus.com/pages/publications/85110420143?origin=resultslist","Article","Final","All Open Access; Gold Open Access; Green Open Access","Scopus","2-s2.0-85110420143"
"Hernández M.R.; Sánchez-Herguedas A.; González-Prida V.; Contreras S.S.; Crespo Márquez A.","Hernández, Mauricio Rodríguez (59034475900); Sánchez-Herguedas, Antonio (57331420700); González-Prida, Vicente (55368257900); Contreras, Sebastián Soto (59425481100); Crespo Márquez, Adolfo (24175681000)","59034475900; 57331420700; 55368257900; 59425481100; 24175681000","Digitalization and Dynamic Criticality Analysis for Railway Asset Management","2024","Applied Sciences (Switzerland)","14","22","10642","","","1","10.3390/app142210642","https://www.scopus.com/pages/publications/85210226019?origin=resultslist","Article","Final","All Open Access; Gold Open Access","Scopus","2-s2.0-85210226019"
"Berríos S.; Garcia S.; Hermosilla P.; Allende-Cid H.","Berríos, Sebastián (59713368800); Garcia, Sebastián (59939142500); Hermosilla, Pamela (57203111863); Allende-Cid, Héctor (57208732887)","59713368800; 59939142500; 57203111863; 57208732887","A Machine-Learning-Based Approach for the Detection and Mitigation of Distributed Denial-of-Service Attacks in Internet of Things Environments","2025","Applied Sciences (Switzerland)","15","11","6012","","","10","10.3390/app15116012","https://www.scopus.com/pages/publications/105007676698?origin=resultslist","Article","Final","All Open Access; Gold Open Access; Green Open Access","Scopus","2-s2.0-105007676698"
"Castillo W.; Gallardo-Sepúlveda R.; Atencio E.; Moffat R.; Nuñez O.","Castillo, Wilson (59707795700); Gallardo-Sepúlveda, Ricardo (57557593700); Atencio, Edison (57215433542); Moffat, Ricardo (14522966800); Nuñez, Omar (59707330300)","59707795700; 57557593700; 57215433542; 14522966800; 59707330300","Numerical Modeling of One-Dimensional Consolidation Theory in Saturated and Unsaturated Tailings Using the Soft Soil and Hardening Soil Constitutive Models","2025","Applied Sciences (Switzerland)","15","6","3111","","","3","10.3390/app15063111","https://www.scopus.com/pages/publications/105000925241?origin=resultslist","Article","Final","All Open Access; Gold Open Access; Green Open Access","Scopus","2-s2.0-105000925241"
"Huerta M.; Cornejo F.; Aburto C.; Illanes A.; Vera C.; Guerrero C.","Huerta, Macarena (58670957400); Cornejo, Fabian (56015570900); Aburto, Carla (57188974717); Illanes, Andrés (7004170275); Vera, Carlos (55238284100); Guerrero, Cecilia (36738876300)","58670957400; 56015570900; 57188974717; 7004170275; 55238284100; 36738876300","Enzymatic production of rare sugars with a new mutant of cellobiose 2-epimerase from Caldicellulosiruptor saccharolyticus","2024","Bioresource Technology","391","","129936","","","16","10.1016/j.biortech.2023.129936","https://www.scopus.com/pages/publications/85176605569?origin=resultslist","Article","Final","","Scopus","2-s2.0-85176605569"
"Huerta M.; Leiva V.; Liu S.; Rodríguez M.; Villegas D.","Huerta, Mauricio (57195952795); Leiva, Víctor (22953630400); Liu, Shuangzhe (55268389100); Rodríguez, Marcelo (57195953846); Villegas, Danny (57209007279)","57195952795; 22953630400; 55268389100; 57195953846; 57209007279","On a partial least squares regression model for asymmetric data with a chemical application in mining","2019","Chemometrics and Intelligent Laboratory Systems","190","","","55","68","56","10.1016/j.chemolab.2019.04.013","https://www.scopus.com/pages/publications/85066243590?origin=resultslist","Article","Final","","Scopus","2-s2.0-85066243590"
"Córdova O.; Passos F.; Chamy R.","Córdova, Olivia (35087915800); Passos, Fabiana (53881827500); Chamy, Rolando (6603874955)","35087915800; 53881827500; 6603874955","Enzymatic Pretreatment of Microalgae: Cell Wall Disruption, Biomass Solubilisation and Methane Yield Increase","2019","Applied Biochemistry and Biotechnology","189","3","","787","797","39","10.1007/s12010-019-03044-8","https://www.scopus.com/pages/publications/85066909520?origin=resultslist","Article","Final","","Scopus","2-s2.0-85066909520"
"Rojas M.; Hermosilla G.; Yunge D.; Farias G.","Rojas, Maximiliano (57888059200); Hermosilla, Gabriel (35797061600); Yunge, Daniel (55787059500); Farias, Gonzalo (23097347700)","57888059200; 35797061600; 55787059500; 23097347700","An Easy to Use Deep Reinforcement Learning Library for AI Mobile Robots in Isaac Sim","2022","Applied Sciences (Switzerland)","12","17","8429","","","19","10.3390/app12178429","https://www.scopus.com/pages/publications/85137892663?origin=resultslist","Article","Final","All Open Access; Gold Open Access; Green Open Access","Scopus","2-s2.0-85137892663"
"Caselli N.; Soto R.; Crawford B.; Valdivia S.; Chicata E.; Olivares R.","Caselli, Nicolás (59899004800); Soto, Ricardo (24403038600); Crawford, Broderick (23395875300); Valdivia, Sergio (57209881847); Chicata, Elizabeth (58843898700); Olivares, Rodrigo (55096374700)","59899004800; 24403038600; 23395875300; 57209881847; 58843898700; 55096374700","Dynamic Population on Bio-Inspired Algorithms Using Machine Learning for Global Optimization","2024","Biomimetics","9","1","7","","","4","10.3390/biomimetics9010007","https://www.scopus.com/pages/publications/85183154937?origin=resultslist","Article","Final","All Open Access; Gold Open Access; Green Open Access","Scopus","2-s2.0-85183154937"
"Retamal J.I.; Robles P.A.; Quezada G.R.; Jeldres R.I.","Retamal, Jose I. (58962343200); Robles, Pedro A. (12774054800); Quezada, Gonzalo R. (56461257700); Jeldres, Ricardo I. (56085610300)","58962343200; 12774054800; 56461257700; 56085610300","Molecular Design and Spodumene Flotation—A Review","2024","International Journal of Molecular Sciences","25","6","3227","","","11","10.3390/ijms25063227","https://www.scopus.com/pages/publications/85188990900?origin=resultslist","Review","Final","All Open Access; Gold Open Access; Green Open Access","Scopus","2-s2.0-85188990900"
"Trujillo-Reyes Á.; Pérez A.G.; Cuéllar S.G.; Serrano A.; Cubero-Cardoso J.; Jeison D.; Fermoso F.G.","Trujillo-Reyes, Ángeles (57208084377); Pérez, Ana G. (7402509643); Cuéllar, Sofía G. (58854111500); Serrano, Antonio (55595398900); Cubero-Cardoso, Juan (58419772900); Jeison, David (6507881259); Fermoso, Fernando G. (55912965500)","57208084377; 7402509643; 58854111500; 55595398900; 58419772900; 6507881259; 55912965500","Evaluation of toxic effect of monoterpene compounds on anaerobic digestion","2024","Journal of Environmental Chemical Engineering","12","2","112035","","","7","10.1016/j.jece.2024.112035","https://www.scopus.com/pages/publications/85183669271?origin=resultslist","Article","Final","All Open Access; Green Open Access; Hybrid Gold Open Access","Scopus","2-s2.0-85183669271"
"Lillo Otarola L.; de la Fuente-Mella H.; Ceroni-Díaz J.","Lillo Otarola, Luis (59488362000); de la Fuente-Mella, Hanns (25960662200); Ceroni-Díaz, José (59488362100)","59488362000; 25960662200; 59488362100","Introducing a Breakthrough Constant Pressure System: Transforming the Measurement of Clogging Potential in Wine Filtration","2024","Applied Sciences (Switzerland)","14","24","11640","","","2","10.3390/app142411640","https://www.scopus.com/pages/publications/85213282108?origin=resultslist","Article","Final","All Open Access; Gold Open Access; Green Open Access","Scopus","2-s2.0-85213282108"
"Rincón Á.; Contreras E.; Bargueño P.; Koch B.","Rincón, Ángel (56763719900); Contreras, Ernesto (36767066800); Bargueño, Pedro (16023773400); Koch, Benjamin (8988875900)","56763719900; 36767066800; 16023773400; 8988875900","Scale-dependent planar anti-de Sitter black hole","2019","European Physical Journal Plus","134","11","557","","","26","10.1140/epjp/i2019-13081-5","https://www.scopus.com/pages/publications/85074895876?origin=resultslist","Article","Final","All Open Access; Green Open Access","Scopus","2-s2.0-85074895876"
"Santibáñez L.; Córdova A.; Astudillo-Castro C.; Illanes A.","Santibáñez, Luciana (57951932900); Córdova, Andrés (54405633400); Astudillo-Castro, Carolina (7004510679); Illanes, Andrés (7004170275)","57951932900; 54405633400; 7004510679; 7004170275","Effect of the lactose hydrolysis on galacto-oligosaccharides mixtures subjected to nanofiltration: A detailed fractionation analysis","2019","Separation and Purification Technology","222","","","342","351","25","10.1016/j.seppur.2019.04.020","https://www.scopus.com/pages/publications/85064465774?origin=resultslist","Article","Final","","Scopus","2-s2.0-85064465774"
"Vicencio E.; Nuñez-Belmar J.; Cardenas J.P.; Cortés B.I.; Martin A.J.M.; Maracaja-Coutinho V.; Rojas A.; Cafferata E.A.; González-Osuna L.; Vernal R.; Cortez C.","Vicencio, Emiliano (57208001587); Nuñez-Belmar, Josefa (58055029100); Cardenas, Juan P. (35387679700); Cortés, Bastian I. (57207998566); Martin, Alberto J M (14719808500); Maracaja-Coutinho, Vinicius (29068002000); Rojas, Adolfo (57546938600); Cafferata, Emilio A. (57193676929); González-Osuna, Luis (57193367583); Vernal, Rolando (8384227500); Cortez, Cristian (53871143800)","57208001587; 58055029100; 35387679700; 57207998566; 14719808500; 29068002000; 57546938600; 57193676929; 57193367583; 8384227500; 53871143800","Erratum: Correction: Vicencio et al. Transcriptional Signatures and Network-Based Approaches Identified Master Regulators Transcription Factors Involved in Experimental Periodontitis Pathogenesis. Int. J. Mol. Sci. 2023, 24, 14835 (International journal of molecular sciences (2023) 24 19 PII: 1671)","2024","International journal of molecular sciences","25","3","","","","0","10.3390/ijms25031671","https://www.scopus.com/pages/publications/85185149883?origin=resultslist","Erratum","Final","All Open Access; Gold Open Access; Green Open Access","Scopus","2-s2.0-85185149883"
"Godoy M.P.; Rusu C.; Ugalde J.","Godoy, María Paz (57772853500); Rusu, Cristian (15521347000); Ugalde, Jonathan (57773375300)","57772853500; 15521347000; 57773375300","Information Consumer Experience: A Systematic Review","2022","Applied Sciences (Switzerland)","12","24","12630","","","4","10.3390/app122412630","https://www.scopus.com/pages/publications/85144838900?origin=resultslist","Review","Final","All Open Access; Gold Open Access; Green Open Access","Scopus","2-s2.0-85144838900"
"Ramos Magna A.; Zamora J.; Allende-Cid H.","Ramos Magna, Andres (59179533800); Zamora, Juan (57074856300); Allende-Cid, Hector (57208732887)","59179533800; 57074856300; 57208732887","Senti-Sequence: Learning to Represent Texts for Sentiment Polarity Classification","2024","Applied Sciences (Switzerland)","14","3","1033","","","3","10.3390/app14031033","https://www.scopus.com/pages/publications/85196375257?origin=resultslist","Article","Final","All Open Access; Gold Open Access; Green Open Access","Scopus","2-s2.0-85196375257"
"Riquelme D.; Madariaga C.; Jara W.; Bramerdorfer G.; Tapia J.A.; Riedemann J.","Riquelme, Danilo (57219225626); Madariaga, Carlos (57212476873); Jara, Werner (36677418100); Bramerdorfer, Gerd (36472918300); Tapia, Juan A. (7005420101); Riedemann, Javier (55823576200)","57219225626; 57212476873; 36677418100; 36472918300; 7005420101; 55823576200","Study on Stator-Rotor Misalignment in Modular Permanent Magnet Synchronous Machines with Different Slot/Pole Combinations","2023","Applied Sciences (Switzerland)","13","5","2777","","","8","10.3390/app13052777","https://www.scopus.com/pages/publications/85149927405?origin=resultslist","Article","Final","All Open Access; Gold Open Access; Green Open Access","Scopus","2-s2.0-85149927405"
"Uribe E.; Vega-Gálvez A.; García V.; Pastén A.; Rodríguez K.; López J.; Scala K.D.","Uribe, Elsa (16837407300); Vega-Gálvez, Antonio (55665185100); García, Vivian (57201197995); Pastén, Alexis (55883616600); Rodríguez, Katia (25823379300); López, Jéssica (26662289800); Scala, Karina Di (12647182200)","16837407300; 55665185100; 57201197995; 55883616600; 25823379300; 26662289800; 12647182200","Evaluation of physicochemical composition and bioactivity of a red seaweed (Pyropia orbicularis) as affected by different drying technologies","2020","Drying Technology","38","9","","1218","1230","40","10.1080/07373937.2019.1628771","https://www.scopus.com/pages/publications/85067895742?origin=resultslist","Article","Final","","Scopus","2-s2.0-85067895742"
"Zamorano Núñez G.A.; Norambuena N.; Quezada I.C.; Valín Rivera J.L.; Olmos J.N.; Ketterer C.G.","Zamorano Núñez, Gabriel Andrés (60424164200); Norambuena, Nicolás (59730545800); Quezada, Isabel Cuevas (60423532600); Valín Rivera, José Luis (57215038914); Olmos, Javier Narea (60424164300); Ketterer, Cristóbal Galleguillos (58125618700)","60424164200; 59730545800; 60423532600; 57215038914; 60424164300; 58125618700","Real-Time Automated Ergonomic Monitoring: A Bio-Inspired System Using 3D Computer Vision","2026","Biomimetics","11","2","88","","","0","10.3390/biomimetics11020088","https://www.scopus.com/pages/publications/105031417231?origin=resultslist","Article","Final","All Open Access; Gold Open Access; Green Open Access","Scopus","2-s2.0-105031417231"
"Stamulis C.; Reusser C.A.; Kouro S.","Stamulis, Cristina (58849813900); Reusser, Carlos A. (56028014800); Kouro, Samir (55897205100)","58849813900; 56028014800; 55897205100","Model predictive control of nine-switch and eleven-switch converter topologies with switching frequency constrains","2026","Cogent Engineering","13","1","2639171","","","0","10.1080/23311916.2026.2639171","https://www.scopus.com/pages/publications/105032685409?origin=resultslist","Article","Final","All Open Access; Gold Open Access; Green Open Access","Scopus","2-s2.0-105032685409"
"Martínez J.L.; Leiva V.; Saulo H.; Liu S.","Martínez, José L. (57195545458); Leiva, Víctor (22953630400); Saulo, Helton (51061286700); Liu, Shuangzhe (55268389100)","57195545458; 22953630400; 51061286700; 55268389100","Estimating the covariance matrix of the coefficient estimator in multivariate partial least squares regression with chemical applications","2021","Chemometrics and Intelligent Laboratory Systems","214","","104328","","","6","10.1016/j.chemolab.2021.104328","https://www.scopus.com/pages/publications/85107131680?origin=resultslist","Article","Final","","Scopus","2-s2.0-85107131680"
"Guarnaschelli A.; Salomone H.E.; Méndez C.A.","Guarnaschelli, Armando (55253449800); Salomone, Héctor Enrique (57217132756); Méndez, Carlos A. (7004302842)","55253449800; 57217132756; 7004302842","A stochastic approach for integrated production and distribution planning in dairy supply chains","2020","Computers and Chemical Engineering","140","","106966","","","30","10.1016/j.compchemeng.2020.106966","https://www.scopus.com/pages/publications/85086402274?origin=resultslist","Article","Final","All Open Access; Green Open Access","Scopus","2-s2.0-85086402274"
"Rienzo A.; García C.; Cubillos C.","Rienzo, A. (57189046300); García, C. (59134965600); Cubillos, C. (23392232700)","57189046300; 59134965600; 23392232700","Analysis, Design and Development of Digital Application Prototype for Cognitive Assessment and Training","2024","IFMBE Proceedings","108","","","117","126","0","10.1007/978-3-031-59216-4_12","https://www.scopus.com/pages/publications/85193590760?origin=resultslist","Conference paper","Final","","Scopus","2-s2.0-85193590760"
"Salvador-Mira M.; Chico V.; Arostica M.; Guzmán F.; Roher N.; Perez L.; Ortega-Villaizan M.M.","Salvador-Mira, Maria (57208670323); Chico, Veronica (22133723300); Arostica, Monica (57189524671); Guzmán, Fanny (7004463815); Roher, Nerea (6507260867); Perez, Luis (57210408328); Ortega-Villaizan, Maria Del Mar (26030541600)","57208670323; 22133723300; 57189524671; 7004463815; 6507260867; 57210408328; 26030541600","Immunomodulatory lectin-like peptides for fish erythrocytes-targeting as potential antiviral drug delivery platforms","2021","International Journal of Molecular Sciences","22","21","11821","","","4","10.3390/ijms222111821","https://www.scopus.com/pages/publications/85118188823?origin=resultslist","Article","Final","All Open Access; Gold Open Access; Green Open Access","Scopus","2-s2.0-85118188823"
"Henríquez C.; Sarkar D.; Molina J.; Sepúlveda S.; Córdova A.; Saavedra J.; Shetty K.","Henríquez, Carolina (57194222501); Sarkar, Dipayan (35094626100); Molina, Javier (57217486469); Sepúlveda, Silvia (59462088500); Córdova, Andrés (54405633400); Saavedra, Jorge (55675224084); Shetty, Kalidas (7101712253)","57194222501; 35094626100; 57217486469; 59462088500; 54405633400; 55675224084; 7101712253","Improving antioxidant and anti-hyperglycemic activity in cereal and apple-based food formulations using bioactive ingredients from apple peel","2020","Journal of Food Processing and Preservation","44","8","e14609","","","4","10.1111/jfpp.14609","https://www.scopus.com/pages/publications/85087293398?origin=resultslist","Article","Final","","Scopus","2-s2.0-85087293398"
"Giménez Ramos M.V.; Pinto-Ríos J.; Pérez-Estigarribia P.; Dávalos E.","Giménez Ramos, María Vianella (60429171900); Pinto-Ríos, Juan (57226668916); Pérez-Estigarribia, Pastor (56150489900); Dávalos, Enrique (36241194200)","60429171900; 57226668916; 56150489900; 36241194200","Evaluation of the Human Capacity to Detect Spanish Deepfake Audios with a Paraguayan Accent","2026","Applied Sciences (Switzerland)","16","4","1910","","","0","10.3390/app16041910","https://www.scopus.com/pages/publications/105031478601?origin=resultslist","Article","Final","All Open Access; Gold Open Access","Scopus","2-s2.0-105031478601"
"Higuera-Llantén S.; Alcalde-Rico M.; Vasquez-Ponce F.; Ibacache-Quiroga C.; Blazquez J.; Olivares-Pacheco J.","Higuera-Llantén, Sebastián (57194723458); Alcalde-Rico, Manuel (57189040751); Vasquez-Ponce, Felipe (57194723213); Ibacache-Quiroga, Claudia (35223433000); Blazquez, Jesús (14822894900); Olivares-Pacheco, Jorge (57217037645)","57194723458; 57189040751; 57194723213; 35223433000; 14822894900; 57217037645","A whole-cell hypersensitive biosensor for beta-lactams based on the AmpR-AmpC regulatory circuit from the Antarctic Pseudomonas sp. IB20","2024","Microbial Biotechnology","17","1","e14385","","","5","10.1111/1751-7915.14385","https://www.scopus.com/pages/publications/85181952138?origin=resultslist","Article","Final","All Open Access; Gold Open Access; Green Open Access","Scopus","2-s2.0-85181952138"
"Maldonado T.; Flores E.; Gómez A.; Godoy F.; Mascayano C.; Martí A.A.; Ferraudi G.","Maldonado, Tamara (57191910761); Flores, Erick (57194394603); Gómez, Alejandra (55429434600); Godoy, Fernando (6701760834); Mascayano, Carolina (6505920348); Martí, Angel A. (13008937300); Ferraudi, Guillermo (55392994200)","57191910761; 57194394603; 55429434600; 6701760834; 6505920348; 13008937300; 55392994200","Kinetic study of the azo – Hydrazone photoinduced mechanism in complexes with a -Re(CO)3L0/+ core by flash photolysis","2023","Journal of Photochemistry and Photobiology A: Chemistry","442","","114802","","","2","10.1016/j.jphotochem.2023.114802","https://www.scopus.com/pages/publications/85153795671?origin=resultslist","Article","Final","All Open Access; Green Open Access","Scopus","2-s2.0-85153795671"
"Navarrete S. E.; Román S. J.; Rojas C. V.; Henríquez N. R.; Schrebler G. R.; Córdova O. R.; Bravo M. M.; Muñoz C. E.","Navarrete S., Emilio (56211402600); Román S., Javier (55974485800); Rojas C., Víctor (57193070215); Henríquez N., Rodrigo (56507447900); Schrebler G., Ricardo (57215318050); Córdova O., Ricardo (6504774536); Bravo M., Manuel (35602879700); Muñoz C., Eduardo (59217668700)","56211402600; 55974485800; 57193070215; 56507447900; 57215318050; 6504774536; 35602879700; 59217668700","Chemometric approach to study the influence of synthesis parameters on the size of CdTe quantum dots obtained from aqueous solutions","2019","Arabian Journal of Chemistry","12","8","","5103","5110","5","10.1016/j.arabjc.2016.10.011","https://www.scopus.com/pages/publications/85008489993?origin=resultslist","Article","Final","All Open Access; Gold Open Access; Green Open Access","Scopus","2-s2.0-85008489993"
"Bravo G.; Vega-Celedón P.; Gentina J.C.; Seeger M.","Bravo, Guillermo (55349438600); Vega-Celedón, Paulina (57214152338); Gentina, Juan Carlos (7004106285); Seeger, Michael (7102846172)","55349438600; 57214152338; 7004106285; 7102846172","Effects of mercury II on cupriavidus metallidurans strain MSR33 during mercury bioremediation under aerobic and anaerobic conditions","2020","Processes","8","8","893","","","20","10.3390/PR8080893","https://www.scopus.com/pages/publications/85089690217?origin=resultslist","Article","Final","All Open Access; Gold Open Access; Green Open Access","Scopus","2-s2.0-85089690217"
"Lillo Otarola L.; de la Fuente-Mella H.; Díaz J.C.","Lillo Otarola, Luis (59488362000); de la Fuente-Mella, Hanns (25960662200); Díaz, Jose Ceroni (60004281500)","59488362000; 25960662200; 60004281500","A novel operational filtration index to support decision-making in wine bottling","2025","Separation and Purification Technology","377","","134027","","","2","10.1016/j.seppur.2025.134027","https://www.scopus.com/pages/publications/105011046068?origin=resultslist","Article","Final","","Scopus","2-s2.0-105011046068"
"Bustos C.; Cozmar R.; Berrios J.; Fickers P.","Bustos, Cristina (57651740500); Cozmar, Rocio (59986668700); Berrios, Julio (7004545486); Fickers, Patrick (6507014982)","57651740500; 59986668700; 7004545486; 6507014982","Sorbitol Uptake and Oxygen Transfer Shape AOX1 Promoter Induction in Formate Dehydrogenase-Deficient Komagataella phaffii","2025","Microbial Biotechnology","18","11","e70263","","","1","10.1111/1751-7915.70263","https://www.scopus.com/pages/publications/105021068255?origin=resultslist","Article","Final","All Open Access; Gold Open Access; Green Open Access","Scopus","2-s2.0-105021068255"
"Diaz-Segura E.G.; Oviedo-Veas J.E.","Diaz-Segura, Edgar Giovanny (56638613900); Oviedo-Veas, Jorge Eduardo (59322524500)","56638613900; 59322524500","Identification of Topographic Seismic Site Periods in Sloping Terrains","2024","Applied Sciences (Switzerland)","14","17","7506","","","3","10.3390/app14177506","https://www.scopus.com/pages/publications/85203635202?origin=resultslist","Article","Final","All Open Access; Gold Open Access; Green Open Access","Scopus","2-s2.0-85203635202"
"Caicedo Paz A.V.; Giuffrida D.; Mondello L.; Tropea A.; Rigano F.; Farias F.O.; Franco M.; Mussagy C.U.","Caicedo Paz, Angie V. (58030292900); Giuffrida, Daniele (7003643687); Mondello, Luigi (7005632150); Tropea, Alessia (55649655600); Rigano, Francesca (56512206200); Farias, Fabiane O. (57194337358); Franco, Marcelo (56207496400); Mussagy, Cassamo U. (57205156967)","58030292900; 7003643687; 7005632150; 55649655600; 56512206200; 57194337358; 56207496400; 57205156967","Total recovery of bacterioruberin from Arthrobacter via sustainable one-cycle extraction: A bench-scale guide to solvent selection and process intensification","2026","Separation and Purification Technology","380","","135483","","","3","10.1016/j.seppur.2025.135483","https://www.scopus.com/pages/publications/105018298280?origin=resultslist","Article","Final","","Scopus","2-s2.0-105018298280"
"Santos-Vila I.; Soto R.; Vega E.; Crawford B.; Peña A.","Santos-Vila, Ivan (59294171300); Soto, Ricardo (24403038600); Vega, Emanuel (57023414600); Crawford, Broderick (23395875300); Peña, Alvaro (56959863300)","59294171300; 24403038600; 57023414600; 23395875300; 56959863300","Damage Detection on Real Bridges Using Machine Learning Techniques: A Systematic Review","2025","Applied Sciences (Switzerland)","15","16","8884","","","3","10.3390/app15168884","https://www.scopus.com/pages/publications/105014377933?origin=resultslist","Review","Final","All Open Access; Gold Open Access; Green Open Access","Scopus","2-s2.0-105014377933"
"Pizarro-Oteíza S.; Giovagnoli-Vicuña C.; Briones-Labarca V.; Salazar F.","Pizarro-Oteíza, Sebastián (57202005566); Giovagnoli-Vicuña, Claudia (56344358900); Briones-Labarca, Vilbett (37023048800); Salazar, Fernando (56477429300)","57202005566; 56344358900; 37023048800; 56477429300","Correction to: Effects of optimized osmotic vacuum impregnation on quality properties of red abalone (Haliotis rufescens) drying (Journal of Food Measurement and Characterization, (2023), 17, 5, (4520-4529), 10.1007/s11694-023-01987-5)","2023","Journal of Food Measurement and Characterization","17","5","","5195","","0","10.1007/s11694-023-02030-3","https://www.scopus.com/pages/publications/85163716632?origin=resultslist","Erratum","Final","All Open Access; Bronze Open Access","Scopus","2-s2.0-85163716632"
"Aránguiz A.; Pizarro F.; Parra C.; Duque P.; Vega E.","Aránguiz, Andrés (58162804400); Pizarro, Félix (57190814998); Parra, Carlos (54961099400); Duque, Pablo (58163199300); Vega, Emanuel (57023414600)","58162804400; 57190814998; 54961099400; 58163199300; 57023414600","Audit Model for Asset Management, Maintenance and Reliability Processes: A Case Study Applied to Pulp Mill Sector","2023","Lecture Notes in Mechanical Engineering","","","","323","330","1","10.1007/978-3-031-25448-2_31","https://www.scopus.com/pages/publications/85151155358?origin=resultslist","Conference paper","Final","","Scopus","2-s2.0-85151155358"
"Gerges A.; Porcu M.C.; Vielma Pérez J.C.","Gerges, Amal (57212004948); Porcu, Maria Cristina (56834689600); Vielma Pérez, Juan Carlos (57216408783)","57212004948; 56834689600; 57216408783","A Contribution to Facilitate the Seismic Design in Lebanon Using Short-Length Spectrum-Consistent Earthquakes","2023","Applied Sciences (Switzerland)","13","24","12990","","","2","10.3390/app132412990","https://www.scopus.com/pages/publications/85192458063?origin=resultslist","Article","Final","All Open Access; Gold Open Access; Green Open Access","Scopus","2-s2.0-85192458063"
"Prosser-Contreras M.; Atencio E.; La Rivera F.M.; Herrera R.F.","Prosser-Contreras, Matías (57224067383); Atencio, Edison (57215433542); La Rivera, Felipe Muñoz (57215423734); Herrera, Rodrigo F. (57192660568)","57224067383; 57215433542; 57215423734; 57192660568","Use of unmanned aerial vehicles (Uavs) and photogrammetry to obtain the international roughness index (iri) on roads","2020","Applied Sciences (Switzerland)","10","24","8788","","","27","10.3390/app10248788","https://www.scopus.com/pages/publications/85106837091?origin=resultslist","Article","Final","All Open Access; Gold Open Access; Green Open Access","Scopus","2-s2.0-85106837091"
"Lillo Otarola L.; de la Fuente-Mella H.; Peña Domarchi A.; Kundu A.; Ceroni-Díaz J.","Lillo Otarola, Luis (59488362000); de la Fuente-Mella, Hanns (25960662200); Peña Domarchi, Alonso (59893600400); Kundu, Abhishake (57196025560); Ceroni-Díaz, José (59488362100)","59488362000; 25960662200; 59893600400; 57196025560; 59488362100","Optimal Scheduling of the Wine-Bottling Process: A Multi-Dependency Model with Hydraulic Considerations","2025","Applied Sciences (Switzerland)","15","9","4697","","","2","10.3390/app15094697","https://www.scopus.com/pages/publications/105004924349?origin=resultslist","Article","Final","All Open Access; Gold Open Access; Green Open Access","Scopus","2-s2.0-105004924349"
"León M.; Silva J.; Carrasco S.; Barrientos N.","León, Marcelo (58332207400); Silva, Javier (7403023118); Carrasco, Samuel (57204606950); Barrientos, Nelson (57218687763)","58332207400; 7403023118; 57204606950; 57218687763","Design, cost estimation and sensitivity analysis for a production process of activated carbon fromwaste nutshells by physical activation","2020","Processes","8","8","945","","","106","10.3390/PR8080945","https://www.scopus.com/pages/publications/85090043771?origin=resultslist","Article","Final","All Open Access; Gold Open Access; Green Open Access","Scopus","2-s2.0-85090043771"
"Caicedo-Paz A.V.; Mediavilla M.; Farías C.; Valenzuela R.; Mussagy C.U.; Martinez-Galan J.P.","Caicedo-Paz, Angie Vanessa (58030292900); Mediavilla, Marta (59153106400); Farías, Camila (57887581700); Valenzuela, Rodrigo (16318014100); Mussagy, Cassamo Ussemane (57205156967); Martinez-Galan, Julián Paul (57189378184)","58030292900; 59153106400; 57887581700; 16318014100; 57205156967; 57189378184","Sustainable one-pot solvent-free enzymatic synthesis of capric acid-rich structured lipids to enhance the nutritional value of grape seed oil","2024","Process Biochemistry","144","","","160","167","10","10.1016/j.procbio.2024.05.020","https://www.scopus.com/pages/publications/85194902079?origin=resultslist","Article","Final","All Open Access; Hybrid Gold Open Access","Scopus","2-s2.0-85194902079"
"de la Fuente-Mella H.; Gutiérrez C.G.; Crawford K.; Foschino G.; Crawford B.; Soto R.; de la Barra C.L.; Caneo F.C.; Monfroy E.; Becerra-Rozas M.; Elórtegui-Gómez C.","de la Fuente-Mella, Hanns (25960662200); Gutiérrez, Claudia Guzmán (57219455600); Crawford, Kathleen (56239072500); Foschino, Giancarla (57219424680); Crawford, Broderick (23395875300); Soto, Ricardo (24403038600); de la Barra, Claudio León (23396516000); Caneo, Felipe Cisternas (57219988879); Monfroy, Eric (6701648878); Becerra-Rozas, Marcelo (57219448750); Elórtegui-Gómez, Claudio (57219448147)","25960662200; 57219455600; 56239072500; 57219424680; 23395875300; 24403038600; 23396516000; 57219988879; 6701648878; 57219448750; 57219448147","Analysis and prediction of engineering student behavior and their relation to academic performance using data analytics techniques","2020","Applied Sciences (Switzerland)","10","20","7114","1","11","9","10.3390/app10207114","https://www.scopus.com/pages/publications/85092764404?origin=resultslist","Article","Final","All Open Access; Gold Open Access; Green Open Access","Scopus","2-s2.0-85092764404"
"Foix A.M.; Cano S.; Osega J.; Moreira F.","Foix, Anais Monserrat (60388837400); Cano, Sandra (56670957000); Osega, Jose (59348583600); Moreira, Fernando (8649758400)","60388837400; 56670957000; 59348583600; 8649758400","Affective User Experience (AUX) in Immersive Environments: A Systematic Review of Affective Computing in Immersive Environments for Individuals with Autism Spectrum Disorder (ASD)","2026","Applied Sciences (Switzerland)","16","3","1528","","","0","10.3390/app16031528","https://www.scopus.com/pages/publications/105030059841?origin=resultslist","Review","Final","All Open Access; Gold Open Access; Green Open Access","Scopus","2-s2.0-105030059841"
"Marchant M.J.; Guzmán L.; Corvalán A.H.; Kogan M.J.","Marchant, María José (57103083100); Guzmán, Leda (13007802600); Corvalán, Alejandro H. (6602269865); Kogan, Marcelo J. (7102617437)","57103083100; 13007802600; 6602269865; 7102617437","Gold@silica nanoparticles functionalized with oligonucleotides: A prominent tool for the detection of the methylated reprimo gene in gastric cancer by dynamic light scattering","2019","Nanomaterials","9","9","1333","","","12","10.3390/nano9091333","https://www.scopus.com/pages/publications/85073451239?origin=resultslist","Article","Final","All Open Access; Gold Open Access; Green Open Access","Scopus","2-s2.0-85073451239"
"Scott F.; Yañez L.; Conejeros R.; Araya B.; Vergara-Fernández A.","Scott, Felipe (55743894700); Yañez, Luz (56709417100); Conejeros, Raúl (35611393300); Araya, Blanca (56236085000); Vergara-Fernández, Alberto (16240235200)","55743894700; 56709417100; 35611393300; 56236085000; 16240235200","Two internal bottlenecks cause the overflow metabolism leading to poly(3-hydroxybutyrate) production in Azohydromonas lata DSM1123","2021","Journal of Environmental Chemical Engineering","9","4","105665","","","9","10.1016/j.jece.2021.105665","https://www.scopus.com/pages/publications/85106632442?origin=resultslist","Article","Final","","Scopus","2-s2.0-85106632442"
"Panotopoulos G.; Rincón Á.","Panotopoulos, Grigoris (55876981500); Rincón, Ángel (56763719900)","55876981500; 56763719900","Model comparison using supernovae and Hubble parameter data","2019","European Physical Journal Plus","134","7","354","","","14","10.1140/epjp/i2019-12701-4","https://www.scopus.com/pages/publications/85069717196?origin=resultslist","Article","Final","All Open Access; Green Open Access","Scopus","2-s2.0-85069717196"
"Gómez-Pulido J.A.; Park Y.; Soto R.; Lanza-Gutiérrez J.M.","Gómez-Pulido, Juan A. (6505916983); Park, Young (56111161400); Soto, Ricardo (24403038600); Lanza-Gutiérrez, José M. (54784705200)","6505916983; 56111161400; 24403038600; 54784705200","Data Analytics and Machine Learning in Education","2023","Applied Sciences (Switzerland)","13","3","1418","","","6","10.3390/app13031418","https://www.scopus.com/pages/publications/85147997810?origin=resultslist","Editorial","Final","All Open Access; Gold Open Access; Green Open Access","Scopus","2-s2.0-85147997810"
"Garcia-Arellano H.; Gonzalez-Alfonso J.L.; Ubilla C.; Comelles F.; Alcalde M.; Bernabé M.; Parra J.-L.; Ballesteros A.O.; Plou F.J.","Garcia-Arellano, Humberto (6507327929); Gonzalez-Alfonso, Jose L. (57202319326); Ubilla, Claudia (57205587403); Comelles, Francesc (7004719970); Alcalde, Miguel (7003518852); Bernabé, Manuel (7007064648); Parra, José-Luis (7102577851); Ballesteros, Antonio O. (7103053938); Plou, Francisco J. (7003499529)","6507327929; 57202319326; 57205587403; 7004719970; 7003518852; 7007064648; 7102577851; 7103053938; 7003499529","Production and surfactant properties of tert-butyl α-D-glucopyranosides catalyzed by cyclodextrin glucanotransferase","2019","Catalysts","9","7","575","","","11","10.3390/catal9070575","https://www.scopus.com/pages/publications/85069535762?origin=resultslist","Article","Final","All Open Access; Gold Open Access; Green Open Access","Scopus","2-s2.0-85069535762"
"Muñoz E.C.; Díaz C.; Navarrete E.; Henríquez R.; Schrebler R.; Córdova R.; Marotti R.; Heyser C.","Muñoz, Eduardo C. (13611547600); Díaz, Claudio (57215349230); Navarrete, Emilio (56211402600); Henríquez, Rodrigo (55554951600); Schrebler, Ricardo (56213692700); Córdova, Ricardo (56224655100); Marotti, Ricardo (6603482197); Heyser, Cristopher (27667712900)","13611547600; 57215349230; 56211402600; 55554951600; 56213692700; 56224655100; 6603482197; 27667712900","Characterization of surface changes on silicon and porous silicon after interaction with hydroxyl radicals","2019","Arabian Journal of Chemistry","12","8","","5125","5133","14","10.1016/j.arabjc.2016.11.008","https://www.scopus.com/pages/publications/85009231242?origin=resultslist","Article","Final","All Open Access; Gold Open Access; Green Open Access","Scopus","2-s2.0-85009231242"
"Ortega-Martínez E.; Toledo-Alarcón J.; Fernández E.; Campos J.L.; Oyarzún R.; Etchebehere C.; Cardeña R.; Cabezas A.; Koók L.; Bakonyi P.; Magdalena J.A.; Trably E.; Bernet N.; Jeison D.","Ortega-Martínez, Eduardo (57004841100); Toledo-Alarcón, Javiera (56644828400); Fernández, Edel (58753711700); Campos, José Luis (56147689900); Oyarzún, Ricardo (15760822400); Etchebehere, Claudia (6603092954); Cardeña, René (57016647700); Cabezas, Angela (57220392137); Koók, László (56717654500); Bakonyi, Péter (36871443100); Magdalena, José Antonio (57201977815); Trably, Eric (6506445171); Bernet, Nicolas (36838993300); Jeison, David (6507881259)","57004841100; 56644828400; 58753711700; 56147689900; 15760822400; 6603092954; 57016647700; 57220392137; 56717654500; 36871443100; 57201977815; 6506445171; 36838993300; 6507881259","A review of autotrophic denitrification for groundwater remediation: A special focus on bioelectrochemical reactors","2024","Journal of Environmental Chemical Engineering","12","1","111552","","","20","10.1016/j.jece.2023.111552","https://www.scopus.com/pages/publications/85179125482?origin=resultslist","Article","Final","","Scopus","2-s2.0-85179125482"
"Morales J.; Espinoza-Pérez A.; Espinoza-Pérez L.; Pino-Cortés E.; Yánez-Sevilla D.; Viñán-Guerrero P.; Molina L.; Burgos C.; Vallejo F.","Morales, Jaime (59593328300); Espinoza-Pérez, Andrea (57203582471); Espinoza-Pérez, Lorena (57222140496); Pino-Cortés, Ernesto (56830455800); Yánez-Sevilla, Diana (57193016038); Viñán-Guerrero, Patricia (59449260100); Molina, Lorena (57191593161); Burgos, Carlos (59450121700); Vallejo, Fidel (57211057346)","59593328300; 57203582471; 57222140496; 56830455800; 57193016038; 59449260100; 57191593161; 59450121700; 57211057346","Supply Chain Design for Waste Valorization Through High-Energy-Density Pellet Production in Chile","2024","Applied Sciences (Switzerland)","14","22","10429","","","1","10.3390/app142210429","https://www.scopus.com/pages/publications/85210573381?origin=resultslist","Article","Final","All Open Access; Gold Open Access; Green Open Access","Scopus","2-s2.0-85210573381"
"Mussagy C.U.; Silva P.G.P.; Amantino C.F.; Burkert J.F.M.; Primo F.L.; Pessoa A., Jr; Santos-Ebinuma V.C.","Mussagy, Cassamo U. (57205156967); Silva, Pedro G.P. (57218502098); Amantino, Camila F. (57191378231); Burkert, Janaina F.M. (6602284973); Primo, Fernando L. (16033749900); Pessoa, Adalberto (7004373340); Santos-Ebinuma, Valeria C. (55503896600)","57205156967; 57218502098; 57191378231; 6602284973; 16033749900; 7004373340; 55503896600","Production of natural astaxanthin by Phaffia rhodozyma and its potential application in textile dyeing","2022","Biochemical Engineering Journal","187","","108658","","","30","10.1016/j.bej.2022.108658","https://www.scopus.com/pages/publications/85139352068?origin=resultslist","Article","Final","All Open Access; Green Open Access","Scopus","2-s2.0-85139352068"
"Valencia K.; Rusu C.; Botella F.","Valencia, Katherine (57208759394); Rusu, Cristian (15521347000); Botella, Federico (6603818202)","57208759394; 15521347000; 6603818202","User experience factors for people with autism spectrum disorder","2021","Applied Sciences (Switzerland)","11","21","10469","","","26","10.3390/app112110469","https://www.scopus.com/pages/publications/85118932683?origin=resultslist","Article","Final","All Open Access; Gold Open Access; Green Open Access","Scopus","2-s2.0-85118932683"
"Hansen H.K.; Gutiérrez C.; Leiva Gonzalez J.; Lazo A.; Hansen M.E.; Lazo P.; Ottosen L.M.; Ortiz R.","Hansen, Henrik K. (7403333704); Gutiérrez, Claudia (35190237200); Leiva Gonzalez, Jorge (58589875000); Lazo, Andrea (57191916725); Hansen, Marcela E. (57571823300); Lazo, Pamela (57191909004); Ottosen, Lisbeth M. (7003887668); Ortiz, Rodrigo (59506121300)","7403333704; 35190237200; 58589875000; 57191916725; 57571823300; 57191909004; 7003887668; 59506121300","Combined Electrodialysis and Electrocoagulation as Treatment for Industrial Wastewater Containing Arsenic and Copper","2023","Membranes","13","3","264","","","25","10.3390/membranes13030264","https://www.scopus.com/pages/publications/85152215345?origin=resultslist","Article","Final","All Open Access; Gold Open Access; Green Open Access","Scopus","2-s2.0-85152215345"
"Ibrahim H.I.; Abdulrasheed M.; Umar A.F.; Ramírez N.; Ahmad S.A.","Ibrahim, H.I. (57218891407); Abdulrasheed, M. (57216299348); Umar, A.F. (57218607454); Ramírez, N. (57205581901); Ahmad, S.A. (57195140650)","57218891407; 57216299348; 57218607454; 57205581901; 57195140650","Optimisation and dose responses of bioluminescent bacterial biosensors induced with target hydrocarbons; [Optimización y dosis respuestas de biosensores bacterianos bioluminiscentes inducidos con hidrocarburos objetivos]","2020","Revista Mexicana de Ingeniera Quimica","19","","","187","199","2","10.24275/rmiq/Bio1274","https://www.scopus.com/pages/publications/85090689292?origin=resultslist","Article","Final","All Open Access; Hybrid Gold Open Access","Scopus","2-s2.0-85090689292"
"Cano S.; Naranjo J.S.; Henao C.; Rusu C.; Albiol‐pérez S.","Cano, Sandra (56670957000); Naranjo, Juan S. (57204512115); Henao, Cristhiam (57204513482); Rusu, Cristian (15521347000); Albiol‐pérez, Sergio (59157786600)","56670957000; 57204512115; 57204513482; 15521347000; 59157786600","Serious game as support for the development of computational thinking for children with hearing impairment","2021","Applied Sciences (Switzerland)","11","1","115","1","19","13","10.3390/app11010115","https://www.scopus.com/pages/publications/85098761410?origin=resultslist","Article","Final","All Open Access; Gold Open Access; Green Open Access","Scopus","2-s2.0-85098761410"
"Arango J.; Contreras C.; Crouchett-Catalán F.; Gallardo J.P.; Donoso-Bravo A.; Muñoz R.; Lesty Y.; Olivares D.; Jeison D.","Arango, Jineth (58515463000); Contreras, Carmen (58514112000); Crouchett-Catalán, François (58515008900); Gallardo, Juan Pablo (58514332200); Donoso-Bravo, Andrés (25723108900); Muñoz, Raúl (57370422200); Lesty, Yves (6507222302); Olivares, Diego (57211044205); Jeison, David (6507881259)","58515463000; 58514112000; 58515008900; 58514332200; 25723108900; 57370422200; 6507222302; 57211044205; 6507881259","The potential of membrane-assisted microalgae-bacteria consortia for the treatment of real municipal sewage","2023","Journal of Water Process Engineering","56","","104527","","","10","10.1016/j.jwpe.2023.104527","https://www.scopus.com/pages/publications/85176140657?origin=resultslist","Article","Final","All Open Access; Hybrid Gold Open Access","Scopus","2-s2.0-85176140657"
"Masip Y.; Campo A.; Nuñez S.M.","Masip, Yunesky (36159702500); Campo, Antonio (23157654000); Nuñez, Suleivys M. (57212408308)","36159702500; 23157654000; 57212408308","Experimental analysis of the thermal performance on electronic cooling by a combination of cross-flow and an impinging air jet","2020","Applied Thermal Engineering","167","","114779","","","45","10.1016/j.applthermaleng.2019.114779","https://www.scopus.com/pages/publications/85076591519?origin=resultslist","Review","Final","","Scopus","2-s2.0-85076591519"
"Farias F.O.; Toledo Hijo A.A.C.; Mussagy C.U.; Ferreira R.S.B.; Santos-Ebinuma V.C.; Batista E.A.C.; Meirelles A.J.A.","Farias, Fabiane O. (57194337358); Toledo Hijo, Ariel A.C. (56418579500); Mussagy, Cassamo U. (57205156967); Ferreira, Ramon S.B. (57305805200); Santos-Ebinuma, Valeria C. (55503896600); Batista, Eduardo A.C. (7006940836); Meirelles, Antonio J.A. (35588325000)","57194337358; 56418579500; 57205156967; 57305805200; 55503896600; 7006940836; 35588325000","Exploring the potential of naturally-derived ionic liquids for sustainable vegetable oil deacidification","2023","Food and Bioproducts Processing","141","","","140","149","9","10.1016/j.fbp.2023.08.005","https://www.scopus.com/pages/publications/85168747760?origin=resultslist","Article","Final","All Open Access; Green Open Access","Scopus","2-s2.0-85168747760"
"Novoa N.; Manzur C.; Roisnel T.; Dorcet V.; Cabon N.; Robin-Le Guen F.; Ledoux-Rak I.; Kahlal S.; Saillard J.-Y.; Carrillo D.; Hamon J.-R.","Novoa, Néstor (55807627300); Manzur, Carolina (6601982179); Roisnel, Thierry (7003907744); Dorcet, Vincent (14052032700); Cabon, Nolwenn (6602394246); Robin-Le Guen, Françoise (6506527770); Ledoux-Rak, Isabelle (7005079715); Kahlal, Samia (6603609986); Saillard, Jean-Yves (7004537107); Carrillo, David (7004301883); Hamon, Jean-René (57208457603)","55807627300; 6601982179; 7003907744; 14052032700; 6602394246; 6506527770; 7005079715; 6603609986; 7004537107; 7004301883; 57208457603","Redox-switching of ternary Ni(II) and Cu(II) complexes: Synthesis, experimental and theoretical studies along with second-order nonlinear optical properties","2019","New Journal of Chemistry","43","26","","10468","10481","15","10.1039/c9nj01774g","https://www.scopus.com/pages/publications/85068358150?origin=resultslist","Article","Final","All Open Access; Green Open Access","Scopus","2-s2.0-85068358150"
"Cortés E.; Dondero A.; Aros H.; Carlesi C.","Cortés, Enrique (57195714944); Dondero, Amelia (36144924100); Aros, Horacio (36112999300); Carlesi, Carlos (56998584200)","57195714944; 36144924100; 36112999300; 56998584200","One-step synthesis of bmin+HSO4- ionic liquid for applications in hydrometallurgy; [Síntesis del líquido iónico bmin+HSO 4- mediante una sola etapa, para aplicaciones en hidrometalurgia]","2010","Informacion Tecnologica","21","3","","67","76","6","10.1612/inf.tecnol.4272bit.09","https://www.scopus.com/pages/publications/77953375512?origin=resultslist","Article","Final","","Scopus","2-s2.0-77953375512"
"Gómez J.; Gardiazábal J.I.; Schrebler R.; Gómez H.; Córdova R.","Gómez, J. (58448150000); Gardiazábal, J.I. (6506517228); Schrebler, R. (56213692700); Gómez, H. (7006142241); Córdova, R. (56224655100)","58448150000; 6506517228; 56213692700; 7006142241; 56224655100","Electrochemical behaviour of rhenium in aqueous solution","1989","Journal of Electroanalytical Chemistry","260","1","","113","126","21","10.1016/0022-0728(89)87103-7","https://www.scopus.com/pages/publications/0001305474?origin=resultslist","Article","Final","","Scopus","2-s2.0-0001305474"
"Berrios J.; Díaz-Barrera A.; Bazán C.; Altamirano C.","Berrios, Julio (7004545486); Díaz-Barrera, Alvaro (20435715600); Bazán, Consuelo (35180943000); Altamirano, Claudia (8332398700)","7004545486; 20435715600; 35180943000; 8332398700","Relationship between tissue plasminogen activator production and specific growth rate in Chinese Hamster Ovary cells cultured in mannose at low temperature","2009","Biotechnology Letters","31","10","","1493","1497","20","10.1007/s10529-009-0050-1","https://www.scopus.com/pages/publications/70350103519?origin=resultslist","Article","Final","All Open Access; Green Open Access","Scopus","2-s2.0-70350103519"
"Torres J.; Santana J.; Pérez R.","Torres, J. (57225797567); Santana, J. (7006645216); Pérez, R. (58459453800)","57225797567; 7006645216; 58459453800","It plants recuperation of impurities and valuable elements from electrolytes to rule out, based on a bipolar cell, of permeable electrodes, ínter spaced by the distances of equilibrium","2006","CHISA 2006 - 17th International Congress of Chemical and Process Engineering","","","","","","0","","https://www.scopus.com/pages/publications/34748894835?origin=resultslist","Conference paper","Final","","Scopus","2-s2.0-34748894835"
"Gómez H.; Vedel J.; Córdova R.; Schrebler R.; Basáez L.","Gómez, H. (7006142241); Vedel, J. (7006646530); Córdova, R. (56224655100); Schrebler, R. (56213692700); Basáez, L. (6506422085)","7006142241; 7006646530; 56224655100; 56213692700; 6506422085","Effect of non-stoichiometry on the electrochemical behavior of chalcocite","1995","Journal of Electroanalytical Chemistry","388","1-2","","81","88","9","10.1016/0022-0728(95)03882-H","https://www.scopus.com/pages/publications/0343007762?origin=resultslist","Article","Final","","Scopus","2-s2.0-0343007762"
"Oliva A.; Castro I.; Castillo C.; Leon G.","Oliva, A. (56254239800); Castro, I. (57198270897); Castillo, C. (36793268100); Leon, G. (7102863359)","56254239800; 57198270897; 36793268100; 7102863359","Phase-transfer catalyzed condensation of 3-methyl-5-pyrazolone with carbon disulfide and alkyl bromides","1991","Synthesis","","6","","481","482","11","10.1055/s-1991-26500","https://www.scopus.com/pages/publications/0025904550?origin=resultslist","Article","Final","","Scopus","2-s2.0-0025904550"
"Rodrigues R.C.; Godoy C.A.; Filice M.; Bolivar J.M.; Palau-Ors A.; Garcia-Vargas J.M.; Romero O.; Wilson L.; Ayub M.A.Z.; Fernandez-Lafuente R.; Guisan J.M.","Rodrigues, Rafael C. (24339451300); Godoy, Cesar A. (25822373800); Filice, Marco (22937319100); Bolivar, Juan M. (12800607800); Palau-Ors, Armand (26039467800); Garcia-Vargas, Jesus M. (26633708400); Romero, Oscar (26667441500); Wilson, Lorena (7403520925); Ayub, Marco A.Z. (35247459900); Fernandez-Lafuente, Roberto (35552449900); Guisan, Jose M. (57204542054)","24339451300; 25822373800; 22937319100; 12800607800; 26039467800; 26633708400; 26667441500; 7403520925; 35247459900; 35552449900; 57204542054","Reactivation of covalently immobilized lipase from Thermomyces lanuginosus","2009","Process Biochemistry","44","6","","641","646","39","10.1016/j.procbio.2009.02.001","https://www.scopus.com/pages/publications/64749098154?origin=resultslist","Article","Final","All Open Access; Green Open Access","Scopus","2-s2.0-64749098154"
"Heyser C.; Schrebler R.; Grez P.","Heyser, Cristopher (27667712900); Schrebler, Ricardo (56213692700); Grez, Paula (6506476548)","27667712900; 56213692700; 6506476548","New route for the synthesis of nickel (II) oxide nanostructures and its application as non-enzymatic glucose sensor","2019","Journal of Electroanalytical Chemistry","832","","","189","195","53","10.1016/j.jelechem.2018.10.054","https://www.scopus.com/pages/publications/85056597981?origin=resultslist","Article","Final","","Scopus","2-s2.0-85056597981"
"Donoso-Bravo A.; Ortega-Martinez E.; Ruiz-Filippi G.","Donoso-Bravo, Andres (25723108900); Ortega-Martinez, E. (57004841100); Ruiz-Filippi, G. (18635080500)","25723108900; 57004841100; 18635080500","Impact of milling, enzyme addition, and steam explosion on the solid waste biomethanation of an olive oil production plant","2016","Bioprocess and Biosystems Engineering","39","2","","331","340","19","10.1007/s00449-015-1519-z","https://www.scopus.com/pages/publications/84958742683?origin=resultslist","Article","Final","","Scopus","2-s2.0-84958742683"
"Olguin G.; Yacou C.; Smart S.; Diniz Da Costa J.C.","Olguin, Gianni (56043666900); Yacou, Christelle (24922310100); Smart, Simon (25226026100); Diniz Da Costa, João C. (6603707659)","56043666900; 24922310100; 25226026100; 6603707659","Influence of surfactant alkyl length in functionalizing sol-gel derived microporous cobalt oxide silica","2014","RSC Advances","4","76","","40181","40187","8","10.1039/c4ra05934d","https://www.scopus.com/pages/publications/84907157770?origin=resultslist","Article","Final","","Scopus","2-s2.0-84907157770"
"Moya S.A.; Negrete-Vergara C.; Brown K.; Artigas V.; Fuentealba M.; Guerchais V.; Aguirre P.","Moya, S.A. (7005106247); Negrete-Vergara, C. (55255180300); Brown, K. (55255359600); Artigas, V. (56556470800); Fuentealba, M. (7801538556); Guerchais, V. (6601995571); Aguirre, P. (7007050177)","7005106247; 55255180300; 55255359600; 56556470800; 7801538556; 6601995571; 7007050177","Transfer hydrogenation of N-benzylideneaniline catalyzed by ruthenium complexes with pincer-type phosphorus nitrogen ligands using propan-2-ol as the hydrogen source","2017","Catalysis Communications","99","","","150","153","12","10.1016/j.catcom.2017.04.026","https://www.scopus.com/pages/publications/85019911900?origin=resultslist","Article","Final","All Open Access; Green Open Access","Scopus","2-s2.0-85019911900"
"Ramírez M.; Gómez J.M.; Aroca G.; Cantero D.","Ramírez, Martín (26641331700); Gómez, José Manuel (36502381800); Aroca, Germán (6603177229); Cantero, Domingo (7004659546)","26641331700; 36502381800; 6603177229; 7004659546","Removal of hydrogen sulfide by immobilized Thiobacillus thioparus in a biotrickling filter packed with polyurethane foam","2009","Bioresource Technology","100","21","","4989","4995","157","10.1016/j.biortech.2009.05.022","https://www.scopus.com/pages/publications/67650236149?origin=resultslist","Article","Final","","Scopus","2-s2.0-67650236149"
"Cáceres M.; Gentina J.C.; Aroca G.","Cáceres, Manuel (36663409600); Gentina, Juan C. (7004106285); Aroca, Germán (6603177229)","36663409600; 7004106285; 6603177229","Oxidation of methane by Methylomicrobium album and Methylocystis sp. in the presence of H2S and NH3","2014","Biotechnology Letters","36","1","","69","74","40","10.1007/s10529-013-1339-7","https://www.scopus.com/pages/publications/84891657281?origin=resultslist","Article","Final","","Scopus","2-s2.0-84891657281"
"Velastegui E.; Theron C.; Berrios J.; Fickers P.","Velastegui, Edgar (57206195006); Theron, Chrispian (56049420700); Berrios, Julio (7004545486); Fickers, Patrick (6507014982)","57206195006; 56049420700; 7004545486; 6507014982","Downregulation by organic nitrogen of AOX1 promoter used for controlled expression of foreign genes in the yeast Pichia pastoris","2019","Yeast","36","5","","297","304","12","10.1002/yea.3381","https://www.scopus.com/pages/publications/85061580685?origin=resultslist","Article","Final","","Scopus","2-s2.0-85061580685"
"Vidal-Silva C.L.; Villarroel R.H.; López-Cortés X.A.; Rubio J.M.","Vidal-Silva, Cristian L. (58628874800); Villarroel, Rodolfo H. (12764593200); López-Cortés, Xaviera A. (27467451500); Rubio, José M. (24802548900)","58628874800; 12764593200; 27467451500; 24802548900","An spin / PrOMELA algorithm proposal for the analysis and errors diagnosis in UML sequence diagrams; [Una propuesta de algoritmo spin / promela para el análisis y diagnóstico de errores en diagramas de secuencia UML]","2019","Informacion Tecnologica","30","1","","263","272","3","10.4067/S0718-07642019000100263","https://www.scopus.com/pages/publications/85057269618?origin=resultslist","Article","Final","All Open Access; Gold Open Access; Green Open Access","Scopus","2-s2.0-85057269618"
"Aburto C.; Guerrero C.; Vera C.; Wilson L.; Illanes A.","Aburto, Carla (57188974717); Guerrero, Cecilia (36738876300); Vera, Carlos (55238284100); Wilson, Lorena (7403520925); Illanes, Andrés (7004170275)","57188974717; 36738876300; 55238284100; 7403520925; 7004170275","Co-immobilized β-galactosidase and Saccharomyces cerevisiae cells for the simultaneous synthesis and purification of galacto-oligosaccharides","2018","Enzyme and Microbial Technology","118","","","102","108","21","10.1016/j.enzmictec.2018.08.003","https://www.scopus.com/pages/publications/85051266812?origin=resultslist","Article","Final","","Scopus","2-s2.0-85051266812"
"Islan G.A.; Martinez Y.N.; Illanes A.; Castro G.R.","Islan, G.A. (55014316600); Martinez, Y.N. (54908869800); Illanes, A. (7004170275); Castro, G.R. (7101927750)","55014316600; 54908869800; 7004170275; 7101927750","Development of novel alginate lyase cross-linked aggregates for the oral treatment of cystic fibrosis","2014","RSC Advances","4","23","","11758","11765","36","10.1039/c3ra47850e","https://www.scopus.com/pages/publications/84897713866?origin=resultslist","Article","Final","All Open Access; Bronze Open Access; Green Open Access","Scopus","2-s2.0-84897713866"
"Bolivar J.M.; Wilson L.; Ferrarotti S.A.; Fernandez-Lafuente R.; Guisan J.M.; Mateo C.","Bolivar, Juan M. (12800607800); Wilson, Lorena (7403520925); Ferrarotti, Susana Alicia (6507279092); Fernandez-Lafuente, Roberto (35552449900); Guisan, Jose M. (57204542054); Mateo, Cesar (7007065403)","12800607800; 7403520925; 6507279092; 35552449900; 57204542054; 7007065403","Stabilization of a formate dehydrogenase by covalent immobilization on highly activated glyoxyl-agarose supports","2006","Biomacromolecules","7","3","","669","673","74","10.1021/bm050947z","https://www.scopus.com/pages/publications/33645509894?origin=resultslist","Article","Final","","Scopus","2-s2.0-33645509894"
"Manzur C.; Zúñiga C.; Millán L.; Fuentealba M.; Mata J.A.; Hamon J.-R.; Carrillo D.","Manzur, Carolina (6601982179); Zúñiga, César (23007160200); Millán, Lorena (6701751495); Fuentealba, Mauricio (7801538556); Mata, Jose A. (7102806172); Hamon, Jean-René (57208457603); Carrillo, David (7004301883)","6601982179; 23007160200; 6701751495; 7801538556; 7102806172; 57208457603; 7004301883","Preparation, characterization and electrochemical and X-ray structural studies of new conjugated 1,1′-ferrocenediyl-ended [CpFe-arylhydrazone] + salts","2004","New Journal of Chemistry","28","1","","134","144","15","10.1039/b308626g","https://www.scopus.com/pages/publications/1242343826?origin=resultslist","Article","Final","All Open Access; Green Open Access","Scopus","2-s2.0-1242343826"
"Moreno-Pérez S.; Fernández-Lorente G.; Romero O.; Guisán J.M.; López-Gallego F.","Moreno-Pérez, S. (55810074300); Fernández-Lorente, G. (6701797326); Romero, O. (26667441500); Guisán, J.M. (57204542054); López-Gallego, F. (8554191200)","55810074300; 6701797326; 26667441500; 57204542054; 8554191200","Fabrication of heterogeneous biocatalyst tethering artificial prosthetic groups to obtain omega-3-fatty acids by selective hydrolysis of fish oils","2016","RSC Advances","6","100","","97659","97663","1","10.1039/c6ra21121f","https://www.scopus.com/pages/publications/84992179813?origin=resultslist","Article","Final","","Scopus","2-s2.0-84992179813"
"Marciniak B.; Buono-Core G.E.","Marciniak, Bronislaw (7006949164); Buono-Core, Gonzalo E. (6603639362)","7006949164; 6603639362","Photochemical properties of 1,3-diketonate transition metal chelates","1990","Journal of Photochemistry and Photobiology, A: Chemistry","52","1","","1","25","72","10.1016/1010-6030(90)87085-P","https://www.scopus.com/pages/publications/33845467299?origin=resultslist","Review","Final","","Scopus","2-s2.0-33845467299"
"Gallardo R.; Acevedo A.; Quintero J.; Paredes I.; Conejeros R.; Aroca G.","Gallardo, Roberto (55999234200); Acevedo, Alejandro (59880661700); Quintero, Julián (23482772800); Paredes, Ivan (56997238800); Conejeros, Raúl (35611393300); Aroca, Germán (6603177229)","55999234200; 59880661700; 23482772800; 56997238800; 35611393300; 6603177229","In silico analysis of Clostridium acetobutylicum ATCC 824 metabolic response to an external electron supply","2016","Bioprocess and Biosystems Engineering","39","2","","295","305","11","10.1007/s00449-015-1513-5","https://www.scopus.com/pages/publications/84958764589?origin=resultslist","Article","Final","","Scopus","2-s2.0-84958764589"
"Fuentealba P.; Aros C.; Latorre Y.; Martínez I.; Marshall S.; Ferrer P.; Albiol J.; Altamirano C.","Fuentealba, Pablo (57191831820); Aros, Camila (57191833189); Latorre, Yesenia (57191828272); Martínez, Irene (56603723600); Marshall, Sergio (7401823364); Ferrer, Pau (7004446180); Albiol, Joan (6602398532); Altamirano, Claudia (8332398700)","57191831820; 57191833189; 57191828272; 56603723600; 7401823364; 7004446180; 6602398532; 8332398700","Genome-scale metabolic reconstruction for the insidious bacterium in aquaculture Piscirickettsia salmonis","2017","Bioresource Technology","223","","","105","114","14","10.1016/j.biortech.2016.10.024","https://www.scopus.com/pages/publications/84994000009?origin=resultslist","Article","Final","","Scopus","2-s2.0-84994000009"
"Segura C.; Vergara C.; Seeger M.; Donoso-Bravo A.; Jeison D.","Segura, C. (57193757985); Vergara, C. (56994099500); Seeger, M. (7102846172); Donoso-Bravo, A. (25723108900); Jeison, D. (6507881259)","57193757985; 56994099500; 7102846172; 25723108900; 6507881259","When constants are no longer constant: The case of inhibition in bioprocesses","2017","Biochemical Engineering Journal","123","","","24","28","6","10.1016/j.bej.2017.03.011","https://www.scopus.com/pages/publications/85016410105?origin=resultslist","Article","Final","","Scopus","2-s2.0-85016410105"
"Barberis S.; Gentina J.C.","Barberis, Sonia (7004483087); Gentina, J. Carlos (7004106285)","7004483087; 7004106285","Effect of dissolved oxygen level on lactase production by Kluyveromyces fragilis","1998","Journal of Chemical Technology and Biotechnology","73","1","","71","73","14","10.1002/(SICI)1097-4660(199809)73:1<71::AID-JCTB924>3.0.CO;2-D","https://www.scopus.com/pages/publications/0032170915?origin=resultslist","Article","Final","","Scopus","2-s2.0-0032170915"
"Romero O.; Araya E.; Illanes A.; Wilson L.","Romero, Oscar (26667441500); Araya, Erick (56112133000); Illanes, Andrés (7004170275); Wilson, Lorena (7403520925)","26667441500; 56112133000; 7004170275; 7403520925","Evaluation of kinetic parameters of immobilized penicillin G acylase subject to an inactivation and reactivation process","2014","Journal of Molecular Catalysis B: Enzymatic","104","","","70","74","7","10.1016/j.molcatb.2014.03.004","https://www.scopus.com/pages/publications/84898467837?origin=resultslist","Article","Final","All Open Access; Green Open Access","Scopus","2-s2.0-84898467837"
"Cabrera Z.; Palomo J.M.","Cabrera, Zaida (16028105600); Palomo, Jose M. (56234758400)","16028105600; 56234758400","Enantioselective desymmetrization of prochiral diesters catalyzed by immobilized Rhizopus oryzae lipase","2011","Tetrahedron Asymmetry","22","24","","2080","2084","23","10.1016/j.tetasy.2011.11.012","https://www.scopus.com/pages/publications/84856374200?origin=resultslist","Article","Final","All Open Access; Green Open Access","Scopus","2-s2.0-84856374200"
"Mellado M.; Madrid A.; Martínez Ú.; Mella J.; Salas C.O.; Cuellar M.","Mellado, Marco (55442913900); Madrid, Alejandro (54915256200); Martínez, Úrsula (57200758548); Mella, Jaime (56925090500); Salas, Cristian O. (7005142287); Cuellar, Mauricio (7005051317)","55442913900; 54915256200; 57200758548; 56925090500; 7005142287; 7005051317","Hansch’s analysis application to chalcone synthesis by Claisen–Schmidt reaction based in DFT methodology","2018","Chemical Papers","72","3","","703","709","28","10.1007/s11696-017-0316-3","https://www.scopus.com/pages/publications/85042386999?origin=resultslist","Article","Final","","Scopus","2-s2.0-85042386999"
"Becerra S.; Berrios J.; Osses N.; Altamirano C.","Becerra, Silvana (12144207700); Berrios, Julio (7004545486); Osses, Nelson (6507230410); Altamirano, Claudia (8332398700)","12144207700; 7004545486; 6507230410; 8332398700","Exploring the effect of mild hypothermia on CHO cell productivity","2012","Biochemical Engineering Journal","60","","","1","8","38","10.1016/j.bej.2011.10.003","https://www.scopus.com/pages/publications/83555176235?origin=resultslist","Review","Final","All Open Access; Green Open Access","Scopus","2-s2.0-83555176235"
"Sandoval R.; Schrebler R.; Gómez H.","Sandoval, R. (24442495700); Schrebler, R. (56213692700); Gómez, H. (7006142241)","24442495700; 56213692700; 7006142241","Current peak multiplicity related to the Ni/Ni(OH)2 electrode","1986","Journal of Electroanalytical Chemistry","210","2","","287","294","20","10.1016/0022-0728(86)80581-2","https://www.scopus.com/pages/publications/0003177247?origin=resultslist","Article","Final","","Scopus","2-s2.0-0003177247"
"Carvajal D.; Araya D.","Carvajal, D. (55378526500); Araya, D. (55516013100)","55378526500; 55516013100","Estimating the energy savings potential in a residential area of Valparaiso (Chile) by roof integrated unglazed solar collectors for domestic solar water heating","2012","CHISA 2012 - 20th International Congress of Chemical and Process Engineering and PRES 2012 - 15th Conference PRES","","","","","","0","","https://www.scopus.com/pages/publications/84874897442?origin=resultslist","Conference paper","Final","","Scopus","2-s2.0-84874897442"
"Ranilla L.G.; Kwon Y.-I.; Apostolidis E.; Shetty K.","Ranilla, Lena Galvez (57199101199); Kwon, Young-In (8647925900); Apostolidis, Emmanouil (12796348900); Shetty, Kalidas (7101712253)","57199101199; 8647925900; 12796348900; 7101712253","Phenolic compounds, antioxidant activity and in vitro inhibitory potential against key enzymes relevant for hyperglycemia and hypertension of commonly used medicinal plants, herbs and spices in Latin America","2010","Bioresource Technology","101","12","","4676","4689","564","10.1016/j.biortech.2010.01.093","https://www.scopus.com/pages/publications/77949264278?origin=resultslist","Article","Final","","Scopus","2-s2.0-77949264278"
"Aburto C.; Castillo C.; Cornejo F.; Arenas-Salinas M.; Vásquez C.; Guerrero C.; Arenas F.; Illanes A.; Vera C.","Aburto, Carla (57188974717); Castillo, Carlos (57205363289); Cornejo, Fabián (56015570900); Arenas-Salinas, Mauricio (56019496200); Vásquez, Claudio (7006212827); Guerrero, Cecilia (36738876300); Arenas, Felipe (57218595683); Illanes, Andrés (7004170275); Vera, Carlos (55238284100)","57188974717; 57205363289; 56015570900; 56019496200; 7006212827; 36738876300; 57218595683; 7004170275; 55238284100","Β-Galactosidase from Exiguobacterium acetylicum: Cloning, expression, purification and characterization","2019","Bioresource Technology","277","","","211","215","32","10.1016/j.biortech.2019.01.005","https://www.scopus.com/pages/publications/85059766156?origin=resultslist","Article","Final","","Scopus","2-s2.0-85059766156"
"Perez Won M.; Cifuentes A.; Madrid J. D.; Oliva H. M.","Perez Won, M. (16402708900); Cifuentes, A. (7006442027); Madrid J., D. (6507217158); Oliva H., M. (7101759659)","16402708900; 7006442027; 6507217158; 7101759659","Recovery of fish protein from jack mackerel (Trachurus murphyi) through spinning process","1997","Latin American Applied Research","27","1-2","","75","80","1","","https://www.scopus.com/pages/publications/0040655126?origin=resultslist","Article","Final","","Scopus","2-s2.0-0040655126"
"Bidart C.; Jiménez R.; Carlesi C.; Flores M.; Berg Á.","Bidart, Christian (16021119700); Jiménez, Romel (9743731700); Carlesi, Carlos (56998584200); Flores, Mauricio (25121382400); Berg, Álex (7401596550)","16021119700; 9743731700; 56998584200; 25121382400; 7401596550","Synthesis and usage of common and functionalized ionic liquids for biogas upgrading","2011","Chemical Engineering Journal","175","1","","388","395","30","10.1016/j.cej.2011.07.024","https://www.scopus.com/pages/publications/80755133386?origin=resultslist","Article","Final","All Open Access; Green Open Access","Scopus","2-s2.0-80755133386"
"Riveros G.; Garín C.; Ramírez D.; Dalchiele E.A.; Marotti R.E.; Pereyra C.J.; Spera E.; Gómez H.; Grez P.; Martín F.; Ramos-Barrado J.R.","Riveros, G. (6701422090); Garín, C. (36052995100); Ramírez, D. (57195948458); Dalchiele, E.A. (6701854336); Marotti, R.E. (6603482197); Pereyra, C.J. (54781727300); Spera, E. (56644565500); Gómez, H. (7006142241); Grez, P. (6506476548); Martín, F. (57947034100); Ramos-Barrado, J.R. (7004559118)","6701422090; 36052995100; 57195948458; 6701854336; 6603482197; 54781727300; 56644565500; 7006142241; 6506476548; 57947034100; 7004559118","Delafossite CuFeO2 thin films electrochemically grown from a DMSO based solution","2015","Electrochimica Acta","164","","","297","306","18","10.1016/j.electacta.2015.02.226","https://www.scopus.com/pages/publications/84929300731?origin=resultslist","Article","Final","","Scopus","2-s2.0-84929300731"
"Sepúlveda-Ugarte J.; Brunet J.E.; Matamala A.R.; Martínez-Oyanedel J.; Bunster M.","Sepúlveda-Ugarte, José (37015716800); Brunet, Juan E. (7202472480); Matamala, Adelio R. (55997029000); Martínez-Oyanedel, José (6602304198); Bunster, Marta (6602843702)","37015716800; 7202472480; 55997029000; 6602304198; 6602843702","Spectroscopic parameters of phycoerythrobilin and phycourobilin on phycoerythrin from Gracilaria chilensis","2011","Journal of Photochemistry and Photobiology A: Chemistry","219","2-3","","211","216","19","10.1016/j.jphotochem.2011.02.012","https://www.scopus.com/pages/publications/79954982742?origin=resultslist","Article","Final","All Open Access; Green Open Access","Scopus","2-s2.0-79954982742"
"Sercu B.; Núñez D.; Van Langenhove H.; Aroca G.; Verstraete W.","Sercu, B. (6506817579); Núñez, D. (8922790300); Van Langenhove, Herman (22036947600); Aroca, G. (6603177229); Verstraete, W. (35235601700)","6506817579; 8922790300; 22036947600; 6603177229; 35235601700","Operational and microbiological aspects of a bioaugmented two-stage biotrickling filter removing hydrogen sulfide and dimethyl sulfide","2005","Biotechnology and Bioengineering","90","2","","259","269","127","10.1002/bit.20443","https://www.scopus.com/pages/publications/17644371976?origin=resultslist","Article","Final","","Scopus","2-s2.0-17644371976"
"Terán-Hilares R.; Chirinos R.; Pedreschi R.; Campos D.","Terán-Hilares, Ruly (57024047600); Chirinos, Rosana (14833763600); Pedreschi, Romina (14052508500); Campos, David (7005426874)","57024047600; 14833763600; 14052508500; 7005426874","Enhanced antioxidant properties of tara (Caesalpinia spinosa) gallotannins by thermal hydrolysis and its synergistic effects with α-tocopherol, ascorbyl palmitate, and citric acid on sacha inchi (Plukenetia volubilis) oil","2018","Journal of Food Process Engineering","41","1","e12613","","","17","10.1111/jfpe.12613","https://www.scopus.com/pages/publications/85041806728?origin=resultslist","Article","Final","","Scopus","2-s2.0-85041806728"
"Schrebler R.S.; Gomez C.H.; Gardiazabal J.I.","Schrebler, R.S. (56213692700); Gomez, C.H. (55414586900); Gardiazabal, J.I. (6506517228)","56213692700; 55414586900; 6506517228","POTENTIODYNAMIC BEHAVIOR OF alpha BRASS IN 1 M Na2SO4 SOLUTION.","1987","Corrosion","43","4","","243","247","12","10.5006/1.3583143","https://www.scopus.com/pages/publications/0023332026?origin=resultslist","Article","Final","","Scopus","2-s2.0-0023332026"
"Acevedo C.A.; Tomic G.; Santander R.; Creixell W.; Osorio F.; Sánchez E.","Acevedo, Cristian A. (7004963806); Tomic, Gerda (6507072709); Santander, Rocío (16643602900); Creixell, Werner (9334310100); Osorio, Felipe (24473114700); Sánchez, Elizabeth (7403362626)","7004963806; 6507072709; 16643602900; 9334310100; 24473114700; 7403362626","A chemometrics approach to analyze volatile molecules released by post-mortem bovine fast-twitch muscles; [Un enfoque quimiométrico para analizar moléculas volátiles emanadas por músculos bovinos post-mortem de contracción rápida]","2016","CYTA - Journal of Food","14","3","","399","404","0","10.1080/19476337.2015.1114973","https://www.scopus.com/pages/publications/84947913983?origin=resultslist","Article","Final","All Open Access; Bronze Open Access","Scopus","2-s2.0-84947913983"
"Gomez H.; Schrebler R.; Cordova R.; Ugarte R.; Dalchielle E.A.","Gomez, H. (7006142241); Schrebler, R. (56213692700); Cordova, R. (56224655100); Ugarte, R. (6602853731); Dalchielle, E.A. (6504414173)","7006142241; 56213692700; 56224655100; 6602853731; 6504414173","Nucleation and growth of CuInSe2 on a glassy carbon electrode","1995","Electrochimica Acta","40","2","","267","269","12","10.1016/0013-4686(94)E0079-F","https://www.scopus.com/pages/publications/0029255164?origin=resultslist","Article","Final","","Scopus","2-s2.0-0029255164"
"Guajardo N.; Domínguez de María H.P.; Ahumada K.; Schrebler R.A.; Ramírez-Tagle R.; Crespo F.A.; Carlesi C.","Guajardo, Nadia (56728431500); Domínguez de María, Habil Pablo (57193970237); Ahumada, Katherine (56590103600); Schrebler, Rodrigo A. (56526623100); Ramírez-Tagle, Rodrigo (23670533200); Crespo, Fernando A. (16554452600); Carlesi, Carlos (56998584200)","56728431500; 57193970237; 56590103600; 56526623100; 23670533200; 16554452600; 56998584200","Water as Cosolvent: Nonviscous Deep Eutectic Solvents for Efficient Lipase-Catalyzed Esterifications","2017","ChemCatChem","9","8","","1393","1396","106","10.1002/cctc.201601575","https://www.scopus.com/pages/publications/85017141225?origin=resultslist","Article","Final","","Scopus","2-s2.0-85017141225"
"Proust P.C.; Ramirez A.L.; Yianatos J.B.","Proust, Patricio C. (6602656682); Ramirez, Alberto L. (56223610100); Yianatos, Juan B. (7004328398)","6602656682; 56223610100; 7004328398","Vapor-Liquid Equilibriums for the System n-Heptane-O-Xylene at 348.1, 358.1, and 368.3 K","1980","Journal of Chemical and Engineering Data","25","4","","329","331","8","10.1021/je60087a015","https://www.scopus.com/pages/publications/0001078694?origin=resultslist","Article","Final","","Scopus","2-s2.0-0001078694"
"Ciudad G.; Rubilar O.; Muñoz P.; Ruiz G.; Chamy R.; Vergara C.; Jeison D.","Ciudad, G. (13608802000); Rubilar, O. (8842366500); Muñoz, P. (14421583700); Ruiz, G. (18635080500); Chamy, R. (6603874955); Vergara, C. (56994099500); Jeison, D. (6507881259)","13608802000; 8842366500; 14421583700; 18635080500; 6603874955; 56994099500; 6507881259","Partial nitrification of high ammonia concentration wastewater as a part of a shortcut biological nitrogen removal process","2005","Process Biochemistry","40","5","","1715","1719","198","10.1016/j.procbio.2004.06.058","https://www.scopus.com/pages/publications/13844296930?origin=resultslist","Article","Final","","Scopus","2-s2.0-13844296930"
"Aguirre M.J.; Retamal B.A.; Ureta-Zañartu M.S.; Zagal J.H.; Córdova R.; Schrebler R.; Biaggio S.R.","Aguirre, M.J. (16534552600); Retamal, B.A. (6603357069); Ureta-Zañartu, M.S. (6603379111); Zagal, J.H. (7006164899); Córdova, R. (56224655100); Schrebler, R. (56213692700); Biaggio, S.R. (6701328375)","16534552600; 6603357069; 6603379111; 7006164899; 56224655100; 56213692700; 6701328375","Effects of alkaline cations on polyaniline electrochemical synthesis","1992","Journal of Electroanalytical Chemistry","328","1-2","","349","354","17","10.1016/0022-0728(92)80193-8","https://www.scopus.com/pages/publications/0042840543?origin=resultslist","Article","Final","","Scopus","2-s2.0-0042840543"
"Guerrero C.; Vera C.; Plou F.; Illanes A.","Guerrero, Cecilia (36738876300); Vera, Carlos (55238284100); Plou, Francisco (7003499529); Illanes, Andrés (7004170275)","36738876300; 55238284100; 7003499529; 7004170275","Influence of reaction conditions on the selectivity of the synthesis of lactulose with microbial β-galactosidases","2011","Journal of Molecular Catalysis B: Enzymatic","72","3-4","","206","212","99","10.1016/j.molcatb.2011.06.007","https://www.scopus.com/pages/publications/80052259919?origin=resultslist","Article","Final","All Open Access; Green Open Access","Scopus","2-s2.0-80052259919"
"Schrebler R.; Gómez H.; Córdova R.; Gardiazábal I.","Schrebler, R. (56213692700); Gómez, H. (7006142241); Córdova, R. (56224655100); Gardiazábal, I. (6507664198)","56213692700; 7006142241; 56224655100; 6507664198","The influence of iodine in the electroformation of ZrO2 films on zircaloy-4 electrodes in acid solutions","1989","Corrosion Science","29","11-12","","1257","1263","2","10.1016/0010-938X(89)90118-2","https://www.scopus.com/pages/publications/0024879836?origin=resultslist","Article","Final","","Scopus","2-s2.0-0024879836"
"Ortega-Martinez E.; Sapkaite I.; Fdz-Polanco F.; Donoso-Bravo A.","Ortega-Martinez, Eduardo (57004841100); Sapkaite, Ieva (55859857500); Fdz-Polanco, Fernando (6701491323); Donoso-Bravo, Andres (25723108900)","57004841100; 55859857500; 6701491323; 25723108900","From pre-treatment toward inter-treatment. Getting some clues from sewage sludge biomethanation","2016","Bioresource Technology","212","","","227","235","52","10.1016/j.biortech.2016.04.049","https://www.scopus.com/pages/publications/84963988135?origin=resultslist","Article","Final","","Scopus","2-s2.0-84963988135"
"Valencia P.; Flores S.; Wilson L.; Illanes A.","Valencia, Pedro (57201824872); Flores, Sebastián (14035659300); Wilson, Lorena (7403520925); Illanes, Andrés (7004170275)","57201824872; 14035659300; 7403520925; 7004170275","Effect of particle size distribution on the simulation of immobilized enzyme reactor performance","2010","Biochemical Engineering Journal","49","2","","256","263","22","10.1016/j.bej.2010.01.002","https://www.scopus.com/pages/publications/77249164959?origin=resultslist","Article","Final","All Open Access; Green Open Access","Scopus","2-s2.0-77249164959"
"Gómez H.; Henríquez R.; Schrebler R.; Riveros G.; Leinen D.; Ramos-Barrado J.R.; Dalchiele E.A.","Gómez, H. (7006142241); Henríquez, R. (55554951600); Schrebler, R. (56213692700); Riveros, G. (6701422090); Leinen, D. (7004508333); Ramos-Barrado, J.R. (7004559118); Dalchiele, E.A. (6701854336)","7006142241; 55554951600; 56213692700; 6701422090; 7004508333; 7004559118; 6701854336","A soft-solution electrochemical processing technique for preparing CdTe/n-Si(l 0 0) heterostructures","2004","Journal of Electroanalytical Chemistry","574","1","","113","122","15","10.1016/j.jelechem.2004.07.030","https://www.scopus.com/pages/publications/9244246281?origin=resultslist","Article","Final","All Open Access; Green Open Access","Scopus","2-s2.0-9244246281"
"Canales C.; Altamirano C.; Berrios J.","Canales, Christian (57216994915); Altamirano, Claudia (8332398700); Berrios, Julio (7004545486)","57216994915; 8332398700; 7004545486","The growth of Pichia pastoris Mut+ on methanol–glycerol mixtures fits to interactive dual-limited kinetics: model development and application to optimised fed-batch operation for heterologous protein production","2018","Bioprocess and Biosystems Engineering","41","12","","1827","1838","15","10.1007/s00449-018-2005-1","https://www.scopus.com/pages/publications/85053062021?origin=resultslist","Article","Final","","Scopus","2-s2.0-85053062021"
"Hernández-Luis F.; Rodríguez-Raposo R.; Galleguillos H.R.; Morales J.W.","Hernández-Luis, Felipe (6603382597); Rodríguez-Raposo, Raquel (24291227900); Galleguillos, Héctor R. (6602755098); Morales, Jaime W. (16417082300)","6603382597; 24291227900; 6602755098; 16417082300","Solubility of Sodium Halides in Aqueous Mixtures with ε-Increasing Cosolvents: Formamide, N-Methylformamide, and N-Methylacetamide at 298.15 K","2016","Industrial and Engineering Chemistry Research","55","3","","812","819","15","10.1021/acs.iecr.5b04614","https://www.scopus.com/pages/publications/84956905765?origin=resultslist","Article","Final","","Scopus","2-s2.0-84956905765"
"Carlesi C.; Carvajal D.; Vasquez D.; Schrebler Arratia R.","Carlesi, Carlos (56998584200); Carvajal, Danilo (55378526500); Vasquez, Dreidy (56369410000); Schrebler Arratia, Rodrigo (56369691900)","56998584200; 55378526500; 56369410000; 56369691900","Analysis of carbon dioxide-to-methanol direct electrochemical conversion mediated by an ionic liquid","2014","Chemical Engineering and Processing: Process Intensification","85","","","48","56","16","10.1016/j.cep.2014.08.004","https://www.scopus.com/pages/publications/84907387847?origin=resultslist","Article","Final","All Open Access; Green Open Access","Scopus","2-s2.0-84907387847"
"Vera R.; Delgado D.; Rosales B.M.","Vera, Rosa (7005768349); Delgado, Diana (7004964669); Rosales, Blanca M. (7003274712)","7005768349; 7004964669; 7003274712","Effect of unusually elevated SO2 atmospheric content on the corrosion of high power electrical conductors - Part 3. Pure copper","2008","Corrosion Science","50","4","","1080","1098","20","10.1016/j.corsci.2007.11.017","https://www.scopus.com/pages/publications/40849130904?origin=resultslist","Article","Final","All Open Access; Bronze Open Access; Green Open Access","Scopus","2-s2.0-40849130904"
"Curotto E.; Nazal A.; Aguirre C.; Campos V.; Durán N.","Curotto, Emilia (36845325200); Nazal, Alejandra (6507066759); Aguirre, Carolina (7005079092); Campos, Victoriano (7005359251); Durán, Nelson (23072832700)","36845325200; 6507066759; 7005079092; 7005359251; 23072832700","Enzymatic pretreatment of kraft pulps from Pinus radiata D Don with xylanolytic complex of Penicillium canescens (CP1) fungi","1998","Applied Biochemistry and Biotechnology - Part A Enzyme Engineering and Biotechnology","73","1","","29","42","7","10.1007/BF02788831","https://www.scopus.com/pages/publications/0031822294?origin=resultslist","Article","Final","","Scopus","2-s2.0-0031822294"
"Barron C.H., Jr.; Chaty J.C.; Gonzalez R.A.; Eldridge J.W.","Barron, Charles H. (16037038000); Chaty, John C. (55296872600); Gonzalez, Raul A. (55461751100); Eldridge, John W. (35120119000)","16037038000; 55296872600; 55461751100; 35120119000","Thermodynamic Properties of Isobutylene","1962","Journal of Chemical and Engineering Data","7","3","","394","397","6","10.1021/je60014a026","https://www.scopus.com/pages/publications/33947473638?origin=resultslist","Article","Final","","Scopus","2-s2.0-33947473638"
"Passos F.; Ortega V.; Donoso-Bravo A.","Passos, Fabiana (53881827500); Ortega, Valentina (57192655315); Donoso-Bravo, Andrés (25723108900)","53881827500; 57192655315; 25723108900","Thermochemical pretreatment and anaerobic digestion of dairy cow manure: Experimental and economic evaluation","2017","Bioresource Technology","227","","","239","246","119","10.1016/j.biortech.2016.12.034","https://www.scopus.com/pages/publications/85007044911?origin=resultslist","Article","Final","","Scopus","2-s2.0-85007044911"
"Saavedra J.A.; Puente L.A.; González G.A.; Camousseigt I.B.","Saavedra, Jorge A. (55675224084); Puente, Luis A. (57215832356); González, Guillermo A. (57619768400); Camousseigt, Iván B. (25521298400)","55675224084; 57215832356; 57619768400; 25521298400","Automation of a convective hot air dryer for teaching in food engineering; [Automatización de un secador convectivo de aire caliente para fines de docencia en ingeniería de alimentos]","2008","Informacion Tecnologica","19","4","","3","10","1","10.1612/inf.tecnol.3934it.07","https://www.scopus.com/pages/publications/54249101837?origin=resultslist","Article","Final","","Scopus","2-s2.0-54249101837"
"Vera R.; Schrebler R.; Grez P.; Romero H.","Vera, Rosa (7005768349); Schrebler, Ricardo (56213692700); Grez, Paula (6506476548); Romero, Hugo (55372476800)","7005768349; 56213692700; 6506476548; 55372476800","The corrosion-inhibiting effect of polypyrrole films doped with p-toluene-sulfonate, benzene-sulfonate or dodecyl-sulfate anions, as coating on stainless steel in NaCl aqueous solutions","2014","Progress in Organic Coatings","77","4","","853","858","40","10.1016/j.porgcoat.2014.01.015","https://www.scopus.com/pages/publications/84896737174?origin=resultslist","Article","Final","","Scopus","2-s2.0-84896737174"
"Carlesi Jara C.; Di Giulio S.; Fino D.; Spinelli P.","Carlesi Jara, Carlos (56998584200); Di Giulio, Simona (22940364800); Fino, Debora (6603706724); Spinelli, Paolo (7102670228)","56998584200; 22940364800; 6603706724; 7102670228","Combined direct and indirect electroxidation of urea containing water","2008","Journal of Applied Electrochemistry","38","7","","915","922","54","10.1007/s10800-008-9496-4","https://www.scopus.com/pages/publications/44749086179?origin=resultslist","Article","Final","","Scopus","2-s2.0-44749086179"
"Navarrete E.; Heyser C.; Henríquez R.; Schrebler R.; Córdova R.; Muñoz E.","Navarrete, Emilio (56211402600); Heyser, Cristopher (27667712900); Henríquez, Rodrigo (55554951600); Schrebler, Ricardo (56213692700); Córdova, Ricardo (56224655100); Muñoz, Eduardo (13611547600)","56211402600; 27667712900; 55554951600; 56213692700; 56224655100; 13611547600","Changes in the surface activity of n-Si after interaction with hydroxyl radicals","2014","Journal of Electroanalytical Chemistry","727","","","39","46","6","10.1016/j.jelechem.2014.05.019","https://www.scopus.com/pages/publications/84902685762?origin=resultslist","Article","Final","All Open Access; Green Open Access","Scopus","2-s2.0-84902685762"
"Cifuentes-Araya N.; Astudillo-Castro C.; Bazinet L.","Cifuentes-Araya, Nicolás (39361065700); Astudillo-Castro, Carolina (7004510679); Bazinet, Laurent (6603777952)","39361065700; 7004510679; 6603777952","Mechanisms of mineral membrane fouling growth modulated by pulsed modes of current during electrodialysis: Evidences of water splitting implications in the appearance of the amorphous phases of magnesium hydroxide and calcium carbonate","2014","Journal of Colloid and Interface Science","426","","","221","234","41","10.1016/j.jcis.2014.03.054","https://www.scopus.com/pages/publications/84899514759?origin=resultslist","Article","Final","","Scopus","2-s2.0-84899514759"
"Donoso-Bravo A.; Mairet F.","Donoso-Bravo, Andres (25723108900); Mairet, Francis (35792398100)","25723108900; 35792398100","Determining the limiting reaction in anaerobic digestion processes. How has this been tackled?","2012","Journal of Chemical Technology and Biotechnology","87","10","","1375","1378","8","10.1002/jctb.3890","https://www.scopus.com/pages/publications/84866740543?origin=resultslist","Short survey","Final","","Scopus","2-s2.0-84866740543"
"Córdova A.; Astudillo C.; Santibañez L.; Cassano A.; Ruby-Figueroa R.; Illanes A.","Córdova, Andrés (54405633400); Astudillo, Carolina (7004510679); Santibañez, Luciana (57951932900); Cassano, Alfredo (7006440449); Ruby-Figueroa, René (38362195500); Illanes, Andrés (7004170275)","54405633400; 7004510679; 57951932900; 7006440449; 38362195500; 7004170275","Purification of galacto-oligosaccharides (GOS) by three-stage serial nanofiltration units under critical transmembrane pressure conditions","2017","Chemical Engineering Research and Design","117","","","488","499","60","10.1016/j.cherd.2016.11.006","https://www.scopus.com/pages/publications/84996993032?origin=resultslist","Article","Final","","Scopus","2-s2.0-84996993032"
"Celedón S.; De Camargo A.S.S.; Fuentealba M.; Artigas V.; Benavente E.; González G.","Celedón, Salvador (25642504000); De Camargo, Andrea S. S. (7003979991); Fuentealba, Mauricio (7801538556); Artigas, Vania (56556470800); Benavente, Eglantina (6604007483); González, Guillermo (24320612700)","25642504000; 7003979991; 7801538556; 56556470800; 6604007483; 24320612700","Highly emissive host-guest based on nanoclay intercalated with an Eu3+ complex bearing a new Ru2+ organometallic ligand","2018","New Journal of Chemistry","42","18","","15284","15294","4","10.1039/c8nj02432d","https://www.scopus.com/pages/publications/85053717419?origin=resultslist","Article","Final","All Open Access; Green Open Access","Scopus","2-s2.0-85053717419"
"del Rio-Chanona E.A.; Bakker C.; Fiorelli F.; Paraskevopoulos M.; Scott F.; Conejeros R.; Vassiliadis V.S.","del Rio-Chanona, Ehecatl Antonio (56537019200); Bakker, Craig (55806239000); Fiorelli, Fabio (56811211000); Paraskevopoulos, Michail (57224948301); Scott, Felipe (55743894700); Conejeros, Raúl (35611393300); Vassiliadis, Vassilios S. (7004115264)","56537019200; 55806239000; 56811211000; 57224948301; 55743894700; 35611393300; 7004115264","On the solution of differential-algebraic equations through gradient flow embedding","2017","Computers and Chemical Engineering","103","","","165","175","3","10.1016/j.compchemeng.2017.03.020","https://www.scopus.com/pages/publications/85017173115?origin=resultslist","Article","Final","All Open Access; Green Open Access","Scopus","2-s2.0-85017173115"
"Díaz-Barrera A.; Silva P.; Berrios J.; Acevedo F.","Díaz-Barrera, Alvaro (20435715600); Silva, Paulina (26030111000); Berrios, Julio (7004545486); Acevedo, Fernando (7003903397)","20435715600; 26030111000; 7004545486; 7003903397","Manipulating the molecular weight of alginate produced by Azotobacter vinelandii in continuous cultures","2010","Bioresource Technology","101","23","","9405","9408","23","10.1016/j.biortech.2010.07.038","https://www.scopus.com/pages/publications/77955660300?origin=resultslist","Article","Final","","Scopus","2-s2.0-77955660300"
"Suárez C.; Ahumada E.; Orellana F.; Hein H.; Cote G.; Lizama H.","Suárez, Claudio (7101958114); Ahumada, Eduardo (6603205344); Orellana, Fabián (15722831700); Hein, Hans (7102356221); Cote, Gerard (8884282000); Lizama, Hernan (23103275700)","7101958114; 6603205344; 15722831700; 7102356221; 8884282000; 23103275700","Extraction of iron(III) from acidic sulfate solutions with bis(2-ethylhexyl)phosphoric acid in PENRECO® 170 ES, a new friendly diluent","2002","Journal of Chemical Technology and Biotechnology","77","2","","183","189","11","10.1002/jctb.544","https://www.scopus.com/pages/publications/0036163445?origin=resultslist","Article","Final","","Scopus","2-s2.0-0036163445"
"Proust P.C.; Stein F.P.","Proust, Patricio C. (6602656682); Stein, Fred P. (7006830487)","6602656682; 7006830487","Vapor-liquid equilibria of the ternary system CF4CHF3CClF3 at 199.80 K and 3.447 and 6.895 bars","1979","Fluid Phase Equilibria","3","4","","313","322","10","10.1016/0378-3812(79)80004-7","https://www.scopus.com/pages/publications/0018542279?origin=resultslist","Article","Final","","Scopus","2-s2.0-0018542279"
"Hernández-Luis F.; Rodríguez-Raposo R.; Galleguillos H.R.; Morales J.W.","Hernández-Luis, Felipe (6603382597); Rodríguez-Raposo, Raquel (24291227900); Galleguillos, Héctor R. (6602755098); Morales, Jaime W. (16417082300)","6603382597; 24291227900; 6602755098; 16417082300","Activity coefficients of NaF in aqueous mixtures with ε-increasing co-solvent: N-methylformamide-water mixtures at 298.15 K","2016","Fluid Phase Equilibria","425","","","451","464","5","10.1016/j.fluid.2016.05.019","https://www.scopus.com/pages/publications/84978039425?origin=resultslist","Article","Final","","Scopus","2-s2.0-84978039425"
"Proust P.; Meyer E.; Jaque Z.","Proust, Patricio (6602656682); Meyer, Eduardo (7401539213); Jaque, Zahira (6504561279)","6602656682; 7401539213; 6504561279","Infinite-dilution activity coefficients for systems with α- and β-pinene","1992","Fluid Phase Equilibria","73","1-2","","139","146","6","10.1016/0378-3812(92)85044-9","https://www.scopus.com/pages/publications/0026852472?origin=resultslist","Article","Final","","Scopus","2-s2.0-0026852472"
"Ortega-Bravo J.C.; Ruiz-Filippi G.; Donoso-Bravo A.; Reyes-Caniupán I.E.; Jeison D.","Ortega-Bravo, Juan C. (57190489122); Ruiz-Filippi, Gonzalo (18635080500); Donoso-Bravo, Andrés (25723108900); Reyes-Caniupán, Isaac E. (57190497054); Jeison, David (6507881259)","57190489122; 18635080500; 25723108900; 57190497054; 6507881259","Forward osmosis: Evaluation thin-film-composite membrane for municipal sewage concentration","2016","Chemical Engineering Journal","306","","","531","537","49","10.1016/j.cej.2016.07.085","https://www.scopus.com/pages/publications/84980340549?origin=resultslist","Article","Final","All Open Access; Green Open Access","Scopus","2-s2.0-84980340549"
"Miranda V.; Wilson L.; Cárdenas C.; Illanes A.","Miranda, Valeria (36911440600); Wilson, Lorena (7403520925); Cárdenas, Constanza (7003841627); Illanes, Andrés (7004170275)","36911440600; 7403520925; 7003841627; 7004170275","Reactivation of immobilized penicillin G acylase: Influence of cosolvents and catalytic modulators","2011","Journal of Molecular Catalysis B: Enzymatic","68","1","","77","82","11","10.1016/j.molcatb.2010.09.015","https://www.scopus.com/pages/publications/78649332441?origin=resultslist","Article","Final","All Open Access; Green Open Access","Scopus","2-s2.0-78649332441"
"Sercu B.; Núñez D.; Aroca G.; Boon N.; Verstraete W.; Van Langenhove H.","Sercu, Bram (6506817579); Núñez, Dariela (8922790300); Aroca, Germán (6603177229); Boon, Nico (7005091577); Verstraete, Willy (35235601700); Van Langenhove, Herman (22036947600)","6506817579; 8922790300; 6603177229; 7005091577; 35235601700; 22036947600","Inoculation and start-up of a biotricking filter removing dimethyl sulfide","2005","Chemical Engineering Journal","113","2-3","","127","134","41","10.1016/j.cej.2005.04.008","https://www.scopus.com/pages/publications/27144511171?origin=resultslist","Article","Final","","Scopus","2-s2.0-27144511171"
"Schaffeld G.; Illanes A.","Schaffeld, G. (6506255226); Illanes, A. (7004170275)","6506255226; 7004170275","Determination of cell mass in an insoluble lignocellulosic substrate in submerged fermentation","1982","Biotechnology Letters","4","10","","667","672","9","10.1007/BF00141983","https://www.scopus.com/pages/publications/0020377632?origin=resultslist","Article","Final","","Scopus","2-s2.0-0020377632"
"Illanes A.; Cabrera Z.; Wilson L.; Aguirre C.","Illanes, Andrés (7004170275); Cabrera, Zaida (16028105600); Wilson, Lorena (7403520925); Aguirre, Carolina (7005079092)","7004170275; 16028105600; 7403520925; 7005079092","Synthesis of cephalexin in ethylene glycol with glyoxyl-agarose immobilised penicillin acylase: Temperature and pH optimisation","2003","Process Biochemistry","39","1","","111","117","35","10.1016/S0032-9592(03)00031-1","https://www.scopus.com/pages/publications/0242409137?origin=resultslist","Article","Final","","Scopus","2-s2.0-0242409137"
"Cancino B.; Fuentes P.; Kulozik U.; Bönisch M.","Cancino, Beatriz (56610139300); Fuentes, Patricia (36861322500); Kulozik, Ulrich (6701368096); Bönisch, Martin (14057654700)","56610139300; 36861322500; 6701368096; 14057654700","Effect of the protein addition on the structure of set style and stirred yoghurt with and without the use of transglutaminase","2006","Desalination","200","1-3","","531","532","6","10.1016/j.desal.2006.03.424","https://www.scopus.com/pages/publications/33746801567?origin=resultslist","Article","Final","","Scopus","2-s2.0-33746801567"
"Carvajal D.; Carlesi Jara C.; Irrázabal M.M.","Carvajal, D. (55378526500); Carlesi Jara, C. (56998584200); Irrázabal, M.M. (14068828900)","55378526500; 56998584200; 14068828900","Dynamic modelling of the reactive absorption of CO2 in ionic liquids and its effect on the mass transfer and fluid viscosity","2012","CHISA 2012 - 20th International Congress of Chemical and Process Engineering and PRES 2012 - 15th Conference PRES","","","","","","0","","https://www.scopus.com/pages/publications/84874874011?origin=resultslist","Conference paper","Final","","Scopus","2-s2.0-84874874011"
"Astudillo C.; Parra J.; González S.; Cancino B.","Astudillo, Carolina (7004510679); Parra, José (36438505400); González, Stephany (36438242000); Cancino, Beatriz (56610139300)","7004510679; 36438505400; 36438242000; 56610139300","A new parameter for membrane cleaning evaluation","2010","Separation and Purification Technology","73","2","","286","293","36","10.1016/j.seppur.2010.04.015","https://www.scopus.com/pages/publications/77955305900?origin=resultslist","Article","Final","","Scopus","2-s2.0-77955305900"
"Ferreira L.C.; Donoso-Bravo A.; Nilsen P.J.; Fdz-Polanco F.; Pérez-Elvira S.I.","Ferreira, L.C. (36028078700); Donoso-Bravo, A. (25723108900); Nilsen, P.J. (54407435400); Fdz-Polanco, F. (6701491323); Pérez-Elvira, S.I. (8956991400)","36028078700; 25723108900; 54407435400; 6701491323; 8956991400","Influence of thermal pretreatment on the biochemical methane potential of wheat straw","2013","Bioresource Technology","143","","","251","257","111","10.1016/j.biortech.2013.05.065","https://www.scopus.com/pages/publications/84879565027?origin=resultslist","Article","Final","","Scopus","2-s2.0-84879565027"
"Barberis S.; Illanes A.","Barberis, Sonia (7004483087); Illanes, Andres (7004170275)","7004483087; 7004170275","Catalisis enzimatica en fase organica: Aspectos cineticos y termodinamicos","1996","Ingenieria Quimica","28","322","","165","173","3","","https://www.scopus.com/pages/publications/6044261634?origin=resultslist","Article","Final","","Scopus","2-s2.0-6044261634"
"Guerrero C.; Aburto C.; Suárez S.; Vera C.; Illanes A.","Guerrero, Cecilia (36738876300); Aburto, Carla (57188974717); Suárez, Sebastián (57191571843); Vera, Carlos (55238284100); Illanes, Andrés (7004170275)","36738876300; 57188974717; 57191571843; 55238284100; 7004170275","Effect of the type of immobilization of β-galactosidase on the yield and selectivity of synthesis of transgalactosylated oligosaccharides","2018","Biocatalysis and Agricultural Biotechnology","16","","","353","363","28","10.1016/j.bcab.2018.08.021","https://www.scopus.com/pages/publications/85053209265?origin=resultslist","Article","Final","","Scopus","2-s2.0-85053209265"
"Vera R.; Verdugo P.; Orellana M.; Muñoz E.","Vera, Rosa (7005768349); Verdugo, Patricia (27667926600); Orellana, Marco (7006384024); Muñoz, Eduardo (13611547600)","7005768349; 27667926600; 7006384024; 13611547600","Corrosion of aluminium in copper-aluminium couples under a marine environment: Influence of polyaniline deposited onto copper","2010","Corrosion Science","52","11","","3803","3810","42","10.1016/j.corsci.2010.07.033","https://www.scopus.com/pages/publications/77956267925?origin=resultslist","Article","Final","","Scopus","2-s2.0-77956267925"
"Altamirano C.; Illanes A.; Becerra S.; Cairó J.J.; Gòdia F.","Altamirano, Claudia (8332398700); Illanes, Andres (7004170275); Becerra, Silvana (12144207700); Cairó, Jordi Joan (7004000517); Gòdia, Francesc (7003366518)","8332398700; 7004170275; 12144207700; 7004000517; 7003366518","Considerations on the lactate consumption by CHO cells in the presence of galactose","2006","Journal of Biotechnology","125","4","","547","556","153","10.1016/j.jbiotec.2006.03.023","https://www.scopus.com/pages/publications/33748300981?origin=resultslist","Article","Final","All Open Access; Green Open Access","Scopus","2-s2.0-33748300981"
"Vergara-Fernández A.; Yánez D.; Morales P.; Scott F.; Aroca G.; Diaz-Robles L.; Moreno-Casas P.","Vergara-Fernández, Alberto (16240235200); Yánez, Diana (57193016038); Morales, Paulina (55234854000); Scott, Felipe (55743894700); Aroca, Germán (6603177229); Diaz-Robles, Luis (23060179200); Moreno-Casas, Patricio (56422432700)","16240235200; 57193016038; 55234854000; 55743894700; 6603177229; 23060179200; 56422432700","Biofiltration of benzo[Α]pyrene, toluene and formaldehyde in air by a consortium of Rhodococcus erythropolis and Fusarium solani: Effect of inlet loads, gas flow and temperature","2018","Chemical Engineering Journal","332","","","702","710","67","10.1016/j.cej.2017.09.095","https://www.scopus.com/pages/publications/85033679565?origin=resultslist","Article","Final","","Scopus","2-s2.0-85033679565"
"Durán O.; Rodríguez N.; Consalter L.A.","Durán, O. (23396493200); Rodríguez, N. (23393836400); Consalter, L.A. (7801513059)","23396493200; 23393836400; 7801513059","Automatic definition of the cutting tool geometry using genetic algorithms; [Definición automática de la geometría de herramientas de corte usando algoritmos genéticos]","2008","Informacion Tecnologica","19","2","","51","58","2","","https://www.scopus.com/pages/publications/42449097734?origin=resultslist","Article","Final","","Scopus","2-s2.0-42449097734"
"Córdova R.; Oliva A.; Angulo J.; Grez P.; Gómez H.; Schrebler R.; Molinari A.","Córdova, R. (56224655100); Oliva, A. (56254239800); Angulo, J. (57153523300); Grez, P. (6506476548); Gómez, H. (7006142241); Schrebler, R. (56213692700); Molinari, A. (7103155629)","56224655100; 56254239800; 57153523300; 6506476548; 7006142241; 56213692700; 7103155629","Electrochemical study of some three-derivative compounds of 1-phenyl-4-butyldithiocarboxylate-5-hydroxypyrazol (3D-FBDTCHP)","2000","Journal of Electroanalytical Chemistry","492","1","","46","53","4","10.1016/S0022-0728(00)00264-3","https://www.scopus.com/pages/publications/0343396266?origin=resultslist","Article","Final","","Scopus","2-s2.0-0343396266"
"Rigual-González Y.; Gómez L.; Núñez J.; Vergara M.; Díaz-Barrera A.; Berrios J.; Altamirano C.","Rigual-González, Yandi (57190069493); Gómez, Lucía (57190073141); Núñez, Jonathan (57190067884); Vergara, Mauricio (57188633174); Díaz-Barrera, Alvaro (20435715600); Berrios, Julio (7004545486); Altamirano, Claudia (8332398700)","57190069493; 57190073141; 57190067884; 57188633174; 20435715600; 7004545486; 8332398700","Application of a new model based on oxygen balance to determine the oxygen uptake rate in mammalian cell chemostat cultures","2016","Chemical Engineering Science","152","","","586","590","6","10.1016/j.ces.2016.06.051","https://www.scopus.com/pages/publications/84977124896?origin=resultslist","Article","Final","","Scopus","2-s2.0-84977124896"
"Carrera-Chapela F.; Donoso-Bravo A.; González J.A.; Ruiz-Filippi G.","Carrera-Chapela, Fabio (56177531500); Donoso-Bravo, Andrés (25723108900); González, José A. (7004804004); Ruiz-Filippi, Gonzalo (18635080500)","56177531500; 25723108900; 7004804004; 18635080500","Air emissions from a sludge thickener: Dynamic data for air quality models","2016","Chemical Engineering Transactions","54","","","151","156","6","10.3303/CET1654026","https://www.scopus.com/pages/publications/84988872512?origin=resultslist","Article","Final","","Scopus","2-s2.0-84988872512"
"Cortés A.; Lavín R.; Denardin J.C.; Marotti R.E.; Dalchiele E.A.; Valdivia P.; Gómez H.","Cortés, Andrea (8226142500); Lavín, Roberto (23489343600); Denardin, Juliano C. (6701839667); Marotti, Ricardo E. (6603482197); Dalchiele, Enrique A. (6701854336); Valdivia, Patricio (57203166124); Gómez, Humberto (7006142241)","8226142500; 23489343600; 6701839667; 6603482197; 6701854336; 57203166124; 7006142241","Template assisted electrochemical growth of cobalt nanowires: Influence of deposition conditions on structural, optical and magnetic properties","2011","Journal of Nanoscience and Nanotechnology","11","5","","3899","3910","24","10.1166/jnn.2011.3826","https://www.scopus.com/pages/publications/84855190748?origin=resultslist","Conference paper","Final","All Open Access; Green Open Access","Scopus","2-s2.0-84855190748"
"Ribbe L.; Delgado P.; Salgado E.; Flügel W.-A.","Ribbe, L. (23980986800); Delgado, P. (23979519300); Salgado, E. (8065384400); Flügel, W.-A. (7004175973)","23980986800; 23979519300; 8065384400; 7004175973","Nitrate pollution of surface water induced by agricultural non-point pollution in the Pocochay watershed, Chile","2008","Desalination","226","1-3","","13","20","45","10.1016/j.desal.2007.01.232","https://www.scopus.com/pages/publications/40949138264?origin=resultslist","Article","Final","","Scopus","2-s2.0-40949138264"
"Riveros G.; Gómez H.; Schrebler R.; Marotti R.E.; Dalchiele E.A.","Riveros, Gonzalo (6701422090); Gómez, Humberto (7006142241); Schrebler, Ricardo (56213692700); Marotti, Ricardo E. (6603482197); Dalchiele, Enrique A. (6701854336)","6701422090; 7006142241; 56213692700; 6603482197; 6701854336","An in situ EIS study during the electrochemical growth of copper nanowires into porous polycarbonate membranes","2008","Electrochemical and Solid-State Letters","11","3","","K19","K23","16","10.1149/1.2826331","https://www.scopus.com/pages/publications/38349161132?origin=resultslist","Article","Final","All Open Access; Green Open Access","Scopus","2-s2.0-38349161132"
"Schrebler R.; Cury P.; Suárez C.; Muñoz E.; Gómez H.; Córdova R.","Schrebler, Ricardo (56213692700); Cury, P. (7004710196); Suárez, C. (7101958114); Muñoz, E. (13611547600); Gómez, H. (7006142241); Córdova, R. (56224655100)","56213692700; 7004710196; 7101958114; 13611547600; 7006142241; 56224655100","Study of the electrochemical reduction of CO2 on a polypyrrole electrode modified by rhenium and copper-rhenium microalloy in methanol media","2002","Journal of Electroanalytical Chemistry","533","1-2","","167","175","35","10.1016/S0022-0728(02)01086-0","https://www.scopus.com/pages/publications/0037144113?origin=resultslist","Article","Final","","Scopus","2-s2.0-0037144113"
"González D.M.; Quijada R.; Yazdani-Pedram M.; Benavente R.; Galland G.B.; Milani M.A.","González, Darío M. (55771367100); Quijada, Raúl (7003482990); Yazdani-Pedram, Mehrdad (7003761834); Benavente, Rosario (56026118100); Galland, Griselda B. (7006273994); Milani, Marcéo A. (36017155000)","55771367100; 7003482990; 7003761834; 56026118100; 7006273994; 36017155000","Influence of the Polymeric Matrix and Thermal Treatment on the Properties of Polyolefin-Graphite Nanosheets Nanocomposites","2016","Macromolecular Materials and Engineering","301","12","","1503","1512","3","10.1002/mame.201600277","https://www.scopus.com/pages/publications/84990246362?origin=resultslist","Article","Final","","Scopus","2-s2.0-84990246362"
"Soto J.; Imbarack E.; López-Tocón I.; Sánchez-Cortés S.; Otero J.C.; Leyton P.","Soto, Juan (57191747857); Imbarack, Elizabeth (56565602400); López-Tocón, Isabel (56033722800); Sánchez-Cortés, Santiago (7005804414); Otero, Juan C. (7102841737); Leyton, Patricio (6506800698)","57191747857; 56565602400; 56033722800; 7005804414; 7102841737; 6506800698","Application of surface-enhanced resonance Raman scattering (SERS) to the study of organic functional materials: Electronic structure and charge transfer properties of 9,10-bis((E)-2-(pyridin-4-yl)vinyl)anthracene","2019","RSC Advances","9","25","","14511","14519","19","10.1039/c9ra01269a","https://www.scopus.com/pages/publications/85065654233?origin=resultslist","Article","Final","All Open Access; Gold Open Access; Green Open Access","Scopus","2-s2.0-85065654233"
"Carvallo L.; Carrera J.; Chamy R.","Carvallo, Lorena (6506001885); Carrera, Julián (7004569887); Chamy, Rolando (6603874955)","6506001885; 7004569887; 6603874955","Nitrifying activity monitoring and kinetic parameters determination in a biofilm airlift reactor by respirometry","2002","Biotechnology Letters","24","24","","2063","2066","32","10.1023/A:1021375523879","https://www.scopus.com/pages/publications/0036955405?origin=resultslist","Article","Final","","Scopus","2-s2.0-0036955405"
"Córdova R.; del Valle M.A.; Arratia A.; Gómez H.; Schrebler R.","Córdova, R. (56224655100); del Valle, M.A. (7005723737); Arratia, A. (24368005600); Gómez, H. (7006142241); Schrebler, R. (56213692700)","56224655100; 7005723737; 24368005600; 7006142241; 56213692700","Effect of anions on the nucleation and growth mechanism of polyaniline","1994","Journal of Electroanalytical Chemistry","377","1-2","","75","83","143","10.1016/0022-0728(94)03425-7","https://www.scopus.com/pages/publications/0002745292?origin=resultslist","Article","Final","","Scopus","2-s2.0-0002745292"
"Concha J.; Soto C.; Chamy R.; Zúñiga M.E.","Concha, J. (23987307500); Soto, C. (7007083173); Chamy, R. (6603874955); Zúñiga, M.E. (51865122100)","23987307500; 7007083173; 6603874955; 51865122100","Enzymatic pretreatment on rose-hip oil extraction: Hydrolysis and pressing conditions","2004","JAOCS, Journal of the American Oil Chemists' Society","81","6","","549","552","50","10.1007/s11746-006-0939-y","https://www.scopus.com/pages/publications/3242773740?origin=resultslist","Article","Final","","Scopus","2-s2.0-3242773740"
"Scott F.; Aroca G.; Caballero J.A.; Conejeros R.","Scott, Felipe (55743894700); Aroca, Germán (6603177229); Caballero, José Antonio (35551514300); Conejeros, Raúl (35611393300)","55743894700; 6603177229; 35551514300; 35611393300","A generalized disjunctive programming framework for the optimal synthesis and analysis of processes for ethanol production from corn stover","2017","Bioresource Technology","236","","","212","224","3","10.1016/j.biortech.2017.03.180","https://www.scopus.com/pages/publications/85017440756?origin=resultslist","Article","Final","","Scopus","2-s2.0-85017440756"
"Velásquez P.; Leinen D.; Pascual J.; Ramos-Barrado J.R.; Cordova R.; Gómez H.; Schrebler R.","Velásquez, P. (55917672500); Leinen, D. (7004508333); Pascual, J. (6505743241); Ramos-Barrado, J.R. (7004559118); Cordova, R. (56224655100); Gómez, H. (7006142241); Schrebler, R. (56213692700)","55917672500; 7004508333; 6505743241; 7004559118; 56224655100; 7006142241; 56213692700","SEM, EDX and EIS study of an electrochemically modified electrode surface of natural enargite (Cu3AsS4)","2000","Journal of Electroanalytical Chemistry","494","2","","87","95","39","10.1016/S0022-0728(00)00341-7","https://www.scopus.com/pages/publications/0034670328?origin=resultslist","Article","Final","","Scopus","2-s2.0-0034670328"
"Torres-Aravena Á.E.; Duarte-Nass C.; Azócar L.; Mella-Herrera R.; Rivas M.; Jeison D.","Torres-Aravena, Álvaro Esteban (57933370300); Duarte-Nass, Carla (57204807096); Azócar, Laura (24337269300); Mella-Herrera, Rodrigo (23019007400); Rivas, Mariella (54950327800); Jeison, David (6507881259)","57933370300; 57204807096; 24337269300; 23019007400; 54950327800; 6507881259","Can microbially induced calcite precipitation (MICP) through a ureolytic pathway be successfully applied for removing heavy metals from wastewaters?","2018","Crystals","8","11","438","","","108","10.3390/cryst8110438","https://www.scopus.com/pages/publications/85057243899?origin=resultslist","Review","Final","All Open Access; Gold Open Access; Green Open Access","Scopus","2-s2.0-85057243899"
"Grez P.; Schrebler R.; Henríquez R.; Cisternas R.; Orellana M.; Córdova R.","Grez, P. (6506476548); Schrebler, R. (56213692700); Henríquez, R. (55554951600); Cisternas, R. (26038964000); Orellana, M. (7006384024); Córdova, R. (56224655100)","6506476548; 56213692700; 55554951600; 26038964000; 7006384024; 56224655100","Characterization of natural tetrahedrite/aqueous solution system by electrochemical techniques","2009","Journal of Electroanalytical Chemistry","628","1-2","","134","143","3","10.1016/j.jelechem.2009.01.018","https://www.scopus.com/pages/publications/61349127854?origin=resultslist","Article","Final","","Scopus","2-s2.0-61349127854"
"Bahamondes C.; Wilson L.; Aguirre C.; Illanes A.","Bahamondes, Carola (6507536924); Wilson, Lorena (7403520925); Aguirre, Carolina (7005079092); Illanes, Andrés (7004170275)","6507536924; 7403520925; 7005079092; 7004170275","Comparative study of the enzymatic synthesis of cephalexin at high substrate concentration in aqueous and organic media using statistical model","2012","Biotechnology and Bioprocess Engineering","17","4","","711","721","14","10.1007/s12257-011-0674-6","https://www.scopus.com/pages/publications/84865721159?origin=resultslist","Article","Final","All Open Access; Green Open Access","Scopus","2-s2.0-84865721159"
"Ruby-Figueroa R.; Saavedra J.; Bahamonde N.; Cassano A.","Ruby-Figueroa, René (38362195500); Saavedra, Jorge (55675224084); Bahamonde, Natalia (54382741200); Cassano, Alfredo (7006440449)","38362195500; 55675224084; 54382741200; 7006440449","Permeate flux prediction in the ultrafiltration of fruit juices by ARIMA models","2017","Journal of Membrane Science","524","","","108","116","44","10.1016/j.memsci.2016.11.034","https://www.scopus.com/pages/publications/84996561871?origin=resultslist","Article","Final","","Scopus","2-s2.0-84996561871"
"Campo A.; Macía Y.M.","Campo, Antonio (23157654000); Macía, Yunesky Masip (36159702500)","23157654000; 36159702500","Simple formulas to predict center and mean temperatures and total heat transfer in regular configurations with surface temperature under small- and large-time conditions","2019","Journal of Thermal Science and Engineering Applications","11","3","034503","","","0","10.1115/1.4041938","https://www.scopus.com/pages/publications/85061203209?origin=resultslist","Article","Final","","Scopus","2-s2.0-85061203209"
"González G.; González C.; Merino P.","González, Gustavo (7202571024); González, Carlos (26643614000); Merino, Paola (56651134300)","7202571024; 26643614000; 56651134300","Thermostabilization of Cucurbita ficifolia protease in the presence of additives","1992","Biotechnology Letters","14","10","","919","924","19","10.1007/BF01020629","https://www.scopus.com/pages/publications/0026440639?origin=resultslist","Article","Final","","Scopus","2-s2.0-0026440639"
"Arranz-Gibert P.; Guixer B.; Malakoutikhah M.; Muttenthaler M.; Guzmán F.; Teixidó M.; Giralt E.","Arranz-Gibert, Pol (56072953800); Guixer, Bernat (43761953500); Malakoutikhah, Morteza (6507698392); Muttenthaler, Markus (24280271800); Guzmán, Fanny (7004463815); Teixidó, Meritxell (16445151300); Giralt, Ernest (56711354500)","56072953800; 43761953500; 6507698392; 24280271800; 7004463815; 16445151300; 56711354500","Lipid Bilayer Crossing-The Gate of Symmetry. Water-Soluble Phenylproline-Based Blood-Brain Barrier Shuttles","2015","Journal of the American Chemical Society","137","23","","7357","7364","47","10.1021/jacs.5b02050","https://www.scopus.com/pages/publications/84935033673?origin=resultslist","Article","Final","","Scopus","2-s2.0-84935033673"
"Fuentealba M.; Hamon J.-R.; Carrillo D.; Manzur C.","Fuentealba, Mauricio (7801538556); Hamon, Jean-René (57208457603); Carrillo, David (7004301883); Manzur, Carolina (6601982179)","7801538556; 57208457603; 7004301883; 6601982179","Trinuclear π-conjugated chromophores formed by a neutral ferrocenyl group and a cationic mixed ruthenium sandwich linked through an unsymmetrical Schiff-base complex spacer","2007","New Journal of Chemistry","31","10","","1815","1825","58","10.1039/b707934f","https://www.scopus.com/pages/publications/35148900229?origin=resultslist","Article","Final","","Scopus","2-s2.0-35148900229"
"Vera C.; Guerrero C.; Wilson L.; Illanes A.","Vera, Carlos (55238284100); Guerrero, Cecilia (36738876300); Wilson, Lorena (7403520925); Illanes, Andrés (7004170275)","55238284100; 36738876300; 7403520925; 7004170275","Synthesis of propyl-β-D-galactoside with free and immobilized β-galactosidase from Aspergillus oryzae","2017","Process Biochemistry","53","","","162","171","19","10.1016/j.procbio.2016.11.024","https://www.scopus.com/pages/publications/85007618955?origin=resultslist","Article","Final","","Scopus","2-s2.0-85007618955"
"Scott F.; Conejeros R.; Vassiliadis V.S.","Scott, Felipe (55743894700); Conejeros, Raúl (35611393300); Vassiliadis, Vassilios S. (7004115264)","55743894700; 35611393300; 7004115264","Constrained NLP via gradient flow penalty continuation: Towards self-tuning robust penalty schemes","2017","Computers and Chemical Engineering","101","","","243","258","2","10.1016/j.compchemeng.2017.01.034","https://www.scopus.com/pages/publications/85015097478?origin=resultslist","Article","Final","All Open Access; Green Open Access","Scopus","2-s2.0-85015097478"
"Olivares A.; Silva P.; Altamirano C.","Olivares, Araceli (56652465100); Silva, Paulina (57196121295); Altamirano, Claudia (8332398700)","56652465100; 57196121295; 8332398700","Microencapsulation of probiotics by efficient vibration technology","2017","Journal of Microencapsulation","34","7","","667","674","37","10.1080/02652048.2017.1390005","https://www.scopus.com/pages/publications/85031911880?origin=resultslist","Article","Final","","Scopus","2-s2.0-85031911880"
"Fauré N.; Illanes A.","Fauré, Nicole (54681779100); Illanes, Andrés (7004170275)","54681779100; 7004170275","Immobilization of Pseudomonas stutzeri lipase for the transesterification of wood sterols with fatty acid esters","2011","Applied Biochemistry and Biotechnology","165","5-6","","1332","1341","8","10.1007/s12010-011-9350-8","https://www.scopus.com/pages/publications/81955161114?origin=resultslist","Article","Final","","Scopus","2-s2.0-81955161114"
"Carrera-Chapela F.; Donoso-Bravo A.; Jeison D.; Díaz I.; Gonzalez J.A.; Ruiz-Filippi G.","Carrera-Chapela, F. (56177531500); Donoso-Bravo, A. (25723108900); Jeison, D. (6507881259); Díaz, I. (59119374000); Gonzalez, J.A. (7004804004); Ruiz-Filippi, G. (18635080500)","56177531500; 25723108900; 6507881259; 59119374000; 7004804004; 18635080500","Development, identification and validation of a mathematical model of anaerobic digestion of sewage sludge focusing on H2S formation and transfer","2016","Biochemical Engineering Journal","112","","","13","19","33","10.1016/j.bej.2016.03.008","https://www.scopus.com/pages/publications/84962920776?origin=resultslist","Article","Final","All Open Access; Green Open Access","Scopus","2-s2.0-84962920776"
"Soto C.G.; Chamy R.; Zúniga M.E.","Soto, Carmen G. (7007083173); Chamy, Rolando (6603874955); Zúniga, María Elvira (51865122100)","7007083173; 6603874955; 51865122100","Effect of enzymatic application on borage (Borago officinalis) oil extraction by cold pressing","2004","Journal of Chemical Engineering of Japan","37","2","","326","331","23","10.1252/jcej.37.326","https://www.scopus.com/pages/publications/16544379531?origin=resultslist","Article","Final","All Open Access; Green Open Access","Scopus","2-s2.0-16544379531"
"Cooney C.L.; Acevedo F.","Cooney, C.L. (7101712642); Acevedo, F. (7003903397)","7101712642; 7003903397","Theoretical conversion yields for penicillin synthesis","1977","Biotechnology and Bioengineering","19","10","","1449","1462","33","10.1002/bit.260191004","https://www.scopus.com/pages/publications/0017746966?origin=resultslist","Article","Final","","Scopus","2-s2.0-0017746966"
"Flores C.; Díaz-Barrera A.; Martínez F.; Galindo E.; Peña C.","Flores, Celia (7103184947); Díaz-Barrera, Alvaro (20435715600); Martínez, Fabiola (57213722147); Galindo, Enrique (7006721587); Peña, Carlos (55989663100)","7103184947; 20435715600; 57213722147; 7006721587; 55989663100","Role of oxygen in the polymerization and de-polymerization of alginate produced by Azotobacter vinelandii","2015","Journal of Chemical Technology and Biotechnology","90","3","","356","365","40","10.1002/jctb.4548","https://www.scopus.com/pages/publications/84922789250?origin=resultslist","Article","Final","All Open Access; Bronze Open Access","Scopus","2-s2.0-84922789250"
"Berrios J.; Altamirano C.; Osses N.; Gonzalez R.","Berrios, Julio (7004545486); Altamirano, Claudia (8332398700); Osses, Nelson (6507230410); Gonzalez, Ramon (57192167471)","7004545486; 8332398700; 6507230410; 57192167471","Continuous CHO cell cultures with improved recombinant protein productivity by using mannose as carbon source: Metabolic analysis and scale-up simulation","2011","Chemical Engineering Science","66","11","","2431","2439","34","10.1016/j.ces.2011.03.011","https://www.scopus.com/pages/publications/79953705943?origin=resultslist","Article","Final","All Open Access; Green Open Access","Scopus","2-s2.0-79953705943"
"Wilson L.; Palomo J.M.; Fernández-Lorente G.; Illanes A.; Guisán J.M.; Fernández-Lafuente R.","Wilson, Lorena (7403520925); Palomo, José M. (7006821122); Fernández-Lorente, Gloria (6701797326); Illanes, Andrés (7004170275); Guisán, José M. (57204542054); Fernández-Lafuente, Roberto (35552449900)","7403520925; 7006821122; 6701797326; 7004170275; 57204542054; 35552449900","Effect of lipase-lipase interactions in the activity, stability and specificity of a lipase from Alcaligenes sp.","2006","Enzyme and Microbial Technology","39","2","","259","264","70","10.1016/j.enzmictec.2005.10.015","https://www.scopus.com/pages/publications/33646535438?origin=resultslist","Article","Final","","Scopus","2-s2.0-33646535438"
"Aracena A.; Azocar A.; Ibáñez J.P.; Jerez O.","Aracena, Alvaro (6504525592); Azocar, Alan (57208756049); Ibáñez, Juan Patricio (7101992325); Jerez, Oscar (35242436200)","6504525592; 57208756049; 7101992325; 35242436200","Mechanism and leaching kinetics of molybdenite concentrate in a hydrogen peroxide-acid system","2019","Physicochemical Problems of Mineral Processing","55","1","","140","152","10","10.5277/ppmp18139","https://www.scopus.com/pages/publications/85065746135?origin=resultslist","Article","Final","","Scopus","2-s2.0-85065746135"
"Illanes A.; Wilson L.; Caballero E.; Fernández-Lafuente R.; Guisán J.M.","Illanes, Andrés (7004170275); Wilson, Lorena (7403520925); Caballero, Eduardo (7005783319); Fernández-Lafuente, Roberto (35552449900); Guisán, José Manuel (57204542054)","7004170275; 7403520925; 7005783319; 35552449900; 57204542054","Crosslinked penicillin acylase aggregates for synthesis of β-lactam antibiotics in organic medium","2006","Applied Biochemistry and Biotechnology","133","3","","189","202","52","10.1385/ABAB:133:3:189","https://www.scopus.com/pages/publications/33745028153?origin=resultslist","Article","Final","All Open Access; Green Open Access","Scopus","2-s2.0-33745028153"
"Illanes A.; Wilson L.; Vera C.","Illanes, Andrés (7004170275); Wilson, Lorena (7403520925); Vera, Carlos (55238284100)","7004170275; 7403520925; 55238284100","Problem solving in enzyme biocatalysis","2013","Problem Solving in Enzyme Biocatalysis","","","","1","318","13","10.1002/9781118341742","https://www.scopus.com/pages/publications/85026259117?origin=resultslist","Book","Final","","Scopus","2-s2.0-85026259117"
"Gómez H.; Henríquez R.; Schrebler R.; Riveros G.; Córdova R.","Gómez, H. (7006142241); Henríquez, R. (55554951600); Schrebler, R. (56213692700); Riveros, G. (6701422090); Córdova, R. (56224655100)","7006142241; 55554951600; 56213692700; 6701422090; 56224655100","Nucleation and growth mechanism of CdTe at polycrystalline gold surfaces analysed through Δm/t simulation transients","2001","Electrochimica Acta","46","6","","821","827","12","10.1016/S0013-4686(00)00672-1","https://www.scopus.com/pages/publications/0342903115?origin=resultslist","Article","Final","","Scopus","2-s2.0-0342903115"
"Meier L.; Stará D.; Bartacek J.; Jeison D.","Meier, Leslie (56465567800); Stará, Dana (57203204231); Bartacek, Jan (35236183800); Jeison, David (6507881259)","56465567800; 57203204231; 35236183800; 6507881259","Removal of H2S by a continuous microalgae-based photosynthetic biogas upgrading process","2018","Process Safety and Environmental Protection","119","","","65","68","56","10.1016/j.psep.2018.07.014","https://www.scopus.com/pages/publications/85050955587?origin=resultslist","Article","Final","","Scopus","2-s2.0-85050955587"
"Fuentealba C.; Figuerola F.; Estévez A.M.; González-Munõz A.; Munõz O.","Fuentealba, Claudia (55681549700); Figuerola, Fernando (6508390628); Estévez, Ana Mariá (35909893300); González-Munõz, Adrian (55940529000); Munõz, Ociel (7101973471)","55681549700; 6508390628; 35909893300; 55940529000; 7101973471","Optimization of secoisolariciresinol diglucoside extraction from flaxseed (Linum usitatissimum L.) and isolation by a simple HPLC-UV method","2015","CYTA - Journal of Food","13","2","","273","281","19","10.1080/19476337.2014.953209","https://www.scopus.com/pages/publications/84921834215?origin=resultslist","Article","Final","","Scopus","2-s2.0-84921834215"
"Vega R.; Zúniga-Hansen M.E.","Vega, Roberto (54391827300); Zúniga-Hansen, M.E. (51865122100)","54391827300; 51865122100","Enzymatic synthesis of fructooligosaccharides with high 1-kestose concentrations using response surface methodology","2011","Bioresource Technology","102","22","","10180","10186","39","10.1016/j.biortech.2011.09.025","https://www.scopus.com/pages/publications/80054859888?origin=resultslist","Article","Final","All Open Access; Green Open Access","Scopus","2-s2.0-80054859888"
"Baeza P.; Aguila G.; Vargas G.; Ojeda J.; Araya P.","Baeza, P. (8225737300); Aguila, G. (23018231300); Vargas, G. (54789249100); Ojeda, J. (7006607945); Araya, P. (6603684858)","8225737300; 23018231300; 54789249100; 7006607945; 6603684858","Adsorption of thiophene and dibenzothiophene on highly dispersed Cu/ZrO 2 adsorbents","2012","Applied Catalysis B: Environmental","111-112","","","133","140","55","10.1016/j.apcatb.2011.09.026","https://www.scopus.com/pages/publications/84155171135?origin=resultslist","Article","Final","All Open Access; Green Open Access","Scopus","2-s2.0-84155171135"
"Díaz-Barrera A.; Aguirre A.; Berrios J.; Acevedo F.","Díaz-Barrera, Alvaro (20435715600); Aguirre, Alberto (57191338415); Berrios, Julio (7004545486); Acevedo, Fernando (7003903397)","20435715600; 57191338415; 7004545486; 7003903397","Continuous cultures for alginate production by Azotobacter vinelandii growing at different oxygen uptake rates","2011","Process Biochemistry","46","9","","1879","1883","28","10.1016/j.procbio.2011.06.022","https://www.scopus.com/pages/publications/80051550376?origin=resultslist","Article","Final","","Scopus","2-s2.0-80051550376"
"Donoso-Bravo A.; Mailier J.; Ruiz-Filippi G.; Vande Wouwer A.","Donoso-Bravo, Andres (25723108900); Mailier, Johan (35757774100); Ruiz-Filippi, Gonzalo (18635080500); Vande Wouwer, Alain (6603744450)","25723108900; 35757774100; 18635080500; 6603744450","Identification in an anaerobic batch system: Global sensitivity analysis, multi-start strategy and optimization criterion selection","2013","Bioprocess and Biosystems Engineering","36","1","","35","43","25","10.1007/s00449-012-0758-5","https://www.scopus.com/pages/publications/84872286061?origin=resultslist","Article","Final","","Scopus","2-s2.0-84872286061"
"Concha J.; Soto C.; Chamy R.; Zúñiga M.E.","Concha, J. (23987307500); Soto, C. (7007083173); Chamy, R. (6603874955); Zúñiga, M.E. (51865122100)","23987307500; 7007083173; 6603874955; 51865122100","Effect of rosehip extraction process on oil and defatted meal physicochemical properties","2006","JAOCS, Journal of the American Oil Chemists' Society","83","9","","771","775","40","10.1007/s11746-006-5013-2","https://www.scopus.com/pages/publications/33749863291?origin=resultslist","Article","Final","","Scopus","2-s2.0-33749863291"
"Herrera R.F.; Rivera F.C.M.-L.; Vargas C.F.; Antio M.M.","Herrera, Rodrigo F. (57192660568); Rivera, Felipe C. Muñoz-La (57217534356); Vargas, Claudio F. (57191488591); Antio, Madelinne M. (57195300629)","57192660568; 57217534356; 57191488591; 57195300629","Use and impact of nD models as a tool for project management in the architecture, engineering and construction industry; [Uso e Impacto de los Modelos nD como Herramienta para la Dirección de Proyectos en la Industria de la Arquitectura, Ingeniería y Construcción]","2017","Informacion Tecnologica","28","4","","169","178","2","10.4067/S0718-07642017000400019","https://www.scopus.com/pages/publications/85026878840?origin=resultslist","Article","Final","All Open Access; Gold Open Access; Green Open Access","Scopus","2-s2.0-85026878840"
"Solís-Cortés D.; Navarrete-Astorga E.; Costa-Krämer J.L.; Salguero-Fernandez J.; Schrebler R.; Leinen D.; Dalchiele E.A.; Ramos-Barrado J.R.; Martín F.","Solís-Cortés, D. (57203962860); Navarrete-Astorga, E. (57197739815); Costa-Krämer, J.L. (54790571000); Salguero-Fernandez, J. (57204944529); Schrebler, R. (56213692700); Leinen, D. (7004508333); Dalchiele, E.A. (6701854336); Ramos-Barrado, J.R. (7004559118); Martín, F. (57947034100)","57203962860; 57197739815; 54790571000; 57204944529; 56213692700; 7004508333; 6701854336; 7004559118; 57947034100","Ga-doped IZO films obtained by magnetron sputtering as transparent conductors for visible and solar applications","2019","Ceramics International","45","5","","5577","5587","20","10.1016/j.ceramint.2018.12.017","https://www.scopus.com/pages/publications/85058026131?origin=resultslist","Article","Final","","Scopus","2-s2.0-85058026131"
"Rodriguez-Lozano D.; Gomez-Pulido J.A.; Lanza-Gutierrez J.M.; Duran-Dominguez A.; Crawford B.; Soto R.","Rodriguez-Lozano, David (23097473700); Gomez-Pulido, Juan A. (6505916983); Lanza-Gutierrez, Jose M. (54784705200); Duran-Dominguez, Arturo (57192937980); Crawford, Broderick (23395875300); Soto, Ricardo (24403038600)","23097473700; 6505916983; 54784705200; 57192937980; 23395875300; 24403038600","Energy prediction of access points in Wi-Fi networks according to users' behaviour","2017","Applied Sciences (Switzerland)","7","8","825","","","0","10.3390/app7080825","https://www.scopus.com/pages/publications/85027467692?origin=resultslist","Article","Final","All Open Access; Gold Open Access; Green Open Access","Scopus","2-s2.0-85027467692"
"Mura J.; Caiazzo A.","Mura, Joaquín (23005117500); Caiazzo, Alfonso (24474027700)","23005117500; 24474027700","A two-scale homogenization approach for the estimation of porosity in elastic media","2016","SEMA SIMAI Springer Series","8","","","89","105","3","10.1007/978-3-319-32013-7_6","https://www.scopus.com/pages/publications/85031914856?origin=resultslist","Book chapter","Final","","Scopus","2-s2.0-85031914856"
"Parra S.; Bravo M.A.; Quiroz W.; Moreno T.; Karanasiou A.; Font O.; Vidal V.; Cereceda-Balic F.","Parra, Sonnia (56241170300); Bravo, Manuel A. (35602879700); Quiroz, Waldo (8943807600); Moreno, Teresa (57844495600); Karanasiou, Angeliki (57216775753); Font, Oriol (55971350900); Vidal, Víctor (36027083200); Cereceda-Balic, Francisco (6508361398)","56241170300; 35602879700; 8943807600; 57844495600; 57216775753; 55971350900; 36027083200; 6508361398","Source apportionment for contaminated soils using multivariate statistical methods","2014","Chemometrics and Intelligent Laboratory Systems","138","","","127","132","42","10.1016/j.chemolab.2014.08.003","https://www.scopus.com/pages/publications/84906501702?origin=resultslist","Article","Final","All Open Access; Green Open Access","Scopus","2-s2.0-84906501702"
"Trocónis de Rincón O.; Sánchez M.; Millano V.; Fernández R.; de Partidas E.A.; Andrade C.; Martínez I.; Castellote M.; Barboza M.; Irassar F.; Montenegro J.C.; Vera R.; Carvajal A.M.; de Gutiérrez R.M.; Maldonado J.; Guerrero C.; Saborio-Leiva E.; Villalobos A.C.; Tres-Calvo G.; Torres-Acosta A.; Pérez-Quiroz J.; Martínez-Madrid M.; Almeraya-Calderón F.; Castro-Borges P.; Moreno E.I.; Pérez-López T.; Salta M.; de Melo A.P.; Rodríguez G.; Pedrón M.; Derrégibus M.","Trocónis de Rincón, O. (7003626110); Sánchez, M. (35405389100); Millano, V. (12767302000); Fernández, R. (7201980718); de Partidas, E.A. (12764961200); Andrade, C. (7103257388); Martínez, I. (14058644700); Castellote, M. (7003272186); Barboza, M. (26636283100); Irassar, F. (6603040592); Montenegro, J.C. (55383674800); Vera, R. (7005768349); Carvajal, A.M. (16314826200); de Gutiérrez, R.M. (57555746100); Maldonado, J. (7102839709); Guerrero, C. (56649758500); Saborio-Leiva, E. (16317442500); Villalobos, A.C. (16317891800); Tres-Calvo, G. (16317719400); Torres-Acosta, A. (55995858600); Pérez-Quiroz, J. (26636561800); Martínez-Madrid, M. (56000850100); Almeraya-Calderón, F. (55993684100); Castro-Borges, P. (56225952100); Moreno, E.I. (7202827603); Pérez-López, T. (56366279200); Salta, M. (6507172513); de Melo, A.P. (16315831300); Rodríguez, G. (57209863258); Pedrón, Miguel (16317503900); Derrégibus, M. (26636300100)","7003626110; 35405389100; 12767302000; 7201980718; 12764961200; 7103257388; 14058644700; 7003272186; 26636283100; 6603040592; 55383674800; 7005768349; 16314826200; 57555746100; 7102839709; 56649758500; 16317442500; 16317891800; 16317719400; 55995858600; 26636561800; 56000850100; 55993684100; 56225952100; 7202827603; 56366279200; 6507172513; 16315831300; 57209863258; 16317503900; 26636300100","Effect of the marine environment on reinforced concrete durability in Iberoamerican countries: DURACON project/CYTED","2007","Corrosion Science","49","7","","2832","2843","76","10.1016/j.corsci.2007.02.009","https://www.scopus.com/pages/publications/34249107768?origin=resultslist","Article","Final","","Scopus","2-s2.0-34249107768"
"Urriola-Muñoz P.; Lagos-Cabré R.; Patiño-García D.; Reyes J.G.; Moreno R.D.","Urriola-Muñoz, Paulina (56441588100); Lagos-Cabré, Raúl (24080733000); Patiño-García, Daniel (57200132232); Reyes, Juan G. (7202553038); Moreno, Ricardo D. (7202177814)","56441588100; 24080733000; 57200132232; 7202553038; 7202177814","Bisphenol-A and nonylphenol induce apoptosis in reproductive tract cancer cell lines by the activation of ADAM17","2018","International Journal of Molecular Sciences","19","8","2238","","","17","10.3390/ijms19082238","https://www.scopus.com/pages/publications/85052088749?origin=resultslist","Article","Final","All Open Access; Gold Open Access; Green Open Access","Scopus","2-s2.0-85052088749"
"Vera C.; Guerrero C.; Wilson L.; Illanes A.","Vera, Carlos (55238284100); Guerrero, Cecilia (36738876300); Wilson, Lorena (7403520925); Illanes, Andrés (7004170275)","55238284100; 36738876300; 7403520925; 7004170275","Optimization of reaction conditions and the donor substrate in the synthesis of hexyl-β-D-galactoside","2017","Process Biochemistry","58","","","128","136","15","10.1016/j.procbio.2017.05.005","https://www.scopus.com/pages/publications/85018898232?origin=resultslist","Article","Final","","Scopus","2-s2.0-85018898232"
"Romero O.; Vergara J.; Fernández-Lafuente R.; Guisán J.M.; Illanes A.; Wilson L.","Romero, Oscar (26667441500); Vergara, José (24774065800); Fernández-Lafuente, Roberto (35552449900); Guisán, José Manuel (57204542054); Illanes, Andrés (7004170275); Wilson, Lorena (7403520925)","26667441500; 24774065800; 35552449900; 57204542054; 7004170275; 7403520925","Simple strategy of reactivation of a partially inactivated penicillin G acylase biocatalyst in organic solvent and its impact on the synthesis of β-lactam antibiotics","2009","Biotechnology and Bioengineering","103","3","","472","479","25","10.1002/bit.22264","https://www.scopus.com/pages/publications/65549122432?origin=resultslist","Article","Final","All Open Access; Green Open Access","Scopus","2-s2.0-65549122432"
"Durán N.; Rodríguez J.; Gómez E.; Campos V.; Baeza J.","Durán, Nelson (23072832700); Rodríguez, Jaime (57212713841); Gómez, Edgardo (7201729755); Campos, Victoriano (56218981700); Baeza, Jaime (57205158776)","23072832700; 57212713841; 7201729755; 56218981700; 57205158776","Biomass photochemistry: XI. Photochemical pretreatment of cellulose and its fungal degradation","1988","Biotechnology and Bioengineering","31","3","","215","219","7","10.1002/bit.260310306","https://www.scopus.com/pages/publications/0023964039?origin=resultslist","Article","Final","","Scopus","2-s2.0-0023964039"
"Dinamarca M.A.; Rojas A.; Baeza P.; Espinoza G.; Ibacache-Quiroga C.; Ojeda J.","Dinamarca, M. Alejandro (21740894600); Rojas, A. (59844134400); Baeza, P. (8225737300); Espinoza, G. (55765397100); Ibacache-Quiroga, C. (35223433000); Ojeda, J. (7006607945)","21740894600; 59844134400; 8225737300; 55765397100; 35223433000; 7006607945","Optimizing the biodesulfurization of gas oil by adding surfactants to immobilized cell systems","2014","Fuel","116","","","237","241","66","10.1016/j.fuel.2013.07.108","https://www.scopus.com/pages/publications/84883422334?origin=resultslist","Article","Final","","Scopus","2-s2.0-84883422334"
"Dur'an N.; Mllagres A.M.F.; Esposito E.; Curotto E.; Aguirre C.; Teixeira M.F.S.; Carvalho S.M.S.; Fernandes O.C.C.","Dur'an, Nelson (23072832700); Mllagres, Adriane M.F. (6701345269); Esposito, Elisa (55364297700); Curotto, Emilia (36845325200); Aguirre, Carolina (7005079092); Teixeira, Maria Francisca S. (55420028800); Carvalho, Sonia M.S. (24781698800); Fernandes, Ormezinda C.C. (23986985400)","23072832700; 6701345269; 55364297700; 36845325200; 7005079092; 55420028800; 24781698800; 23986985400","Amazonian lignocellulosic materials-V - Screening of xylanolytic fungi","1995","Applied Biochemistry and Biotechnology","53","2","","155","162","7","10.1007/BF02788605","https://www.scopus.com/pages/publications/51249166686?origin=resultslist","Article","Final","","Scopus","2-s2.0-51249166686"
"Sanchez-Martinez M.-Á.; Alzina F.; Oyarzo J.; Torres C.M.S.; Chavez-Angel E.","Sanchez-Martinez, Miguel-Ángel (57208179673); Alzina, Francesc (36348379700); Oyarzo, Juan (55360515500); Torres, Clivia M. Sotomayor (35403074800); Chavez-Angel, Emigdio (56070661400)","57208179673; 36348379700; 55360515500; 35403074800; 56070661400","Impact of the regularization parameter in the mean free path reconstruction method: Nanoscale heat transport and beyond","2019","Nanomaterials","9","3","414","","","7","10.3390/nano9030414","https://www.scopus.com/pages/publications/85064039254?origin=resultslist","Article","Final","All Open Access; Gold Open Access; Green Open Access","Scopus","2-s2.0-85064039254"
"Navarro-Lisboa R.; Herrera C.; Zúñiga R.N.; Enrione J.; Guzmán F.; Matiacevich S.; Astudillo-Castro C.","Navarro-Lisboa, Rosa (57191910613); Herrera, Camila (57225302265); Zúñiga, Rommy N. (6701634996); Enrione, Javier (15829018400); Guzmán, Fanny (7004463815); Matiacevich, Silvia (12238818100); Astudillo-Castro, Carolina (7004510679)","57191910613; 57225302265; 6701634996; 15829018400; 7004463815; 12238818100; 7004510679","Quinoa proteins (Chenopodium quinoa Willd.) fractionated by ultrafiltration using ceramic membranes: The role of pH on physicochemical and conformational properties","2017","Food and Bioproducts Processing","102","","","20","30","45","10.1016/j.fbp.2016.11.005","https://www.scopus.com/pages/publications/85003572289?origin=resultslist","Article","Final","","Scopus","2-s2.0-85003572289"
"Ramírez D.; Álvarez K.; Riveros G.; González B.; Dalchiele E.A.","Ramírez, Daniel (57195948458); Álvarez, Katherine (56235977100); Riveros, Gonzalo (6701422090); González, Bárbara (57193005369); Dalchiele, Enrique A. (6701854336)","57195948458; 56235977100; 6701422090; 57193005369; 6701854336","Electrodeposition of CuSCN seed layers and nanowires: A microelectrogravimetric approach","2017","Electrochimica Acta","228","","","308","318","7","10.1016/j.electacta.2017.01.053","https://www.scopus.com/pages/publications/85010006001?origin=resultslist","Article","Final","","Scopus","2-s2.0-85010006001"
"Martínez-Huitle C.A.; Carlesi Jara C.; Cerro-Lopez M.; Quiroz M.A.","Martínez-Huitle, C.A. (6507655813); Carlesi Jara, C. (56998584200); Cerro-Lopez, M. (24829443800); Quiroz, M.A. (6701581955)","6507655813; 56998584200; 24829443800; 6701581955","Cu-doped polymeric-modified electrode for determination of cysteine","2011","Latin American Applied Research","40","1","","47","51","3","","https://www.scopus.com/pages/publications/78651458062?origin=resultslist","Article","Final","","Scopus","2-s2.0-78651458062"
"Pino E.; Campos A.M.; Lissi E.","Pino, E. (6701634460); Campos, A.M. (7202214951); Lissi, E. (7101610987)","6701634460; 7202214951; 7101610987","Changes in pyranine absorption and emission spectra arising from its complexation to 2,2′-azo-bis(2-amidinopropane)","2003","Journal of Photochemistry and Photobiology A: Chemistry","155","1-3","","63","68","10","10.1016/S1010-6030(02)00356-8","https://www.scopus.com/pages/publications/0037456093?origin=resultslist","Review","Final","All Open Access; Green Open Access","Scopus","2-s2.0-0037456093"
"Antonucci C.M.; Borzone L.A.","Antonucci, Cristian M. (57062868500); Borzone, Luis A. (6603412197)","57062868500; 6603412197","Numerical study of regime transitions in a fluidized bed","2016","Particulate Science and Technology","34","6","","691","698","0","10.1080/02726351.2015.1107161","https://www.scopus.com/pages/publications/84954553117?origin=resultslist","Review","Final","","Scopus","2-s2.0-84954553117"
"Ruiz G.; Jeison D.; Rubilar O.; Ciudad G.; Chamy R.","Ruiz, G. (18635080500); Jeison, D. (6507881259); Rubilar, O. (8842366500); Ciudad, G. (13608802000); Chamy, R. (6603874955)","18635080500; 6507881259; 8842366500; 13608802000; 6603874955","Nitrification-denitrification via nitrite accumulation for nitrogen removal from wastewaters","2006","Bioresource Technology","97","2","","330","335","209","10.1016/j.biortech.2005.02.018","https://www.scopus.com/pages/publications/24944524919?origin=resultslist","Article","Final","","Scopus","2-s2.0-24944524919"
"Córdova O.; Passos F.; Chamy R.","Córdova, Olivia (35087915800); Passos, Fabiana (53881827500); Chamy, Rolando (6603874955)","35087915800; 53881827500; 6603874955","Physical Pretreatment Methods for Improving Microalgae Anaerobic Biodegradability","2018","Applied Biochemistry and Biotechnology","185","1","","114","126","29","10.1007/s12010-017-2646-6","https://www.scopus.com/pages/publications/85032489861?origin=resultslist","Article","Final","","Scopus","2-s2.0-85032489861"
"Marrani A.G.; Motta A.; Schrebler R.; Zanoni R.; Dalchiele E.A.","Marrani, Andrea G. (58871338800); Motta, Alessandro (57224571522); Schrebler, Ricardo (56213692700); Zanoni, Robertino (7005637221); Dalchiele, Enrique A. (6701854336)","58871338800; 57224571522; 56213692700; 7005637221; 6701854336","Insights from experiment and theory into the electrochemical reduction mechanism of graphene oxide","2019","Electrochimica Acta","304","","","231","238","50","10.1016/j.electacta.2019.02.108","https://www.scopus.com/pages/publications/85063112985?origin=resultslist","Article","Final","","Scopus","2-s2.0-85063112985"
"Robles P.A.; Morales J.W.; Cisternas L.A.","Robles, Pedro A. (12774054800); Morales, Jaime W. (16417082300); Cisternas, Luis A. (6603665617)","12774054800; 16417082300; 6603665617","Modeling of liquid-liquid equilibrium for binary and ternary systems containing ionic liquids with the hexafluorophosphate anion using the ASOG method","2016","Fluid Phase Equilibria","429","","","119","126","2","10.1016/j.fluid.2016.08.031","https://www.scopus.com/pages/publications/84985990138?origin=resultslist","Article","Final","","Scopus","2-s2.0-84985990138"
"Olguín A.; Ortíz M.; Wörner C.H.; Herrera O.; Kad B.K.; Hazzledine P.M.","Olguín, A. (6602154485); Ortíz, M. (7202127601); Wörner, C.H. (6603926536); Herrera, O. (6603685864); Kad, B.K. (7003818030); Hazzledine, P.M. (7006498000)","6602154485; 7202127601; 6603926536; 6603685864; 7003818030; 7006498000","Zener pins and needles","2001","Philosophical Magazine B: Physics of Condensed Matter; Statistical Mechanics, Electronic, Optical and Magnetic Properties","81","8","","731","744","1","10.1080/13642810108216539","https://www.scopus.com/pages/publications/85023437550?origin=resultslist","Article","Final","All Open Access; Green Open Access","Scopus","2-s2.0-85023437550"
"Illanes A.; Schaffeld G.; Schiappacasse C.; Zuñiga M.; González G.; Curotto E.; Tapia G.; O'Reilly S.","Illanes, A. (7004170275); Schaffeld, G. (6506255226); Schiappacasse, C. (6507121651); Zuñiga, M. (51865122100); González, G. (7202571024); Curotto, E. (6701472319); Tapia, G. (7004576043); O'Reilly, S. (16436405100)","7004170275; 6506255226; 6507121651; 51865122100; 7202571024; 6701472319; 7004576043; 16436405100","Some studies on the protease from a novel source: The plant Cucurbita ficifolia","1985","Biotechnology Letters","7","9","","669","672","11","10.1007/BF01040207","https://www.scopus.com/pages/publications/34250116499?origin=resultslist","Article","Final","","Scopus","2-s2.0-34250116499"
"Vera R.M.; Cañas F.J.","Vera, R.M. (7005768349); Cañas, F.J. (8671272600)","7005768349; 8671272600","Corrosion behaviour of galvanized and coated galvanized steel (Duplex) in marine environment; [Comportamiento Frente a la Corrosión en Ambiente Marino de Acero Galvanizado y Acero Galvanizado Pintado (Duplex)]","2005","Informacion Tecnologica","16","4","","53","58","1","","https://www.scopus.com/pages/publications/23944526806?origin=resultslist","Article","Final","","Scopus","2-s2.0-23944526806"
"Carvajal D.; Araya D.","Carvajal, Danilo (55378526500); Araya, Dahyann (55516013100)","55378526500; 55516013100","Estimating the energy savings potential in a residential area of Valparaiso (Chile) by roof integrated unglazed solar collectors for domestic solar water heating","2012","Chemical Engineering Transactions","29","","","1201","1206","2","10.3303/CET1229201","https://www.scopus.com/pages/publications/84870848188?origin=resultslist","Conference paper","Final","","Scopus","2-s2.0-84870848188"
"Guerrero S.; Díaz-García V.M.; Contreras-Orellana P.; Lara P.; Palma S.; Guzman F.; Lobos-Gonzalez L.; Cárdenas A.; Rojas-Silva X.; Muñoz L.; Leyton L.; Kogan M.J.; Quest A.F.","Guerrero, Simón (25223038800); Díaz-García, Victor Manuel (57202849122); Contreras-Orellana, Pamela (57202858711); Lara, Pablo (56054746700); Palma, Sujey (57202856319); Guzman, Fanny (7004463815); Lobos-Gonzalez, Lorena (28767817600); Cárdenas, Areli (55640363400); Rojas-Silva, Ximena (57195306604); Muñoz, Luis (7101704174); Leyton, Lisette (6603367400); Kogan, Marcelo J (7102617437); Quest, Andrew Fg (13806185900)","25223038800; 57202849122; 57202858711; 56054746700; 57202856319; 7004463815; 28767817600; 55640363400; 57195306604; 7101704174; 6603367400; 7102617437; 13806185900","Gold nanoparticles as tracking devices to shed light on the role of caveolin-1 in early stages of melanoma metastasis","2018","Nanomedicine","13","12","","1447","1462","9","10.2217/nnm-2017-0390","https://www.scopus.com/pages/publications/85049576783?origin=resultslist","Article","Final","All Open Access; Green Open Access","Scopus","2-s2.0-85049576783"
"Illanes A.; Cauerhff A.; Wilson L.; Castro G.R.","Illanes, Andrés (7004170275); Cauerhff, Ana (6603136898); Wilson, Lorena (7403520925); Castro, Guillermo R. (7101927750)","7004170275; 6603136898; 7403520925; 7101927750","Recent trends in biocatalysis engineering","2012","Bioresource Technology","115","","","48","57","242","10.1016/j.biortech.2011.12.050","https://www.scopus.com/pages/publications/84861458491?origin=resultslist","Article","Final","All Open Access; Green Open Access","Scopus","2-s2.0-84861458491"
"Berríos J.; Illanes A.; Aroca G.","Berríos, Julio (7004545486); Illanes, Andrés (7004170275); Aroca, Germán (6603177229)","7004545486; 7004170275; 6603177229","Spectrophotometric method for determining gibberellic acid in fermentation broths","2004","Biotechnology Letters","26","1","","67","70","69","10.1023/B:BILE.0000009463.98203.8b","https://www.scopus.com/pages/publications/0842331929?origin=resultslist","Article","Final","","Scopus","2-s2.0-0842331929"
"Proust; Meyer E.; Vera J.H.","Proust (57191385056); Meyer, E. (7401539213); Vera, J.H. (7103155564)","57191385056; 7401539213; 7103155564","Calculation of pure compound saturated enthalpies and saturated volumes with the PRSV equation of state. Revised k1 parameters for alkanes","1993","The Canadian Journal of Chemical Engineering","71","2","","292","298","19","10.1002/cjce.5450710216","https://www.scopus.com/pages/publications/0027578315?origin=resultslist","Article","Final","","Scopus","2-s2.0-0027578315"
"Valencia P.L.; Solis T.; Rojas P.; Ibañez F.; Astudillo-Castro C.; Pinto M.; Almonacid S.","Valencia, Pedro L. (57201824872); Solis, Tamara (57204761741); Rojas, Paula (57204763249); Ibañez, Francisco (57225115758); Astudillo-Castro, Carolina (7004510679); Pinto, Marlene (55964078500); Almonacid, Sergio (6602451316)","57201824872; 57204761741; 57204763249; 57225115758; 7004510679; 55964078500; 6602451316","Proteolytic susceptibility of food by-product proteins: An evaluation by means of a quantitative index","2019","Process Biochemistry","77","","","63","69","6","10.1016/j.procbio.2018.11.009","https://www.scopus.com/pages/publications/85057004034?origin=resultslist","Article","Final","","Scopus","2-s2.0-85057004034"
"Dondero C.M.; Concha S.P.; Curotto V.E.","Dondero, C.M. (8435922500); Concha, S.P. (8435922300); Curotto, V.E. (57191814693)","8435922500; 8435922300; 57191814693","Inhibition of proteases in surimi gels from jack mackerel (Trachurus murphyi); [Inhibición de proteasas en geles de surimi de jurel (Trachurus murphyi)]","1999","Food Science and Technology International","5","3","","203","213","1","10.1177/108201329900500302","https://www.scopus.com/pages/publications/21044453951?origin=resultslist","Article","Final","","Scopus","2-s2.0-21044453951"
"Martínez I.; Méndez C.; Berríos J.; Altamirano C.; Díaz-Barrera A.","Martínez, Irene (56603723600); Méndez, Claudia (56723592100); Berríos, Julio (7004545486); Altamirano, Claudia (8332398700); Díaz-Barrera, Alvaro (20435715600)","56603723600; 56723592100; 7004545486; 8332398700; 20435715600","Batch production of coenzyme Q10 by recombinant Escherichia coli containing the decaprenyl diphosphate synthase gene from Sphingomonas baekryungensis","2015","Journal of Industrial Microbiology and Biotechnology","42","9","","1283","1289","10","10.1007/s10295-015-1652-3","https://www.scopus.com/pages/publications/84939259087?origin=resultslist","Article","Final","","Scopus","2-s2.0-84939259087"
"Bahamondes C.; Wilson L.; Guzmán F.; Illanes A.","Bahamondes, Carola (6507536924); Wilson, Lorena (7403520925); Guzmán, Fanny (7004463815); Illanes, Andrés (7004170275)","6507536924; 7403520925; 7004463815; 7004170275","Mathematical determination of kinetic parameters for assessing the effect of the organic solvent on the selectivity of peptide synthesis with immobilized α-chymotrypsin","2017","Journal of Bioscience and Bioengineering","124","6","","618","622","3","10.1016/j.jbiosc.2017.06.017","https://www.scopus.com/pages/publications/85028307781?origin=resultslist","Article","Final","","Scopus","2-s2.0-85028307781"
"Vallejo F.; Díaz-Robles L.A.; Cubillos F.; Vega R.; Gómez J.; Pino-Cortés E.; Bascuñan B.; Carcamo P.; Parra F.; Urzua A.; Carrasco S.","Vallejo, Fidel (57211057346); Díaz-Robles, Luis A. (23060179200); Cubillos, Francisco (6603422314); Vega, Ricardo (56223528200); Gómez, Jaime (56391913100); Pino-Cortés, Ernesto (56830455800); Bascuñan, Bastián (57212250985); Carcamo, Paulina (57212253899); Parra, Francisca (57212240004); Urzua, Ana (57212247422); Carrasco, Samuel (57204606950)","57211057346; 23060179200; 6603422314; 56223528200; 56391913100; 56830455800; 57212250985; 57212253899; 57212240004; 57212247422; 57204606950","Performance evaluation of biomass blends with additives treated by hydrothermal carbonization","2019","Chemical Engineering Transactions","76","","","1459","1464","13","10.3303/CET1976244","https://www.scopus.com/pages/publications/85076306790?origin=resultslist","Article","Final","","Scopus","2-s2.0-85076306790"
"Díaz-Barrera A.; Soto E.; Altamirano C.","Díaz-Barrera, Alvaro (20435715600); Soto, Erik (50761315300); Altamirano, Claudia (8332398700)","20435715600; 50761315300; 8332398700","Alginate production and alg8 gene expression by Azotobacter vinelandii in continuous cultures","2012","Journal of Industrial Microbiology and Biotechnology","39","4","","613","621","41","10.1007/s10295-011-1055-z","https://www.scopus.com/pages/publications/84863495988?origin=resultslist","Article","Final","All Open Access; Bronze Open Access","Scopus","2-s2.0-84863495988"
"Domínguez H.; Núñez M.N.; Chamy R.; Lema J.M.","Domínguez, H. (57226880096); Núñez, M.N. (57195949103); Chamy, R. (6603874955); Lema, J.M. (7005371394)","57226880096; 57195949103; 6603874955; 7005371394","Determination of kinetic parameters of fermentation processes by a continuous unsteady‐state method: Application to the alcoholic fermentation of D‐xylose by Pichia stipitis","1993","Biotechnology and Bioengineering","41","11","","1129","1132","22","10.1002/bit.260411117","https://www.scopus.com/pages/publications/0027604289?origin=resultslist","Letter","Final","","Scopus","2-s2.0-0027604289"
"Bernal C.; Urrutia P.; Illanes A.; Wilson L.","Bernal, Claudia (54783974500); Urrutia, Paulina (55580306800); Illanes, Andrés (7004170275); Wilson, Lorena (7403520925)","54783974500; 55580306800; 7004170275; 7403520925","Hierarchical meso-macroporous silica grafted with glyoxyl groups: Opportunities for covalent immobilization of enzymes","2013","New Biotechnology","30","5","","500","506","49","10.1016/j.nbt.2013.01.011","https://www.scopus.com/pages/publications/84880162793?origin=resultslist","Article","Final","All Open Access; Green Open Access","Scopus","2-s2.0-84880162793"
"Silva J.; Morales M.; Cáceres M.; San Martín R.; Gentina J.C.; Aroca G.","Silva, Javier (7403023118); Morales, Marjorie (57211363751); Cáceres, Manuel (36663409600); San Martín, Ricardo (36663835000); Gentina, Juan Carlos (7004106285); Aroca, Germán (6603177229)","7403023118; 57211363751; 36663409600; 36663835000; 7004106285; 6603177229","Effect of the biomass in the modelling and simulation of the biofiltration of hydrogen sulphide: Simulation and experimental validation","2010","Journal of Chemical Technology and Biotechnology","85","10","","1374","1379","10","10.1002/jctb.2443","https://www.scopus.com/pages/publications/77956658440?origin=resultslist","Article","Final","All Open Access; Green Open Access","Scopus","2-s2.0-77956658440"
"Dondero M.; Sepúlveda C.; Curotto E.","Dondero, M. (6603003106); Sepúlveda, C. (7007064801); Curotto, E. (6701472319)","6603003106; 7007064801; 6701472319","Cryoprotective effect of maltodextrins on surimi from jack mackerel (Trachurus murphyi); [Efecto crioprotector de maltodextrinas en surimi de jurel (Trachurus murphyi)]","1996","Food Science and Technology International","2","3","","151","164","4","10.1177/108201329600200302","https://www.scopus.com/pages/publications/0000920729?origin=resultslist","Article","Final","","Scopus","2-s2.0-0000920729"
"Santibáñez L.; Fernández-Arrojo L.; Guerrero C.; Plou F.J.; Illanes A.","Santibáñez, Luciana (57951932900); Fernández-Arrojo, Lucía (8619736900); Guerrero, Cecilia (36738876300); Plou, Francisco J. (7003499529); Illanes, Andrés (7004170275)","57951932900; 8619736900; 36738876300; 7003499529; 7004170275","Removal of lactose in crude galacto-oligosaccharides by β-galactosidase from Kluyveromyces lactis","2016","Journal of Molecular Catalysis B: Enzymatic","133","","","85","91","29","10.1016/j.molcatb.2016.07.014","https://www.scopus.com/pages/publications/84982701460?origin=resultslist","Article","Final","","Scopus","2-s2.0-84982701460"
"Oscar C.R.; Aldo M.O.; Andres R.R.","Oscar, Contreras R. (24796096800); Aldo, Migliaro O. (24793535800); Andres, Raffo R. (24793325400)","24796096800; 24793535800; 24793325400","Continuous fractionation of chilean anchovy oil with furfural","1971","Journal of the American Oil Chemists' Society","48","3","","98","100","3","10.1007/BF02545728","https://www.scopus.com/pages/publications/51249191617?origin=resultslist","Article","Final","","Scopus","2-s2.0-51249191617"
"Vera R.; Schrebler R.; Cury P.; Del Río R.; Romero H.","Vera, R. (7005768349); Schrebler, R. (56213692700); Cury, P. (7004710196); Del Río, R. (56384505300); Romero, H. (55372476800)","7005768349; 56213692700; 7004710196; 56384505300; 55372476800","Corrosion protection of carbon steel and copper by polyaniline and poly(ortho-methoxyaniline) films in sodium chloride medium. Electrochemical and morphological study","2007","Journal of Applied Electrochemistry","37","4","","519","525","52","10.1007/s10800-006-9284-y","https://www.scopus.com/pages/publications/33847745800?origin=resultslist","Article","Final","","Scopus","2-s2.0-33847745800"
"Undurraga D.; Markovits A.; Erazo S.","Undurraga, Daniel (6504547028); Markovits, Andrés (56216524700); Erazo, Sonia (25023536200)","6504547028; 56216524700; 25023536200","Cocoa butter equivalent through enzymic interesterification of palm oil midfraction","2001","Process Biochemistry","36","10","","933","939","126","10.1016/S0032-9592(00)00260-0","https://www.scopus.com/pages/publications/0035038911?origin=resultslist","Article","Final","","Scopus","2-s2.0-0035038911"
"Wilson L.; Illanes A.; Abián O.; Pessela B.C.C.; Fernández-Lafuente R.; Guisán J.M.","Wilson, Lorena (7403520925); Illanes, Andrés (7004170275); Abián, Olga (6603626528); Pessela, Benevides C.C. (9234450100); Fernández-Lafuente, Roberto (35552449900); Guisán, José M. (57204542054)","7403520925; 7004170275; 6603626528; 9234450100; 35552449900; 57204542054","Co-aggregation of penicillin G acylase and polyionic polymers: An easy methodology to prepare enzyme biocatalysts stable in organic media","2004","Biomacromolecules","5","3","","852","857","138","10.1021/bm0343895","https://www.scopus.com/pages/publications/2542579376?origin=resultslist","Article","Final","","Scopus","2-s2.0-2542579376"
"Sanchez S.; Cassaignon S.; Vedel J.; Meier H.G.","Sanchez, Sylvie (7202745387); Cassaignon, Sophie (6602656321); Vedel, Jacques (7006646530); Meier, Humberto Gomez (57050403600)","7202745387; 6602656321; 7006646530; 57050403600","Copper diffusion in solid copper sulfide electrode","1996","Electrochimica Acta","41","7-8","","1331","1339","20","10.1016/0013-4686(95)00454-8","https://www.scopus.com/pages/publications/0030141312?origin=resultslist","Article","Final","","Scopus","2-s2.0-0030141312"
"Carvajal A.M.; Vera R.; Corvo F.; Castañeda A.","Carvajal, A.M. (16314826200); Vera, R. (7005768349); Corvo, F. (6602193679); Castañeda, A. (23110399100)","16314826200; 7005768349; 6602193679; 23110399100","Diagnosis and rehabilitation of real reinforced concrete structures in coastal areas","2012","Corrosion Engineering Science and Technology","47","1","","70","77","13","10.1179/1743278211Y.0000000018","https://www.scopus.com/pages/publications/84855594379?origin=resultslist","Article","Final","","Scopus","2-s2.0-84855594379"
"Jiménez R.; Carlesi C.; Flores M.; Berg A.; Bidart C.","Jiménez, R. (9743731700); Carlesi, C. (56998584200); Flores, M. (25121382400); Berg, A. (7401596550); Bidart, C. (16021119700)","9743731700; 56998584200; 25121382400; 7401596550; 16021119700","Synthesis and application of functionalized ion liquids for upgrading of biogas","2010","19th International Congress of Chemical and Process Engineering, CHISA 2010 and 7th European Congress of Chemical Engineering, ECCE-7","","","","","","0","","https://www.scopus.com/pages/publications/84864308624?origin=resultslist","Conference paper","Final","","Scopus","2-s2.0-84864308624"
"Donoso-Bravo A.; Fdz-Polanco M.","Donoso-Bravo, Andres (25723108900); Fdz-Polanco, Maria (6507364340)","25723108900; 6507364340","Anaerobic co-digestion of sewage sludge and grease trap: Assessment of enzyme addition","2013","Process Biochemistry","48","5-6","","936","940","61","10.1016/j.procbio.2013.04.005","https://www.scopus.com/pages/publications/84878685770?origin=resultslist","Article","Final","","Scopus","2-s2.0-84878685770"
"Aguirre A.; Cáceres M.; Martín R.S.; Gentina J.C.; Aroca G.","Aguirre, Alberto (57191338415); Cáceres, Manuel (36663409600); Martín, Ricardo San (57191335833); Gentina, Juan Carlos (7004106285); Aroca, Gerḿn (6603177229)","57191338415; 36663409600; 57191335833; 7004106285; 6603177229","Comparison of the biodegradation of trimethylamine by hyphomicrobium vulgare and aminobacter aminovorans","2016","Chemical Engineering Transactions","54","","","301","306","3","10.3303/CET1654051","https://www.scopus.com/pages/publications/84988874554?origin=resultslist","Article","Final","","Scopus","2-s2.0-84988874554"
"Noriega D.; Zuñiga M.E.; Soto C.; MohdMaidin N.; Michael N.; Jauregi P.","Noriega, Diana (57194603977); Zuñiga, Maria Elvira (51865122100); Soto, Carmen (7007083173); MohdMaidin, Nurmahani (57201673662); Michael, Nicholas (57197758843); Jauregi, Paula (6602823549)","57194603977; 51865122100; 7007083173; 57201673662; 57197758843; 6602823549","Colloidal Gas Aphrons separation to obtain polyphenol rich fractions from artichoke agro-industrial discards","2018","Food and Bioproducts Processing","110","","","50","59","14","10.1016/j.fbp.2018.04.007","https://www.scopus.com/pages/publications/85047393558?origin=resultslist","Article","Final","","Scopus","2-s2.0-85047393558"
"Gardiazabal I.; Córdova R.; Gómez H.; Schrebler R.","Gardiazabal, I. (6507664198); Córdova, R. (56224655100); Gómez, H. (7006142241); Schrebler, R. (56213692700)","6507664198; 56224655100; 7006142241; 56213692700","The electrochemical behaviour of zircaloy-4 electrodes in acid iodide solution","1988","Journal of Electroanalytical Chemistry","240","1-2","","299","308","8","10.1016/0022-0728(88)80330-9","https://www.scopus.com/pages/publications/0023863681?origin=resultslist","Article","Final","","Scopus","2-s2.0-0023863681"
"Cartelle D.; Vell'n J.M.; Rodr'guez A.; Vali'o D.; Gonzalez J.A.; Casas C.; Carrera-Chapela F.","Cartelle, David (24721336400); Vell'n, Jose M. (57191329485); Rodr'guez, Angel (57191338267); Vali'o, David (57191330366); Gonzalez, Jose Antonio (7004804004); Casas, Carlos (57191337842); Carrera-Chapela, Fabio (56177531500)","24721336400; 57191329485; 57191338267; 57191330366; 7004804004; 57191337842; 56177531500","PrOlor: A modelling approach for environmental odor forecast","2016","Chemical Engineering Transactions","54","","","229","234","3","10.3303/CET1654039","https://www.scopus.com/pages/publications/84988841532?origin=resultslist","Article","Final","","Scopus","2-s2.0-84988841532"
"Urrutia P.; Mateo C.; Guisan J.M.; Wilson L.; Illanes A.","Urrutia, P. (55580306800); Mateo, C. (7007065403); Guisan, J.M. (57204542054); Wilson, L. (7403520925); Illanes, A. (7004170275)","55580306800; 7007065403; 57204542054; 7403520925; 7004170275","Immobilization of Bacillus circulans β-galactosidase and its application in the synthesis of galacto-oligosaccharides under repeated-batch operation","2013","Biochemical Engineering Journal","77","","","41","48","71","10.1016/j.bej.2013.04.015","https://www.scopus.com/pages/publications/84878874795?origin=resultslist","Article","Final","All Open Access; Green Open Access","Scopus","2-s2.0-84878874795"
"Valencia P.; Wilson L.; Aguirre C.; Illanes A.","Valencia, Pedro (57201824872); Wilson, Lorena (7403520925); Aguirre, Carolina (7005079092); Illanes, A. (7004170275)","57201824872; 7403520925; 7005079092; 7004170275","Evaluation of the incidence of diffusional restrictions on the enzymatic reactions of hydrolysis of penicillin G and synthesis of cephalexin","2010","Enzyme and Microbial Technology","47","6","","268","276","27","10.1016/j.enzmictec.2010.07.010","https://www.scopus.com/pages/publications/77956467132?origin=resultslist","Article","Final","All Open Access; Green Open Access","Scopus","2-s2.0-77956467132"
"Salgado D.; Serment-Moreno V.; Ulloa P.A.; Velazquez G.; Antonio Torres J.; Welti-Chanes J.","Salgado, Diana (57196999360); Serment-Moreno, Vinicio (55636517700); Ulloa, Pablo A. (48661603100); Velazquez, Gonzalo (57209239720); Antonio Torres, J. (55550722000); Welti-Chanes, Jorge (6603518453)","57196999360; 55636517700; 48661603100; 57209239720; 55550722000; 6603518453","Steady- and Unsteady-State Determination of the Water Vapor Permeance (WVP) of Polyethylene Film to Estimate the Moisture Gain of Packed Dry Mango","2017","Food and Bioprocess Technology","10","10","","1792","1797","16","10.1007/s11947-017-1951-y","https://www.scopus.com/pages/publications/85023157865?origin=resultslist","Article","Final","","Scopus","2-s2.0-85023157865"
"Cabello G.; Lillo L.; Caro C.; Buono-Core G.E.; Chornik B.; Flores M.; Carrasco C.; Rodriguez C.A.","Cabello, G. (9844991600); Lillo, L. (55949211400); Caro, C. (7006058112); Buono-Core, G.E. (6603639362); Chornik, B. (6602434482); Flores, M. (57219908946); Carrasco, C. (7004451923); Rodriguez, C.A. (55574197905)","9844991600; 55949211400; 7006058112; 6603639362; 6602434482; 57219908946; 7004451923; 55574197905","Photochemical synthesis of AZrO3-X thin films (A=Ba, Ca and Sr) and their characterization","2014","Ceramics International","40","6","","7761","7768","29","10.1016/j.ceramint.2013.12.118","https://www.scopus.com/pages/publications/84897421937?origin=resultslist","Article","Final","All Open Access; Green Open Access","Scopus","2-s2.0-84897421937"
"Illanes A.; Altamirano C.; Zuñiga M.E.","Illanes, Andres (7004170275); Altamirano, Claudia (8332398700); Zuñiga, Maria Elvira (51865122100)","7004170275; 8332398700; 51865122100","Thermal inactivation of immobilized penicillin acylase in the presence of substrate and products","1996","Biotechnology and Bioengineering","50","6","","609","616","59","10.1002/(SICI)1097-0290(19960620)50:6<609::AID-BIT1>3.0.CO;2-O","https://www.scopus.com/pages/publications/15844369202?origin=resultslist","Article","Final","","Scopus","2-s2.0-15844369202"
"Campo A.; Macia Y.M.; Arıcı M.","Campo, Antonio (23157654000); Macia, Yunesky Masip (36159702500); Arıcı, Müslüm (36093844300)","23157654000; 36159702500; 36093844300","Limitations of the lumped model for in-tube laminar forced convection interacting with cross forced convection flows","2019","Heat Transfer - Asian Research","48","3","","1032","1043","0","10.1002/htj.21419","https://www.scopus.com/pages/publications/85060127813?origin=resultslist","Article","Final","","Scopus","2-s2.0-85060127813"
"Cabello G.G.; Lillo L.A.; Caro C.; Buono-Core G.E.; Tejos M.","Cabello, Gerardo G. (9844991600); Lillo, Luis A. (55949211400); Caro, Claudia (7006058112); Buono-Core, G.E. (6603639362); Tejos, Marisol (6603502133)","9844991600; 55949211400; 7006058112; 6603639362; 6603502133","Photo-chemical methods as an alternative methodology in the deposition of materials with chemical sensor properties and photo-luminescent characteristic","2011","Photochemistry: UV/VIS Spectroscopy, Photochemical Reactions and Photosynthesis","","","","141","174","0","","https://www.scopus.com/pages/publications/84892850540?origin=resultslist","Book chapter","Final","","Scopus","2-s2.0-84892850540"
"Illanes A.; Altamirano C.; Aillapán A.; Tomasello G.; Zuñiga M.E.","Illanes, A. (7004170275); Altamirano, C. (8332398700); Aillapán, A. (6504123653); Tomasello, G. (6602349730); Zuñiga, M.E. (51865122100)","7004170275; 8332398700; 6504123653; 6602349730; 51865122100","Packed-bed reactor performance with immobilized lactase under thermal inactivation","1998","Enzyme and Microbial Technology","23","1-2","","3","9","28","10.1016/S0141-0229(98)00027-1","https://www.scopus.com/pages/publications/0032127548?origin=resultslist","Article","Final","","Scopus","2-s2.0-0032127548"
"Meyer E.C.","Meyer, E.C. (7401539213)","7401539213","Using vapor pressure information in a cubic equation of state","1987","AIChE Journal","33","3","","503","505","2","10.1002/aic.690330318","https://www.scopus.com/pages/publications/0023306543?origin=resultslist","Article","Final","","Scopus","2-s2.0-0023306543"
"Proust P.; Vera J.H.","Proust, P. (6602656682); Vera, J.H. (7103155564)","6602656682; 7103155564","PRSV: The stryjek‐vera modification of the peng‐robinson equation of state. Parameters for other pure compounds of industrial interest","1989","The Canadian Journal of Chemical Engineering","67","1","","170","173","68","10.1002/cjce.5450670125","https://www.scopus.com/pages/publications/84989416149?origin=resultslist","Note","Final","","Scopus","2-s2.0-84989416149"
"Cancino B.; Espina V.; Orellana C.","Cancino, Beatriz (56610139300); Espina, Valentina (23968055100); Orellana, Claudia (14058483000)","56610139300; 23968055100; 14058483000","Whey concentration using microfiltration and ultrafiltration","2006","Desalination","200","1-3","","557","558","13","10.1016/j.desal.2006.03.463","https://www.scopus.com/pages/publications/33746782567?origin=resultslist","Article","Final","","Scopus","2-s2.0-33746782567"
"Guajardo N.; Bernal C.; Wilson L.; Cabrera Z.","Guajardo, Nadia (56728431500); Bernal, Claudia (54783974500); Wilson, Lorena (7403520925); Cabrera, Zaida (16028105600)","56728431500; 54783974500; 7403520925; 16028105600","Asymmetric hydrolysis of dimethyl-3-phenylglutarate in sequential batch reactor operation catalyzed by immobilized Geobacillus thermocatenulatus lipase","2015","Catalysis Today","255","","9422","21","26","39","10.1016/j.cattod.2014.12.039","https://www.scopus.com/pages/publications/84938265334?origin=resultslist","Article","Final","","Scopus","2-s2.0-84938265334"
"Donoso-Bravo A.; Ruiz-Filippi G.; Chamy R.","Donoso-Bravo, Andres (25723108900); Ruiz-Filippi, Gonzalo (18635080500); Chamy, Rolando (6603874955)","25723108900; 18635080500; 6603874955","Anaerobic treatment of low-strength wastewater with a high fraction of particulate matter in an unconventional two-phase ASBRs system","2009","Biochemical Engineering Journal","43","3","","297","302","18","10.1016/j.bej.2008.10.011","https://www.scopus.com/pages/publications/58349099235?origin=resultslist","Article","Final","All Open Access; Green Open Access","Scopus","2-s2.0-58349099235"
"Jeison D.; Chamy R.; Salgado E.","Jeison, D. (6507881259); Chamy, R. (6603874955); Salgado, E. (8065384400)","6507881259; 6603874955; 8065384400","Anaerobically treated wastewater in agricultural irrigation as an alternative for posttreatment in water-demanding zones","2003","Applied Biochemistry and Biotechnology - Part A Enzyme Engineering and Biotechnology","109","1-3","","197","206","4","10.1385/ABAB:109:1-3:197","https://www.scopus.com/pages/publications/0038459264?origin=resultslist","Conference paper","Final","","Scopus","2-s2.0-0038459264"
"Durán N.; Reyes J.L.; Baeza J.; Campos V.","Durán, Nelson (23072832700); Reyes, Juan L. (7202553071); Baeza, Jaime (57205158776); Campos, Victoriano (56218981700)","23072832700; 7202553071; 57205158776; 56218981700","Biomass photochemistry: XII. Chemical and photochemical pretreatment of rice hull and its fungal degradation","1988","Biotechnology and Bioengineering","32","4","","564","568","7","10.1002/bit.260320420","https://www.scopus.com/pages/publications/0024278886?origin=resultslist","Letter","Final","All Open Access; Bronze Open Access","Scopus","2-s2.0-0024278886"
"Del Valle M.A.; Gacitua M.; Diaz F.R.; Armijo F.; Soto J.P.","Del Valle, M.A. (7005723737); Gacitua, M. (25824949700); Diaz, F.R. (7202814328); Armijo, F. (6602868400); Soto, J.P. (57191747857)","7005723737; 25824949700; 7202814328; 6602868400; 57191747857","Electro-synthesis and characterization of polythiophene nano-wires/platinum nano-particles composite electrodes. Study of formic acid electro-catalytic oxidation","2012","Electrochimica Acta","71","","","277","282","42","10.1016/j.electacta.2012.04.001","https://www.scopus.com/pages/publications/84860467066?origin=resultslist","Article","Final","All Open Access; Green Open Access","Scopus","2-s2.0-84860467066"
"Ortíz-Méndez O.H.; Morales-Martínez T.K.; Rios-González L.J.; Rodríguez-de la Garza J.A.; Quintero J.; Aroca G.","Ortíz-Méndez, O.H. (57195470656); Morales-Martínez, T.K. (56429691200); Rios-González, L.J. (56002774300); Rodríguez-de la Garza, J.A. (56002774700); Quintero, J. (23482772800); Aroca, G. (6603177229)","57195470656; 56429691200; 56002774300; 56002774700; 23482772800; 6603177229","Bioethanol production from agave lechuguilla biomass pretreated by autohydrolysis; [Producción de bioetanol a partir de biomasa de agave lechuguilla pretratada por autohidrólisis]","2017","Revista Mexicana de Ingeniera Quimica","16","2","","467","476","28","","https://www.scopus.com/pages/publications/85028304216?origin=resultslist","Article","Final","","Scopus","2-s2.0-85028304216"
"Gallardo R.; Alves M.; Rodrigues L.R.","Gallardo, R. (55999234200); Alves, M. (15918960200); Rodrigues, L.R. (55938875200)","55999234200; 15918960200; 55938875200","Influence of nutritional and operational parameters on the production of butanol or 1,3-propanediol from glycerol by a mutant Clostridium pasteurianum","2017","New Biotechnology","34","","","59","67","23","10.1016/j.nbt.2016.03.002","https://www.scopus.com/pages/publications/84969505793?origin=resultslist","Article","Final","All Open Access; Bronze Open Access; Green Open Access","Scopus","2-s2.0-84969505793"
"Illanes A.; Wilson L.; Tomasello G.","Illanes, A. (7004170275); Wilson, L. (7403520925); Tomasello, G. (6602349730)","7004170275; 7403520925; 6602349730","Temperature optimization for reactor operation with chitin-immobilized lactase under modulated inactivation","2000","Enzyme and Microbial Technology","27","3-5","","270","278","31","10.1016/S0141-0229(00)00209-X","https://www.scopus.com/pages/publications/0034255897?origin=resultslist","Article","Final","","Scopus","2-s2.0-0034255897"
"Acevedo F.; Gentina J.C.; García N.","Acevedo, F. (7003903397); Gentina, J.C. (7004106285); García, N. (57196675173)","7003903397; 7004106285; 57196675173","CO2 supply in the biooxidation of an enargite-pyrite gold concentrate","1998","Biotechnology Letters","20","3","","257","259","42","10.1023/A:1005377919131","https://www.scopus.com/pages/publications/0031894305?origin=resultslist","Article","Final","","Scopus","2-s2.0-0031894305"
"Chirinos R.; Pedreschi R.; Cedano I.; Campos D.","Chirinos, Rosana (14833763600); Pedreschi, Romina (14052508500); Cedano, Ingrid (56764594700); Campos, David (7005426874)","14833763600; 14052508500; 56764594700; 7005426874","Antioxidants from Mashua (Tropaeolum tuberosum) Control Lipid Oxidation in Sacha Inchi (Plukenetia volubilisL.) Oil and Raw Ground Pork Meat","2015","Journal of Food Processing and Preservation","39","6","","2612","2619","16","10.1111/jfpp.12511","https://www.scopus.com/pages/publications/84953370506?origin=resultslist","Article","Final","","Scopus","2-s2.0-84953370506"
"Thakker C.; Martínez I.; Li W.; San K.-Y.; Bennett G.N.","Thakker, Chandresh (12242415300); Martínez, Irene (56603723600); Li, Wei (56136919900); San, Ka-Yiu (7005290743); Bennett, George N. (7401434168)","12242415300; 56603723600; 56136919900; 7005290743; 7401434168","Metabolic engineering of carbon and redox flow in the production of small organic acids","2015","Journal of Industrial Microbiology and Biotechnology","42","3","","403","422","55","10.1007/s10295-014-1560-y","https://www.scopus.com/pages/publications/84925463181?origin=resultslist","Review","Final","All Open Access; Bronze Open Access","Scopus","2-s2.0-84925463181"
"Ramírez D.; Gómez H.; Lincot D.","Ramírez, D. (57195948458); Gómez, H. (7006142241); Lincot, D. (55944669300)","57195948458; 7006142241; 55944669300","Polystyrene sphere monolayer assisted electrochemical deposition of ZnO nanorods with controlable surface density","2010","Electrochimica Acta","55","6","","2191","2195","14","10.1016/j.electacta.2009.11.055","https://www.scopus.com/pages/publications/75349094557?origin=resultslist","Article","Final","","Scopus","2-s2.0-75349094557"
"Parada G.; Acevedo F.","Parada, G. (56705265900); Acevedo, F. (7003903397)","56705265900; 7003903397","On the relation of temperature and RNA content to the specific growth rate in Saccharomyces cerevisiae","1983","Biotechnology and Bioengineering","25","11","","2785","2788","14","10.1002/bit.260251120","https://www.scopus.com/pages/publications/0020858077?origin=resultslist","Letter","Final","","Scopus","2-s2.0-0020858077"
"González R.; Gentina J.C.; Acevedo F.","González, R. (57192167471); Gentina, J.C. (7004106285); Acevedo, F. (7003903397)","57192167471; 7004106285; 7003903397","Attachment behaviour of Thiobacillus ferrooxidans cells to refractory gold concentrate particles","1999","Biotechnology Letters","21","8","","715","718","22","10.1023/A:1005540631033","https://www.scopus.com/pages/publications/0344199972?origin=resultslist","Article","Final","","Scopus","2-s2.0-0344199972"
"Astudillo-Castro C.L.","Astudillo-Castro, Carolina L. (7004510679)","7004510679","Limiting flux and critical transmembrane pressure determination using an exponential model: The effect of concentration factor, temperature, and cross-flow velocity during casein micelle concentration by microfiltration","2015","Industrial and Engineering Chemistry Research","54","1","","414","425","47","10.1021/ie5033292","https://www.scopus.com/pages/publications/84921033910?origin=resultslist","Article","Final","","Scopus","2-s2.0-84921033910"
"Cabello G.; Lillo L.; Caro C.; Soto-Arriaza M.A.; Chornik B.; Buono-Core G.E.","Cabello, G. (9844991600); Lillo, L. (55949211400); Caro, C. (7006058112); Soto-Arriaza, M.A. (24170156700); Chornik, B. (6602434482); Buono-Core, G.E. (6603639362)","9844991600; 55949211400; 7006058112; 24170156700; 6602434482; 6603639362","Evaluation on the optical properties of Ga2O3-x thin films co-doped with Tb3+ and transition metals (Mn2+, Cr3+) prepared by a photochemical route","2013","Ceramics International","39","3","","2443","2450","20","10.1016/j.ceramint.2012.08.096","https://www.scopus.com/pages/publications/84872921019?origin=resultslist","Article","Final","All Open Access; Green Open Access","Scopus","2-s2.0-84872921019"
"Cancino B.; Rossier F.; Orellana C.","Cancino, Beatriz (56610139300); Rossier, Francisco (23995969000); Orellana, Claudia (14058483000)","56610139300; 23995969000; 14058483000","Corn starch waste water treatment with membrane technologies: pilot test","2006","Desalination","200","1-3","","750","751","17","10.1016/j.desal.2006.03.495","https://www.scopus.com/pages/publications/33746855891?origin=resultslist","Article","Final","","Scopus","2-s2.0-33746855891"
"Acevedo C.A.; Brown D.I.; Young M.E.; Reyes J.G.","Acevedo, Cristian A. (7004963806); Brown, Donald I. (7407730678); Young, Manuel E. (23995804400); Reyes, Juan G. (7202553038)","7004963806; 7407730678; 23995804400; 7202553038","Senescent cultures of human dermal fibroblasts modified phenotype when immobilized in fibrin polymer","2009","Journal of Biomaterials Science, Polymer Edition","20","13","","1929","1942","10","10.1163/156856208X394418","https://www.scopus.com/pages/publications/71749106297?origin=resultslist","Article","Final","","Scopus","2-s2.0-71749106297"
"Rosales B.M.; Vera R.M.; Hidalgo J.P.","Rosales, Blanca M. (7003274712); Vera, Rosa M. (7005768349); Hidalgo, Jacqueline P. (36448160500)","7003274712; 7005768349; 36448160500","Characterisation and properties of synthetic patina on copper base sculptural alloys","2010","Corrosion Science","52","10","","3212","3224","15","10.1016/j.corsci.2010.05.034","https://www.scopus.com/pages/publications/77955519303?origin=resultslist","Article","Final","","Scopus","2-s2.0-77955519303"
"Riveros G.; Green S.; Cortes A.; Gómez H.; Marotti R.E.; Dalchiele E.A.","Riveros, G. (6701422090); Green, S. (57212695760); Cortes, A. (8226142500); Gómez, H. (7006142241); Marotti, R.E. (6603482197); Dalchiele, E.A. (6701854336)","6701422090; 57212695760; 8226142500; 7006142241; 6603482197; 6701854336","Silver nanowire arrays electrochemically grown into nanoporous anodic alumina templates","2006","Nanotechnology","17","2","","561","570","130","10.1088/0957-4484/17/2/037","https://www.scopus.com/pages/publications/32644461419?origin=resultslist","Article","Final","All Open Access; Green Open Access","Scopus","2-s2.0-32644461419"
"Dondero M.; Araya M.; Curotto E.","Dondero, M. (6603003106); Araya, M. (36836850300); Curotto, E. (6701472319)","6603003106; 36836850300; 6701472319","Prevention of protein denaturation of jack mackerel actomyosin (Trachurus murphyi) during frozen storage; [Prevención de la desnaturalización proteica en actomiosina de jurel (Trachurus murphyi) durante su almacenamiento en congelación]","1996","Food Science and Technology International","2","2","","79","86","5","10.1177/108201329600200204","https://www.scopus.com/pages/publications/0039337707?origin=resultslist","Article","Final","","Scopus","2-s2.0-0039337707"
"Morales-Zavala F.; Casanova-Morales N.; Gonzalez R.B.; Chandía-Cristi A.; Estrada L.D.; Alvizú I.; Waselowski V.; Guzman F.; Guerrero S.; Oyarzún-Olave M.; Rebolledo C.; Rodriguez E.; Armijo J.; Bhuyan H.; Favre M.; Alvarez A.R.; Kogan M.J.; Maze J.R.","Morales-Zavala, Francisco (57201970159); Casanova-Morales, Nathalie (57200513306); Gonzalez, Raúl B. (57679081200); Chandía-Cristi, América (57203388198); Estrada, Lisbell D. (8653165600); Alvizú, Ignacio (57053560800); Waselowski, Victor (55440308700); Guzman, Fanny (7004463815); Guerrero, Simón (25223038800); Oyarzún-Olave, Marisol (57203399108); Rebolledo, Cristian (57202987751); Rodriguez, Enrique (57203387354); Armijo, Julien (16318804300); Bhuyan, Heman (8681744200); Favre, Mario (7005676830); Alvarez, Alejandra R. (7202214738); Kogan, Marcelo J. (7102617437); Maze, Jerónimo R. (16426150300)","57201970159; 57200513306; 57679081200; 57203388198; 8653165600; 57053560800; 55440308700; 7004463815; 25223038800; 57203399108; 57202987751; 57203387354; 16318804300; 8681744200; 7005676830; 7202214738; 7102617437; 16426150300","Functionalization of stable fluorescent nanodiamonds towards reliable detection of biomarkers for Alzheimer's disease","2018","Journal of Nanobiotechnology","16","1","60","","","35","10.1186/s12951-018-0385-7","https://www.scopus.com/pages/publications/85051538804?origin=resultslist","Article","Final","All Open Access; Gold Open Access; Green Open Access","Scopus","2-s2.0-85051538804"
"Curotto E.M.; Dondero M.L.; Muñoz C.J.; Álvarez L.A.","Curotto, Emilia M. (36845325200); Dondero, Marta L. (6603003106); Muñoz, Cristián J. (17435333000); Álvarez, Lorena A. (17433269500)","36845325200; 6603003106; 17435333000; 17433269500","Extraction, partial characterization and thermostability of transglutaminase of surimi and jack mackerel white muscle and for myofibrils of bovine meat; [Extracción, caracterización parcial y termoestabilidad de la enzima transglutaminasa en surimi, en músculo blanco de jurel y en miofibrillas de carne de vacuno]","2007","Informacion Tecnologica","18","3","","3","12","1","","https://www.scopus.com/pages/publications/34547367425?origin=resultslist","Article","Final","","Scopus","2-s2.0-34547367425"
"Illanes A.; Gorgollón Y.","Illanes, A. (7004170275); Gorgollón, Y. (6504531539)","7004170275; 6504531539","Kinetics of extraction of invertase from autolysed bakers' yeast cells","1986","Enzyme and Microbial Technology","8","2","","81","84","7","10.1016/0141-0229(86)90075-X","https://www.scopus.com/pages/publications/0022672056?origin=resultslist","Article","Final","","Scopus","2-s2.0-0022672056"
"Vera C.; Guerrero C.; Wilson L.; Illanes A.","Vera, Carlos (55238284100); Guerrero, Cecilia (36738876300); Wilson, Lorena (7403520925); Illanes, Andrés (7004170275)","55238284100; 36738876300; 7403520925; 7004170275","Synthesis of butyl-β-D-galactoside with commercial β-galactosidases","2017","Food and Bioproducts Processing","103","","","66","75","14","10.1016/j.fbp.2017.02.007","https://www.scopus.com/pages/publications/85016004594?origin=resultslist","Article","Final","","Scopus","2-s2.0-85016004594"
"Riveros G.; Lincot D.; Guillemoles J.F.; Henríquez R.; Schrebler R.; Cordova R.; Gomez H.","Riveros, G. (6701422090); Lincot, D. (55944669300); Guillemoles, J.F. (7004312977); Henríquez, R. (55554951600); Schrebler, R. (56213692700); Cordova, R. (56224655100); Gomez, H. (7006142241)","6701422090; 55944669300; 7004312977; 55554951600; 56213692700; 56224655100; 7006142241","Redox and solution chemistry of the SeSO3 2--Zn-EDTA2- system and electrodeposition behavior of ZnSe from alkaline solutions","2003","Journal of Electroanalytical Chemistry","558","1-2","","9","17","16","10.1016/S0022-0728(03)00371-1","https://www.scopus.com/pages/publications/0142043012?origin=resultslist","Article","Final","","Scopus","2-s2.0-0142043012"
"Escobar S.; Bernal C.; Mesa M.","Escobar, Sindy (55654285400); Bernal, Claudia (54783974500); Mesa, Monica (12759393800)","55654285400; 54783974500; 12759393800","Relationship between sol-gel conditions and enzyme stability: A case study with β-galactosidase/silica biocatalyst for whey hydrolysis","2015","Journal of Biomaterials Science, Polymer Edition","26","16","","1126","1138","5","10.1080/09205063.2015.1078929","https://www.scopus.com/pages/publications/84942834097?origin=resultslist","Article","Final","","Scopus","2-s2.0-84942834097"
"Rodríguez-Moreno J.; Navarrete-Astorga E.; Dalchiele E.A.; Schrebler R.; Ramos-Barrado J.R.; Martín F.","Rodríguez-Moreno, Jorge (55449873300); Navarrete-Astorga, Elena (57197739815); Dalchiele, Enrique A. (6701854336); Schrebler, Ricardo (56213692700); Ramos-Barrado, José R. (7004559118); Martín, Francisco (57947034100)","55449873300; 57197739815; 6701854336; 56213692700; 7004559118; 57947034100","Vertically aligned ZnO@CuS@PEDOT core@shell nanorod arrays decorated with MnO2 nanoparticles for a high-performance and semi-transparent supercapacitor electrode","2014","Chemical Communications","50","42","","5652","5655","72","10.1039/c4cc01984a","https://www.scopus.com/pages/publications/84899647435?origin=resultslist","Article","Final","All Open Access; Green Open Access","Scopus","2-s2.0-84899647435"
"Leiva K.; Sepúlveda C.; García R.; Fierro J.L.G.; Aguila G.; Baeza P.; Villarroel M.; Escalona N.","Leiva, K. (36904243500); Sepúlveda, C. (36844620000); García, R. (57208163810); Fierro, J.L.G. (7202608150); Aguila, G. (23018231300); Baeza, P. (8225737300); Villarroel, M. (7003443904); Escalona, N. (6602883313)","36904243500; 36844620000; 57208163810; 7202608150; 23018231300; 8225737300; 7003443904; 6602883313","Effect of P content in the conversion of guaiacol over Mo/γ-Al 2O3 catalysts","2013","Applied Catalysis A: General","467","","","568","574","28","10.1016/j.apcata.2013.08.012","https://www.scopus.com/pages/publications/85019830450?origin=resultslist","Article","Final","All Open Access; Green Open Access","Scopus","2-s2.0-85019830450"
"Carvajal D.; Marchisio D.L.; Bensaid S.; Fino D.","Carvajal, Danilo (55378526500); Marchisio, Daniele L. (6602854110); Bensaid, Samir (25930299400); Fino, Debora (6603706724)","55378526500; 6602854110; 25930299400; 6603706724","Enzymatic hydrolysis of lignocellulosic biomasses via CFD and experiments","2012","Industrial and Engineering Chemistry Research","51","22","","7518","7525","20","10.1021/ie201673t","https://www.scopus.com/pages/publications/84861895098?origin=resultslist","Article","Final","","Scopus","2-s2.0-84861895098"
"Morales-Martinez T.K.; Diaz-Blanco D.I.; de la Garza J.A.R.; Morlett-Chávez J.; Castro-Montoya A.J.; Quintero J.; Aroca G.; Rios-González L.J.","Morales-Martinez, Thelma K. (56429691200); Diaz-Blanco, Deniss I. (57196321259); de la Garza, José A. Rodríguez (54410348800); Morlett-Chávez, Jesus (56013652400); Castro-Montoya, Agustín J. (7801312977); Quintero, Julián (23482772800); Aroca, German (6603177229); Rios-González, Leopoldo J. (56002774300)","56429691200; 57196321259; 54410348800; 56013652400; 7801312977; 23482772800; 6603177229; 56002774300","Assessment of Different Saccharification and Fermentation Configurations for Ethanol Production from Agave lechuguilla","2017","BioResources","12","4","","8093","8105","1","10.15376/BIORES.12.4.8093-8105","https://www.scopus.com/pages/publications/85122470346?origin=resultslist","Article","Final","All Open Access; Gold Open Access","Scopus","2-s2.0-85122470346"
"Aracena A.; Espinoza C.; Jerez O.; Carvajal D.; Jaques A.","Aracena, Alvaro (6504525592); Espinoza, Camila (57225414384); Jerez, Oscar (35242436200); Carvajal, Danilo (55378526500); Jaques, Aldonza (22834960500)","6504525592; 57225414384; 35242436200; 55378526500; 22834960500","Dissolution kinetics of secondary covellite resulted from digenite dissolution in ferric/acid/chloride media","2019","Physicochemical Problems of Mineral Processing","55","4","","840","851","4","10.5277/ppmp19004","https://www.scopus.com/pages/publications/85067899690?origin=resultslist","Article","Final","","Scopus","2-s2.0-85067899690"
"Villarroel M.; Camú E.; Escalona N.; Ávila P.; Rasmussen S.B.; Baeza P.; Gil-Llambías F.","Villarroel, M. (7003443904); Camú, E. (37101088700); Escalona, N. (6602883313); Ávila, P. (7006694430); Rasmussen, S.B. (7201675161); Baeza, P. (8225737300); Gil-Llambías, F. (6602805037)","7003443904; 37101088700; 6602883313; 7006694430; 7201675161; 8225737300; 6602805037","Synergisms via hydrogen spillover between some transition metals during hydrodesulphurization: Increased activity towards conversion of refractory molecules","2011","Applied Catalysis A: General","399","1-2","","63","68","15","10.1016/j.apcata.2011.03.035","https://www.scopus.com/pages/publications/85019830458?origin=resultslist","Article","Final","All Open Access; Green Open Access","Scopus","2-s2.0-85019830458"
"Scott F.; Venturini F.; Aroca G.; Conejeros R.","Scott, Felipe (55743894700); Venturini, Fabrizio (55866537100); Aroca, Germán (6603177229); Conejeros, Raúl (35611393300)","55743894700; 55866537100; 6603177229; 35611393300","Selection of process alternatives for lignocellulosic bioethanol production using a MILP approach","2013","Bioresource Technology","148","","","525","534","13","10.1016/j.biortech.2013.09.008","https://www.scopus.com/pages/publications/84884711324?origin=resultslist","Article","Final","","Scopus","2-s2.0-84884711324"
"Soler L.; Illanes A.; Wilson L.","Soler, Lorena (25931256300); Illanes, Andrés (7004170275); Wilson, Lorena (7403520925)","25931256300; 7004170275; 7403520925","Immobilization of Alcaligenes sp. lipase as catalyst for the transesterification of vegetable oils to produce biodiesel","2016","Catalysis Today","259","","","177","182","32","10.1016/j.cattod.2015.06.025","https://www.scopus.com/pages/publications/84945486665?origin=resultslist","Article","Final","","Scopus","2-s2.0-84945486665"
"Kasahara I.; Osorio F.; Moyano P.; Pizarro G.; Beltran J.","Kasahara, Ismael (7004677476); Osorio, Fernando (57190294503); Moyano, Pedro (6602769844); Pizarro, Guillermo (37042679000); Beltran, Jeanette (37042235400)","7004677476; 57190294503; 6602769844; 37042679000; 37042235400","Study of texture and glass transition of French fried potatoes pretreated with soaking solutions","2002","Journal of Food Processing and Preservation","26","4","","237","257","10","10.1111/j.1745-4549.2002.tb00482.x","https://www.scopus.com/pages/publications/0036816958?origin=resultslist","Article","Final","All Open Access; Green Open Access","Scopus","2-s2.0-0036816958"
"Jeison D.; Ruiz G.; Acevedo F.; Illanes A.","Jeison, D. (6507881259); Ruiz, G. (18635080500); Acevedo, F. (7003903397); Illanes, A. (7004170275)","6507881259; 18635080500; 7003903397; 7004170275","Simulation of the effect of intrinsic reaction kinetics and particle size on the behaviour of immobilised enzymes under internal diffusional restrictions and steady state operation","2003","Process Biochemistry","39","3","","393","399","22","10.1016/S0032-9592(03)00129-8","https://www.scopus.com/pages/publications/0345015884?origin=resultslist","Article","Final","","Scopus","2-s2.0-0345015884"
"Araya R.; Bobadilla C.V.; Rosales B.M.; Vera R.","Araya, Raquel (7005637863); Bobadilla, Carla V. (14053499400); Rosales, Blanca M. (7003274712); Vera, Rosa (7005768349)","7005637863; 14053499400; 7003274712; 7005768349","Corrosion of aeronautical aluminium alloys and its components related to the proteic expression of the fungus hormoconis resinae; [Corrosión de aleaciones aeronáuticas de aluminio y sus componentes relacionada a la expresión proteica del hongo hormoconis resinae]","2008","Informacion Tecnologica","19","2","","59","68","2","","https://www.scopus.com/pages/publications/42449093791?origin=resultslist","Article","Final","","Scopus","2-s2.0-42449093791"
"Wilson L.; Palomo J.M.; Fernández-Lorente G.; Illanes A.; Guisán J.M.; Fernández-Lafuente R.","Wilson, Lorena (7403520925); Palomo, José M. (7006821122); Fernández-Lorente, Gloria (6701797326); Illanes, Andrés (7004170275); Guisán, José M. (57204542054); Fernández-Lafuente, Roberto (35552449900)","7403520925; 7006821122; 6701797326; 7004170275; 57204542054; 35552449900","Improvement of the functional properties of a thermostable lipase from alcaligenes sp. via strong adsorption on hydrophobic supports","2006","Enzyme and Microbial Technology","38","7","","975","980","77","10.1016/j.enzmictec.2005.08.032","https://www.scopus.com/pages/publications/33645222148?origin=resultslist","Article","Final","","Scopus","2-s2.0-33645222148"
"Jeldres R.I.; Piceros E.C.; Valenzuela J.A.; Robles P.A.","Jeldres, Ricardo I. (56085610300); Piceros, Eder C. (57194850724); Valenzuela, Julio A. (24173506400); Robles, Pedro A. (12774054800)","56085610300; 57194850724; 24173506400; 12774054800","Removal of calcium and magnesium from seawater to increase the solid concentration in thickener underflow; [Remoción de Calcio y Magnesio en Agua de Mar para Mejorar la Concentración de Sólidos en la Descarga de Espesadores]","2019","Informacion Tecnologica","30","5","","291","298","2","10.4067/S0718-07642019000500291","https://www.scopus.com/pages/publications/85074300821?origin=resultslist","Article","Final","All Open Access; Gold Open Access; Green Open Access","Scopus","2-s2.0-85074300821"
"Henríquez R.; Badán A.; Grez P.; Muñoz E.; Vera J.; Dalchiele E.A.; Marotti R.E.; Gómez H.","Henríquez, R. (55554951600); Badán, A. (38561060700); Grez, P. (6506476548); Muñoz, E. (13611547600); Vera, J. (57196554560); Dalchiele, E.A. (6701854336); Marotti, R.E. (6603482197); Gómez, H. (7006142241)","55554951600; 38561060700; 6506476548; 13611547600; 57196554560; 6701854336; 6603482197; 7006142241","Electrodeposition of nanocrystalline CdSe thin films from dimethyl sulfoxide solution: Nucleation and growth mechanism, structural and optical studies","2011","Electrochimica Acta","56","13","","4895","4901","30","10.1016/j.electacta.2011.02.113","https://www.scopus.com/pages/publications/79955845164?origin=resultslist","Article","Final","All Open Access; Green Open Access","Scopus","2-s2.0-79955845164"
"Acuña-Rodríguez I.S.; Hansen H.; Gallardo-Cerda J.; Atala C.; Molina-Montenegro M.A.","Acuña-Rodríguez, Ian S. (15020135100); Hansen, Hermann (57209794308); Gallardo-Cerda, Jorge (49663325500); Atala, Cristian (6603281961); Molina-Montenegro, Marco A. (6507593899)","15020135100; 57209794308; 49663325500; 6603281961; 6507593899","Antarctic extremophiles: Biotechnological alternative to crop productivity in saline soils","2019","Frontiers in Bioengineering and Biotechnology","7","FEB","22","","","48","10.3389/fbioe.2019.00022","https://www.scopus.com/pages/publications/85068763610?origin=resultslist","Article","Final","All Open Access; Gold Open Access; Green Open Access","Scopus","2-s2.0-85068763610"
"Oliva-Rodríguez A.G.; Quintero J.; Medina-Morales M.A.; Morales-Martínez T.K.; Rodríguez-De la Garza J.A.; Moreno-Dávila M.; Aroca G.; Rios González L.J.","Oliva-Rodríguez, Alejandra G. (57205241040); Quintero, Julián (23482772800); Medina-Morales, Miguel A. (42861948500); Morales-Martínez, Thelma K. (56429691200); Rodríguez-De la Garza, José A. (56002774700); Moreno-Dávila, Mayela (57205240562); Aroca, Germán (6603177229); Rios González, Leopoldo J. (56002774300)","57205241040; 23482772800; 42861948500; 56429691200; 56002774700; 57205240562; 6603177229; 56002774300","Clostridium strain selection for co-culture with Bacillus subtilis for butanol production from agave hydrolysates","2019","Bioresource Technology","275","","","410","415","45","10.1016/j.biortech.2018.12.085","https://www.scopus.com/pages/publications/85059231709?origin=resultslist","Article","Final","","Scopus","2-s2.0-85059231709"
"Vega O.; Carvajal L.M.; Rodríguez F.; Marín M.C.; Ramírez C.; Simpson R.; Valdenegro M.","Vega, Oscar (56063397600); Carvajal, Luz Marina (6701795542); Rodríguez, Faber (24921806700); Marín, María Clara (57200605961); Ramírez, Cristian (36870781000); Simpson, Ricardo (56239119700); Valdenegro, Mónika (15078093600)","56063397600; 6701795542; 24921806700; 57200605961; 36870781000; 56239119700; 15078093600","Effect of thermal pretreatments and cooking characteristics on physicochemical, rheological, and sensorial properties of food products based on cassava (Manihot esculenta Crantz)","2018","Journal of Food Process Engineering","41","1","e12612","","","6","10.1111/jfpe.12612","https://www.scopus.com/pages/publications/85041810905?origin=resultslist","Article","Final","","Scopus","2-s2.0-85041810905"
"Guajardo N.; Carlesi C.; Aracena Á.","Guajardo, Nadia (56728431500); Carlesi, Carlos (56998584200); Aracena, Álvaro (6504525592)","56728431500; 56998584200; 6504525592","Toluene Oxidation by Hydrogen Peroxide in Deep Eutectic Solvents","2015","ChemCatChem","7","16","","2451","2454","31","10.1002/cctc.201500604","https://www.scopus.com/pages/publications/84939254328?origin=resultslist","Article","Final","","Scopus","2-s2.0-84939254328"
"Illanes A.; Rodríguez F.; Bahamondes C.; Altamirano C.","Illanes, Andrés (7004170275); Rodríguez, Flavio (57196635688); Bahamondes, Carola (6507536924); Altamirano, Claudia (8332398700)","7004170275; 57196635688; 6507536924; 8332398700","Determination of lumped kinetic parameters and their thermal dependence for the synthesis of cephalexin with immobilized penicillin acylase in organic medium","2005","Biochemical Engineering Journal","24","3","","209","215","8","10.1016/j.bej.2005.01.024","https://www.scopus.com/pages/publications/19344368947?origin=resultslist","Article","Final","All Open Access; Green Open Access","Scopus","2-s2.0-19344368947"
"Bravo M.A.; Escandar G.M.; Olivieri A.C.; Bardin E.; Aguilar L.F.; Quiroz W.","Bravo, Manuel A. (35602879700); Escandar, Graciela M. (7003280839); Olivieri, Alejandro C. (7101815523); Bardin, Emmanuelle (58463202000); Aguilar, Luis F. (58811477200); Quiroz, Waldo (8943807600)","35602879700; 7003280839; 7101815523; 58463202000; 58811477200; 8943807600","A novel application of nylon membranes for tributyltin determination in complex environmental samples by fluorescence spectroscopy and multivariate calibration","2015","Chemometrics and Intelligent Laboratory Systems","148","","","77","84","7","10.1016/j.chemolab.2015.09.005","https://www.scopus.com/pages/publications/84942082548?origin=resultslist","Article","Final","All Open Access; Bronze Open Access; Green Open Access","Scopus","2-s2.0-84942082548"
"Morales M.; Arancibia J.; Lemus M.; Silva J.; Gentina J.C.; Aroca G.","Morales, Marjorie (57211363751); Arancibia, Jonathan (53263143100); Lemus, Mariana (53264107200); Silva, Javier (7403023118); Gentina, Juan Carlos (7004106285); Aroca, German (6603177229)","57211363751; 53263143100; 53264107200; 7403023118; 7004106285; 6603177229","Bio-oxidation of H2S by Sulfolobus metallicus","2011","Biotechnology Letters","33","11","","2141","2145","16","10.1007/s10529-011-0689-2","https://www.scopus.com/pages/publications/80053185355?origin=resultslist","Article","Final","All Open Access; Green Open Access","Scopus","2-s2.0-80053185355"
"Carlesi Jara C.; Fino D.","Carlesi Jara, Carlos (56998584200); Fino, Debora (6603706724)","56998584200; 6603706724","Cost optimization of the current density for electroxidation wastewater processes","2010","Chemical Engineering Journal","160","2","","497","502","21","10.1016/j.cej.2010.03.060","https://www.scopus.com/pages/publications/77954797300?origin=resultslist","Article","Final","All Open Access; Green Open Access","Scopus","2-s2.0-77954797300"
"Díaz-Barrera A.; Andler R.; Martínez I.; Peña C.","Díaz-Barrera, Alvaro (20435715600); Andler, Rodrigo (56604311100); Martínez, Irene (56603723600); Peña, Carlos (55989663100)","20435715600; 56604311100; 56603723600; 55989663100","Poly-3-hydroxybutyrate production by Azotobacter vinelandii strains in batch cultures at different oxygen transfer rates","2016","Journal of Chemical Technology and Biotechnology","91","4","","1063","1071","35","10.1002/jctb.4684","https://www.scopus.com/pages/publications/84960800764?origin=resultslist","Article","Final","","Scopus","2-s2.0-84960800764"
"Carlesi Jara C.; Salazar-Banda G.R.; Arratia R.S.; Campino J.S.; Aguilera M.I.","Carlesi Jara, Carlos (56998584200); Salazar-Banda, Giancarlo Richard (12795285500); Arratia, Rodrigo Schrebler (56369691900); Campino, Javier Silva (43760949900); Aguilera, Maik Irrazábal (14068828900)","56998584200; 12795285500; 56369691900; 43760949900; 14068828900","Improving the stability of Sb doped Sn oxides electrode thermally synthesized by using an acid ionic liquid as solvent","2011","Chemical Engineering Journal","171","3","","1253","1262","49","10.1016/j.cej.2011.05.039","https://www.scopus.com/pages/publications/79959928343?origin=resultslist","Article","Final","All Open Access; Green Open Access","Scopus","2-s2.0-79959928343"
"Illanes A.; Wilson L.; Aguirre C.","Illanes, Andrés (7004170275); Wilson, Lorena (7403520925); Aguirre, Carolina (7005079092)","7004170275; 7403520925; 7005079092","Synthesis of cephalexin in aqueous medium with carrier-bound and carrier-free penicillin acylase biocatalysts","2009","Applied Biochemistry and Biotechnology","157","1","","98","110","24","10.1007/s12010-008-8255-7","https://www.scopus.com/pages/publications/67349236713?origin=resultslist","Article","Final","All Open Access; Green Open Access","Scopus","2-s2.0-67349236713"
"Escobar S.; Illanes A.; Wilson L.; Bernal C.; Mesa M.","Escobar, Sindy (55654285400); Illanes, Andres (7004170275); Wilson, Lorena (7403520925); Bernal, Claudia (54783974500); Mesa, Monica (12759393800)","55654285400; 7004170275; 7403520925; 54783974500; 12759393800","In situ immobilization of β-galactosidase from Bacillus circulans in silica by sol-gel process: Application in prebiotic synthesis","2016","Engineering in Life Sciences","16","4","","396","404","13","10.1002/elsc.201500097","https://www.scopus.com/pages/publications/84979723103?origin=resultslist","Article","Final","All Open Access; Green Open Access","Scopus","2-s2.0-84979723103"
"Guerrero C.; Vera C.; Serna N.; Illanes A.","Guerrero, Cecilia (36738876300); Vera, Carlos (55238284100); Serna, Nestor (57193336075); Illanes, Andrés (7004170275)","36738876300; 55238284100; 57193336075; 7004170275","Immobilization of Aspergillus oryzae Β-galactosidase in an agarose matrix functionalized by four different methods and application to the synthesis of lactulose","2017","Bioresource Technology","232","","","53","63","44","10.1016/j.biortech.2017.02.003","https://www.scopus.com/pages/publications/85013078195?origin=resultslist","Article","Final","","Scopus","2-s2.0-85013078195"
"Vidal-Silva C.L.; Pham T.T.; Villarroel R.H.; Philominraj A.","Vidal-Silva, Cristian L. (58628874800); Pham, Trung T. (59845918200); Villarroel, Rodolfo H. (12764593200); Philominraj, Andrew (54385642000)","58628874800; 59845918200; 12764593200; 54385642000","Integration of analysis and designs models of JPI join point interface looking for a modular aspect-oriented software development; [Integración de Modelos de Análisis y Diseño de Interface de Punto de Unión JPI en la Búsqueda de un Desarrollo Modular de Software Orientado a Aspectos]","2018","Informacion Tecnologica","29","1","","39","48","0","10.4067/S0718-07642018000100006","https://www.scopus.com/pages/publications/85042311624?origin=resultslist","Article","Final","","Scopus","2-s2.0-85042311624"
"Álvarez L.; Acevedo F.; Illanes A.","Álvarez, Lorena (17433269500); Acevedo, Fernando (7003903397); Illanes, Andrés (7004170275)","17433269500; 7003903397; 7004170275","Induction of NAD+ dependent alcohol dehydrogenases with activity towards long chain aliphatic alcohols in mesophilic, thermophilic and extreme thermophilic microorganisms","2011","Process Biochemistry","46","6","","1342","1349","10","10.1016/j.procbio.2011.03.002","https://www.scopus.com/pages/publications/79955611111?origin=resultslist","Article","Final","All Open Access; Green Open Access","Scopus","2-s2.0-79955611111"
"Gómez H.; Gardiazábal J.; Vera R.; Schrebler R.; Córdova R.","Gómez, H. (7006142241); Gardiazábal, J. (6506517228); Vera, R. (7005768349); Schrebler, R. (56213692700); Córdova, R. (56224655100)","7006142241; 6506517228; 7005768349; 56213692700; 56224655100","Passivation kinetics of zircalloy-4 electrode in mineral acids under potentiodynamic conditions","1985","Journal of Electroanalytical Chemistry","189","1","","39","48","2","","https://www.scopus.com/pages/publications/34147197607?origin=resultslist","Article","Final","","Scopus","2-s2.0-34147197607"
"Cancino B.; Ulloa L.; Astudillo C.","Cancino, Beatriz (56610139300); Ulloa, Lila (27968080100); Astudillo, Carolina (7004510679)","56610139300; 27968080100; 7004510679","Osmotic pressure of salt and sugar solutions: Its influence on reverse osmosis in the food industry; [Presión osmótica de soluciones salinas y azucaradas: Su influencia en procesos de osmosis inversa en Ia industria de alimentos]","2009","Informacion Tecnologica","20","3","","55","64","2","10.1612/inf.tecnol.4058ait.08","https://www.scopus.com/pages/publications/67650753919?origin=resultslist","Article","Final","","Scopus","2-s2.0-67650753919"
"Villarroel M.; Baeza P.; Gracia F.; Escalona N.; Avila P.; Gil-Llambías F.J.","Villarroel, M. (7003443904); Baeza, P. (8225737300); Gracia, F. (12139463800); Escalona, N. (6602883313); Avila, P. (7006694430); Gil-Llambías, F.J. (6602805037)","7003443904; 8225737300; 12139463800; 6602883313; 7006694430; 6602805037","Phosphorus effect on Co//Mo and Ni//Mo synergism in hydrodesulphurization catalysts","2009","Applied Catalysis A: General","364","1-2","","75","79","36","10.1016/j.apcata.2009.05.026","https://www.scopus.com/pages/publications/67649390065?origin=resultslist","Article","Final","All Open Access; Green Open Access","Scopus","2-s2.0-67649390065"
"Guerrero C.; Vera C.; Acevedo F.; Illanes A.","Guerrero, Cecilia (36738876300); Vera, Carlos (55238284100); Acevedo, Fernando (7003903397); Illanes, Andrés (7004170275)","36738876300; 55238284100; 7003903397; 7004170275","Simultaneous synthesis of mixtures of lactulose and galacto-oligosaccharides and their selective fermentation","2015","Journal of Biotechnology","209","","","31","40","22","10.1016/j.jbiotec.2015.06.394","https://www.scopus.com/pages/publications/84934999423?origin=resultslist","Article","Final","","Scopus","2-s2.0-84934999423"
"Illanes A.; Anjarí M.S.; Altamirano C.; Aguirre C.","Illanes, A. (7004170275); Anjarí, M.S. (56618945200); Altamirano, C. (8332398700); Aguirre, C. (7005079092)","7004170275; 56618945200; 8332398700; 7005079092","Optimization of cephalexin synthesis with immobilized penicillin acylase in ethylene glycol medium at low temperatures","2004","Journal of Molecular Catalysis B: Enzymatic","30","2","","95","103","42","10.1016/j.molcatb.2004.01.020","https://www.scopus.com/pages/publications/2342517327?origin=resultslist","Article","Final","All Open Access; Green Open Access","Scopus","2-s2.0-2342517327"
"Tello A.; Cao R.; Marchant M.J.; Gomez H.","Tello, Alejandra (55150677400); Cao, Roberto (59071094700); Marchant, María José (57103083100); Gomez, Humberto (7006142241)","55150677400; 59071094700; 57103083100; 7006142241","Conformational Changes of Enzymes and Aptamers Immobilized on Electrodes","2016","Bioconjugate Chemistry","27","11","","2581","2591","37","10.1021/acs.bioconjchem.6b00553","https://www.scopus.com/pages/publications/84996865544?origin=resultslist","Review","Final","","Scopus","2-s2.0-84996865544"
"Eibes G.; Debernardi G.; Feijoo G.; Moreira M.T.; Lema J.M.","Eibes, Gemma (8569113200); Debernardi, Gianfranco (47960951400); Feijoo, Gumersindo (7003967670); Moreira, M. Teresa (26424779900); Lema, Juan M. (7005371394)","8569113200; 47960951400; 7003967670; 26424779900; 7005371394","Oxidation of pharmaceutically active compounds by a ligninolytic fungal peroxidase","2011","Biodegradation","22","3","","539","550","112","10.1007/s10532-010-9426-0","https://www.scopus.com/pages/publications/79955702481?origin=resultslist","Article","Final","","Scopus","2-s2.0-79955702481"
"Santibáñez L.; Wilson L.; Illanes A.","Santibáñez, Luciana (57951932900); Wilson, Lorena (7403520925); Illanes, Andrés (7004170275)","57951932900; 7403520925; 7004170275","Synthesis of ascorbyl palmitate with immobilized lipase from Pseudomonas stutzeri","2014","JAOCS, Journal of the American Oil Chemists' Society","91","3","","405","410","15","10.1007/s11746-013-2378-x","https://www.scopus.com/pages/publications/84899448272?origin=resultslist","Article","Final","All Open Access; Green Open Access","Scopus","2-s2.0-84899448272"
"Vera R.; Delgado D.; Rosales B.M.","Vera, Rosa (7005768349); Delgado, Diana (7004964669); Rosales, Blanca M. (7003274712)","7005768349; 7004964669; 7003274712","Effect of atmospheric pollutants on the corrosion of high power electrical conductors - Part 2. Pure copper","2007","Corrosion Science","49","5","","2329","2350","52","10.1016/j.corsci.2006.10.031","https://www.scopus.com/pages/publications/33847636623?origin=resultslist","Article","Final","All Open Access; Bronze Open Access; Green Open Access","Scopus","2-s2.0-33847636623"
"Martinez-Mardones J.; Tiemann R.; Walgraef D.","Martinez-Mardones, J. (6603166381); Tiemann, R. (6602300117); Walgraef, D. (7004707277)","6603166381; 6602300117; 7004707277","Thermal convection thresholds in viscoelastic solutions","2000","Journal of Non-Newtonian Fluid Mechanics","93","1","","1","15","36","10.1016/S0377-0257(00)00098-7","https://www.scopus.com/pages/publications/0034282371?origin=resultslist","Article","Final","","Scopus","2-s2.0-0034282371"
"Durán O.M.; Bavestrello I.","Durán, Orlando M. (23396493200); Bavestrello, Italo (15135317600)","23396493200; 15135317600","Cutting conditions definition using an approach based on fuzzy logic; [Definición de condiciones para taladrado usando un enfoque basado en lógica difusa]","2006","Informacion Tecnologica","17","5","","","","1","","https://www.scopus.com/pages/publications/33845450271?origin=resultslist","Article","Final","","Scopus","2-s2.0-33845450271"
"O'Reilly S.; Erazo S.; Campos V.; Salas E.; Baeza J.; Ferraz A.; Rodriguez J.; DurÁn N.","O'Reilly, Sybil (16436405100); Erazo, Sonia (25023536200); Campos, Victoriano (7005359251); Salas, Erika (24349404600); Baeza, Jaime (57205158776); Ferraz, AndrÉ (7101714629); Rodriguez, Jaime (57212713841); DurÁn, Nelson (23072832700)","16436405100; 25023536200; 7005359251; 24349404600; 57205158776; 7101714629; 57212713841; 23072832700","The effect of carbon sources on the single cell proteins and extracellular enzymes production by Chrysonilia sitophila (TFB 27441 strain)","1991","Applied Biochemistry and Biotechnology","27","3","","267","276","1","10.1007/BF02921541","https://www.scopus.com/pages/publications/3042940445?origin=resultslist","Article","Final","","Scopus","2-s2.0-3042940445"
"Wilson L.; Illanes A.; Romero O.; Vergara J.; Mateo C.","Wilson, Lorena (7403520925); Illanes, Andrés (7004170275); Romero, Oscar (26667441500); Vergara, José (24774065800); Mateo, César (7007065403)","7403520925; 7004170275; 26667441500; 24774065800; 7007065403","Carrier-bound and carrier-free penicillin acylase biocatalysts for the thermodynamically controlled synthesis of β-lactam compounds in organic medium","2008","Enzyme and Microbial Technology","43","6","","442","447","13","10.1016/j.enzmictec.2008.07.007","https://www.scopus.com/pages/publications/52949085077?origin=resultslist","Article","Final","All Open Access; Green Open Access","Scopus","2-s2.0-52949085077"
"Illanes A.; Wilson L.; Corrotea O.; Tavernini L.; Zamorano F.; Aguirre C.","Illanes, Andrés (7004170275); Wilson, Lorena (7403520925); Corrotea, Octavio (16318538100); Tavernini, Luigi (16319713300); Zamorano, Francisca (56071007000); Aguirre, Carolina (7005079092)","7004170275; 7403520925; 16318538100; 16319713300; 56071007000; 7005079092","Synthesis of cephalexin with immobilized penicillin acylase at very high substrate concentrations in fully aqueous medium","2007","Journal of Molecular Catalysis B: Enzymatic","47","1-2","","72","78","38","10.1016/j.molcatb.2007.04.003","https://www.scopus.com/pages/publications/34249288648?origin=resultslist","Article","Final","","Scopus","2-s2.0-34249288648"
"Aguirre C.; Opazo P.; Venegas M.; Riveros R.; Illanes A.","Aguirre, Carolina (7005079092); Opazo, Paola (14049082100); Venegas, Mineri (14049580300); Riveros, Ruby (14049241700); Illanes, Andrés (7004170275)","7005079092; 14049082100; 14049580300; 14049241700; 7004170275","Low temperature effect on production of ampicillin and cephalexin in ethylene glycol medium with immobilized penicillin acylase","2006","Process Biochemistry","41","9","","1924","1931","29","10.1016/j.procbio.2006.03.045","https://www.scopus.com/pages/publications/33746372125?origin=resultslist","Article","Final","All Open Access; Green Open Access","Scopus","2-s2.0-33746372125"
"Velásquez P.; Gómez H.; Leinen D.; Ramos-Barrado J.R.","Velásquez, P. (55917672500); Gómez, H. (7006142241); Leinen, D. (7004508333); Ramos-Barrado, J.R. (7004559118)","55917672500; 7006142241; 7004508333; 7004559118","Electrochemical impedance spectroscopy analysis of chalcopyrite CuFeS2 electrodes","1998","Colloids and Surfaces A: Physicochemical and Engineering Aspects","140","1-3","","177","182","22","10.1016/S0927-7757(97)00276-8","https://www.scopus.com/pages/publications/0032582157?origin=resultslist","Conference paper","Final","","Scopus","2-s2.0-0032582157"
"Zura L.; Uribe E.; Lemus-Mondaca R.; Saavedra-Torrico J.; Vega-Gálvez A.; Di Scala K.","Zura, Liliana (54879314100); Uribe, Elsa (16837407300); Lemus-Mondaca, Roberto (57200815958); Saavedra-Torrico, Jorge (55675224084); Vega-Gálvez, Antonio (55665185100); Di Scala, Karina (12647182200)","54879314100; 16837407300; 57200815958; 55675224084; 55665185100; 12647182200","Rehydration Capacity of Chilean Papaya (Vasconcellea pubescens): Effect of Process Temperature on Kinetic Parameters and Functional Properties","2013","Food and Bioprocess Technology","6","3","","844","850","13","10.1007/s11947-011-0677-5","https://www.scopus.com/pages/publications/84874110037?origin=resultslist","Article","Final","All Open Access; Green Open Access","Scopus","2-s2.0-84874110037"
"Schrebler R.; Llewelyn C.; Vera F.; Cury P.; Muñoz E.; Del Río R.; Gómez Meier H.; Córdova R.; Dalchiele E.A.","Schrebler, Ricardo (56213692700); Llewelyn, Cynthia (18536497000); Vera, Francisca (55902742300); Cury, Paula (7004710196); Muñoz, Eduardo (13611547600); Del Río, Rodrigo (56384505300); Gómez Meier, Humberto (7006142241); Córdova, Ricardo (7005177847); Dalchiele, Enrique A. (6701854336)","56213692700; 18536497000; 55902742300; 7004710196; 13611547600; 56384505300; 7006142241; 7005177847; 6701854336","An electrochemical deposition route for obtaining α- Fe 2O3 thin films: II. EQCM study and semiconductor properties","2007","Electrochemical and Solid-State Letters","10","10","","D95","D99","54","10.1149/1.2756160","https://www.scopus.com/pages/publications/34547849596?origin=resultslist","Article","Final","All Open Access; Green Open Access","Scopus","2-s2.0-34547849596"
"Donoso-Bravo A.; Bandara W.M.K.R.T.W.; Satoh H.; Ruiz-Filippi G.","Donoso-Bravo, A. (25723108900); Bandara, W.M.K.R.T.W. (50460891400); Satoh, H. (35254423500); Ruiz-Filippi, G. (18635080500)","25723108900; 50460891400; 35254423500; 18635080500","Explicit temperature-based model for anaerobic digestion: Application in domestic wastewater treatment in a UASB reactor","2013","Bioresource Technology","133","","","437","442","26","10.1016/j.biortech.2013.01.174","https://www.scopus.com/pages/publications/84874416090?origin=resultslist","Article","Final","All Open Access; Green Open Access","Scopus","2-s2.0-84874416090"
"Curotto E.; Concha M.; Campos V.; Milagres A.M.F.; Duran N.","Curotto, Emilia (36845325200); Concha, Marisol (7006425255); Campos, Victoriano (7005359251); Milagres, Adriane M.F. (6701345269); Duran, Nelson (23072832700)","36845325200; 7006425255; 7005359251; 6701345269; 23072832700","Production of extracellular xylanases by Penicillium janthinellum - Effect of selected growth conditions","1994","Applied Biochemistry and Biotechnology","48","2","","107","116","14","10.1007/BF02796165","https://www.scopus.com/pages/publications/0028488487?origin=resultslist","Article","Final","","Scopus","2-s2.0-0028488487"
"Córdova A.; Astudillo C.; Guerrero C.; Vera C.; Illanes A.","Córdova, Andrés (54405633400); Astudillo, Carolina (7004510679); Guerrero, Cecilia (36738876300); Vera, Carlos (55238284100); Illanes, Andrés (7004170275)","54405633400; 7004510679; 36738876300; 55238284100; 7004170275","Assessment of the fouling mechanisms of an ultrafiltration membrane bioreactor during synthesis of galacto-oligosaccharides: Effect of the operational variables","2016","Desalination","393","","","79","89","32","10.1016/j.desal.2015.12.020","https://www.scopus.com/pages/publications/85009493991?origin=resultslist","Article","Final","","Scopus","2-s2.0-85009493991"
"Chamy R.; Illanes A.; Aroca G.; Nuñez L.","Chamy, R. (6603874955); Illanes, A. (7004170275); Aroca, G. (6603177229); Nuñez, L. (57196529105)","6603874955; 7004170275; 6603177229; 57196529105","Acid hydrolysis of sugar beet pulp as pretreatment for fermentation","1994","Bioresource Technology","50","2","","149","152","32","10.1016/0960-8524(94)90067-1","https://www.scopus.com/pages/publications/0028641804?origin=resultslist","Article","Final","","Scopus","2-s2.0-0028641804"
"Meier H.G.; Guzmán R.S.; Orellana R.C.","Meier, H. Gómez (57050403600); Guzmán, R. Schrebler (59855763800); Orellana, R. Córdova (25950460300)","57050403600; 59855763800; 25950460300","Effect of temperature on the potentiodynamic response of Co/Co(II) 1 M NaOH electrode","1983","Journal of Electroanalytical Chemistry","145","2","","379","387","3","10.1016/S0022-0728(83)80093-X","https://www.scopus.com/pages/publications/0020716403?origin=resultslist","Article","Final","","Scopus","2-s2.0-0020716403"
"Plaza N.; Pérez-Reytor D.; Ramírez-Araya S.; Pavón A.; Corsini G.; Loyola D.E.; Jaña V.; Pavéz L.; Navarrete P.; Bastías R.; Castillo D.; García K.","Plaza, Nicolás (57193237327); Pérez-Reytor, Diliana (6504391639); Ramírez-Araya, Sebastián (56588040300); Pavón, Alequis (57195392163); Corsini, Gino (36920344400); Loyola, David E. (54896445500); Jaña, Víctor (57200604921); Pavéz, Leonardo (24344447400); Navarrete, Paola (6603673132); Bastías, Roberto (36172456500); Castillo, Daniel (54987752900); García, Katherine (13808172200)","57193237327; 6504391639; 56588040300; 57195392163; 36920344400; 54896445500; 57200604921; 24344447400; 6603673132; 36172456500; 54987752900; 13808172200","Conservation of small regulatory RNAs in Vibrio parahaemolyticus: Possible role of RNA-OUT encoded by the pathogenicity island (VPaI-7) of pandemic strains","2019","International Journal of Molecular Sciences","20","11","2827","","","6","10.3390/ijms20112827","https://www.scopus.com/pages/publications/85067785451?origin=resultslist","Article","Final","All Open Access; Gold Open Access; Green Open Access","Scopus","2-s2.0-85067785451"
"Morales J.W.; Carlesi C.J.; Galleguillos H.R.; Hernández-Luis F.; Rodríguez-Raposo R.","Morales, Jaime W. (16417082300); Carlesi, Carlos J. (56998584200); Galleguillos, Héctor R. (6602755098); Hernández-Luis, Felipe (6603382597); Rodríguez-Raposo, Raquel (24291227900)","16417082300; 56998584200; 6602755098; 6603382597; 24291227900","Thermodynamic Study of LiClO4 Activity Coefficients in Aqueous Solution at (288.15, 298.15, and 308.18) K","2018","Journal of Chemical and Engineering Data","63","11","","3999","4004","1","10.1021/acs.jced.8b00138","https://www.scopus.com/pages/publications/85055100299?origin=resultslist","Article","Final","","Scopus","2-s2.0-85055100299"
"Bahamondes C.; Álvaro G.; Wilson L.; Illanes A.","Bahamondes, Carola (6507536924); Álvaro, Gregorio (6701616108); Wilson, Lorena (7403520925); Illanes, Andrés (7004170275)","6507536924; 6701616108; 7403520925; 7004170275","Effect of enzyme load and catalyst particle size on the diffusional restrictions in reactions of synthesis and hydrolysis catalyzed by α-chymotrypsin immobilized into glyoxal-agarose","2017","Process Biochemistry","53","","","172","179","29","10.1016/j.procbio.2016.12.004","https://www.scopus.com/pages/publications/85007621889?origin=resultslist","Article","Final","","Scopus","2-s2.0-85007621889"
"Melgarejo-Torres R.; Torres-Martínez D.; Castillo-Araiza C.O.; Arriaga-Juárez C.; Gutiérrez-Rojas M.; Esponda-Aguilar P.; Aroca G.; Lye G.J.; Huerta-Ochoa S.","Melgarejo-Torres, R. (26538839100); Torres-Martínez, D. (57153175400); Castillo-Araiza, C.O. (23007559200); Arriaga-Juárez, C. (54881273900); Gutiérrez-Rojas, M. (6603961112); Esponda-Aguilar, P. (42861192500); Aroca, G. (6603177229); Lye, G.J. (7004669230); Huerta-Ochoa, S. (12144465900)","26538839100; 57153175400; 23007559200; 54881273900; 6603961112; 42861192500; 6603177229; 7004669230; 12144465900","Mass transfer coefficient determination in three biphasic systems (water-ionic liquid) using a modified Lewis cell","2012","Chemical Engineering Journal","181-182","","","702","707","13","10.1016/j.cej.2011.12.060","https://www.scopus.com/pages/publications/84856320242?origin=resultslist","Article","Final","","Scopus","2-s2.0-84856320242"
"Campo A.; Macia Y.M.","Campo, Antonio (23157654000); Macia, Yunesky Masip (36159702500)","23157654000; 36159702500","Regular solid bodies with uniform surface heat flux: Curve-fitted surface temperatures versus time in the small time subregion","2019","Heat Transfer Research","50","5","","487","499","0","10.1615/HeatTransRes.2018025851","https://www.scopus.com/pages/publications/85065016284?origin=resultslist","Article","Final","","Scopus","2-s2.0-85065016284"
"Álvarez R.; Acevedo F.","Álvarez, Romina (55253479100); Acevedo, Fernando (7003903397)","55253479100; 7003903397","Increase in lipids production by Pichia angusta DL-1 utilizing the chemostat under double limitation of heterologous nutrients","2012","Biochemical Engineering Journal","67","","","83","87","6","10.1016/j.bej.2012.05.011","https://www.scopus.com/pages/publications/84862338963?origin=resultslist","Article","Final","","Scopus","2-s2.0-84862338963"
"Suwalsky M.; Ungerer B.; Aguilar F.; Sotomayor C.P.","Suwalsky, Mario (7005625790); Ungerer, Brigitte (6602922751); Aguilar, Felipe (58811477200); Sotomayor, Carlos P. (7003717962)","7005625790; 6602922751; 58811477200; 7003717962","Interaction of Zn2+ ions with phospholipid multilayers","1996","International Journal of Polymeric Materials and Polymeric Biomaterials","34","3-4","","225","232","12","10.1080/00914039608031303","https://www.scopus.com/pages/publications/0030414406?origin=resultslist","Article","Final","","Scopus","2-s2.0-0030414406"
"Schrebler R.; Grez P.; Cury P.; Veas C.; Merino M.; Gómez H.; Córdova R.; Del Valle M.A.","Schrebler, R. (56213692700); Grez, P. (6506476548); Cury, P. (7004710196); Veas, C. (57193295890); Merino, M. (7103068761); Gómez, H. (7006142241); Córdova, R. (56224655100); Del Valle, M.A. (7005723737)","56213692700; 6506476548; 7004710196; 57193295890; 7103068761; 7006142241; 56224655100; 7005723737","Nucleation and growth mechanisms of poly(thiophene) part 1. Effect of electrolyte and monomer concentration in dichloromethane","1997","Journal of Electroanalytical Chemistry","430","1-2","","77","90","116","10.1016/S0022-0728(97)00109-5","https://www.scopus.com/pages/publications/0031153002?origin=resultslist","Article","Final","","Scopus","2-s2.0-0031153002"
"Oyarzún J D.; Córdova O R.; Henríquez N R.; Schrebler G R.; Marotti R.E.; Muñoz C E.","Oyarzún J, Diego (22635434500); Córdova O, Ricardo (6504774536); Henríquez N, Rodrigo (56507447900); Schrebler G, Ricardo (56213692700); Marotti, Ricardo E. (6603482197); Muñoz C, Eduardo (59217668700)","22635434500; 6504774536; 56507447900; 56213692700; 6603482197; 59217668700","Synthesis of TiO2 nanotubes and photoelectrochemical analysis of the TiO2/Prussian blue interface","2015","Journal of Electroanalytical Chemistry","740","","","75","81","6","10.1016/j.jelechem.2014.12.036","https://www.scopus.com/pages/publications/84922353621?origin=resultslist","Article","Final","","Scopus","2-s2.0-84922353621"
"Altamirano C.; Cairó J.J.; Gòdia F.","Altamirano, C. (8332398700); Cairó, J.J. (7004000517); Gòdia, F. (7003366518)","8332398700; 7004000517; 7003366518","Decoupling cell growth and product formation in Chinese hamster ovary cells through metabolic control","2001","Biotechnology and Bioengineering","76","4","","351","360","65","10.1002/bit.10096","https://www.scopus.com/pages/publications/0035829827?origin=resultslist","Article","Final","","Scopus","2-s2.0-0035829827"
"Cárdenas A.; Markovits A.","Cárdenas, A. (7101915825); Markovits, A. (7003325728)","7101915825; 7003325728","Mixing and power characteristics of drag board device in shallow pool","1987","Biotechnology and Bioengineering","30","1","","60","65","1","10.1002/bit.260300109","https://www.scopus.com/pages/publications/0023386641?origin=resultslist","Article","Final","","Scopus","2-s2.0-0023386641"
"Guerra C.; Sancy M.; Walczak M.; Silva D.; Martínez C.; Tribollet B.; Aguilar C.","Guerra, Carolina (57196635414); Sancy, Mamié (23973316100); Walczak, Magdalena (47962618900); Silva, Daniela (57197392418); Martínez, Carola (57223687584); Tribollet, Bernard (7006099003); Aguilar, Claudio (56166871800)","57196635414; 23973316100; 47962618900; 57197392418; 57223687584; 7006099003; 56166871800","Evolution of oxide film on the internal porosity of Ti-30Nb-13Ta-2Mn alloy foam","2018","Electrochimica Acta","283","","","676","682","16","10.1016/j.electacta.2018.05.010","https://www.scopus.com/pages/publications/85049434339?origin=resultslist","Article","Final","All Open Access; Green Open Access","Scopus","2-s2.0-85049434339"
"Bastidas-Oyanedel J.-R.; Aceves-Lara C.-A.; Ruiz-Filippi G.; Steyer J.-P.","Bastidas-Oyanedel, J.-R. (56576279500); Aceves-Lara, C.-A. (8970107700); Ruiz-Filippi, G. (18635080500); Steyer, J.-P. (7003639803)","56576279500; 8970107700; 18635080500; 7003639803","Thermodynamic analysis of energy transfer in acidogenic cultures","2008","Engineering in Life Sciences","8","5","","487","498","14","10.1002/elsc.200800044","https://www.scopus.com/pages/publications/62349140030?origin=resultslist","Article","Final","All Open Access; Green Open Access","Scopus","2-s2.0-62349140030"
"Vital B.; Bartacek J.; Ortega-Bravo J.C.; Jeison D.","Vital, Bárbara (57197704948); Bartacek, Jan (35236183800); Ortega-Bravo, J.C. (57190489122); Jeison, David (6507881259)","57197704948; 35236183800; 57190489122; 6507881259","Treatment of acid mine drainage by forward osmosis: Heavy metal rejection and reverse flux of draw solution constituents","2018","Chemical Engineering Journal","332","","","85","91","156","10.1016/j.cej.2017.09.034","https://www.scopus.com/pages/publications/85034054050?origin=resultslist","Article","Final","","Scopus","2-s2.0-85034054050"
"Fernandez-Lorente G.; Filice M.; Lopez-Vela D.; Pizarro C.; Wilson L.; Betancor L.; Avila Y.; Guisan J.M.","Fernandez-Lorente, Gloria (6701797326); Filice, Marco (22937319100); Lopez-Vela, Dolores (6506545457); Pizarro, Carolina (57197325887); Wilson, Lorena (7403520925); Betancor, Lorena (35554463600); Avila, Yanoska (42061052200); Guisan, Jose M. (57204542054)","6701797326; 22937319100; 6506545457; 57197325887; 7403520925; 35554463600; 42061052200; 57204542054","Cross-linking of lipases adsorbed on hydrophobic supports: Highly selective hydrolysis of fish oil catalyzed by RML","2011","JAOCS, Journal of the American Oil Chemists' Society","88","6","","801","807","52","10.1007/s11746-010-1727-2","https://www.scopus.com/pages/publications/79958789761?origin=resultslist","Article","Final","","Scopus","2-s2.0-79958789761"
"Escrig J.; Lavín R.; Palma J.L.; Denardin J.C.; Altbir D.; Cortés A.; Gómez H.","Escrig, J. (8450436900); Lavín, R. (23489343600); Palma, J.L. (23490150300); Denardin, J.C. (6701839667); Altbir, D. (6602086134); Cortés, A. (8226142500); Gómez, H. (7006142241)","8450436900; 23489343600; 23490150300; 6701839667; 6602086134; 8226142500; 7006142241","Geometry dependence of coercivity in Ni nanowire arrays","2008","Nanotechnology","19","7","075713","","","114","10.1088/0957-4484/19/7/075713","https://www.scopus.com/pages/publications/38949083146?origin=resultslist","Article","Final","All Open Access; Green Open Access","Scopus","2-s2.0-38949083146"
"Vázquez-Lima F.; Silva P.; Barreiro A.; Martínez-Moreno R.; Morales P.; Quirós M.; González R.; Albiol J.; Ferrer P.","Vázquez-Lima, Felícitas (24172901100); Silva, Paulina (26030111000); Barreiro, Antonio (56197717100); Martínez-Moreno, Rubén (55178181500); Morales, Pilar (7102109191); Quirós, Manuel (35485161700); González, Ramón (7403454807); Albiol, Joan (6602398532); Ferrer, Pau (7004446180)","24172901100; 26030111000; 56197717100; 55178181500; 7102109191; 35485161700; 7403454807; 6602398532; 7004446180","Use of chemostat cultures mimicking different phases of wine fermentations as a tool for quantitative physiological analysis","2014","Microbial Cell Factories","13","1","85","","","14","10.1186/1475-2859-13-85","https://www.scopus.com/pages/publications/84902061617?origin=resultslist","Article","Final","All Open Access; Gold Open Access; Green Open Access","Scopus","2-s2.0-84902061617"
"Uribe E.; Vega-Gálvez A.; Di Scala K.; Oyanadel R.; Torrico J.S.; Miranda M.","Uribe, Elsa (16837407300); Vega-Gálvez, Antonio (55665185100); Di Scala, Karina (12647182200); Oyanadel, Romina (27967970500); Torrico, Jorge Saavedra (55675224084); Miranda, Margarita (56844526400)","16837407300; 55665185100; 12647182200; 27967970500; 55675224084; 56844526400","Characteristics of Convective Drying of Pepino Fruit (Solanum muricatum Ait.): Application of Weibull Distribution","2011","Food and Bioprocess Technology","4","8","","1349","1356","83","10.1007/s11947-009-0230-y","https://www.scopus.com/pages/publications/80053566655?origin=resultslist","Article","Final","","Scopus","2-s2.0-80053566655"
"Novoa N.; Roisnel T.; Dorcet V.; Cador O.; Manzur C.; Carrillo D.; Hamon J.-R.","Novoa, Néstor (55807627300); Roisnel, Thierry (7003907744); Dorcet, Vincent (14052032700); Cador, Olivier (6603422410); Manzur, Carolina (6601982179); Carrillo, David (7004301883); Hamon, Jean-René (57208457603)","55807627300; 7003907744; 14052032700; 6603422410; 6601982179; 7004301883; 57208457603","Efficient preparation of multimetallic ONO-based Schiff base complexes of nickel(II) and copper(II)","2016","New Journal of Chemistry","40","7","","5920","5929","15","10.1039/c6nj00932h","https://www.scopus.com/pages/publications/84979041833?origin=resultslist","Article","Final","","Scopus","2-s2.0-84979041833"
"Acevedo F.; Gentina J.C.; Bustos S.","Acevedo, Fernando (7003903397); Gentina, Juan Carlos (7004106285); Bustos, Sergio (6701450322)","7003903397; 7004106285; 6701450322","Bioleaching of minerals - a valid alternative for developing countries","1993","Journal of Biotechnology","31","1","","115","123","25","10.1016/0168-1656(93)90141-9","https://www.scopus.com/pages/publications/0027358421?origin=resultslist","Article","Final","","Scopus","2-s2.0-0027358421"
"Zúñiga M.E.; Soto C.; Mora A.; Chamy R.; Lema J.M.","Zúñiga, M.E. (51865122100); Soto, C. (7007083173); Mora, A. (7102775178); Chamy, R. (6603874955); Lema, J.M. (7005371394)","51865122100; 7007083173; 7102775178; 6603874955; 7005371394","Enzymic pre-treatment of Guevina avellana mol oil extraction by pressing","2003","Process Biochemistry","39","1","","51","57","56","10.1016/S0032-9592(02)00286-8","https://www.scopus.com/pages/publications/18544392659?origin=resultslist","Article","Final","All Open Access; Green Open Access","Scopus","2-s2.0-18544392659"
"Schrebler R.; del Valle M.A.; Go ́mez H.; Veas C.; Co ́rdova R.","Schrebler, R. (56213692700); del Valle, M.A. (7005723737); Go ́mez, H. (25934294000); Veas, C. (57193295890); Co ́rdova, R. (25934004700)","56213692700; 7005723737; 25934294000; 57193295890; 25934004700","Preparation of polythiophene-modified electrodes by electrodeposition of Pt and Pt+Pb. Application to formic acid electro-oxidation","1995","Journal of Electroanalytical Chemistry","380","1-2","","219","227","65","10.1016/0022-0728(94)03628-G","https://www.scopus.com/pages/publications/0001074518?origin=resultslist","Article","Final","","Scopus","2-s2.0-0001074518"
"Henríquez C.; Loewe V.; Saavedra J.; Córdova A.; Lutz M.","Henríquez, Carolina (57194222501); Loewe, Verónica (57188976751); Saavedra, Jorge (55675224084); Córdova, Andrés (54405633400); Lutz, Mariane (36721566000)","57194222501; 57188976751; 55675224084; 54405633400; 36721566000","Effect of the type of packaging on the oxidative stability of pine nuts (Pinus pinea L.) grown in Chile; [Efecto del tipo de envase en la estabilidad oxidativa del piñón de pino (Pinus pinea L.) cultivado en Chile]","2018","CYTA - Journal of Food","16","1","","255","262","8","10.1080/19476337.2017.1391332","https://www.scopus.com/pages/publications/85058412002?origin=resultslist","Article","Final","All Open Access; Gold Open Access; Green Open Access","Scopus","2-s2.0-85058412002"
"Chirinos R.; Aquino M.; Pedreschi R.; Campos D.","Chirinos, Rosana (14833763600); Aquino, Martin (57208864281); Pedreschi, Romina (14052508500); Campos, David (7005426874)","14833763600; 57208864281; 14052508500; 7005426874","Optimized Methodology for Alkaline and Enzyme-Assisted Extraction of Protein from Sacha Inchi (Plukenetia volubilis) Kernel Cake","2017","Journal of Food Process Engineering","40","2","e12412","","","49","10.1111/jfpe.12412","https://www.scopus.com/pages/publications/85014649860?origin=resultslist","Article","Final","","Scopus","2-s2.0-85014649860"
"Quesille-Villalobos A.M.; Torricoa J.S.; Ranilla L.G.","Quesille-Villalobos, Ana María (55626173100); Torricoa, Jorge Saavedra (55675224084); Ranilla, Lena Gálvez (57199101199)","55626173100; 55675224084; 57199101199","Phenolic compounds, antioxidant capacity, and in vitro α-amylase inhibitory potential of tea infusions (Camellia sinensis) commercialized in Chile","2013","CYTA - Journal of Food","11","1","","60","67","25","10.1080/19476337.2012.688219","https://www.scopus.com/pages/publications/84875159159?origin=resultslist","Article","Final","All Open Access; Bronze Open Access","Scopus","2-s2.0-84875159159"
"Tregub I.; Schoch S.; Erazo S.G.; Scheer H.","Tregub, I. (59892022700); Schoch, S. (7003886025); Erazo, S.G. (25023536200); Scheer, H. (57216047370)","59892022700; 7003886025; 25023536200; 57216047370","Red-light-induced photoreactions of chlorophyll a mixtures with all-trans-or 9-cis-β-carotene","1996","Journal of Photochemistry and Photobiology A: Chemistry","98","1-2","","51","58","12","10.1016/1010-6030(96)04332-8","https://www.scopus.com/pages/publications/0030564749?origin=resultslist","Article","Final","","Scopus","2-s2.0-0030564749"
"Campo A.; Sieres J.; Masip-Macía Y.","Campo, Antonio (23157654000); Sieres, Jaime (56132064100); Masip-Macía, Yunesky (36159702500)","23157654000; 56132064100; 36159702500","Plain correlation asymptotes to predict the center and mean temperatures and total heat transfer in simple solid objects with uniform surface temperature at limiting small-time conditions","2019","International Journal of Heat and Mass Transfer","130","","","733","739","2","10.1016/j.ijheatmasstransfer.2018.10.098","https://www.scopus.com/pages/publications/85056151169?origin=resultslist","Article","Final","All Open Access; Green Open Access","Scopus","2-s2.0-85056151169"
"Dinamarca M.A.; Ibacache-Quiroga C.; Baeza P.; Galvez S.; Villarroel M.; Olivero P.; Ojeda J.","Dinamarca, M. Alejandro (21740894600); Ibacache-Quiroga, C. (35223433000); Baeza, P. (8225737300); Galvez, S. (35223133700); Villarroel, M. (7003443904); Olivero, P. (22958566100); Ojeda, J. (7006607945)","21740894600; 35223433000; 8225737300; 35223133700; 7003443904; 22958566100; 7006607945","Biodesulfurization of gas oil using inorganic supports biomodified with metabolically active cells immobilized by adsorption","2010","Bioresource Technology","101","7","","2375","2378","69","10.1016/j.biortech.2009.11.086","https://www.scopus.com/pages/publications/74749088240?origin=resultslist","Article","Final","All Open Access; Green Open Access","Scopus","2-s2.0-74749088240"
"Mancilla R.A.; Little C.; Amoroso A.","Mancilla, Rodrigo A. (25642865100); Little, Cedric (56494203500); Amoroso, Alejandro (36830850900)","25642865100; 56494203500; 36830850900","Efficient Bioconversion of High Concentration Phytosterol Microdispersion to 4-Androstene-3,17-Dione (AD) by Mycobacterium sp. B3805","2018","Applied Biochemistry and Biotechnology","185","2","","494","506","21","10.1007/s12010-017-2665-3","https://www.scopus.com/pages/publications/85035784435?origin=resultslist","Article","Final","","Scopus","2-s2.0-85035784435"
"Díaz-Barrera A.; Silva P.; Ávalos R.; Acevedo F.","Díaz-Barrera, A. (20435715600); Silva, P. (26030111000); Ávalos, R. (25824643500); Acevedo, F. (7003903397)","20435715600; 26030111000; 25824643500; 7003903397","Alginate molecular mass produced by Azotobacter vinelandii in response to changes of the O2 transfer rate in chemostat cultures","2009","Biotechnology Letters","31","6","","825","829","21","10.1007/s10529-009-9949-9","https://www.scopus.com/pages/publications/67349225704?origin=resultslist","Article","Final","","Scopus","2-s2.0-67349225704"
"Schaffeld G.; Illanes A.; Mejías G.; Pinochet A.M.","Schaffeld, Guillermo (6506255226); Illanes, Andrés (7004170275); Mejías, Gladys (7801433268); Pinochet, Ana María (6505980920)","6506255226; 7004170275; 7801433268; 6505980920","Sequential acid and enzymic hydrolysis of sugar beet pulp","1987","Journal of Chemical Technology & Biotechnology","39","3","","161","171","5","10.1002/jctb.280390303","https://www.scopus.com/pages/publications/0023533257?origin=resultslist","Article","Final","","Scopus","2-s2.0-0023533257"
"Scott F.; Wilson P.; Conejeros R.; Vassiliadis V.S.","Scott, Felipe (55743894700); Wilson, Pamela (57203950771); Conejeros, Raúl (35611393300); Vassiliadis, Vassilios S. (7004115264)","55743894700; 57203950771; 35611393300; 7004115264","Simulation and optimization of dynamic flux balance analysis models using an interior point method reformulation","2018","Computers and Chemical Engineering","119","","","152","170","27","10.1016/j.compchemeng.2018.08.041","https://www.scopus.com/pages/publications/85053734480?origin=resultslist","Article","Final","All Open Access; Green Open Access","Scopus","2-s2.0-85053734480"
"Guerrero C.; Vera C.; Conejeros R.; Illanes A.","Guerrero, Cecilia (36738876300); Vera, Carlos (55238284100); Conejeros, Raúl (35611393300); Illanes, Andrés (7004170275)","36738876300; 55238284100; 35611393300; 7004170275","Transgalactosylation and hydrolytic activities of commercial preparations of β-galactosidase for the synthesis of prebiotic carbohydrates","2015","Enzyme and Microbial Technology","70","","","9","17","103","10.1016/j.enzmictec.2014.12.006","https://www.scopus.com/pages/publications/84921309693?origin=resultslist","Article","Final","","Scopus","2-s2.0-84921309693"
"Alex S.; Biasotto F.; Aroca G.","Alex, Serge (57205980321); Biasotto, Fabienne (57569461300); Aroca, German (6603177229)","57205980321; 57569461300; 6603177229","Extraction of organic and inorganic compounds from aqueous solutions using hollow fibre liquidliquid contactor","2009","Desalination","241","1-3","","337","341","8","10.1016/j.desal.2007.10.103","https://www.scopus.com/pages/publications/62349117047?origin=resultslist","Article","Final","","Scopus","2-s2.0-62349117047"
"Cisternas R.; Córdova R.A.; Henríquez R.G.; Schrebler R.S.; Muñoz E.C.","Cisternas, Regina (26038964000); Córdova, Ricardo A. (56224655100); Henríquez, Rodrigo G. (55554951600); Schrebler, Ricardo S. (56213692700); Muñoz, Eduardo C. (13611547600)","26038964000; 56224655100; 55554951600; 56213692700; 13611547600","Electrochemical synthesis and photoelectrochemical characterization of copper hexacyanoferrate (II) deposited on n-Si(1 0 0)","2015","Journal of Electroanalytical Chemistry","741","","","120","126","2","10.1016/j.jelechem.2015.01.030","https://www.scopus.com/pages/publications/84922795228?origin=resultslist","Article","Final","","Scopus","2-s2.0-84922795228"
"Navarrete-Astorga E.; Solís-Cortés D.; Rodríguez-Moreno J.; Dalchiele E.A.; Schrebler R.; Martín F.; Ramos-Barrado J.R.","Navarrete-Astorga, E. (57197739815); Solís-Cortés, D. (57203962860); Rodríguez-Moreno, J. (55449873300); Dalchiele, E.A. (6701854336); Schrebler, R. (56213692700); Martín, F. (57947034100); Ramos-Barrado, J.R. (7004559118)","57197739815; 57203962860; 55449873300; 6701854336; 56213692700; 57947034100; 7004559118","A new concept of a transparent photocapacitor","2018","Chemical Communications","54","76","","10762","10765","20","10.1039/C8CC06112B","https://www.scopus.com/pages/publications/85053756346?origin=resultslist","Article","Final","All Open Access; Green Open Access","Scopus","2-s2.0-85053756346"
"Guerrero C.; Vera C.; Araya E.; Conejeros R.; Illanes A.","Guerrero, Cecilia (36738876300); Vera, Carlos (55238284100); Araya, Erick (56112133000); Conejeros, Raúl (35611393300); Illanes, Andrés (7004170275)","36738876300; 55238284100; 56112133000; 35611393300; 7004170275","Repeated-batch operation for the synthesis of lactulose with β-galactosidase immobilized by aggregation and crosslinking","2015","Bioresource Technology","190","","","122","131","50","10.1016/j.biortech.2015.04.039","https://www.scopus.com/pages/publications/84928642002?origin=resultslist","Article","Final","","Scopus","2-s2.0-84928642002"
"Del Valle M.A.; Cury P.; Schrebler R.","Del Valle, M.A. (7005723737); Cury, P. (7004710196); Schrebler, Ricardo (56213692700)","7005723737; 7004710196; 56213692700","Solvent effect on the nucleation and growth mechanisms of poly(thiophene)","2002","Electrochimica Acta","48","4","","397","405","83","10.1016/S0013-4686(02)00685-0","https://www.scopus.com/pages/publications/0037147057?origin=resultslist","Article","Final","","Scopus","2-s2.0-0037147057"
"Manzur C.; Fuentealba M.; Millán L.; Gajardo F.; Carrillo D.; A. Mata J.; Sinbandhit S.; Hamon P.; Hamon J.-R.; Kahlal S.; Saillard J.-Y.","Manzur, Carolina (6601982179); Fuentealba, Mauricio (7801538556); Millán, Lorena (6701751495); Gajardo, Francisco (6507445247); Carrillo, David (7004301883); A. Mata, Jose (7102806172); Sinbandhit, Sourisak (6602899887); Hamon, Paul (7003684898); Hamon, Jean-René (57208457603); Kahlal, Samia (6603609986); Saillard, Jean-Yves (7004537107)","6601982179; 7801538556; 6701751495; 6507445247; 7004301883; 7102806172; 6602899887; 7003684898; 57208457603; 6603609986; 7004537107","Homodimetallic iron(II) hydrazones: Syntheses, spectroscopic, electrochemical, and theoretical investigations. X-ray crystal structure of both syn- and anti- rotamers of [η5-Cp)Fe(η6-C6H5)-NHN=C (Me)-(η5-C5H4) Fe(η5-Cp)]+PF6-","2002","New Journal of Chemistry","26","2","","213","221","21","10.1039/b107631k","https://www.scopus.com/pages/publications/0036182911?origin=resultslist","Article","Final","All Open Access; Green Open Access","Scopus","2-s2.0-0036182911"
"Illanes A.; Wilson L.; Tomasello G.","Illanes, Andrés (7004170275); Wilson, Lorena (7403520925); Tomasello, Gonzalo (6602349730)","7004170275; 7403520925; 6602349730","Effect of modulation of enzyme inactivation on temperature optimization for reactor operation with chitin-immobilized lactase","2001","Journal of Molecular Catalysis - B Enzymatic","11","4-6","","531","540","31","10.1016/S1381-1177(00)00023-0","https://www.scopus.com/pages/publications/0035931579?origin=resultslist","Conference paper","Final","","Scopus","2-s2.0-0035931579"
"Aguirre C.; Toledo M.; Medina V.; Illanes A.","Aguirre, Carolina (7005079092); Toledo, Mauricio (15825829700); Medina, Valentina (24399418500); Illanes, Andrés (7004170275)","7005079092; 15825829700; 24399418500; 7004170275","Effect of cosolvent and pH on the kinetically controlled synthesis of cephalexin with immobilised penicillin acylase","2002","Process Biochemistry","38","3","","351","360","34","10.1016/S0032-9592(02)00092-4","https://www.scopus.com/pages/publications/0036844577?origin=resultslist","Article","Final","All Open Access; Green Open Access","Scopus","2-s2.0-0036844577"
"Dondero M.; Curotto E.; Figueroa V.","Dondero, M. (6603003106); Curotto, E. (6701472319); Figueroa, V. (13408986800)","6603003106; 6701472319; 13408986800","Transglutaminase Effects on Gelation of Jack Mackerel Surimi (Trachurus Murphyi)","2002","Food Science and Technology International","8","1","","49","54","10","10.1106/108201302022905","https://www.scopus.com/pages/publications/0036478967?origin=resultslist","Article","Final","","Scopus","2-s2.0-0036478967"
"Díaz-Barrera A.; Urtuvia V.; Padilla-Córdova C.; Peña C.","Díaz-Barrera, Alvaro (20435715600); Urtuvia, Viviana (35390155100); Padilla-Córdova, Claudio (57204475356); Peña, Carlos (55989663100)","20435715600; 35390155100; 57204475356; 55989663100","Poly(3-hydroxybutyrate) accumulation by Azotobacter vinelandii under different oxygen transfer strategies","2019","Journal of Industrial Microbiology and Biotechnology","46","1","","13","19","18","10.1007/s10295-018-2090-9","https://www.scopus.com/pages/publications/85055679766?origin=resultslist","Article","Final","All Open Access; Bronze Open Access","Scopus","2-s2.0-85055679766"
"Vera R.; Delgado D.; Rosales B.M.","Vera, Rosa (7005768349); Delgado, Diana (7004964669); Rosales, Blanca M. (7003274712)","7005768349; 7004964669; 7003274712","Effect of atmospheric pollutants on the corrosion of high power electrical conductors: Part 1. Aluminium and AA6201 alloy","2006","Corrosion Science","48","10","","2882","2900","106","10.1016/j.corsci.2005.11.012","https://www.scopus.com/pages/publications/33748762474?origin=resultslist","Article","Final","All Open Access; Bronze Open Access; Green Open Access","Scopus","2-s2.0-33748762474"
"Baeza P.; Villarroel M.; Villanueva R.; Gil-Llambias F.J.; Ávila P.","Baeza, P. (8225737300); Villarroel, M. (7003443904); Villanueva, R. (57119215100); Gil-Llambias, F.J. (6602805037); Ávila, P. (7006694430)","8225737300; 7003443904; 57119215100; 6602805037; 7006694430","Synergism of Extruded and Monolithic Co-Mo/γ-AL2O3-Sepiolite Catalytic Systems in the Hydrodesulphurization Reaction","2016","Topics in Catalysis","59","2-4","","252","258","3","10.1007/s11244-015-0441-6","https://www.scopus.com/pages/publications/84958246947?origin=resultslist","Article","Final","","Scopus","2-s2.0-84958246947"
"Alejandro Dinamarca M.; Orellana L.; Aguirre J.; Baeza P.; Espinoza G.; Canales C.; Ojeda J.","Alejandro Dinamarca, M. (56183801500); Orellana, L. (56183936300); Aguirre, J. (56819197500); Baeza, P. (8225737300); Espinoza, G. (55765397100); Canales, C. (57216994915); Ojeda, J. (7006607945)","56183801500; 56183936300; 56819197500; 8225737300; 55765397100; 57216994915; 7006607945","Biodesulfurization of dibenzothiophene and gas oil using a bioreactor containing a catalytic bed with Rhodococcus rhodochrous immobilized on silica","2014","Biotechnology Letters","36","8","","1649","1652","21","10.1007/s10529-014-1529-y","https://www.scopus.com/pages/publications/84903697620?origin=resultslist","Article","Final","All Open Access; Green Open Access","Scopus","2-s2.0-84903697620"
"Córdova A.; Astudillo C.; Vera C.; Guerrero C.; Illanes A.","Córdova, Andrés (54405633400); Astudillo, Carolina (7004510679); Vera, Carlos (55238284100); Guerrero, Cecilia (36738876300); Illanes, Andrés (7004170275)","54405633400; 7004510679; 55238284100; 36738876300; 7004170275","Performance of an ultrafiltration membrane bioreactor (UF-MBR) as a processing strategy for the synthesis of galacto-oligosaccharides at high substrate concentrations.","2016","Journal of Biotechnology","223","","","26","35","34","10.1016/j.jbiotec.2016.02.028","https://www.scopus.com/pages/publications/84959348086?origin=resultslist","Article","Final","","Scopus","2-s2.0-84959348086"
"Valencia P.; Flores S.; Wilson L.; Illanes A.","Valencia, Pedro (57201824872); Flores, Sebastián (14035659300); Wilson, Lorena (7403520925); Illanes, Andrés (7004170275)","57201824872; 14035659300; 7403520925; 7004170275","Effect of internal diffusional restrictions on the hydrolysis of penicillin G: Reactor performance and specific productivity of 6-APA with immobilized penicillin acylase","2011","Applied Biochemistry and Biotechnology","165","2","","426","441","18","10.1007/s12010-011-9262-7","https://www.scopus.com/pages/publications/85027934018?origin=resultslist","Article","Final","All Open Access; Green Open Access","Scopus","2-s2.0-85027934018"
"Olivares A.; Martínez I.; Illanes A.","Olivares, Araceli (56652465100); Martínez, Irene (56603723600); Illanes, Andrés (7004170275)","56652465100; 56603723600; 7004170275","Enzyme assisted fractionation of wood sterols mixture by short path distillation","2012","Chemical Engineering Journal","191","","","557","562","7","10.1016/j.cej.2012.03.034","https://www.scopus.com/pages/publications/84860556679?origin=resultslist","Article","Final","","Scopus","2-s2.0-84860556679"
"Cabrera Z.; Gutarra M.L.E.; Guisan J.M.; Palomo J.M.","Cabrera, Zaida (16028105600); Gutarra, Melissa L.E. (8516327900); Guisan, Jose M. (57204542054); Palomo, Jose M. (56234758400)","16028105600; 8516327900; 57204542054; 56234758400","Highly enantioselective biocatalysts by coating immobilized lipases with polyethyleneimine","2010","Catalysis Communications","11","11","","964","967","37","10.1016/j.catcom.2010.04.010","https://www.scopus.com/pages/publications/77954214536?origin=resultslist","Article","Final","All Open Access; Green Open Access","Scopus","2-s2.0-77954214536"
"Illanes A.; Anjarí S.; Arrieta R.; Aguirre C.","Illanes, Andrés (7004170275); Anjarí, Soledad (6504639027); Arrieta, Rosa (57212815593); Aguirre, Carolina (7005079092)","7004170275; 6504639027; 57212815593; 7005079092","Optimization of yield in kinetically controlled synthesis of ampicillin with immobilized penicillin acylase in organic media","2002","Applied Biochemistry and Biotechnology - Part A Enzyme Engineering and Biotechnology","97","3","","165","179","43","10.1385/ABAB:97:3:165","https://www.scopus.com/pages/publications/0036219285?origin=resultslist","Article","Final","All Open Access; Green Open Access","Scopus","2-s2.0-0036219285"
"Liu X.; Novoa N.; Manzur C.; Carrillo D.; Hamon J.-R.","Liu, Xiang (59448509100); Novoa, Néstor (55807627300); Manzur, Carolina (6601982179); Carrillo, David (7004301883); Hamon, Jean-René (57208457603)","59448509100; 55807627300; 6601982179; 7004301883; 57208457603","New organometallic Schiff-base copper complexes as efficient ""click"" reaction precatalysts","2016","New Journal of Chemistry","40","4","","3308","3313","35","10.1039/c5nj02681d","https://www.scopus.com/pages/publications/84964579545?origin=resultslist","Article","Final","","Scopus","2-s2.0-84964579545"
"Olguín A.; Ortíz M.; Wörner C.H.; Herrera O.; Kad B.K.; Hazzledine P.M.","Olguín, A. (6602154485); Ortíz, M. (7202127601); Wörner, C.H. (6603926536); Herrera, O. (6603685864); Kad, B.K. (7003818030); Hazzledine, Peter M. (7006498000)","6602154485; 7202127601; 6603926536; 6603685864; 7003818030; 7006498000","Zener pins and needles","2001","Philosophical Magazine B: Physics of Condensed Matter; Statistical Mechanics, Electronic, Optical and Magnetic Properties","81","8","","731","744","8","10.1080/13642810110067578","https://www.scopus.com/pages/publications/0035437417?origin=resultslist","Article","Final","","Scopus","2-s2.0-0035437417"
"Cazaban D.; Illanes A.; Wilson L.; Betancor L.","Cazaban, Diego (57195383316); Illanes, Andrés (7004170275); Wilson, Lorena (7403520925); Betancor, Lorena (35554463600)","57195383316; 7004170275; 7403520925; 35554463600","Bio-inspired silica lipase nanobiocatalysts for the synthesis of fatty acid methyl esters","2018","Process Biochemistry","74","","","86","93","30","10.1016/j.procbio.2018.07.004","https://www.scopus.com/pages/publications/85050232600?origin=resultslist","Article","Final","","Scopus","2-s2.0-85050232600"
"Hadjiandreou M.M.; Conejeros R.; Wilson D.I.","Hadjiandreou, Marios M. (18037301100); Conejeros, Raul (35611393300); Wilson, D. Ian (7410087057)","18037301100; 35611393300; 7410087057","Long-term HIV dynamics subject to continuous therapy and structured treatment interruptions","2009","Chemical Engineering Science","64","7","","1600","1617","52","10.1016/j.ces.2008.12.010","https://www.scopus.com/pages/publications/60549086740?origin=resultslist","Article","Final","All Open Access; Green Open Access","Scopus","2-s2.0-60549086740"
"Schrebler R.; Cury P.; Herrera F.; Gómez H.; Córdova R.","Schrebler, R. (56213692700); Cury, P. (7004710196); Herrera, F. (36016472200); Gómez, H. (7006142241); Córdova, R. (56224655100)","56213692700; 7004710196; 36016472200; 7006142241; 56224655100","Study of the electrochemical reduction of CO2 on electrodeposited rhenium electrodes in methanol media","2001","Journal of Electroanalytical Chemistry","516","1-2","","23","30","35","10.1016/S0022-0728(01)00638-6","https://www.scopus.com/pages/publications/0035861313?origin=resultslist","Article","Final","","Scopus","2-s2.0-0035861313"
"Soto-Arriaza M.A.; Sotomayor C.P.; Lissi E.A.","Soto-Arriaza, M.A. (24170156700); Sotomayor, C.P. (7003717962); Lissi, E.A. (7101610987)","24170156700; 7003717962; 7101610987","Relationship between lipid peroxidation and rigidity in L-α-phosphatidylcholine-DPPC vesicles","2008","Journal of Colloid and Interface Science","323","1","","70","74","41","10.1016/j.jcis.2008.04.034","https://www.scopus.com/pages/publications/44149116171?origin=resultslist","Article","Final","","Scopus","2-s2.0-44149116171"
"Guerrero C.; Vera C.; Illanes A.","Guerrero, Cecilia (36738876300); Vera, Carlos (55238284100); Illanes, Andrés (7004170275)","36738876300; 55238284100; 7004170275","Synthesis of lactulose in batch and repeated-batch operation with immobilized Β-galactosidase in different agarose functionalized supports","2017","Bioresource Technology","230","","","56","66","30","10.1016/j.biortech.2017.01.037","https://www.scopus.com/pages/publications/85012255089?origin=resultslist","Article","Final","","Scopus","2-s2.0-85012255089"
"Moure A.; Franco D.; Santamaría R.I.; Soto C.; Sineiro J.; Domínguez H.; Zúñga M.E.; Núñez M.J.; Chamy R.; López-Munguía A.; Lema J.M.","Moure, Andrés (6603555170); Franco, Daniel (57880287800); Santamaría, Rosa I. (36088083300); Soto, Carmen (7007083173); Sineiro, Jorge (6602472383); Domínguez, Herminia (57226880096); Zúñga, M. Elvira (51865122100); Núñez, M. José (57195949103); Chamy, Rolando (6603874955); López-Munguía, Agustín (7003684827); Lema, Juan M. (7005371394)","6603555170; 57880287800; 36088083300; 7007083173; 6602472383; 57226880096; 51865122100; 57195949103; 6603874955; 7003684827; 7005371394","Enzyme-aided alternative processes for the extraction of oil from Rosa rubiginosa [1]","2001","JAOCS, Journal of the American Oil Chemists' Society","78","4","","437","439","16","10.1007/s11746-001-0281-4","https://www.scopus.com/pages/publications/0035302808?origin=resultslist","Letter","Final","","Scopus","2-s2.0-0035302808"
"Ahumada K.; Urrutia P.; Illanes A.; Wilson L.","Ahumada, Katherine (56590103600); Urrutia, Paulina (55580306800); Illanes, Andrés (7004170275); Wilson, Lorena (7403520925)","56590103600; 55580306800; 7004170275; 7403520925","Production of combi-CLEAs of glycosidases utilized for aroma enhancement in wine","2015","Food and Bioproducts Processing","94","","","555","560","30","10.1016/j.fbp.2014.08.003","https://www.scopus.com/pages/publications/84927521260?origin=resultslist","Article","Final","","Scopus","2-s2.0-84927521260"
"Gómez H.; Henríquez R.; Schrebler R.; Córdova R.; Ramírez D.; Riveros G.; Dalchiele E.A.","Gómez, H. (7006142241); Henríquez, R. (55554951600); Schrebler, R. (56213692700); Córdova, R. (56224655100); Ramírez, D. (57195948458); Riveros, G. (6701422090); Dalchiele, E.A. (6701854336)","7006142241; 55554951600; 56213692700; 56224655100; 57195948458; 6701422090; 6701854336","Electrodeposition of CdTe thin films onto n-Si(1 0 0): Nucleation and growth mechanisms","2005","Electrochimica Acta","50","6","","1299","1305","54","10.1016/j.electacta.2004.08.020","https://www.scopus.com/pages/publications/10644220320?origin=resultslist","Article","Final","All Open Access; Green Open Access","Scopus","2-s2.0-10644220320"
"Lobos J.; Wisniewski C.; Heran M.; Grasmick A.","Lobos, Jorge (14056482400); Wisniewski, Christelle (7004338058); Heran, Marc (6507051783); Grasmick, Alain (7004641703)","14056482400; 7004338058; 6507051783; 7004641703","Sequencing versus continuous membrane bioreactors: Effect of substrate to biomass ratio (F/M) on process performance","2008","Journal of Membrane Science","317","1-2","","71","77","38","10.1016/j.memsci.2007.08.041","https://www.scopus.com/pages/publications/43049177774?origin=resultslist","Article","Final","","Scopus","2-s2.0-43049177774"
"Araya P.; Chamy R.; Mota M.; Alves M.","Araya, Pablo (55112885000); Chamy, Rolando (6603874955); Mota, Manuel (7102709804); Alves, Madalena (15918960200)","55112885000; 6603874955; 7102709804; 15918960200","Biodegradability and toxicity of styrene in the anaerobic digestion process","2000","Biotechnology Letters","22","18","","1477","1481","11","10.1023/A:1005636030693","https://www.scopus.com/pages/publications/0033774681?origin=resultslist","Article","Final","All Open Access; Green Open Access","Scopus","2-s2.0-0033774681"
"Bahamondes C.; Illanes A.","Bahamondes, Carola (6507536924); Illanes, Andrés (7004170275)","6507536924; 7004170275","Effect of internal diffusional restrictions on the selectivity of α-chymotrypsin in a series-parallel reaction of peptide synthesis","2018","Process Biochemistry","68","","","117","120","6","10.1016/j.procbio.2018.01.020","https://www.scopus.com/pages/publications/85042207469?origin=resultslist","Article","Final","","Scopus","2-s2.0-85042207469"
"Illanes A.; Wilson L.; Altamirano C.; Cabrera Z.; Alvarez L.; Aguirre C.","Illanes, A. (7004170275); Wilson, L. (7403520925); Altamirano, C. (8332398700); Cabrera, Z. (16028105600); Alvarez, L. (17433269500); Aguirre, C. (7005079092)","7004170275; 7403520925; 8332398700; 16028105600; 17433269500; 7005079092","Production of cephalexin in organic medium at high substrate concentrations with CLEA of penicillin acylase and PGA-450","2007","Enzyme and Microbial Technology","40","2","","195","203","64","10.1016/j.enzmictec.2006.03.041","https://www.scopus.com/pages/publications/33751189800?origin=resultslist","Article","Final","","Scopus","2-s2.0-33751189800"
"Gardiazabal I.; Schrebler R.; Cordova R.","Gardiazabal, I. (6507664198); Schrebler, R. (56213692700); Cordova, R. (56224655100)","6507664198; 56213692700; 56224655100","The potentiodynamic behaviour of zirconium and zircalloy-4 in chloride acid media","1981","Journal of Electroanalytical Chemistry","119","2","","389","394","14","10.1016/S0022-0728(81)80070-8","https://www.scopus.com/pages/publications/8344263659?origin=resultslist","Article","Final","","Scopus","2-s2.0-8344263659"
"Cáceres M.; Silva J.; Morales M.; San Martín R.; Aroca G.","Cáceres, Manuel (36663409600); Silva, Javier (7403023118); Morales, Marjorie (57211363751); San Martín, Ricardo (36663835000); Aroca, Germán (6603177229)","36663409600; 7403023118; 57211363751; 36663835000; 6603177229","Kinetics of the bio-oxidation of volatile reduced sulphur compounds in a biotrickling filter","2012","Bioresource Technology","118","","","243","248","25","10.1016/j.biortech.2012.04.039","https://www.scopus.com/pages/publications/84862209950?origin=resultslist","Article","Final","All Open Access; Green Open Access","Scopus","2-s2.0-84862209950"
"Aracena A.; Álvarez C.; Jerez O.; Guajardo N.","Aracena, Alvaro (6504525592); Álvarez, César (57209024268); Jerez, Oscar (35242436200); Guajardo, Nadia (56728431500)","6504525592; 57209024268; 35242436200; 56728431500","Uptake of copper ion using protonated dry alginate beads from dilute aqueous solutions","2019","Physicochemical Problems of Mineral Processing","55","3","","732","744","3","10.5277/ppmp18191","https://www.scopus.com/pages/publications/85066315930?origin=resultslist","Article","Final","","Scopus","2-s2.0-85066315930"
"Garcia-Papani F.; Leiva V.; Uribe-Opazo M.A.; Aykroyd R.G.","Garcia-Papani, Fabiana (57193206742); Leiva, Víctor (22953630400); Uribe-Opazo, Miguel A. (6506375200); Aykroyd, Robert G. (6701470813)","57193206742; 22953630400; 6506375200; 6701470813","Birnbaum-Saunders spatial regression models: Diagnostics and application to chemical data","2018","Chemometrics and Intelligent Laboratory Systems","177","","","114","128","53","10.1016/j.chemolab.2018.03.012","https://www.scopus.com/pages/publications/85046659663?origin=resultslist","Article","Final","","Scopus","2-s2.0-85046659663"
"Aballay A.; Clot E.; Eisenstein O.; Garland M.T.; Godoy F.; Klahn A.H.; Muñoz J.C.; Oelckers B.","Aballay, Alvaro (6602863069); Clot, Eric (6701677394); Eisenstein, Odile (7005543321); Garland, Maria Teresa (34770392000); Godoy, Fernando (6701760834); Klahn, A. Hugo (6603032874); Muñoz, Juan Carlos (7402869765); Oelckers, Beatrix (35556778700)","6602863069; 6701677394; 7005543321; 34770392000; 6701760834; 6603032874; 7402869765; 35556778700","Selectivity in C-Cl bond activation of dichloroarenes by photogenerated Cp*Re(CO)2: Combined experimental and DFT studies","2005","New Journal of Chemistry","29","1","","226","231","12","10.1039/b410265g","https://www.scopus.com/pages/publications/13244260937?origin=resultslist","Article","Final","All Open Access; Green Open Access","Scopus","2-s2.0-13244260937"
"Schrebler R.; Bello K.; Vera F.; Cury P.; Muñoz E.; Del Río R.; Gómez Meier H.; Córdova R.; Dalchiele E.A.","Schrebler, Ricardo (56213692700); Bello, Karen (13612679400); Vera, Francisca (55902742300); Cury, Paula (7004710196); Muñoz, Eduardo (13611547600); Del Río, Rodrigo (56384505300); Gómez Meier, Humberto (7006142241); Córdova, Ricardo (56224655100); Dalchiele, Enrique A. (6701854336)","56213692700; 13612679400; 55902742300; 7004710196; 13611547600; 56384505300; 7006142241; 56224655100; 6701854336","An electrochemical deposition route for obtaining α-Fe 2O3 thin films","2006","Electrochemical and Solid-State Letters","9","7","","C110","C113","85","10.1149/1.2200141","https://www.scopus.com/pages/publications/33646873773?origin=resultslist","Article","Final","All Open Access; Bronze Open Access; Green Open Access","Scopus","2-s2.0-33646873773"
"Santamaría R.I.; Soto C.; Zúñiga M.E.; Chamy R.; López-Munguía A.","Santamaría, R.I. (36088083300); Soto, C. (7007083173); Zúñiga, M.E. (51865122100); Chamy, R. (6603874955); López-Munguía, A. (7003684827)","36088083300; 7007083173; 51865122100; 6603874955; 7003684827","Enzymatic extraction of oil from Gevuina avellana, the Chilean hazelnut","2003","JAOCS, Journal of the American Oil Chemists' Society","80","1","","33","36","16","10.1007/s11746-003-0646-8","https://www.scopus.com/pages/publications/0037287133?origin=resultslist","Article","Final","","Scopus","2-s2.0-0037287133"
"Cruz J.; Flórez J.; Torres R.; Urquiza M.; Gutiérrez J.A.; Guzmán F.; Ortiz C.C.","Cruz, J. (54785845900); Flórez, J. (56689469100); Torres, R. (7203008451); Urquiza, M. (6603857290); Gutiérrez, J.A. (55516373400); Guzmán, F. (7004463815); Ortiz, C.C. (35556523500)","54785845900; 56689469100; 7203008451; 6603857290; 55516373400; 7004463815; 35556523500","Antimicrobial activity of a new synthetic peptide loaded in polylactic acid or poly(lactic-co-glycolic) acid nanoparticles against Pseudomonas aeruginosa, Escherichia coli O157:H7 and methicillin resistant Staphylococcus aureus (MRSA)","2017","Nanotechnology","28","13","135102","","","60","10.1088/1361-6528/aa5f63","https://www.scopus.com/pages/publications/85014912434?origin=resultslist","Article","Final","","Scopus","2-s2.0-85014912434"
"Wilkens C.A.; Altamirano C.; Gerdtzen Z.P.","Wilkens, Camila A. (52464851400); Altamirano, Claudia (8332398700); Gerdtzen, Ziomara P. (6508329435)","52464851400; 8332398700; 6508329435","Comparative metabolic analysis of lactate for CHO cells in glucose and galactose","2011","Biotechnology and Bioprocess Engineering","16","4","","714","724","56","10.1007/s12257-010-0409-0","https://www.scopus.com/pages/publications/80052730008?origin=resultslist","Article","Final","All Open Access; Green Open Access","Scopus","2-s2.0-80052730008"
"Altamirano C.; Paredes C.; Illanes A.; Cairó J.J.; Gòdia F.","Altamirano, C. (8332398700); Paredes, C. (57197588923); Illanes, A. (7004170275); Cairó, J.J. (7004000517); Gòdia, F. (7003366518)","8332398700; 57197588923; 7004170275; 7004000517; 7003366518","Strategies for fed-batch cultivation of t-PA producing CHO cells: Substitution of glucose and glutamine and rational design of culture medium","2004","Journal of Biotechnology","110","2","","171","179","124","10.1016/j.jbiotec.2004.02.004","https://www.scopus.com/pages/publications/2342537013?origin=resultslist","Article","Final","All Open Access; Green Open Access","Scopus","2-s2.0-2342537013"
"Vetterlein C.; Vásquez R.; Bolaños K.; Acosta G.A.; Guzman F.; Albericio F.; Celis F.; Campos M.; Kogan M.J.; Araya E.","Vetterlein, Claudia (56366003600); Vásquez, Rodrigo (7005328739); Bolaños, Karen (57189598705); Acosta, Gerardo A. (14630157200); Guzman, Fanny (7004463815); Albericio, Fernando (7005138070); Celis, Freddy (24075210700); Campos, Marcelo (56225335900); Kogan, Marcelo J. (7102617437); Araya, Eyleen (7004867817)","56366003600; 7005328739; 57189598705; 14630157200; 7004463815; 7005138070; 24075210700; 56225335900; 7102617437; 7004867817","Exploring the influence of Diels–Alder linker length on photothermal molecule release from gold nanorods","2018","Colloids and Surfaces B: Biointerfaces","166","","","323","329","12","10.1016/j.colsurfb.2018.03.021","https://www.scopus.com/pages/publications/85044744712?origin=resultslist","Article","Final","All Open Access; Green Open Access","Scopus","2-s2.0-85044744712"
"Carvajal D.; Carlesi C.; Meléndez-Vejar V.; Vásquez-Sandoval D.; Monteverde-Videla A.H.A.; Bensaid S.","Carvajal, Danilo (55378526500); Carlesi, Carlos (56998584200); Meléndez-Vejar, Victor (56507318100); Vásquez-Sandoval, Dreidy (56369410000); Monteverde-Videla, Alessandro H. A. (55241658300); Bensaid, Samir (25930299400)","55378526500; 56998584200; 56507318100; 56369410000; 55241658300; 25930299400","Numerical simulation of single-bubble dynamics in high-viscosity ionic liquids using the level-set method","2015","Chemical Engineering and Technology","38","3","","473","481","14","10.1002/ceat.201400449","https://www.scopus.com/pages/publications/84923393918?origin=resultslist","Article","Final","","Scopus","2-s2.0-84923393918"
"Concha Olmos J.; Zúñiga Hansen M.E.","Concha Olmos, J. (23987307500); Zúñiga Hansen, M.E. (51865122100)","23987307500; 51865122100","Enzymatic depolymerization of sugar beet pulp: Production and characterization of pectin and pectic-oligosaccharides as a potential source for functional carbohydrates","2012","Chemical Engineering Journal","192","","","29","36","112","10.1016/j.cej.2012.03.085","https://www.scopus.com/pages/publications/84862327901?origin=resultslist","Article","Final","","Scopus","2-s2.0-84862327901"
"Simpson R.; Astudillo C.; Acevedo F.","Simpson, Ricardo (56239119700); Astudillo, Carolina (7004510679); Acevedo, Fernando (7003903397)","56239119700; 7004510679; 7003903397","A new methodology for the optimal design of batch fermentation plants","2005","Biochemical Engineering Journal","27","2","","155","160","1","10.1016/j.bej.2005.08.003","https://www.scopus.com/pages/publications/26444535222?origin=resultslist","Article","Final","","Scopus","2-s2.0-26444535222"
"Guerrero C.; Valdivia F.; Ubilla C.; Ramírez N.; Gómez M.; Aburto C.; Vera C.; Illanes A.","Guerrero, Cecilia (36738876300); Valdivia, Felipe (57205570881); Ubilla, Claudia (57205587403); Ramírez, Nicolás (57205581901); Gómez, Matías (57205580398); Aburto, Carla (57188974717); Vera, Carlos (55238284100); Illanes, Andrés (7004170275)","36738876300; 57205570881; 57205587403; 57205581901; 57205580398; 57188974717; 55238284100; 7004170275","Continuous enzymatic synthesis of lactulose in packed-bed reactor with immobilized Aspergillus oryzae Β-galactosidase","2019","Bioresource Technology","278","","","296","302","44","10.1016/j.biortech.2018.12.018","https://www.scopus.com/pages/publications/85060617326?origin=resultslist","Article","Final","","Scopus","2-s2.0-85060617326"
"González-Esparza A.; Gentina J.C.; Ah-Hen K.S.; Alvarado R.; Stevenson J.; Briceño E.; Montenegro O.","González-Esparza, Alexandra (57210190090); Gentina, Juan Carlos (7004106285); Ah-Hen, Kong S. (57213001570); Alvarado, Roxana (57558991200); Stevenson, Joaquín (57210195293); Briceño, Erika (25637212200); Montenegro, Osvaldo (57210191726)","57210190090; 7004106285; 57213001570; 57558991200; 57210195293; 25637212200; 57210191726","Survival of spray-dried Rhodotorula mucilaginosa isolated from natural microbiota of murta berries and antagonistic effect on Botrytis cinerea","2019","Food Technology and Biotechnology","57","2","","222","229","9","10.17113/ftb.57.02.19.6139","https://www.scopus.com/pages/publications/85069871375?origin=resultslist","Article","Final","All Open Access; Gold Open Access; Green Open Access","Scopus","2-s2.0-85069871375"
"Henríquez J.P.; Krull C.E.; Osses N.","Henríquez, Juan P. (7004851678); Krull, Catherine E. (7004881986); Osses, Nelson (6507230410)","7004851678; 7004881986; 6507230410","The Wnt and BMP families of signaling morphogens at the vertebrate neuromuscular junction","2011","International Journal of Molecular Sciences","12","12","","8924","8946","21","10.3390/ijms12128924","https://www.scopus.com/pages/publications/84055176239?origin=resultslist","Review","Final","All Open Access; Gold Open Access; Green Open Access","Scopus","2-s2.0-84055176239"
"Hayes R.E.; Donoso-Bravo A.; Mmbaga J.P.","Hayes, Robert E. (57203044203); Donoso-Bravo, Andrés (25723108900); Mmbaga, Joseph P. (8659769000)","57203044203; 25723108900; 8659769000","Entry length effects for momentum, heat and mass transfer in circular ducts with laminar flow","2015","Canadian Journal of Chemical Engineering","93","5","","863","869","11","10.1002/cjce.22177","https://www.scopus.com/pages/publications/84928211190?origin=resultslist","Article","Final","","Scopus","2-s2.0-84928211190"
"Soto C.; Concha J.; Zuniga M.E.","Soto, C. (7007083173); Concha, J. (23987307500); Zuniga, M.E. (51865122100)","7007083173; 23987307500; 51865122100","Antioxidant content of oil and defatted meal obtained from borage seeds by an enzymatic-aided cold pressing process","2008","Process Biochemistry","43","6","","696","699","36","10.1016/j.procbio.2008.02.006","https://www.scopus.com/pages/publications/43049179971?origin=resultslist","Article","Final","All Open Access; Green Open Access","Scopus","2-s2.0-43049179971"
"Carlesi C.; Guajardo N.; Monteverde Videla A.; Morales J.; Aracena Á.","Carlesi, Carlos (56998584200); Guajardo, Nadia (56728431500); Monteverde Videla, Alessandro (55241658300); Morales, Jaime (16417082300); Aracena, Álvaro (6504525592)","56998584200; 56728431500; 55241658300; 16417082300; 6504525592","Bipolar packed-bed electrochemical reactor for the degradation of diclofenac; a bio-refractory organic compound","2018","Periodica Polytechnica Chemical Engineering","62","2","","188","194","1","10.3311/PPch.10354","https://www.scopus.com/pages/publications/85042500901?origin=resultslist","Article","Final","All Open Access; Gold Open Access","Scopus","2-s2.0-85042500901"
"Hernández L.A.; Riveros G.; Martín F.; González D.M.; Lopez M.C.; León M.","Hernández, L.A. (54881716200); Riveros, G. (6701422090); Martín, F. (57947034100); González, D.M. (55771367100); Lopez, M.C. (57214375844); León, M. (58334012700)","54881716200; 6701422090; 57947034100; 55771367100; 57214375844; 58334012700","Enhanced morphology, crystallinity and conductivity of poly (3,4-ethyldioxythiophene)/ErGO composite films by in situ reduction of TrGO partially reduced on PEDOT modified electrode","2017","Electrochimica Acta","240","","","155","162","14","10.1016/j.electacta.2017.04.076","https://www.scopus.com/pages/publications/85018518153?origin=resultslist","Article","Final","","Scopus","2-s2.0-85018518153"
"Clot E.; Besora M.; Maseras F.; Mégret C.; Eisenstein O.; Oelckers B.; Perutz R.N.","Clot, Eric (6701677394); Besora, Maria (6506106474); Maseras, Feliu (7005278665); Mégret, Claire (6507834056); Eisenstein, Odile (7005543321); Oelckers, Beatriz (35556778700); Perutz, Robin N. (7006907321)","6701677394; 6506106474; 7005278665; 6507834056; 7005543321; 35556778700; 7006907321","Bond energy M-C/H-C correlations: Dual theoretical and experimental approach to the sensitivity of M-C bond strength to substituents","2003","Chemical Communications","3","4","","490","491","104","10.1039/b210036n","https://www.scopus.com/pages/publications/0037458842?origin=resultslist","Article","Final","","Scopus","2-s2.0-0037458842"
"Díaz-Barrera A.; Gutierrez J.; Martínez F.; Altamirano C.","Díaz-Barrera, Alvaro (20435715600); Gutierrez, Javiera (57213072158); Martínez, Fabiola (57213722147); Altamirano, Claudia (8332398700)","20435715600; 57213072158; 57213722147; 8332398700","Production of alginate by Azotobacter vinelandii grown at two bioreactor scales under oxygen-limited conditions","2014","Bioprocess and Biosystems Engineering","37","6","","1133","1140","22","10.1007/s00449-013-1084-2","https://www.scopus.com/pages/publications/84905681816?origin=resultslist","Article","Final","","Scopus","2-s2.0-84905681816"
"Cancino-Madariaga B.; Aguirre J.","Cancino-Madariaga, Beatriz (56610139300); Aguirre, Juan (35784046300)","56610139300; 35784046300","Combination treatment of corn starch wastewater by sedimentation, microfiltration and reverse osmosis","2011","Desalination","279","1-3","","285","290","31","10.1016/j.desal.2011.06.021","https://www.scopus.com/pages/publications/80052358188?origin=resultslist","Article","Final","","Scopus","2-s2.0-80052358188"
"Castillo T.; Flores C.; Segura D.; Espín G.; Sanguino J.; Cabrera E.; Barreto J.; Díaz-Barrera A.; Peña C.","Castillo, Tania (55667725300); Flores, Celia (7103184947); Segura, Daniel (55989812300); Espín, Guadalupe (56002684500); Sanguino, Jonathan (57193194373); Cabrera, Eliseo (57193197440); Barreto, Jasmín (57193198872); Díaz-Barrera, Alvaro (20435715600); Peña, Carlos (55989663100)","55667725300; 7103184947; 55989812300; 56002684500; 57193194373; 57193197440; 57193198872; 20435715600; 55989663100","Production of polyhydroxybutyrate (PHB) of high and ultra-high molecular weight by Azotobacter vinelandii in batch and fed-batch cultures","2017","Journal of Chemical Technology and Biotechnology","92","7","","1809","1816","28","10.1002/jctb.5182","https://www.scopus.com/pages/publications/85011565049?origin=resultslist","Article","Final","","Scopus","2-s2.0-85011565049"
"Schrebler R.; Gómez H.; Córdova R.","Schrebler, R. (56213692700); Gómez, H. (7006142241); Córdova, R. (56224655100)","56213692700; 7006142241; 56224655100","The electrodeposition of rhenium species at the sub-monolayer level on a platinum electrode and its effect on formic acid electrooxidation","1989","Electrochimica Acta","34","10","","1405","1410","15","10.1016/0013-4686(89)87179-8","https://www.scopus.com/pages/publications/0024753328?origin=resultslist","Article","Final","","Scopus","2-s2.0-0024753328"
"Huerta L.M.; Vera C.; Guerrero C.; Wilson L.; Illanes A.","Huerta, Leopoldo Martín (36739288200); Vera, Carlos (55238284100); Guerrero, Cecilia (36738876300); Wilson, Lorena (7403520925); Illanes, Andrés (7004170275)","36739288200; 55238284100; 36738876300; 7403520925; 7004170275","Synthesis of galacto-oligosaccharides at very high lactose concentrations with immobilized β-galactosidases from Aspergillus oryzae","2011","Process Biochemistry","46","1","","245","252","109","10.1016/j.procbio.2010.08.018","https://www.scopus.com/pages/publications/78650229995?origin=resultslist","Article","Final","All Open Access; Green Open Access","Scopus","2-s2.0-78650229995"
"Rosales B.; Hidalgo J.; Vera R.","Rosales, Blanca (7003274712); Hidalgo, Jacqueline (36448160500); Vera, Rosa (7005768349)","7003274712; 36448160500; 7005768349","Patina nucleation on statuary bronze and brass","2008","17th International Corrosion Congress 2008: Corrosion Control in the Service of Society","3","","","1517","1527","0","","https://www.scopus.com/pages/publications/84864964378?origin=resultslist","Conference paper","Final","","Scopus","2-s2.0-84864964378"
"Gentina J.C.; Acevedo F.","Gentina, Juan Carlos (7004106285); Acevedo, Fernando (7003903397)","7004106285; 7003903397","Microbial ore leaching in developing countries","1985","Trends in Biotechnology","3","4","","86","89","17","10.1016/0167-7799(85)90087-3","https://www.scopus.com/pages/publications/0021848308?origin=resultslist","Article","Final","","Scopus","2-s2.0-0021848308"
"Tapia E.; Sequeida A.; Castro A.; Montes C.; Zamora P.; López R.; Acevedo F.; Prieto H.","Tapia, Eduardo (7003957689); Sequeida, Álvaro (25643824100); Castro, Álvaro (36715869500); Montes, Christian (25643179500); Zamora, Pablo (59643046700); López, Reinaldo (25643307900); Acevedo, Fernando (7003903397); Prieto, Humberto (22986099900)","7003957689; 25643824100; 36715869500; 25643179500; 59643046700; 25643307900; 7003903397; 22986099900","Development of grapevine somatic embryogenesis using an air-lift bioreactor as an efficient tool in the generation of transgenic plants","2009","Journal of Biotechnology","139","1","","95","101","20","10.1016/j.jbiotec.2008.09.009","https://www.scopus.com/pages/publications/57349099430?origin=resultslist","Article","Final","All Open Access; Green Open Access","Scopus","2-s2.0-57349099430"
"Proust P.C.; Fernandez J.C.","Proust, P.C. (6602656682); Fernandez, J.C. (57225974548)","6602656682; 57225974548","Experimental solid-liquid equilibria of binary mixtures of organic compounds","1986","Fluid Phase Equilibria","29","C","","265","272","4","10.1016/0378-3812(86)85028-2","https://www.scopus.com/pages/publications/0022793047?origin=resultslist","Article","Final","","Scopus","2-s2.0-0022793047"
"Aristizábal M.V.; Cardona A.C.A.; Dávila R.J.A.; Gómez P.Á.; Germán A.A.","Aristizábal, M. Valentina (57126043800); Cardona, A. Carlos A. (58128317400); Dávila, R. Javier A. (56085615100); Gómez, P. Álvaro (56786551600); Germán, Aroca A. (6603177229)","57126043800; 58128317400; 56085615100; 56786551600; 6603177229","Techno-economic and environmental analysis of the use of different biofuel blends to obtain jet biofuels additives","2014","Sustainable Engineering Forum 2014 - Core Programming Area at the 2014 AIChE Annual Meeting","","","","228","239","0","","https://www.scopus.com/pages/publications/84958523085?origin=resultslist","Conference paper","Final","","Scopus","2-s2.0-84958523085"
"Rosales B.; Vera R.; Moriena G.","Rosales, Blanca (7003274712); Vera, Rosa (7005768349); Moriena, Gustavo (6507943495)","7003274712; 7005768349; 6507943495","Evaluation of the protective properties of natural and artificial patinas on copper. Part I. Patinas formed by immersion","1999","Corrosion Science","41","4","","625","651","58","10.1016/S0010-938X(98)00108-5","https://www.scopus.com/pages/publications/0033117298?origin=resultslist","Article","Final","","Scopus","2-s2.0-0033117298"
"Illanes A.; Wilson L.; Vera C.","Illanes, Andrés (7004170275); Wilson, Lorena (7403520925); Vera, Carlos (55238284100)","7004170275; 7403520925; 55238284100","Chapter 16: Technical Biocatalysis","2018","RSC Catalysis Series","2018-January","32","","473","515","2","10.1039/9781788010450-00473","https://www.scopus.com/pages/publications/85049326257?origin=resultslist","Book chapter","Final","","Scopus","2-s2.0-85049326257"
"Vidal C.L.; Schmal R.F.; Rivero S.; Villarroel R.H.","Vidal, Cristian L. (58628874800); Schmal, Rodolfo F. (35606201500); Rivero, Sabino (55619376300); Villarroel, Rodolfo H. (12764593200)","58628874800; 35606201500; 55619376300; 12764593200","Extension of UML sequence diagrams (unified modeling language) to aspect-oriented modeling; [Extensión del diagrama de secuencias uml (lenguaje de modelado unificado) para el modelado orientado a aspectos]","2012","Informacion Tecnologica","23","6","","51","62","6","10.4067/S0718-07642012000600007","https://www.scopus.com/pages/publications/84874865599?origin=resultslist","Article","Final","All Open Access; Gold Open Access; Green Open Access","Scopus","2-s2.0-84874865599"
"Altamirano C.; Berrios J.; Vergara M.","Altamirano, Claudia (8332398700); Berrios, Julio (7004545486); Vergara, Mauricio (57188633174)","8332398700; 7004545486; 57188633174","Nutrient media for cell culture technology","2014","Animal Cell Biotechnology: In Biologics Production","","","","368","388","0","10.1515/9783110278965.368","https://www.scopus.com/pages/publications/84979170002?origin=resultslist","Book chapter","Final","","Scopus","2-s2.0-84979170002"
"Vera C.; Guerrero C.; Conejeros R.; Illanes A.","Vera, Carlos (55238284100); Guerrero, Cecilia (36738876300); Conejeros, Raúl (35611393300); Illanes, Andrés (7004170275)","55238284100; 36738876300; 35611393300; 7004170275","Synthesis of galacto-oligosaccharides by β-galactosidase from Aspergillus oryzae using partially dissolved and supersaturated solution of lactose","2012","Enzyme and Microbial Technology","50","3","","188","194","157","10.1016/j.enzmictec.2011.12.003","https://www.scopus.com/pages/publications/84856444913?origin=resultslist","Article","Final","All Open Access; Green Open Access","Scopus","2-s2.0-84856444913"
"Panotopoulos G.; Rincón Á.","Panotopoulos, Grigoris (55876981500); Rincón, Ángel (56763719900)","55876981500; 56763719900","Quasinormal modes of regular black holes with non-linear electrodynamical sources","2019","European Physical Journal Plus","134","6","300","","","58","10.1140/epjp/i2019-12686-x","https://www.scopus.com/pages/publications/85067921310?origin=resultslist","Article","Final","All Open Access; Green Open Access","Scopus","2-s2.0-85067921310"
"Córdova O. R.; Carrillo C. D.; García L. M.","Córdova O., R. (6504774536); Carrillo C., D. (55665998000); García L., M. (25952412900)","6504774536; 55665998000; 25952412900","Polarographic behaviour of 2,3,4-pentanetrione-3-phenylhydrazone and some p-substituted derivatives","1981","Journal of Electroanalytical Chemistry","122","C","","255","262","0","10.1016/S0022-0728(81)80155-6","https://www.scopus.com/pages/publications/49049146538?origin=resultslist","Article","Final","","Scopus","2-s2.0-49049146538"
"Illanes A.; Fajardo A.","Illanes, Andrés (7004170275); Fajardo, Adrián (15720470000)","7004170275; 15720470000","Kinetically controlled synthesis of ampicillin with immobilized penicillin acylase in the presence of organic cosolvents","2001","Journal of Molecular Catalysis - B Enzymatic","11","4-6","","587","595","69","10.1016/S1381-1177(00)00048-5","https://www.scopus.com/pages/publications/0035931395?origin=resultslist","Conference paper","Final","All Open Access; Green Open Access","Scopus","2-s2.0-0035931395"
"Stein F.P.; Proust P.C.","Stein, Fred P. (7006830487); Proust, Patricio C. (6602656682)","7006830487; 6602656682","Vapor-Liquid Equilibria of the Trifluoromethane-Trifluorochloromethane System","1971","Journal of Chemical and Engineering Data","16","4","","389","393","34","10.1021/je60051a014","https://www.scopus.com/pages/publications/0006444840?origin=resultslist","Article","Final","","Scopus","2-s2.0-0006444840"
"Schrebler R.; Ballesteros L.A.; Gómez H.; Grez P.; Córdova R.; Muñoz E.; Schrebler R.; Sessarego G.; Martín F.; Ramos-Barrado J.R.; Dalchiele E.A.","Schrebler, Ricardo (56213692700); Ballesteros, Luis A. (24721256300); Gómez, Humberto (7006142241); Grez, Paula (6506476548); Córdova, Ricardo (56224655100); Muñoz, Eduardo (13611547600); Schrebler, Rodrigo (56526623100); Sessarego, Gustavo (57194003562); Martín, Francisco (57947034100); Ramos-Barrado, José R. (7004559118); Dalchiele, Enrique A. (6701854336)","56213692700; 24721256300; 7006142241; 6506476548; 56224655100; 13611547600; 56526623100; 57194003562; 57947034100; 7004559118; 6701854336","Kinetics of light-driven oxygen evolution at nanostructured hematite semiconductor electrodes","2017","Journal of Nanoscience and Nanotechnology","17","7","","4511","4519","1","10.1166/jnn.2017.14193","https://www.scopus.com/pages/publications/85018242774?origin=resultslist","Article","Final","","Scopus","2-s2.0-85018242774"
"Vera C.; Guerrero C.; Illanes A.; Conejeros R.","Vera, Carlos (55238284100); Guerrero, Cecilia (36738876300); Illanes, Andrés (7004170275); Conejeros, Raúl (35611393300)","55238284100; 36738876300; 7004170275; 35611393300","A pseudo steady-state model for galacto-oligosaccharides synthesis with β-galactosidase from Aspergillus oryzae","2011","Biotechnology and Bioengineering","108","10","","2270","2279","44","10.1002/bit.23201","https://www.scopus.com/pages/publications/80051796924?origin=resultslist","Article","Final","All Open Access; Green Open Access","Scopus","2-s2.0-80051796924"
"Calderón M.N.; Guzmán F.; Acosta O.; Guerrero C.A.","Calderón, Martha N. (36640915100); Guzmán, Fanny (7004463815); Acosta, Orlando (7004260022); Guerrero, Carlos A. (59157775100)","36640915100; 7004463815; 7004260022; 59157775100","Rotavirus VP4 and VP7-derived synthetic peptides as potential substrates of protein disulfide isomerase lead to inhibition of rotavirus infection","2012","International Journal of Peptide Research and Therapeutics","18","4","","373","382","5","10.1007/s10989-012-9314-z","https://www.scopus.com/pages/publications/84871920670?origin=resultslist","Article","Final","","Scopus","2-s2.0-84871920670"
"Millán M.; Salazar M.; Segura D.; Castillo T.; Díaz-Barrera Á.; Peña C.","Millán, Modesto (57189262779); Salazar, Miriam (55227075000); Segura, Daniel (55989812300); Castillo, Tania (55667725300); Díaz-Barrera, Álvaro (20435715600); Peña, Carlos (55989663100)","57189262779; 55227075000; 55989812300; 55667725300; 20435715600; 55989663100","Molecular mass of Poly-3-hydroxybutyrate (P3HB) produced by Azotobacter vinelandii is influenced by the polymer content in the inoculum","2017","Journal of Biotechnology","259","","","50","55","9","10.1016/j.jbiotec.2017.08.016","https://www.scopus.com/pages/publications/85028349936?origin=resultslist","Article","Final","","Scopus","2-s2.0-85028349936"
"Övgün A.; Jusufi K.","Övgün, A. (56060684800); Jusufi, Kimet (56884719300)","56060684800; 56884719300","The effect of the GUP on massive vector and scalar particles tunneling from a warped DGP gravity black hole","2017","European Physical Journal Plus","132","7","298","","","63","10.1140/epjp/i2017-11574-9","https://www.scopus.com/pages/publications/85022079973?origin=resultslist","Article","Final","All Open Access; Green Open Access","Scopus","2-s2.0-85022079973"
"Concha J.; Weinstein C.; Zúñiga M.E.","Concha, Jacqueline (23987307500); Weinstein, Caroline (55819484100); Zúñiga, María Elvira (51865122100)","23987307500; 55819484100; 51865122100","Production of pectic extracts from sugar beet pulp with antiproliferative activity on a breast cancer cell line","2013","Frontiers of Chemical Science and Engineering","7","4","","482","489","21","10.1007/s11705-013-1342-5","https://www.scopus.com/pages/publications/84890442059?origin=resultslist","Article","Final","All Open Access; Green Open Access","Scopus","2-s2.0-84890442059"
"García A.; Pérez D.; Castro M.; Urtuvia V.; Castillo T.; Díaz-Barrera A.; Espín G.; Peña C.","García, Andrés (57212956842); Pérez, Diana (57207936382); Castro, Manuel (57207932671); Urtuvia, Viviana (35390155100); Castillo, Tania (55667725300); Díaz-Barrera, Alvaro (20435715600); Espín, Guadalupe (56002684500); Peña, Carlos (55989663100)","57212956842; 57207936382; 57207932671; 35390155100; 55667725300; 20435715600; 56002684500; 55989663100","Production and recovery of poly-3-hydroxybutyrate [P(3HB)] of ultra-high molecular weight using fed-batch cultures of Azotobacter vinelandii OPNA strain","2019","Journal of Chemical Technology and Biotechnology","94","6","","1853","1860","27","10.1002/jctb.5959","https://www.scopus.com/pages/publications/85063284198?origin=resultslist","Article","Final","","Scopus","2-s2.0-85063284198"
"Carvajal P.; Dinamarca M.A.; Baeza P.; Camú E.; Ojeda J.","Carvajal, P. (57191592507); Dinamarca, M. Alejandro (21740894600); Baeza, P. (8225737300); Camú, E. (37101088700); Ojeda, J. (7006607945)","57191592507; 21740894600; 8225737300; 37101088700; 7006607945","Removal of sulfur-containing organic molecules adsorbed on inorganic supports by Rhodococcus Rhodochrous spp.","2017","Biotechnology Letters","39","2","","241","245","11","10.1007/s10529-016-2240-y","https://www.scopus.com/pages/publications/84991824731?origin=resultslist","Article","Final","","Scopus","2-s2.0-84991824731"
"Berrios J.; Pyle D.L.; Aroca G.","Berrios, Julio (7004545486); Pyle, D. Leo (7006309463); Aroca, Germán (6603177229)","7004545486; 7006309463; 6603177229","Gibberellic acid extraction from aqueous solutions and fermentation broths by using emulsion liquid membranes","2010","Journal of Membrane Science","348","1-2","","91","98","32","10.1016/j.memsci.2009.10.040","https://www.scopus.com/pages/publications/72649102847?origin=resultslist","Article","Final","","Scopus","2-s2.0-72649102847"
"Colina J.R.; Suwalsky M.; Manrique-Moreno M.; Petit K.; Aguilar L.F.; Jemiola-Rzeminska M.; Strzalka K.","Colina, José R. (57190882284); Suwalsky, Mario (7005625790); Manrique-Moreno, Marcela (35558950900); Petit, Karla (57204351253); Aguilar, Luis F. (58811477200); Jemiola-Rzeminska, Malgorzata (6508042499); Strzalka, Kazimierz (7005061377)","57190882284; 7005625790; 35558950900; 57204351253; 58811477200; 6508042499; 7005061377","Protective effect of epigallocatechin gallate on human erythrocytes","2019","Colloids and Surfaces B: Biointerfaces","173","","","742","750","20","10.1016/j.colsurfb.2018.10.038","https://www.scopus.com/pages/publications/85055508613?origin=resultslist","Article","Final","All Open Access; Green Open Access","Scopus","2-s2.0-85055508613"
"Illanes A.; Schaffeld G.","Illanes, A. (7004170275); Schaffeld, G. (6506255226)","7004170275; 6506255226","Protein enrichment of treated and untreated leached beet cosette","1983","Biotechnology Letters","5","5","","305","310","9","10.1007/BF01141130","https://www.scopus.com/pages/publications/0020583180?origin=resultslist","Article","Final","","Scopus","2-s2.0-0020583180"
"Vásquez D.; Jerez O.; Schrebler R.; Carlesi C.; Carvajal D.; Cáceres N.; Schrebler R.","Vásquez, Dreidy (56369410000); Jerez, Oscar (35242436200); Schrebler, Rodrigo (56526623100); Carlesi, Carlos (56998584200); Carvajal, Danilo (55378526500); Cáceres, Nelson (57190120194); Schrebler, Ricardo (56213692700)","56369410000; 35242436200; 56526623100; 56998584200; 55378526500; 57190120194; 56213692700","Induction heating consolidation of TiO2 sol-gel coating on stainless steel support for photocatalysis applications","2016","Periodica Polytechnica Chemical Engineering","60","3","","141","151","2","10.3311/PPch.8879","https://www.scopus.com/pages/publications/84977555478?origin=resultslist","Article","Final","All Open Access; Gold Open Access","Scopus","2-s2.0-84977555478"
"Gonzalez R.; Gentina J.C.; Acevedo F.","Gonzalez, Ramon (57192167471); Gentina, Juan C. (7004106285); Acevedo, Fernando (7003903397)","57192167471; 7004106285; 7003903397","Biooxidation of a gold concentrate in a continuous stirred tank reactor: Mathematical model and optimal configuration","2004","Biochemical Engineering Journal","19","1","","33","42","33","10.1016/j.bej.2003.09.007","https://www.scopus.com/pages/publications/2342557040?origin=resultslist","Article","Final","","Scopus","2-s2.0-2342557040"
"Oyarzún P.; Arancibia F.; Canales C.; Aroca G.E.","Oyarzún, Patricio (55585819900); Arancibia, Fernando (6603087747); Canales, Christian (57216994915); Aroca, Germán E. (6603177229)","55585819900; 6603087747; 57216994915; 6603177229","Biofiltration of high concentration of hydrogen sulphide using Thiobacillus thioparus","2003","Process Biochemistry","39","2","","165","170","175","10.1016/S0032-9592(03)00050-5","https://www.scopus.com/pages/publications/0346913094?origin=resultslist","Article","Final","All Open Access; Green Open Access","Scopus","2-s2.0-0346913094"
"Vega R.; Zuniga-Hansen M.E.","Vega, Roberto (54391827300); Zuniga-Hansen, M.E. (51865122100)","54391827300; 51865122100","A new mechanism and kinetic model for the enzymatic synthesis of short-chain fructooligosaccharides from sucrose","2014","Biochemical Engineering Journal","82","","","158","165","50","10.1016/j.bej.2013.11.012","https://www.scopus.com/pages/publications/84890043907?origin=resultslist","Article","Final","","Scopus","2-s2.0-84890043907"
"Chamy R.; Ramos C.","Chamy, Rolando (6603874955); Ramos, Carlos (56673576700)","6603874955; 56673576700","Factors in the determination of methanogenic potential of manure","2011","Bioresource Technology","102","17","","7673","7677","15","10.1016/j.biortech.2011.05.044","https://www.scopus.com/pages/publications/79960848070?origin=resultslist","Article","Final","","Scopus","2-s2.0-79960848070"
"Schrebler R.; Cury P.; Orellana M.; Gómez H.; Córdova R.; Dalchiele E.A.","Schrebler, R. (56213692700); Cury, P. (7004710196); Orellana, M. (7006384024); Gómez, H. (7006142241); Córdova, R. (56224655100); Dalchiele, E.A. (6701854336)","56213692700; 7004710196; 7006384024; 7006142241; 56224655100; 6701854336","Electrochemical and nanoelectrogravimetric studies of the nucleation and growth mechanisms of rhenium on polycrystalline gold electrode","2001","Electrochimica Acta","46","28","","4309","4318","49","10.1016/S0013-4686(01)00725-3","https://www.scopus.com/pages/publications/0035854853?origin=resultslist","Article","Final","","Scopus","2-s2.0-0035854853"
"Canales C.; Acevedo F.; Gentina J.C.","Canales, C. (57216994915); Acevedo, F. (7003903397); Gentina, J.C. (7004106285)","57216994915; 7003903397; 7004106285","Laboratory-scale continuous bio-oxidation of a gold concentrate of high pyrite and enargite content","2002","Process Biochemistry","37","10","","1051","1055","32","10.1016/S0032-9592(01)00303-X","https://www.scopus.com/pages/publications/0036193905?origin=resultslist","Article","Final","All Open Access; Green Open Access","Scopus","2-s2.0-0036193905"
"Ruiz G.; Jeison D.; Chamy R.","Ruiz, G. (18635080500); Jeison, D. (6507881259); Chamy, R. (6603874955)","18635080500; 6507881259; 6603874955","Development of denitrifying and methanogenic activities in USB reactors for the treatment of wastewater: Effect of COD/N ratio","2006","Process Biochemistry","41","6","","1338","1342","84","10.1016/j.procbio.2006.01.007","https://www.scopus.com/pages/publications/33646078945?origin=resultslist","Article","Final","","Scopus","2-s2.0-33646078945"
"Illanes A.; Acevedo F.; Gentina J.C.; Reyes I.; Torres R.; Cartagena O.; Ruiz A.; Vásquez M.","Illanes, A. (7004170275); Acevedo, F. (7003903397); Gentina, J.C. (7004106285); Reyes, I. (6701563990); Torres, R. (7203008741); Cartagena, O. (7801577387); Ruiz, A. (7203007430); Vásquez, M. (57197067330)","7004170275; 7003903397; 7004106285; 6701563990; 7203008741; 7801577387; 7203007430; 57197067330","Production of penicillin acylase from Bacillus megaterium in complex and defined media","1994","Process Biochemistry","29","4","","263","270","37","10.1016/0032-9592(94)80067-7","https://www.scopus.com/pages/publications/0028002015?origin=resultslist","Article","Final","","Scopus","2-s2.0-0028002015"
"Guajardo N.; Müller C.R.; Schrebler R.; Carlesi C.; Domínguez De María P.","Guajardo, Nadia (56728431500); Müller, Christoph R. (57198692282); Schrebler, Rodrigo (56526623100); Carlesi, Carlos (56998584200); Domínguez De María, Pablo (8615522900)","56728431500; 57198692282; 56526623100; 56998584200; 8615522900","Deep Eutectic Solvents for Organocatalysis, Biotransformations, and Multistep Organocatalyst/Enzyme Combinations","2016","ChemCatChem","8","6","","1020","1027","152","10.1002/cctc.201501133","https://www.scopus.com/pages/publications/84952643418?origin=resultslist","Review","Final","","Scopus","2-s2.0-84952643418"
"Rosales B.M.; Vera R.; De Rincon O.T.; Di Sarli A.; Rocha Valenzuela J.A.; Tidblad J.","Rosales, Blanca M. (7003274712); Vera, Rosa (7005768349); De Rincon, Oladis Troconis (7003626110); Di Sarli, Alejandro (7004462237); Rocha Valenzuela, Jaime Alberto (7202074215); Tidblad, Johan (55887415000)","7003274712; 7005768349; 7003626110; 7004462237; 7202074215; 55887415000","Atmospheric corrosion","2012","International Journal of Corrosion","2012","","174240","","","3","10.1155/2012/174240","https://www.scopus.com/pages/publications/84873824355?origin=resultslist","Editorial","Final","All Open Access; Green Open Access; Hybrid Gold Open Access","Scopus","2-s2.0-84873824355"
"Ahumada G.; Oyarce J.; Roisnel T.; Kahlal S.; Del Valle M.A.; Carrillo D.; Saillard J.-Y.; Hamon J.-R.; Manzur C.","Ahumada, Guillermo (55621861400); Oyarce, Jocelyn (57192694005); Roisnel, Thierry (7003907744); Kahlal, Samia (6603609986); Del Valle, María Angélica (7005723737); Carrillo, David (7004301883); Saillard, Jean-Yves (7004537107); Hamon, Jean-René (57208457603); Manzur, Carolina (6601982179)","55621861400; 57192694005; 7003907744; 6603609986; 7005723737; 7004301883; 7004537107; 57208457603; 6601982179","Synthesis, structures, electrochemical and quantum chemical investigations of Ni(ii) and Cu(ii) complexes with a tetradentate Schiff base derived from 1-(2-thienyl)-1,3-butanedione","2018","New Journal of Chemistry","42","23","","19294","19304","16","10.1039/c8nj04923h","https://www.scopus.com/pages/publications/85056883588?origin=resultslist","Article","Final","All Open Access; Green Open Access","Scopus","2-s2.0-85056883588"
"Aracena A.; Padilla S.; Jerez O.","Aracena, Alvaro (6504525592); Padilla, Sebastián (57211146520); Jerez, Oscar (35242436200)","6504525592; 57211146520; 35242436200","Recovery of cobalt ions from diluted solutions by means of protonated dry alginate beads","2019","Physicochemical Problems of Mineral Processing","55","5","","1286","1297","0","10.5277/ppmp19053","https://www.scopus.com/pages/publications/85072794945?origin=resultslist","Article","Final","","Scopus","2-s2.0-85072794945"
"Figueroa W.; Fuentealba M.; Manzur C.; Vega A.I.; Carrillo D.; Hamon J.-R.","Figueroa, Walter (6603810722); Fuentealba, Mauricio (7801538556); Manzur, Carolina (6601982179); Vega, Andrés I. (57218171110); Carrillo, David (7004301883); Hamon, Jean-René (57208457603)","6603810722; 7801538556; 6601982179; 57218171110; 7004301883; 57208457603","Polarizable organometallic hydrazone chromophores. X-ray crystal structures of [(η5-C5H5) Fe(η5-C5H4)-C(p-MeC6 H4)=NNH-(η6-p-MeC6H4) Fe(η5-C5H5)]+PF 6                         -, and of its toluoylferrocene precursor","2005","Comptes Rendus Chimie","8","8 SPEC. ISS.","","1268","1275","6","10.1016/j.crci.2004.11.035","https://www.scopus.com/pages/publications/21144444385?origin=resultslist","Article","Final","All Open Access; Green Open Access","Scopus","2-s2.0-21144444385"
"Riveros A.L.; Astudillo J.; Vásquez C.C.; Jara D.H.; Guerrero A.R.; Guzman F.; Osorio-Roman I.O.; Kogan M.J.","Riveros, A.L. (6602858444); Astudillo, J. (37025515100); Vásquez, C.C. (7006212827); Jara, Danilo H. (55145395300); Guerrero, Ariel R. (16506503900); Guzman, F. (7004463815); Osorio-Roman, I.O. (25646224100); Kogan, M.J. (7102617437)","6602858444; 37025515100; 7006212827; 55145395300; 16506503900; 7004463815; 25646224100; 7102617437","Capping biological quantum dots with the peptide CLPFFD to increase stability and to reduce effects on cell viability","2016","Journal of Nanoparticle Research","18","8","230","","","4","10.1007/s11051-016-3463-5","https://www.scopus.com/pages/publications/84981709627?origin=resultslist","Article","Final","All Open Access; Green Open Access","Scopus","2-s2.0-84981709627"
"Duran N.; Rodriguez J.; Ferraz A.; Campos V.","Duran, Nelson (23072832700); Rodriguez, Jaime (57212713841); Ferraz, Andre (7101714629); Campos, Victoriano (7005359251)","23072832700; 57212713841; 7101714629; 7005359251","Chrysonila sitophila (TFB-27441): A hyperlignolytic strain","1987","Biotechnology Letters","9","5","","357","360","16","10.1007/BF01025804","https://www.scopus.com/pages/publications/0041199617?origin=resultslist","Article","Final","","Scopus","2-s2.0-0041199617"
"Soto C.; Caballero E.; Pérez E.; Zúñiga M.E.","Soto, Carmen (7007083173); Caballero, Eduardo (7005783319); Pérez, Eduardo (55427828800); Zúñiga, María Elvira (51865122100)","7007083173; 7005783319; 55427828800; 51865122100","Effect of extraction conditions on total phenolic content and antioxidant capacity of pretreated wild Peumus boldus leaves from Chile","2014","Food and Bioproducts Processing","92","3","","328","333","62","10.1016/j.fbp.2013.06.002","https://www.scopus.com/pages/publications/84903721393?origin=resultslist","Article","Final","All Open Access; Green Open Access","Scopus","2-s2.0-84903721393"
"Guerrero C.; Vera C.; Illanes A.","Guerrero, Cecilia (36738876300); Vera, Carlos (55238284100); Illanes, Andrés (7004170275)","36738876300; 55238284100; 7004170275","Fed-batch operation for the synthesis of lactulose with Β-galactosidase of Aspergillus oryzae","2017","Bioresource Technology","237","","","126","134","18","10.1016/j.biortech.2017.01.042","https://www.scopus.com/pages/publications/85011305578?origin=resultslist","Article","Final","","Scopus","2-s2.0-85011305578"
"Pizarro C.; Brañes M.C.; Markovits A.; Fernández-Lorente G.; Guisán J.M.; Chamy R.; Wilson L.","Pizarro, Carolina (57197325887); Brañes, María C. (6603076028); Markovits, Alejandro (7003325736); Fernández-Lorente, Gloria (6701797326); Guisán, José Manuel (57204542054); Chamy, Rolando (6603874955); Wilson, Lorena (7403520925)","57197325887; 6603076028; 7003325736; 6701797326; 57204542054; 6603874955; 7403520925","Influence of different immobilization techniques for Candida cylindracea lipase on its stability and fish oil hydrolysis","2012","Journal of Molecular Catalysis B: Enzymatic","78","","","111","118","65","10.1016/j.molcatb.2012.03.012","https://www.scopus.com/pages/publications/84859778992?origin=resultslist","Article","Final","","Scopus","2-s2.0-84859778992"
"Henríquez R.; Grez P.; Muoz E.; Dalchiele E.A.; Marotti R.; Gómez H.","Henríquez, R. (55554951600); Grez, P. (6506476548); Muoz, E. (23768641300); Dalchiele, E.A. (6701854336); Marotti, R. (6603482197); Gómez, H. (7006142241)","55554951600; 6506476548; 23768641300; 6701854336; 6603482197; 7006142241","Reduction mechanism of O2 in DMSO and metal oxide thin film formation: CdO case study","2009","Electrochemical and Solid-State Letters","12","8","","H288","H291","4","10.1149/1.3133842","https://www.scopus.com/pages/publications/67649226891?origin=resultslist","Article","Final","All Open Access; Green Open Access","Scopus","2-s2.0-67649226891"
"Torres-Ossandón M.J.; Vega-Gálvez A.; López J.; Stucken K.; Romero J.; Di Scala K.","Torres-Ossandón, Maria José (56116273100); Vega-Gálvez, Antonio (55665185100); López, Jéssica (26662289800); Stucken, Karina (25928833400); Romero, Julio (8693232700); Di Scala, Karina (12647182200)","56116273100; 55665185100; 26662289800; 25928833400; 8693232700; 12647182200","Effects of high hydrostatic pressure processing and supercritical fluid extraction on bioactive compounds and antioxidant capacity of Cape gooseberry pulp (Physalis peruviana L.)","2018","Journal of Supercritical Fluids","138","","","215","220","55","10.1016/j.supflu.2018.05.005","https://www.scopus.com/pages/publications/85052396119?origin=resultslist","Article","Final","All Open Access; Bronze Open Access; Green Open Access","Scopus","2-s2.0-85052396119"
"Vassiliadis V.S.; Ahamad I.S.; Conejeros R.","Vassiliadis, Vassilios S. (7004115264); Ahamad, Intan S. (34771083000); Conejeros, Raúl (35611393300)","7004115264; 34771083000; 35611393300","Novel nonmonotone line-search method for constrained nonlinear programming: Algorithmic concepts and preliminary computational studies","2006","Industrial and Engineering Chemistry Research","45","25","","8270","8281","1","10.1021/ie050804t","https://www.scopus.com/pages/publications/33846069209?origin=resultslist","Article","Final","","Scopus","2-s2.0-33846069209"
"Henríquez R.; Gómez H.; Riveros G.; Guillemoles J.F.; Froment M.; Lincot D.","Henríquez, R. (55554951600); Gómez, H. (7006142241); Riveros, G. (6701422090); Guillemoles, J.F. (7004312977); Froment, M. (36152534000); Lincot, D. (55944669300)","55554951600; 7006142241; 6701422090; 7004312977; 36152534000; 55944669300","A novel approach for the electrodeposition of epitaxial films of ZnSe on (111) and (100) InP using dimethylsulfoxide as a solvent","2004","Electrochemical and Solid-State Letters","7","6","","C75","C77","15","10.1149/1.1695534","https://www.scopus.com/pages/publications/2642552368?origin=resultslist","Article","Final","All Open Access; Green Open Access","Scopus","2-s2.0-2642552368"
"Morales J.W.; Galleguillos H.R.; Hernández-Luis F.","Morales, Jaime W. (16417082300); Galleguillos, Héctor R. (6602755098); Hernández-Luis, Felipe (6603382597)","16417082300; 6602755098; 6603382597","Activity coefficients of NaBF 4 in PEG4000 + water mixtures at (288.15, 298.15, and 308.15) K","2012","Journal of Chemical and Engineering Data","57","2","","500","506","10","10.1021/je201074x","https://www.scopus.com/pages/publications/84856847589?origin=resultslist","Article","Final","All Open Access; Green Open Access","Scopus","2-s2.0-84856847589"
"Martínez I.; Markovits A.; Chamy R.; Markovits A.","Martínez, Irene (56603723600); Markovits, Alejandro (7003325736); Chamy, Rolando (6603874955); Markovits, Andrés (7003325728)","56603723600; 7003325736; 6603874955; 7003325728","Lipase-Catalyzed Solvent-Free Transesterification of Wood Sterols","2004","Applied Biochemistry and Biotechnology - Part A Enzyme Engineering and Biotechnology","112","1","","55","62","24","10.1385/ABAB:112:1:55","https://www.scopus.com/pages/publications/0842346885?origin=resultslist","Article","Final","All Open Access; Green Open Access","Scopus","2-s2.0-0842346885"
"Muñoz E.C.; Schrebler R.S.; Grez P.C.; Henríquez R.G.; Heyser C.A.; Verdugo P.A.; Marotti R.E.","Muñoz, Eduardo C. (13611547600); Schrebler, Ricardo S. (56213692700); Grez, Paula C. (6506476548); Henríquez, Rodrigo G. (55554951600); Heyser, Cristopher A. (27667712900); Verdugo, Patricia A. (27667926600); Marotti, Ricardo E. (6603482197)","13611547600; 56213692700; 6506476548; 55554951600; 27667712900; 27667926600; 6603482197","Rhenium electroless deposition on p-Si(1 0 0) from HF solutions under illumination: Hydrogen evolution reaction onto p-Si/Re systems","2009","Journal of Electroanalytical Chemistry","633","1","","113","120","14","10.1016/j.jelechem.2009.05.001","https://www.scopus.com/pages/publications/67650621041?origin=resultslist","Article","Final","All Open Access; Green Open Access","Scopus","2-s2.0-67650621041"
"Vera R.; Bastidas F.; Villarroel M.; Oliva A.; Molinari A.; Ramírez D.; del Río R.","Vera, Rosa (7005768349); Bastidas, Francisco (6506481898); Villarroel, María (23471477000); Oliva, Alfonso (56254239800); Molinari, Aurora (7103155629); Ramírez, Daniel (57195948458); del Río, Rodrigo (56384505300)","7005768349; 6506481898; 23471477000; 56254239800; 7103155629; 57195948458; 56384505300","Corrosion inhibition of copper in chloride media by 1,5-bis(4-dithiocarboxylate-1-dodecyl-5-hydroxy-3-methylpyrazolyl)pentan e","2008","Corrosion Science","50","3","","729","736","50","10.1016/j.corsci.2007.10.004","https://www.scopus.com/pages/publications/40049103882?origin=resultslist","Article","Final","","Scopus","2-s2.0-40049103882"
"Ortega-Martinez E.; Zaldivar C.; Phillippi J.; Carrere H.; Donoso-Bravo A.","Ortega-Martinez, Eduardo (57004841100); Zaldivar, Consuelo (57188557111); Phillippi, Javiera (57188565367); Carrere, Helene (7003438084); Donoso-Bravo, Andres (25723108900)","57004841100; 57188557111; 57188565367; 7003438084; 25723108900","Improvement of anaerobic digestion of swine slurry by steam explosion and chemical pretreatment application. Assessment based on kinetic analysis","2016","Journal of Environmental Chemical Engineering","4","2","","2033","2039","21","10.1016/j.jece.2016.03.035","https://www.scopus.com/pages/publications/84961579276?origin=resultslist","Article","Final","","Scopus","2-s2.0-84961579276"
"Lambri O.A.; Pérez-Landazábal J.I.; Cano J.A.; Recarte V.; Campo J.; Peñaloza A.; Ortiz M.; Wörner C.H.","Lambri, O.A. (7004116008); Pérez-Landazábal, J.I. (7003951949); Cano, J.A. (8691534900); Recarte, V. (7003888414); Campo, J. (7101951288); Peñaloza, A. (6603452988); Ortiz, M. (7202127601); Wörner, C.H. (6603926536)","7004116008; 7003951949; 8691534900; 7003888414; 7101951288; 6603452988; 7202127601; 6603926536","Phase evolution in a Cu-18 at.% Li alloy as a function of temperature under different atmospheres","2005","Powder Technology","152","1-3","","24","30","2","10.1016/j.powtec.2005.01.012","https://www.scopus.com/pages/publications/18344385305?origin=resultslist","Article","Final","","Scopus","2-s2.0-18344385305"
"Marshall S.H.","Marshall, Sergio H (7401823364)","7401823364","DNA shuffling: Induced molecular breeding to produce new generation long-lasting vaccines","2002","Biotechnology Advances","20","3-4","","229","238","13","10.1016/S0734-9750(02)00015-0","https://www.scopus.com/pages/publications/0036845827?origin=resultslist","Article","Final","","Scopus","2-s2.0-0036845827"
"Wilson L.; Illanes A.; Pessela B.C.C.; Abian O.; Fernández-Lafuente R.; Guisán J.M.","Wilson, Lorena (7403520925); Illanes, Andrés (7004170275); Pessela, Benevides C. C. (9234450100); Abian, Olga (6603626528); Fernández-Lafuente, Roberto (35552449900); Guisán, José M. (57204542054)","7403520925; 7004170275; 9234450100; 6603626528; 35552449900; 57204542054","Encapsulation of crosslinked penicillin G acylase aggregates in lentikats: Evaluation of a novel biocatalyst in organic media","2004","Biotechnology and Bioengineering","86","5","","558","562","146","10.1002/bit.20107","https://www.scopus.com/pages/publications/2542492110?origin=resultslist","Article","Final","","Scopus","2-s2.0-2542492110"
"Illanes A.; Altamirano C.; Fuentes M.; Zamorano F.; Aguirre C.","Illanes, A. (7004170275); Altamirano, C. (8332398700); Fuentes, M. (57205709653); Zamorano, F. (56071007000); Aguirre, C. (7005079092)","7004170275; 8332398700; 57205709653; 56071007000; 7005079092","Synthesis of cephalexin in organic medium at high substrate concentrations and low enzyme to substrate ratio","2005","Journal of Molecular Catalysis B: Enzymatic","35","1-3","","45","51","38","10.1016/j.molcatb.2005.04.015","https://www.scopus.com/pages/publications/21644446446?origin=resultslist","Article","Final","All Open Access; Green Open Access","Scopus","2-s2.0-21644446446"
"Bensaid S.; Ottone Melis C.; Hernández S.; Armandi M.; Esposito S.; Saracco G.; Bonelli B.","Bensaid, Samir (25930299400); Ottone Melis, Carminna (56120084100); Hernández, Simelys (23978104200); Armandi, Marco (6507874837); Esposito, Serena (7202860667); Saracco, Guido (7102540782); Bonelli, Barbara (6701421391)","25930299400; 56120084100; 23978104200; 6507874837; 7202860667; 7102540782; 6701421391","A simple model for a complex system: Kinetics of water oxidation with the [Ru(bpy)3]2+/S2O82−photosystem as catalyzed by Mn2O3under different illumination conditions","2017","Chemical Engineering Journal","311","","","143","152","16","10.1016/j.cej.2016.11.087","https://www.scopus.com/pages/publications/85027942700?origin=resultslist","Article","Final","","Scopus","2-s2.0-85027942700"
"Cuenca M.; Romen B.; Gatti G.; Mason M.; Scampicchio M.","Cuenca, Martha (55375783900); Romen, Benjamin (57194692101); Gatti, Giacomo (57194687873); Mason, Marco (56203174200); Scampicchio, Matteo (6507872719)","55375783900; 57194692101; 57194687873; 56203174200; 6507872719","Microcalorimetry as a tool for monitoring food fermentations","2017","Chemical Engineering Transactions","57","","","1957","1962","5","10.3303/CET1757327","https://www.scopus.com/pages/publications/85021640999?origin=resultslist","Article","Final","","Scopus","2-s2.0-85021640999"
"Henríquez R.; Gómez H.; Grez P.; Lincot D.; Froment M.; Dalchiele E.A.; Riveros G.","Henríquez, R. (55554951600); Gómez, H. (7006142241); Grez, P. (6506476548); Lincot, D. (55944669300); Froment, M. (36152534000); Dalchiele, E.A. (6701854336); Riveros, G. (6701422090)","55554951600; 7006142241; 6506476548; 55944669300; 36152534000; 6701854336; 6701422090","One-step electrodeposition of ZnO2 -ZnS thin-film mixtures onto n-InP(111) and n-InP(100) substrates","2007","Electrochemical and Solid-State Letters","10","11","","134","138","7","10.1149/1.2779601","https://www.scopus.com/pages/publications/34548497354?origin=resultslist","Article","Final","All Open Access; Green Open Access","Scopus","2-s2.0-34548497354"
"Cortés-Toro E.M.; Crawford B.; Gómez-Pulido J.A.; Soto R.; Lanza-Gutiérrez J.M.","Cortés-Toro, Enrique M. (57195714944); Crawford, Broderick (23395875300); Gómez-Pulido, Juan A. (6505916983); Soto, Ricardo (24403038600); Lanza-Gutiérrez, José M. (54784705200)","57195714944; 23395875300; 6505916983; 24403038600; 54784705200","A new metaheuristic inspired by the vapour-liquid equilibrium for continuous optimization","2018","Applied Sciences (Switzerland)","8","11","2080","","","21","10.3390/app8112080","https://www.scopus.com/pages/publications/85055655658?origin=resultslist","Article","Final","All Open Access; Gold Open Access; Green Open Access","Scopus","2-s2.0-85055655658"
"Vega-Paulino R.J.; Zúniga-Hansen M.E.","Vega-Paulino, R.J. (54391827300); Zúniga-Hansen, M.E. (51865122100)","54391827300; 51865122100","Potential application of commercial enzyme preparations for industrial production of short-chain fructooligosaccharides","2012","Journal of Molecular Catalysis B: Enzymatic","76","","","44","51","72","10.1016/j.molcatb.2011.12.007","https://www.scopus.com/pages/publications/84855782812?origin=resultslist","Article","Final","All Open Access; Green Open Access","Scopus","2-s2.0-84855782812"
"Carvajal D.; Jara C.C.; Irrázabal M.M.","Carvajal, Danilo (55378526500); Jara, Carlos Carlesi (56998584200); Irrázabal, Maik. M. (14068828900)","55378526500; 56998584200; 14068828900","Dynamic modelling of the reactive absorption of CO2 in ionic liquids and its effect on the mass transfer and fluid viscosity","2012","Chemical Engineering Transactions","29","","","175","180","5","10.3303/CET1229030","https://www.scopus.com/pages/publications/84870811395?origin=resultslist","Conference paper","Final","","Scopus","2-s2.0-84870811395"
"Díaz-Barrera A.; Acevedo F.","Díaz-Barrera, Alvaro (20435715600); Acevedo, Fernando (7003903397)","20435715600; 7003903397","Bacterial alginate production by fermentation: Integrating molecular and bioengineering strategies","2012","Alginates: Production, Types and Applications","","","","199","215","0","","https://www.scopus.com/pages/publications/84892026578?origin=resultslist","Book chapter","Final","","Scopus","2-s2.0-84892026578"
"Saavedra J.A.; Puente L.A.; Cancino B.; Astudillo C.","Saavedra, Jorge A. (55675224084); Puente, Luis A. (57215832356); Cancino, Beatriz (56610139300); Astudillo, Carolina (7004510679)","55675224084; 57215832356; 56610139300; 7004510679","Monitoring and analysis of a soft-drinks bottling process using 3-Way PLS; [Monitoreo y análisis de un proceso de elaboración de una bebida carbonatada mediante 3-Way PLS]","2010","Informacion Tecnologica","21","6","","59","66","0","10.1612/inf.tecnol.4394it.09","https://www.scopus.com/pages/publications/78650389807?origin=resultslist","Article","Final","","Scopus","2-s2.0-78650389807"
"Cortés A.; Riveras G.; Palma J.L.; Denardin J.C.; Marotti R.E.; Dalchiele E.A.; Gomez H.","Cortés, Andrea (8226142500); Riveras, Gonzalo (26656133700); Palma, Juan L. (23490150300); Denardin, Juliano C. (6701839667); Marotti, Ricardo E. (6603482197); Dalchiele, Enrique A. (6701854336); Gomez, Humberto (7006142241)","8226142500; 26656133700; 23490150300; 6701839667; 6603482197; 6701854336; 7006142241","Single-Crystal growth of nickel nanowires: Influence of deposition conditions on structural and magnetic properties","2009","Journal of Nanoscience and Nanotechnology","9","3","","1992","2000","50","10.1166/jnn.2009.374","https://www.scopus.com/pages/publications/67649217520?origin=resultslist","Conference paper","Final","All Open Access; Green Open Access","Scopus","2-s2.0-67649217520"
"Oliva A.; Delgado P.","Oliva, Alfonso (56254239800); Delgado, Pamela (57214227445)","56254239800; 57214227445","Synthesis of alkyl 3-dimethylhydrazonoalkanedithioates","1986","Synthesis (Germany)","1986","10","","865","866","5","10.1055/s-1986-31811","https://www.scopus.com/pages/publications/84985645126?origin=resultslist","Review","Final","","Scopus","2-s2.0-84985645126"
"Franchi O.; Bovio P.; Ortega-Martínez E.; Rosenkranz F.; Chamy R.","Franchi, Oscar (57202247838); Bovio, Patricia (57223409516); Ortega-Martínez, Eduardo (57004841100); Rosenkranz, Francisca (35077823400); Chamy, Rolando (6603874955)","57202247838; 57223409516; 57004841100; 35077823400; 6603874955","Active and total microbial community dynamics and the role of functional genes bamA and mcrA during anaerobic digestion of phenol and p-cresol","2018","Bioresource Technology","264","","","290","297","32","10.1016/j.biortech.2018.05.060","https://www.scopus.com/pages/publications/85047597880?origin=resultslist","Article","Final","","Scopus","2-s2.0-85047597880"
"Scott F.; Li M.; Williams D.L.; Conejeros R.; Hodge D.B.; Aroca G.","Scott, Felipe (55743894700); Li, Muyang (55240460000); Williams, Daniel L. (35432366800); Conejeros, Raúl (35611393300); Hodge, David B. (26643216400); Aroca, Germán (6603177229)","55743894700; 55240460000; 35432366800; 35611393300; 26643216400; 6603177229","Corn stover semi-mechanistic enzymatic hydrolysis model with tight parameter confidence intervals for model-based process design and optimization","2015","Bioresource Technology","177","","","255","265","8","10.1016/j.biortech.2014.11.062","https://www.scopus.com/pages/publications/84916631978?origin=resultslist","Article","Final","","Scopus","2-s2.0-84916631978"
"Gómez H.; Gardiazábal J.; Vera R.; Schrebler R.; Córdova R.","Gómez, H. (7006142241); Gardiazábal, J. (6506517228); Vera, R. (7005768349); Schrebler, R. (56213692700); Córdova, R. (56224655100)","7006142241; 6506517228; 7005768349; 56213692700; 56224655100","Passivation kinetics of zircalloy-4 electrode in mineral acids under potentiodynamic conditions","1985","Journal of Electroanalytical Chemistry","188","1-2","","39","48","3","10.1016/S0022-0728(85)80048-6","https://www.scopus.com/pages/publications/0022084167?origin=resultslist","Article","Final","","Scopus","2-s2.0-0022084167"
"Cuenca M.; Blanco A.; Zuluaga C.M.","Cuenca, Martha (55375783900); Blanco, Amaury (57194693138); Zuluaga, Carlos Mario (55183905000)","55375783900; 57194693138; 55183905000","Electroanalysis applied to monitor mead fermentations","2017","Chemical Engineering Transactions","57","","","1981","1986","0","10.3303/CET1757331","https://www.scopus.com/pages/publications/85021684347?origin=resultslist","Article","Final","","Scopus","2-s2.0-85021684347"
"Hadjiandreou M.M.; Conejeros R.; Ian Wilson D.","Hadjiandreou, Marios M. (18037301100); Conejeros, Raúl (35611393300); Ian Wilson, D. (7410087057)","18037301100; 35611393300; 7410087057","Planning of patient-specific drug-specific optimal HIV treatment strategies","2009","Chemical Engineering Science","64","18","","4024","4039","12","10.1016/j.ces.2009.06.009","https://www.scopus.com/pages/publications/67651092090?origin=resultslist","Article","Final","All Open Access; Green Open Access","Scopus","2-s2.0-67651092090"
"Soto M.A.; Sotomayor C.P.; Lissi E.A.","Soto, M.A. (24170156700); Sotomayor, C.P. (7003717962); Lissi, E.A. (7101610987)","24170156700; 7003717962; 7101610987","Effect of gramicidin addition upon the physicochemical properties of dipalmitoyl phosphatidyl choline large unilamellar vesicles","2002","Journal of Photochemistry and Photobiology A: Chemistry","152","1-3","","79","93","9","10.1016/S1010-6030(02)00209-5","https://www.scopus.com/pages/publications/0037144750?origin=resultslist","Article","Final","","Scopus","2-s2.0-0037144750"
"Theron C.W.; Berrios J.; Steels S.; Telek S.; Lecler R.; Rodriguez C.; Fickers P.","Theron, Chrispian W. (56049420700); Berrios, Julio (7004545486); Steels, Sébastien (55768981200); Telek, Samuel (55651117700); Lecler, Renaud (44861540100); Rodriguez, Christian (57199444107); Fickers, Patrick (6507014982)","56049420700; 7004545486; 55768981200; 55651117700; 44861540100; 57199444107; 6507014982","Expression of recombinant enhanced green fluorescent protein provides insight into foreign gene-expression differences between Mut+ and MutS strains of Pichia pastoris","2019","Yeast","36","5","","285","296","14","10.1002/yea.3388","https://www.scopus.com/pages/publications/85067255521?origin=resultslist","Article","Final","","Scopus","2-s2.0-85067255521"
"Schrebler R.S.; Arratia A.; Sánchez S.; Haun M.; Durán N.","Schrebler, Ricardo S. (56213692700); Arratia, Adriana (24368005600); Sánchez, Susana (59827888500); Haun, Marcela (7006282086); Durán, Nelson (23072832700)","56213692700; 24368005600; 59827888500; 7006282086; 23072832700","Electron transport in biological processes. Electrochemical behaviour of ubiquinone Q,10 adsorbed on a pyrolytic graphite electrode","1990","Journal of Electroanalytical Chemistry","298","1","","81","91","3","10.1016/0022-0728(90)87450-X","https://www.scopus.com/pages/publications/0013185916?origin=resultslist","Article","Final","","Scopus","2-s2.0-0013185916"
"Trujillo A.; Justaud F.; Toupet L.; Cador O.; Carrillo D.; Manzur C.; Hamon J.-R.","Trujillo, Alexander (23095884700); Justaud, Frédéric (22955948900); Toupet, Loïc (35601620300); Cador, Olivier (6603422410); Carrillo, David (7004301883); Manzur, Carolina (6601982179); Hamon, Jean-René (57208457603)","23095884700; 22955948900; 35601620300; 6603422410; 7004301883; 6601982179; 57208457603","New copper(ii)-centered complexes with organometallic donor-acceptor substituted unsymmetrical Schiff base ligands","2011","New Journal of Chemistry","35","10","","2027","2036","28","10.1039/c0nj01018a","https://www.scopus.com/pages/publications/80053360795?origin=resultslist","Article","Final","All Open Access; Green Open Access","Scopus","2-s2.0-80053360795"
"Villarroel M.; Méndez A.; Águila G.; Escalona N.; Baeza P.; Gil-Llambías F.","Villarroel, M. (7003443904); Méndez, A. (57196490404); Águila, G. (23018231300); Escalona, N. (6602883313); Baeza, P. (8225737300); Gil-Llambías, F. (6602805037)","7003443904; 57196490404; 23018231300; 6602883313; 8225737300; 6602805037","Synergism in alumina-supported noble metals and molybdenum stacked-bed catalysts via spillover hydrogen in gas-oil hydrodesulphurization","2010","Catalysis Today","156","1-2","","65","68","19","10.1016/j.cattod.2010.01.008","https://www.scopus.com/pages/publications/77957233443?origin=resultslist","Article","Final","All Open Access; Green Open Access","Scopus","2-s2.0-77957233443"
"Angelo R.; Aguirre C.; Curotto E.; Esposito E.; Fontana J.D.; Baron M.; Milagres A.M.F.; Durán N.","Angelo, Raquel (11140007200); Aguirre, Carolina (7005079092); Curotto, Emilia (6701472319); Esposito, Elisa (55364297700); Fontana, Josè D. (7103020107); Baron, Madalena (8899237400); Milagres, Adriane M. F. (6701345269); Durán, Nelson (23072832700)","11140007200; 7005079092; 6701472319; 55364297700; 7103020107; 8899237400; 6701345269; 23072832700","Stability and chemical modification of xylanase from Aspergillus sp. (2M1 strain)","1997","Biotechnology and Applied Biochemistry","25","1","","19","27","21","10.1111/j.1470-8744.1997.tb00410.x","https://www.scopus.com/pages/publications/0031042834?origin=resultslist","Article","Final","","Scopus","2-s2.0-0031042834"
"Celedón G.; González G.; Gulppi F.; Pazos F.; Lanio M.E.; Alvarez C.; Calderón C.; Montecinos R.; Lissi E.","Celedón, Gloria (6508272765); González, Gustavo (7202571024); Gulppi, Felipe (57203688283); Pazos, Fabiola (7004152529); Lanio, María E. (6603779324); Alvarez, Carlos (7202925378); Calderón, Cristian (35073499700); Montecinos, Rodrigo (6506941630); Lissi, Eduardo (7101610987)","6508272765; 7202571024; 57203688283; 7004152529; 6603779324; 7202925378; 35073499700; 6506941630; 7101610987","Effect of human serum albumin upon the permeabilizing activity of sticholysin II, a pore forming toxin from stichodactyla heliantus","2013","Protein Journal","32","8","","593","600","3","10.1007/s10930-013-9521-2","https://www.scopus.com/pages/publications/84891868602?origin=resultslist","Article","Final","","Scopus","2-s2.0-84891868602"
"Romero O.; Guisán J.M.; Illanes A.; Wilson L.","Romero, Oscar (26667441500); Guisán, José Manuel (57204542054); Illanes, Andrés (7004170275); Wilson, Lorena (7403520925)","26667441500; 57204542054; 7004170275; 7403520925","Reactivation of penicillin acylase biocatalysts: Effect of the intensity of enzyme-support attachment and enzyme load","2012","Journal of Molecular Catalysis B: Enzymatic","74","3-4","","224","229","36","10.1016/j.molcatb.2011.10.009","https://www.scopus.com/pages/publications/82755187397?origin=resultslist","Article","Final","All Open Access; Green Open Access","Scopus","2-s2.0-82755187397"
"Cancino-Madariaga B.; Ruby R.; Astudillo Castro C.; Saavedra Torrico J.; Lutz Riquelme M.","Cancino-Madariaga, Beatriz (56610139300); Ruby, Rene (38362195500); Astudillo Castro, Carolina (7004510679); Saavedra Torrico, Jorge (55675224084); Lutz Riquelme, Mariane (36721566000)","56610139300; 38362195500; 7004510679; 55675224084; 36721566000","Analysis of the membrane fouling mechanisms involved in clarified grape juice ultrafiltration using statistical tools","2012","Industrial and Engineering Chemistry Research","51","10","","4017","4024","34","10.1021/ie201921x","https://www.scopus.com/pages/publications/84858326776?origin=resultslist","Article","Final","","Scopus","2-s2.0-84858326776"
"Guajardo N.; Bernal C.; Wilson L.; Cabrera Z.","Guajardo, N. (56728431500); Bernal, C. (54783974500); Wilson, L. (7403520925); Cabrera, Z. (16028105600)","56728431500; 54783974500; 7403520925; 16028105600","Selectivity of R-α-monobenzoate glycerol synthesis catalyzed by Candida antarctica lipase B immobilized on heterofunctional supports","2015","Process Biochemistry","50","11","","1870","1877","55","10.1016/j.procbio.2015.06.025","https://www.scopus.com/pages/publications/84946499271?origin=resultslist","Article","Final","","Scopus","2-s2.0-84946499271"
"Muñoz E.C.; Schrebler R.S.; Orellana M.A.; Córdova R.","Muñoz, Eduardo C. (13611547600); Schrebler, Ricardo S. (56213692700); Orellana, Marco A. (7006384024); Córdova, Ricardo (56224655100)","13611547600; 56213692700; 7006384024; 56224655100","Rhenium electrodeposition process onto p-Si(1 0 0) and electrochemical behaviour of the hydrogen evolution reaction onto p-Si/Re/0.1 M H2SO4 interface","2007","Journal of Electroanalytical Chemistry","611","1-2","","35","42","22","10.1016/j.jelechem.2007.07.023","https://www.scopus.com/pages/publications/36148964748?origin=resultslist","Article","Final","","Scopus","2-s2.0-36148964748"
"Valencia P.; Flores S.; Wilson L.; Illanes A.","Valencia, Pedro (57201824872); Flores, Sebastián (14035659300); Wilson, Lorena (7403520925); Illanes, Andrés (7004170275)","57201824872; 14035659300; 7403520925; 7004170275","Batch reactor performance for the enzymatic synthesis of cephalexin: Influence of catalyst enzyme loading and particle size","2012","New Biotechnology","29","2","","218","226","26","10.1016/j.nbt.2011.09.002","https://www.scopus.com/pages/publications/84855818748?origin=resultslist","Article","Final","All Open Access; Green Open Access","Scopus","2-s2.0-84855818748"
"Córdova A.; Astudillo C.; Giorno L.; Guerrero C.; Conidi C.; Illanes A.; Cassano A.","Córdova, Andrés (54405633400); Astudillo, Carolina (7004510679); Giorno, Lidietta (6701508422); Guerrero, Cecilia (36738876300); Conidi, Carmela (15768982600); Illanes, Andrés (7004170275); Cassano, Alfredo (7006440449)","54405633400; 7004510679; 6701508422; 36738876300; 15768982600; 7004170275; 7006440449","Nanofiltration potential for the purification of highly concentrated enzymatically produced oligosaccharides","2016","Food and Bioproducts Processing","98","","","50","61","46","10.1016/j.fbp.2015.11.005","https://www.scopus.com/pages/publications/84953280452?origin=resultslist","Article","Final","","Scopus","2-s2.0-84953280452"
"Wilson L.; Illanes A.; Soler L.; Henríquez M.J.","Wilson, Lorena (7403520925); Illanes, Andrés (7004170275); Soler, Lorena (25931256300); Henríquez, María José (59844893000)","7403520925; 7004170275; 25931256300; 59844893000","Effect of the degree of cross-linking on the properties of different CLEAs of penicillin acylase","2009","Process Biochemistry","44","3","","322","326","47","10.1016/j.procbio.2008.11.010","https://www.scopus.com/pages/publications/58249140161?origin=resultslist","Article","Final","All Open Access; Green Open Access","Scopus","2-s2.0-58249140161"
"Velásquez P.; Gómez H.; Ramos-Barrado J.R.; Leinen D.","Velásquez, P. (55917672500); Gómez, H. (7006142241); Ramos-Barrado, J.R. (7004559118); Leinen, D. (7004508333)","55917672500; 7006142241; 7004559118; 7004508333","Voltammetry and XPS analysis of a chalcopyrite CuFeS2 electrode","1998","Colloids and Surfaces A: Physicochemical and Engineering Aspects","140","1-3","","369","375","27","10.1016/S0927-7757(97)00293-8","https://www.scopus.com/pages/publications/0032582165?origin=resultslist","Conference paper","Final","","Scopus","2-s2.0-0032582165"
"Fuentealba C.; Quesille-Villalobos A.M.; González-Muñoz A.; Saavedra Torrico J.; Shetty K.; Gálvez Ranilla L.","Fuentealba, Claudia (55681549700); Quesille-Villalobos, Ana M (55626173100); González-Muñoz, Adrian (55940529000); Saavedra Torrico, Jorge (55675224084); Shetty, Kalidas (7101712253); Gálvez Ranilla, Lena (57199101199)","55681549700; 55626173100; 55940529000; 55675224084; 7101712253; 57199101199","Optimized methodology for the extraction of free and bound phenolic acids from Chilean Cristalino corn (Zea mays L.) accession; [Metodología optimizada para la extracción de ácidos fenólicos libres y ligados de la accesión de maíz (Zea mays L.) chileno Cristalino]","2017","CYTA - Journal of Food","15","1","","91","98","8","10.1080/19476337.2016.1217048","https://www.scopus.com/pages/publications/84982261395?origin=resultslist","Article","Final","All Open Access; Gold Open Access","Scopus","2-s2.0-84982261395"
"Morales-Martínez T.K.; Rios-González L.J.; Aroca-Arcaya G.; Rodríguez-de la Garza J.A.","Morales-Martínez, T.K. (56429691200); Rios-González, L.J. (56002774300); Aroca-Arcaya, G. (6603177229); Rodríguez-de la Garza, J.A. (56002774700)","56429691200; 56002774300; 6603177229; 56002774700","Ethanol production by zymomonas mobilis NRRL B-806 from enzymatic hydrolysates of eucalyptus globulus; [Producción de etanol a partir de hidrolizados enzimáticos de eucalyptus globulus usando zymomonas mobilis NRRL B-806]","2014","Revista Mexicana de Ingeniera Quimica","13","3","","779","785","5","","https://www.scopus.com/pages/publications/84912137392?origin=resultslist","Article","Final","","Scopus","2-s2.0-84912137392"
"Aguirre C.; Concha I.; Vergara J.; Riveros R.; Illanes A.","Aguirre, Carolina (7005079092); Concha, Irene (55696884900); Vergara, Judith (35263291800); Riveros, Ruby (14049241700); Illanes, Andrés (7004170275)","7005079092; 55696884900; 35263291800; 14049241700; 7004170275","Partition and substrate concentration effect in the enzymatic synthesis of cephalexin in aqueous two-phase systems","2010","Process Biochemistry","45","7","","1163","1167","26","10.1016/j.procbio.2010.03.002","https://www.scopus.com/pages/publications/77954815249?origin=resultslist","Article","Final","All Open Access; Green Open Access","Scopus","2-s2.0-77954815249"
"Suárez S.; Guerrero C.; Vera C.; Illanes A.","Suárez, Sebastián (57191571843); Guerrero, Cecilia (36738876300); Vera, Carlos (55238284100); Illanes, Andrés (7004170275)","57191571843; 36738876300; 55238284100; 7004170275","Effect of particle size and enzyme load on the simultaneous reactions of lactose hydrolysis and transgalactosylation with glyoxyl-agarose immobilized β-galactosidase from Aspergillus oryzae","2018","Process Biochemistry","73","","","56","64","23","10.1016/j.procbio.2018.08.016","https://www.scopus.com/pages/publications/85053751830?origin=resultslist","Article","Final","","Scopus","2-s2.0-85053751830"
"Mirza V.; Patricio B.; Francisco G.; Nestor E.; Pedro A.; Soren R.; Javier Sr. G.-L.F.","Mirza, Villarroel (36661120300); Patricio, Baeza (36661064100); Francisco, Gracia (36660839800); Nestor, Escalona (36661076900); Pedro, Avila (36661255000); Soren, Rasmussene (36661457600); Javier Sr., Gil-Llambías Francisco (36660883400)","36661120300; 36661064100; 36660839800; 36661076900; 36661255000; 36661457600; 36660883400","Phosphorus effect in Co//Mo and Ni//Mo synergism in hydrodesulphurization catalysts","2009","ACS National Meeting Book of Abstracts","","","","","","0","","https://www.scopus.com/pages/publications/78649796805?origin=resultslist","Conference paper","Final","","Scopus","2-s2.0-78649796805"
"Pereira G.F.; El-Ghenymy A.; Thiam A.; Carlesi C.; Eguiluz K.I.B.; Salazar-Banda G.R.; Brillas E.","Pereira, Gabriel F. (57199145272); El-Ghenymy, Abdellatif (55014320700); Thiam, Abdoulaye (55975550900); Carlesi, Carlos (56998584200); Eguiluz, Katlin I.B. (15121924200); Salazar-Banda, Giancarlo R. (12795285500); Brillas, Enric (7005314628)","57199145272; 55014320700; 55975550900; 56998584200; 15121924200; 12795285500; 7005314628","Effective removal of Orange-G azo dye from water by electro-Fenton and photoelectro-Fenton processes using a boron-doped diamond anode","2016","Separation and Purification Technology","160","","","145","151","44","10.1016/j.seppur.2016.01.029","https://www.scopus.com/pages/publications/84955596610?origin=resultslist","Article","Final","","Scopus","2-s2.0-84955596610"
"Martínez Y.N.; Cavello I.; Cavalitto S.; Illanes A.; Castro G.R.","Martínez, Yanina N. (54908869800); Cavello, Ivana (23101980000); Cavalitto, Sebastián (6506204832); Illanes, Andres (7004170275); Castro, Guillermo R. (7101927750)","54908869800; 23101980000; 6506204832; 7004170275; 7101927750","Studies on PVA pectin cryogels containing crosslinked enzyme aggregates of keratinase","2014","Colloids and Surfaces B: Biointerfaces","117","","","284","289","15","10.1016/j.colsurfb.2014.02.049","https://www.scopus.com/pages/publications/84896535290?origin=resultslist","Article","Final","All Open Access; Bronze Open Access; Green Open Access","Scopus","2-s2.0-84896535290"
"Martinez I.; Gao H.; Bennett G.N.; San K.-Y.","Martinez, Irene (56603723600); Gao, Haijun (7402971805); Bennett, George N. (7401434168); San, Ka-Yiu (7005290743)","56603723600; 7402971805; 7401434168; 7005290743","High yield production of four-carbon dicarboxylic acids by metabolically engineered Escherichia coli","2018","Journal of Industrial Microbiology and Biotechnology","45","1","","53","60","18","10.1007/s10295-017-1991-3","https://www.scopus.com/pages/publications/85035794143?origin=resultslist","Article","Final","","Scopus","2-s2.0-85035794143"
"González G.; Alea J.","González, Gustavo (7202571024); Alea, Jacqueline (6506750615)","7202571024; 6506750615","Pepsin immobilised by covalent binding to a chitosan derivative","1995","Journal of Chemical Technology & Biotechnology","63","3","","247","248","4","10.1002/jctb.280630308","https://www.scopus.com/pages/publications/0029038327?origin=resultslist","Article","Final","","Scopus","2-s2.0-0029038327"
"Cea G.; Wilson L.; Bolívar J.M.; Markovits A.; Illanes A.","Cea, Glenda (55260163800); Wilson, Lorena (7403520925); Bolívar, Juan Manuel (12800607800); Markovits, Andrés (7003325728); Illanes, Andrés (7004170275)","55260163800; 7403520925; 12800607800; 7003325728; 7004170275","Effect of chain length on the activity of free and immobilized alcohol dehydrogenase towards aliphatic alcohols","2009","Enzyme and Microbial Technology","44","3","","135","138","19","10.1016/j.enzmictec.2008.10.021","https://www.scopus.com/pages/publications/58149305792?origin=resultslist","Article","Final","All Open Access; Green Open Access","Scopus","2-s2.0-58149305792"
"Vidal C.L.; Schmal R.F.; Rivero S.; Villarroel R.H.","Vidal, Cristian L. (58628874800); Schmal, Rodolfo F. (35606201500); Rivero, Sabino (55619376300); Villarroel, Rodolfo H. (12764593200)","58628874800; 35606201500; 55619376300; 12764593200","A review about symbolic execution of computer programs; [Una revisión sobre la ejecución simbólica de programas computacionales]","2014","Informacion Tecnologica","25","3","","115","124","0","10.4067/S0718-07642014000300014","https://www.scopus.com/pages/publications/84905261915?origin=resultslist","Review","Final","All Open Access; Gold Open Access","Scopus","2-s2.0-84905261915"
"Morales-Martínez T.K.; Díaz-Blanco D.I.; Rodríguez-de la Garza J.A.; Morlett-Chávez J.; Castro-Montoya A.J.; Quintero J.; Aroca G.; Rios-González L.J.","Morales-Martínez, Thelma K. (56429691200); Díaz-Blanco, Deniss I. (57196321259); Rodríguez-de la Garza, José A. (56002774700); Morlett-Chávez, Jesús (56013652400); Castro-Montoya, Agustín J. (7801312977); Quintero, Julián (23482772800); Aroca, Germán (6603177229); Rios-González, Leopoldo J. (56002774300)","56429691200; 57196321259; 56002774700; 56013652400; 7801312977; 23482772800; 6603177229; 56002774300","Assessment of different saccharification and fermentation configurations for ethanol production from Agave lechuguilla","2017","BioResources","12","4","","8093","8105","14","10.15376/biores.12.4.8093-8015","https://www.scopus.com/pages/publications/85032647222?origin=resultslist","Article","Final","","Scopus","2-s2.0-85032647222"
"Carrera J.; Jubany I.; Carvallo L.; Chamy R.; Lafuente J.","Carrera, Julián (7004569887); Jubany, Irene (16052718600); Carvallo, Lorena (6506001885); Chamy, Rolando (6603874955); Lafuente, Javier (7007026752)","7004569887; 16052718600; 6506001885; 6603874955; 7007026752","Kinetic models for nitrification inhibition by ammonium and nitrite in a suspended and an immobilised biomass systems","2004","Process Biochemistry","39","9","","1159","1165","135","10.1016/S0032-9592(03)00214-0","https://www.scopus.com/pages/publications/1942438518?origin=resultslist","Article","Final","","Scopus","2-s2.0-1942438518"
