fuente,universidad,anio_dato,ventana,variable,valor,unidad,definicion,url,fecha_descarga,metodo
qs,Pontificia Universidad Catolica de Chile,2024,,qs_puntaje_reputacion_academica_latam,100.0,puntaje 0-100,"Encuesta de reputación académica · QS latam 2024, puntaje normalizado",KAI/QS/DatosQS/QS LATAM/2024 QS LATAM Rankings Results v1.0 (For qs.com).xlsx,2026-09-25T04:18:50+00:00,archivo del repositorio
qs,Pontificia Universidad Catolica de Chile,2024,,qs_puntaje_reputacion_empleadores_latam,100.0,puntaje 0-100,"Encuesta de reputación entre empleadores · QS latam 2024, puntaje normalizado",KAI/QS/DatosQS/QS LATAM/2024 QS LATAM Rankings Results v1.0 (For qs.com).xlsx,2026-09-25T04:18:50+00:00,archivo del repositorio
qs,Pontificia Universidad Catolica de Chile,2024,,qs_puntaje_ratio_academicos_latam,49.4,puntaje 0-100,"Razón de académicos por estudiante · QS latam 2024, puntaje normalizado",KAI/QS/DatosQS/QS LATAM/2024 QS LATAM Rankings Results v1.0 (For qs.com).xlsx,2026-09-25T04:18:50+00:00,archivo del repositorio
qs,Pontificia Universidad Catolica de Chile,2024,,qs_puntaje_articulos_por_academico_latam,96.9,puntaje 0-100,"Artículos por académico · QS latam 2024, puntaje normalizado",KAI/QS/DatosQS/QS LATAM/2024 QS LATAM Rankings Results v1.0 (For qs.com).xlsx,2026-09-25T04:18:50+00:00,archivo del repositorio
qs,Pontificia Universidad Catolica de Chile,2024,,qs_puntaje_citas_por_articulo_latam,87.0,puntaje 0-100,"Citas por artículo · QS latam 2024, puntaje normalizado",KAI/QS/DatosQS/QS LATAM/2024 QS LATAM Rankings Results v1.0 (For qs.com).xlsx,2026-09-25T04:18:50+00:00,archivo del repositorio
qs,Pontificia Universidad Catolica de Chile,2024,,qs_puntaje_academicos_con_doctorado_latam,91.9,puntaje 0-100,"Proporción de académicos con doctorado · QS latam 2024, puntaje normalizado",KAI/QS/DatosQS/QS LATAM/2024 QS LATAM Rankings Results v1.0 (For qs.com).xlsx,2026-09-25T04:18:50+00:00,archivo del repositorio
qs,Pontificia Universidad Catolica de Chile,2024,,qs_puntaje_red_internacional_latam,99.9,puntaje 0-100,"Red internacional de investigación · QS latam 2024, puntaje normalizado",KAI/QS/DatosQS/QS LATAM/2024 QS LATAM Rankings Results v1.0 (For qs.com).xlsx,2026-09-25T04:18:50+00:00,archivo del repositorio
qs,Pontificia Universidad Catolica de Chile,2024,,qs_puntaje_impacto_web_latam,83.7,puntaje 0-100,"Impacto web, derivado de Webometrics · QS latam 2024, puntaje normalizado",KAI/QS/DatosQS/QS LATAM/2024 QS LATAM Rankings Results v1.0 (For qs.com).xlsx,2026-09-25T04:18:50+00:00,archivo del repositorio
qs,Pontificia Universidad Catolica de Chile,2024,,qs_puntaje_global_latam,99.1,puntaje 0-100,"Puntaje global de la edición · QS latam 2024, puntaje normalizado",KAI/QS/DatosQS/QS LATAM/2024 QS LATAM Rankings Results v1.0 (For qs.com).xlsx,2026-09-25T04:18:50+00:00,archivo del repositorio
qs,Universidad de Chile,2024,,qs_puntaje_reputacion_academica_latam,100.0,puntaje 0-100,"Encuesta de reputación académica · QS latam 2024, puntaje normalizado",KAI/QS/DatosQS/QS LATAM/2024 QS LATAM Rankings Results v1.0 (For qs.com).xlsx,2026-09-25T04:18:50+00:00,archivo del repositorio
qs,Universidad de Chile,2024,,qs_puntaje_reputacion_empleadores_latam,100.0,puntaje 0-100,"Encuesta de reputación entre empleadores · QS latam 2024, puntaje normalizado",KAI/QS/DatosQS/QS LATAM/2024 QS LATAM Rankings Results v1.0 (For qs.com).xlsx,2026-09-25T04:18:50+00:00,archivo del repositorio
qs,Universidad de Chile,2024,,qs_puntaje_ratio_academicos_latam,24.6,puntaje 0-100,"Razón de académicos por estudiante · QS latam 2024, puntaje normalizado",KAI/QS/DatosQS/QS LATAM/2024 QS LATAM Rankings Results v1.0 (For qs.com).xlsx,2026-09-25T04:18:50+00:00,archivo del repositorio
qs,Universidad de Chile,2024,,qs_puntaje_articulos_por_academico_latam,98.4,puntaje 0-100,"Artículos por académico · QS latam 2024, puntaje normalizado",KAI/QS/DatosQS/QS LATAM/2024 QS LATAM Rankings Results v1.0 (For qs.com).xlsx,2026-09-25T04:18:50+00:00,archivo del repositorio
qs,Universidad de Chile,2024,,qs_puntaje_citas_por_articulo_latam,83.1,puntaje 0-100,"Citas por artículo · QS latam 2024, puntaje normalizado",KAI/QS/DatosQS/QS LATAM/2024 QS LATAM Rankings Results v1.0 (For qs.com).xlsx,2026-09-25T04:18:50+00:00,archivo del repositorio
qs,Universidad de Chile,2024,,qs_puntaje_academicos_con_doctorado_latam,73.7,puntaje 0-100,"Proporción de académicos con doctorado · QS latam 2024, puntaje normalizado",KAI/QS/DatosQS/QS LATAM/2024 QS LATAM Rankings Results v1.0 (For qs.com).xlsx,2026-09-25T04:18:50+00:00,archivo del repositorio
qs,Universidad de Chile,2024,,qs_puntaje_red_internacional_latam,99.8,puntaje 0-100,"Red internacional de investigación · QS latam 2024, puntaje normalizado",KAI/QS/DatosQS/QS LATAM/2024 QS LATAM Rankings Results v1.0 (For qs.com).xlsx,2026-09-25T04:18:50+00:00,archivo del repositorio
qs,Universidad de Chile,2024,,qs_puntaje_impacto_web_latam,99.2,puntaje 0-100,"Impacto web, derivado de Webometrics · QS latam 2024, puntaje normalizado",KAI/QS/DatosQS/QS LATAM/2024 QS LATAM Rankings Results v1.0 (For qs.com).xlsx,2026-09-25T04:18:50+00:00,archivo del repositorio
qs,Universidad de Chile,2024,,qs_puntaje_global_latam,94.9,puntaje 0-100,"Puntaje global de la edición · QS latam 2024, puntaje normalizado",KAI/QS/DatosQS/QS LATAM/2024 QS LATAM Rankings Results v1.0 (For qs.com).xlsx,2026-09-25T04:18:50+00:00,archivo del repositorio
qs,Universidad de Concepcion,2024,,qs_puntaje_reputacion_academica_latam,80.7,puntaje 0-100,"Encuesta de reputación académica · QS latam 2024, puntaje normalizado",KAI/QS/DatosQS/QS LATAM/2024 QS LATAM Rankings Results v1.0 (For qs.com).xlsx,2026-09-25T04:18:50+00:00,archivo del repositorio
qs,Universidad de Concepcion,2024,,qs_puntaje_reputacion_empleadores_latam,84.9,puntaje 0-100,"Encuesta de reputación entre empleadores · QS latam 2024, puntaje normalizado",KAI/QS/DatosQS/QS LATAM/2024 QS LATAM Rankings Results v1.0 (For qs.com).xlsx,2026-09-25T04:18:50+00:00,archivo del repositorio
qs,Universidad de Concepcion,2024,,qs_puntaje_ratio_academicos_latam,32.0,puntaje 0-100,"Razón de académicos por estudiante · QS latam 2024, puntaje normalizado",KAI/QS/DatosQS/QS LATAM/2024 QS LATAM Rankings Results v1.0 (For qs.com).xlsx,2026-09-25T04:18:50+00:00,archivo del repositorio
qs,Universidad de Concepcion,2024,,qs_puntaje_articulos_por_academico_latam,82.7,puntaje 0-100,"Artículos por académico · QS latam 2024, puntaje normalizado",KAI/QS/DatosQS/QS LATAM/2024 QS LATAM Rankings Results v1.0 (For qs.com).xlsx,2026-09-25T04:18:50+00:00,archivo del repositorio
qs,Universidad de Concepcion,2024,,qs_puntaje_citas_por_articulo_latam,88.7,puntaje 0-100,"Citas por artículo · QS latam 2024, puntaje normalizado",KAI/QS/DatosQS/QS LATAM/2024 QS LATAM Rankings Results v1.0 (For qs.com).xlsx,2026-09-25T04:18:50+00:00,archivo del repositorio
qs,Universidad de Concepcion,2024,,qs_puntaje_academicos_con_doctorado_latam,66.3,puntaje 0-100,"Proporción de académicos con doctorado · QS latam 2024, puntaje normalizado",KAI/QS/DatosQS/QS LATAM/2024 QS LATAM Rankings Results v1.0 (For qs.com).xlsx,2026-09-25T04:18:50+00:00,archivo del repositorio
qs,Universidad de Concepcion,2024,,qs_puntaje_red_internacional_latam,97.8,puntaje 0-100,"Red internacional de investigación · QS latam 2024, puntaje normalizado",KAI/QS/DatosQS/QS LATAM/2024 QS LATAM Rankings Results v1.0 (For qs.com).xlsx,2026-09-25T04:18:50+00:00,archivo del repositorio
qs,Universidad de Concepcion,2024,,qs_puntaje_impacto_web_latam,84.5,puntaje 0-100,"Impacto web, derivado de Webometrics · QS latam 2024, puntaje normalizado",KAI/QS/DatosQS/QS LATAM/2024 QS LATAM Rankings Results v1.0 (For qs.com).xlsx,2026-09-25T04:18:50+00:00,archivo del repositorio
qs,Universidad de Concepcion,2024,,qs_puntaje_global_latam,84.1,puntaje 0-100,"Puntaje global de la edición · QS latam 2024, puntaje normalizado",KAI/QS/DatosQS/QS LATAM/2024 QS LATAM Rankings Results v1.0 (For qs.com).xlsx,2026-09-25T04:18:50+00:00,archivo del repositorio
qs,Universidad de Santiago de Chile,2024,,qs_puntaje_reputacion_academica_latam,94.5,puntaje 0-100,"Encuesta de reputación académica · QS latam 2024, puntaje normalizado",KAI/QS/DatosQS/QS LATAM/2024 QS LATAM Rankings Results v1.0 (For qs.com).xlsx,2026-09-25T04:18:50+00:00,archivo del repositorio
qs,Universidad de Santiago de Chile,2024,,qs_puntaje_reputacion_empleadores_latam,95.0,puntaje 0-100,"Encuesta de reputación entre empleadores · QS latam 2024, puntaje normalizado",KAI/QS/DatosQS/QS LATAM/2024 QS LATAM Rankings Results v1.0 (For qs.com).xlsx,2026-09-25T04:18:50+00:00,archivo del repositorio
qs,Universidad de Santiago de Chile,2024,,qs_puntaje_ratio_academicos_latam,24.8,puntaje 0-100,"Razón de académicos por estudiante · QS latam 2024, puntaje normalizado",KAI/QS/DatosQS/QS LATAM/2024 QS LATAM Rankings Results v1.0 (For qs.com).xlsx,2026-09-25T04:18:50+00:00,archivo del repositorio
qs,Universidad de Santiago de Chile,2024,,qs_puntaje_articulos_por_academico_latam,68.7,puntaje 0-100,"Artículos por académico · QS latam 2024, puntaje normalizado",KAI/QS/DatosQS/QS LATAM/2024 QS LATAM Rankings Results v1.0 (For qs.com).xlsx,2026-09-25T04:18:50+00:00,archivo del repositorio
qs,Universidad de Santiago de Chile,2024,,qs_puntaje_citas_por_articulo_latam,33.0,puntaje 0-100,"Citas por artículo · QS latam 2024, puntaje normalizado",KAI/QS/DatosQS/QS LATAM/2024 QS LATAM Rankings Results v1.0 (For qs.com).xlsx,2026-09-25T04:18:50+00:00,archivo del repositorio
qs,Universidad de Santiago de Chile,2024,,qs_puntaje_academicos_con_doctorado_latam,38.1,puntaje 0-100,"Proporción de académicos con doctorado · QS latam 2024, puntaje normalizado",KAI/QS/DatosQS/QS LATAM/2024 QS LATAM Rankings Results v1.0 (For qs.com).xlsx,2026-09-25T04:18:50+00:00,archivo del repositorio
qs,Universidad de Santiago de Chile,2024,,qs_puntaje_red_internacional_latam,93.8,puntaje 0-100,"Red internacional de investigación · QS latam 2024, puntaje normalizado",KAI/QS/DatosQS/QS LATAM/2024 QS LATAM Rankings Results v1.0 (For qs.com).xlsx,2026-09-25T04:18:50+00:00,archivo del repositorio
qs,Universidad de Santiago de Chile,2024,,qs_puntaje_impacto_web_latam,45.4,puntaje 0-100,"Impacto web, derivado de Webometrics · QS latam 2024, puntaje normalizado",KAI/QS/DatosQS/QS LATAM/2024 QS LATAM Rankings Results v1.0 (For qs.com).xlsx,2026-09-25T04:18:50+00:00,archivo del repositorio
qs,Universidad de Santiago de Chile,2024,,qs_puntaje_global_latam,77.6,puntaje 0-100,"Puntaje global de la edición · QS latam 2024, puntaje normalizado",KAI/QS/DatosQS/QS LATAM/2024 QS LATAM Rankings Results v1.0 (For qs.com).xlsx,2026-09-25T04:18:50+00:00,archivo del repositorio
qs,Pontificia Universidad Catolica de Valparaiso,2024,,qs_puntaje_reputacion_academica_latam,78.9,puntaje 0-100,"Encuesta de reputación académica · QS latam 2024, puntaje normalizado",KAI/QS/DatosQS/QS LATAM/2024 QS LATAM Rankings Results v1.0 (For qs.com).xlsx,2026-09-25T04:18:50+00:00,archivo del repositorio
qs,Pontificia Universidad Catolica de Valparaiso,2024,,qs_puntaje_reputacion_empleadores_latam,69.8,puntaje 0-100,"Encuesta de reputación entre empleadores · QS latam 2024, puntaje normalizado",KAI/QS/DatosQS/QS LATAM/2024 QS LATAM Rankings Results v1.0 (For qs.com).xlsx,2026-09-25T04:18:50+00:00,archivo del repositorio
qs,Pontificia Universidad Catolica de Valparaiso,2024,,qs_puntaje_ratio_academicos_latam,14.4,puntaje 0-100,"Razón de académicos por estudiante · QS latam 2024, puntaje normalizado",KAI/QS/DatosQS/QS LATAM/2024 QS LATAM Rankings Results v1.0 (For qs.com).xlsx,2026-09-25T04:18:50+00:00,archivo del repositorio
qs,Pontificia Universidad Catolica de Valparaiso,2024,,qs_puntaje_articulos_por_academico_latam,96.1,puntaje 0-100,"Artículos por académico · QS latam 2024, puntaje normalizado",KAI/QS/DatosQS/QS LATAM/2024 QS LATAM Rankings Results v1.0 (For qs.com).xlsx,2026-09-25T04:18:50+00:00,archivo del repositorio
qs,Pontificia Universidad Catolica de Valparaiso,2024,,qs_puntaje_citas_por_articulo_latam,24.5,puntaje 0-100,"Citas por artículo · QS latam 2024, puntaje normalizado",KAI/QS/DatosQS/QS LATAM/2024 QS LATAM Rankings Results v1.0 (For qs.com).xlsx,2026-09-25T04:18:50+00:00,archivo del repositorio
qs,Pontificia Universidad Catolica de Valparaiso,2024,,qs_puntaje_academicos_con_doctorado_latam,69.0,puntaje 0-100,"Proporción de académicos con doctorado · QS latam 2024, puntaje normalizado",KAI/QS/DatosQS/QS LATAM/2024 QS LATAM Rankings Results v1.0 (For qs.com).xlsx,2026-09-25T04:18:50+00:00,archivo del repositorio
qs,Pontificia Universidad Catolica de Valparaiso,2024,,qs_puntaje_red_internacional_latam,91.3,puntaje 0-100,"Red internacional de investigación · QS latam 2024, puntaje normalizado",KAI/QS/DatosQS/QS LATAM/2024 QS LATAM Rankings Results v1.0 (For qs.com).xlsx,2026-09-25T04:18:50+00:00,archivo del repositorio
qs,Pontificia Universidad Catolica de Valparaiso,2024,,qs_puntaje_impacto_web_latam,31.8,puntaje 0-100,"Impacto web, derivado de Webometrics · QS latam 2024, puntaje normalizado",KAI/QS/DatosQS/QS LATAM/2024 QS LATAM Rankings Results v1.0 (For qs.com).xlsx,2026-09-25T04:18:50+00:00,archivo del repositorio
qs,Pontificia Universidad Catolica de Valparaiso,2024,,qs_puntaje_global_latam,68.8,puntaje 0-100,"Puntaje global de la edición · QS latam 2024, puntaje normalizado",KAI/QS/DatosQS/QS LATAM/2024 QS LATAM Rankings Results v1.0 (For qs.com).xlsx,2026-09-25T04:18:50+00:00,archivo del repositorio
qs,Universidad Adolfo Ibanez,2024,,qs_puntaje_reputacion_academica_latam,63.5,puntaje 0-100,"Encuesta de reputación académica · QS latam 2024, puntaje normalizado",KAI/QS/DatosQS/QS LATAM/2024 QS LATAM Rankings Results v1.0 (For qs.com).xlsx,2026-09-25T04:18:50+00:00,archivo del repositorio
qs,Universidad Adolfo Ibanez,2024,,qs_puntaje_reputacion_empleadores_latam,97.2,puntaje 0-100,"Encuesta de reputación entre empleadores · QS latam 2024, puntaje normalizado",KAI/QS/DatosQS/QS LATAM/2024 QS LATAM Rankings Results v1.0 (For qs.com).xlsx,2026-09-25T04:18:50+00:00,archivo del repositorio
qs,Universidad Adolfo Ibanez,2024,,qs_puntaje_ratio_academicos_latam,15.2,puntaje 0-100,"Razón de académicos por estudiante · QS latam 2024, puntaje normalizado",KAI/QS/DatosQS/QS LATAM/2024 QS LATAM Rankings Results v1.0 (For qs.com).xlsx,2026-09-25T04:18:50+00:00,archivo del repositorio
qs,Universidad Adolfo Ibanez,2024,,qs_puntaje_articulos_por_academico_latam,80.3,puntaje 0-100,"Artículos por académico · QS latam 2024, puntaje normalizado",KAI/QS/DatosQS/QS LATAM/2024 QS LATAM Rankings Results v1.0 (For qs.com).xlsx,2026-09-25T04:18:50+00:00,archivo del repositorio
qs,Universidad Adolfo Ibanez,2024,,qs_puntaje_citas_por_articulo_latam,21.2,puntaje 0-100,"Citas por artículo · QS latam 2024, puntaje normalizado",KAI/QS/DatosQS/QS LATAM/2024 QS LATAM Rankings Results v1.0 (For qs.com).xlsx,2026-09-25T04:18:50+00:00,archivo del repositorio
qs,Universidad Adolfo Ibanez,2024,,qs_puntaje_academicos_con_doctorado_latam,85.0,puntaje 0-100,"Proporción de académicos con doctorado · QS latam 2024, puntaje normalizado",KAI/QS/DatosQS/QS LATAM/2024 QS LATAM Rankings Results v1.0 (For qs.com).xlsx,2026-09-25T04:18:50+00:00,archivo del repositorio
qs,Universidad Adolfo Ibanez,2024,,qs_puntaje_red_internacional_latam,60.8,puntaje 0-100,"Red internacional de investigación · QS latam 2024, puntaje normalizado",KAI/QS/DatosQS/QS LATAM/2024 QS LATAM Rankings Results v1.0 (For qs.com).xlsx,2026-09-25T04:18:50+00:00,archivo del repositorio
qs,Universidad Adolfo Ibanez,2024,,qs_puntaje_impacto_web_latam,29.3,puntaje 0-100,"Impacto web, derivado de Webometrics · QS latam 2024, puntaje normalizado",KAI/QS/DatosQS/QS LATAM/2024 QS LATAM Rankings Results v1.0 (For qs.com).xlsx,2026-09-25T04:18:50+00:00,archivo del repositorio
qs,Universidad Adolfo Ibanez,2024,,qs_puntaje_global_latam,66.9,puntaje 0-100,"Puntaje global de la edición · QS latam 2024, puntaje normalizado",KAI/QS/DatosQS/QS LATAM/2024 QS LATAM Rankings Results v1.0 (For qs.com).xlsx,2026-09-25T04:18:50+00:00,archivo del repositorio
qs,Universidad Tecnica Federico Santa Maria,2024,,qs_puntaje_reputacion_academica_latam,40.8,puntaje 0-100,"Encuesta de reputación académica · QS latam 2024, puntaje normalizado",KAI/QS/DatosQS/QS LATAM/2024 QS LATAM Rankings Results v1.0 (For qs.com).xlsx,2026-09-25T04:18:50+00:00,archivo del repositorio
qs,Universidad Tecnica Federico Santa Maria,2024,,qs_puntaje_reputacion_empleadores_latam,80.0,puntaje 0-100,"Encuesta de reputación entre empleadores · QS latam 2024, puntaje normalizado",KAI/QS/DatosQS/QS LATAM/2024 QS LATAM Rankings Results v1.0 (For qs.com).xlsx,2026-09-25T04:18:50+00:00,archivo del repositorio
qs,Universidad Tecnica Federico Santa Maria,2024,,qs_puntaje_ratio_academicos_latam,9.5,puntaje 0-100,"Razón de académicos por estudiante · QS latam 2024, puntaje normalizado",KAI/QS/DatosQS/QS LATAM/2024 QS LATAM Rankings Results v1.0 (For qs.com).xlsx,2026-09-25T04:18:50+00:00,archivo del repositorio
qs,Universidad Tecnica Federico Santa Maria,2024,,qs_puntaje_articulos_por_academico_latam,73.6,puntaje 0-100,"Artículos por académico · QS latam 2024, puntaje normalizado",KAI/QS/DatosQS/QS LATAM/2024 QS LATAM Rankings Results v1.0 (For qs.com).xlsx,2026-09-25T04:18:50+00:00,archivo del repositorio
qs,Universidad Tecnica Federico Santa Maria,2024,,qs_puntaje_citas_por_articulo_latam,80.6,puntaje 0-100,"Citas por artículo · QS latam 2024, puntaje normalizado",KAI/QS/DatosQS/QS LATAM/2024 QS LATAM Rankings Results v1.0 (For qs.com).xlsx,2026-09-25T04:18:50+00:00,archivo del repositorio
qs,Universidad Tecnica Federico Santa Maria,2024,,qs_puntaje_academicos_con_doctorado_latam,57.5,puntaje 0-100,"Proporción de académicos con doctorado · QS latam 2024, puntaje normalizado",KAI/QS/DatosQS/QS LATAM/2024 QS LATAM Rankings Results v1.0 (For qs.com).xlsx,2026-09-25T04:18:50+00:00,archivo del repositorio
qs,Universidad Tecnica Federico Santa Maria,2024,,qs_puntaje_red_internacional_latam,95.4,puntaje 0-100,"Red internacional de investigación · QS latam 2024, puntaje normalizado",KAI/QS/DatosQS/QS LATAM/2024 QS LATAM Rankings Results v1.0 (For qs.com).xlsx,2026-09-25T04:18:50+00:00,archivo del repositorio
qs,Universidad Tecnica Federico Santa Maria,2024,,qs_puntaje_impacto_web_latam,27.0,puntaje 0-100,"Impacto web, derivado de Webometrics · QS latam 2024, puntaje normalizado",KAI/QS/DatosQS/QS LATAM/2024 QS LATAM Rankings Results v1.0 (For qs.com).xlsx,2026-09-25T04:18:50+00:00,archivo del repositorio
qs,Universidad Tecnica Federico Santa Maria,2024,,qs_puntaje_global_latam,61.9,puntaje 0-100,"Puntaje global de la edición · QS latam 2024, puntaje normalizado",KAI/QS/DatosQS/QS LATAM/2024 QS LATAM Rankings Results v1.0 (For qs.com).xlsx,2026-09-25T04:18:50+00:00,archivo del repositorio
qs,Universidad Diego Portales,2024,,qs_puntaje_reputacion_academica_latam,56.9,puntaje 0-100,"Encuesta de reputación académica · QS latam 2024, puntaje normalizado",KAI/QS/DatosQS/QS LATAM/2024 QS LATAM Rankings Results v1.0 (For qs.com).xlsx,2026-09-25T04:18:50+00:00,archivo del repositorio
qs,Universidad Diego Portales,2024,,qs_puntaje_reputacion_empleadores_latam,72.6,puntaje 0-100,"Encuesta de reputación entre empleadores · QS latam 2024, puntaje normalizado",KAI/QS/DatosQS/QS LATAM/2024 QS LATAM Rankings Results v1.0 (For qs.com).xlsx,2026-09-25T04:18:50+00:00,archivo del repositorio
qs,Universidad Diego Portales,2024,,qs_puntaje_ratio_academicos_latam,24.6,puntaje 0-100,"Razón de académicos por estudiante · QS latam 2024, puntaje normalizado",KAI/QS/DatosQS/QS LATAM/2024 QS LATAM Rankings Results v1.0 (For qs.com).xlsx,2026-09-25T04:18:50+00:00,archivo del repositorio
qs,Universidad Diego Portales,2024,,qs_puntaje_articulos_por_academico_latam,33.7,puntaje 0-100,"Artículos por académico · QS latam 2024, puntaje normalizado",KAI/QS/DatosQS/QS LATAM/2024 QS LATAM Rankings Results v1.0 (For qs.com).xlsx,2026-09-25T04:18:50+00:00,archivo del repositorio
qs,Universidad Diego Portales,2024,,qs_puntaje_citas_por_articulo_latam,100.0,puntaje 0-100,"Citas por artículo · QS latam 2024, puntaje normalizado",KAI/QS/DatosQS/QS LATAM/2024 QS LATAM Rankings Results v1.0 (For qs.com).xlsx,2026-09-25T04:18:50+00:00,archivo del repositorio
qs,Universidad Diego Portales,2024,,qs_puntaje_academicos_con_doctorado_latam,19.8,puntaje 0-100,"Proporción de académicos con doctorado · QS latam 2024, puntaje normalizado",KAI/QS/DatosQS/QS LATAM/2024 QS LATAM Rankings Results v1.0 (For qs.com).xlsx,2026-09-25T04:18:50+00:00,archivo del repositorio
qs,Universidad Diego Portales,2024,,qs_puntaje_red_internacional_latam,84.1,puntaje 0-100,"Red internacional de investigación · QS latam 2024, puntaje normalizado",KAI/QS/DatosQS/QS LATAM/2024 QS LATAM Rankings Results v1.0 (For qs.com).xlsx,2026-09-25T04:18:50+00:00,archivo del repositorio
qs,Universidad Diego Portales,2024,,qs_puntaje_impacto_web_latam,17.7,puntaje 0-100,"Impacto web, derivado de Webometrics · QS latam 2024, puntaje normalizado",KAI/QS/DatosQS/QS LATAM/2024 QS LATAM Rankings Results v1.0 (For qs.com).xlsx,2026-09-25T04:18:50+00:00,archivo del repositorio
qs,Universidad Diego Portales,2024,,qs_puntaje_global_latam,61.3,puntaje 0-100,"Puntaje global de la edición · QS latam 2024, puntaje normalizado",KAI/QS/DatosQS/QS LATAM/2024 QS LATAM Rankings Results v1.0 (For qs.com).xlsx,2026-09-25T04:18:50+00:00,archivo del repositorio
qs,Universidad Austral de Chile,2024,,qs_puntaje_reputacion_academica_latam,58.6,puntaje 0-100,"Encuesta de reputación académica · QS latam 2024, puntaje normalizado",KAI/QS/DatosQS/QS LATAM/2024 QS LATAM Rankings Results v1.0 (For qs.com).xlsx,2026-09-25T04:18:50+00:00,archivo del repositorio
qs,Universidad Austral de Chile,2024,,qs_puntaje_reputacion_empleadores_latam,47.5,puntaje 0-100,"Encuesta de reputación entre empleadores · QS latam 2024, puntaje normalizado",KAI/QS/DatosQS/QS LATAM/2024 QS LATAM Rankings Results v1.0 (For qs.com).xlsx,2026-09-25T04:18:50+00:00,archivo del repositorio
qs,Universidad Austral de Chile,2024,,qs_puntaje_ratio_academicos_latam,10.2,puntaje 0-100,"Razón de académicos por estudiante · QS latam 2024, puntaje normalizado",KAI/QS/DatosQS/QS LATAM/2024 QS LATAM Rankings Results v1.0 (For qs.com).xlsx,2026-09-25T04:18:50+00:00,archivo del repositorio
qs,Universidad Austral de Chile,2024,,qs_puntaje_articulos_por_academico_latam,95.4,puntaje 0-100,"Artículos por académico · QS latam 2024, puntaje normalizado",KAI/QS/DatosQS/QS LATAM/2024 QS LATAM Rankings Results v1.0 (For qs.com).xlsx,2026-09-25T04:18:50+00:00,archivo del repositorio
qs,Universidad Austral de Chile,2024,,qs_puntaje_citas_por_articulo_latam,27.1,puntaje 0-100,"Citas por artículo · QS latam 2024, puntaje normalizado",KAI/QS/DatosQS/QS LATAM/2024 QS LATAM Rankings Results v1.0 (For qs.com).xlsx,2026-09-25T04:18:50+00:00,archivo del repositorio
qs,Universidad Austral de Chile,2024,,qs_puntaje_academicos_con_doctorado_latam,88.8,puntaje 0-100,"Proporción de académicos con doctorado · QS latam 2024, puntaje normalizado",KAI/QS/DatosQS/QS LATAM/2024 QS LATAM Rankings Results v1.0 (For qs.com).xlsx,2026-09-25T04:18:50+00:00,archivo del repositorio
qs,Universidad Austral de Chile,2024,,qs_puntaje_red_internacional_latam,94.1,puntaje 0-100,"Red internacional de investigación · QS latam 2024, puntaje normalizado",KAI/QS/DatosQS/QS LATAM/2024 QS LATAM Rankings Results v1.0 (For qs.com).xlsx,2026-09-25T04:18:50+00:00,archivo del repositorio
qs,Universidad Austral de Chile,2024,,qs_puntaje_impacto_web_latam,43.0,puntaje 0-100,"Impacto web, derivado de Webometrics · QS latam 2024, puntaje normalizado",KAI/QS/DatosQS/QS LATAM/2024 QS LATAM Rankings Results v1.0 (For qs.com).xlsx,2026-09-25T04:18:50+00:00,archivo del repositorio
qs,Universidad Austral de Chile,2024,,qs_puntaje_global_latam,60.2,puntaje 0-100,"Puntaje global de la edición · QS latam 2024, puntaje normalizado",KAI/QS/DatosQS/QS LATAM/2024 QS LATAM Rankings Results v1.0 (For qs.com).xlsx,2026-09-25T04:18:50+00:00,archivo del repositorio
qs,Universidad de los Andes,2024,,qs_puntaje_reputacion_academica_latam,53.1,puntaje 0-100,"Encuesta de reputación académica · QS latam 2024, puntaje normalizado",KAI/QS/DatosQS/QS LATAM/2024 QS LATAM Rankings Results v1.0 (For qs.com).xlsx,2026-09-25T04:18:50+00:00,archivo del repositorio
qs,Universidad de los Andes,2024,,qs_puntaje_reputacion_empleadores_latam,75.3,puntaje 0-100,"Encuesta de reputación entre empleadores · QS latam 2024, puntaje normalizado",KAI/QS/DatosQS/QS LATAM/2024 QS LATAM Rankings Results v1.0 (For qs.com).xlsx,2026-09-25T04:18:50+00:00,archivo del repositorio
qs,Universidad de los Andes,2024,,qs_puntaje_ratio_academicos_latam,25.4,puntaje 0-100,"Razón de académicos por estudiante · QS latam 2024, puntaje normalizado",KAI/QS/DatosQS/QS LATAM/2024 QS LATAM Rankings Results v1.0 (For qs.com).xlsx,2026-09-25T04:18:50+00:00,archivo del repositorio
qs,Universidad de los Andes,2024,,qs_puntaje_articulos_por_academico_latam,50.2,puntaje 0-100,"Artículos por académico · QS latam 2024, puntaje normalizado",KAI/QS/DatosQS/QS LATAM/2024 QS LATAM Rankings Results v1.0 (For qs.com).xlsx,2026-09-25T04:18:50+00:00,archivo del repositorio
qs,Universidad de los Andes,2024,,qs_puntaje_citas_por_articulo_latam,26.9,puntaje 0-100,"Citas por artículo · QS latam 2024, puntaje normalizado",KAI/QS/DatosQS/QS LATAM/2024 QS LATAM Rankings Results v1.0 (For qs.com).xlsx,2026-09-25T04:18:50+00:00,archivo del repositorio
qs,Universidad de los Andes,2024,,qs_puntaje_academicos_con_doctorado_latam,35.1,puntaje 0-100,"Proporción de académicos con doctorado · QS latam 2024, puntaje normalizado",KAI/QS/DatosQS/QS LATAM/2024 QS LATAM Rankings Results v1.0 (For qs.com).xlsx,2026-09-25T04:18:50+00:00,archivo del repositorio
qs,Universidad de los Andes,2024,,qs_puntaje_red_internacional_latam,61.3,puntaje 0-100,"Red internacional de investigación · QS latam 2024, puntaje normalizado",KAI/QS/DatosQS/QS LATAM/2024 QS LATAM Rankings Results v1.0 (For qs.com).xlsx,2026-09-25T04:18:50+00:00,archivo del repositorio
qs,Universidad de los Andes,2024,,qs_puntaje_impacto_web_latam,13.1,puntaje 0-100,"Impacto web, derivado de Webometrics · QS latam 2024, puntaje normalizado",KAI/QS/DatosQS/QS LATAM/2024 QS LATAM Rankings Results v1.0 (For qs.com).xlsx,2026-09-25T04:18:50+00:00,archivo del repositorio
qs,Universidad de los Andes,2024,,qs_puntaje_global_latam,52.6,puntaje 0-100,"Puntaje global de la edición · QS latam 2024, puntaje normalizado",KAI/QS/DatosQS/QS LATAM/2024 QS LATAM Rankings Results v1.0 (For qs.com).xlsx,2026-09-25T04:18:50+00:00,archivo del repositorio
qs,Universidad de Talca,2024,,qs_puntaje_reputacion_academica_latam,44.6,puntaje 0-100,"Encuesta de reputación académica · QS latam 2024, puntaje normalizado",KAI/QS/DatosQS/QS LATAM/2024 QS LATAM Rankings Results v1.0 (For qs.com).xlsx,2026-09-25T04:18:50+00:00,archivo del repositorio
qs,Universidad de Talca,2024,,qs_puntaje_reputacion_empleadores_latam,35.7,puntaje 0-100,"Encuesta de reputación entre empleadores · QS latam 2024, puntaje normalizado",KAI/QS/DatosQS/QS LATAM/2024 QS LATAM Rankings Results v1.0 (For qs.com).xlsx,2026-09-25T04:18:50+00:00,archivo del repositorio
qs,Universidad de Talca,2024,,qs_puntaje_ratio_academicos_latam,19.5,puntaje 0-100,"Razón de académicos por estudiante · QS latam 2024, puntaje normalizado",KAI/QS/DatosQS/QS LATAM/2024 QS LATAM Rankings Results v1.0 (For qs.com).xlsx,2026-09-25T04:18:50+00:00,archivo del repositorio
qs,Universidad de Talca,2024,,qs_puntaje_articulos_por_academico_latam,83.9,puntaje 0-100,"Artículos por académico · QS latam 2024, puntaje normalizado",KAI/QS/DatosQS/QS LATAM/2024 QS LATAM Rankings Results v1.0 (For qs.com).xlsx,2026-09-25T04:18:50+00:00,archivo del repositorio
qs,Universidad de Talca,2024,,qs_puntaje_citas_por_articulo_latam,48.6,puntaje 0-100,"Citas por artículo · QS latam 2024, puntaje normalizado",KAI/QS/DatosQS/QS LATAM/2024 QS LATAM Rankings Results v1.0 (For qs.com).xlsx,2026-09-25T04:18:50+00:00,archivo del repositorio
qs,Universidad de Talca,2024,,qs_puntaje_academicos_con_doctorado_latam,62.5,puntaje 0-100,"Proporción de académicos con doctorado · QS latam 2024, puntaje normalizado",KAI/QS/DatosQS/QS LATAM/2024 QS LATAM Rankings Results v1.0 (For qs.com).xlsx,2026-09-25T04:18:50+00:00,archivo del repositorio
qs,Universidad de Talca,2024,,qs_puntaje_red_internacional_latam,88.2,puntaje 0-100,"Red internacional de investigación · QS latam 2024, puntaje normalizado",KAI/QS/DatosQS/QS LATAM/2024 QS LATAM Rankings Results v1.0 (For qs.com).xlsx,2026-09-25T04:18:50+00:00,archivo del repositorio
qs,Universidad de Talca,2024,,qs_puntaje_impacto_web_latam,32.4,puntaje 0-100,"Impacto web, derivado de Webometrics · QS latam 2024, puntaje normalizado",KAI/QS/DatosQS/QS LATAM/2024 QS LATAM Rankings Results v1.0 (For qs.com).xlsx,2026-09-25T04:18:50+00:00,archivo del repositorio
qs,Universidad de Talca,2024,,qs_puntaje_global_latam,51.7,puntaje 0-100,"Puntaje global de la edición · QS latam 2024, puntaje normalizado",KAI/QS/DatosQS/QS LATAM/2024 QS LATAM Rankings Results v1.0 (For qs.com).xlsx,2026-09-25T04:18:50+00:00,archivo del repositorio
qs,Universidad de la Frontera,2024,,qs_puntaje_reputacion_academica_latam,39.2,puntaje 0-100,"Encuesta de reputación académica · QS latam 2024, puntaje normalizado",KAI/QS/DatosQS/QS LATAM/2024 QS LATAM Rankings Results v1.0 (For qs.com).xlsx,2026-09-25T04:18:50+00:00,archivo del repositorio
qs,Universidad de la Frontera,2024,,qs_puntaje_reputacion_empleadores_latam,20.9,puntaje 0-100,"Encuesta de reputación entre empleadores · QS latam 2024, puntaje normalizado",KAI/QS/DatosQS/QS LATAM/2024 QS LATAM Rankings Results v1.0 (For qs.com).xlsx,2026-09-25T04:18:50+00:00,archivo del repositorio
qs,Universidad de la Frontera,2024,,qs_puntaje_ratio_academicos_latam,12.8,puntaje 0-100,"Razón de académicos por estudiante · QS latam 2024, puntaje normalizado",KAI/QS/DatosQS/QS LATAM/2024 QS LATAM Rankings Results v1.0 (For qs.com).xlsx,2026-09-25T04:18:50+00:00,archivo del repositorio
qs,Universidad de la Frontera,2024,,qs_puntaje_articulos_por_academico_latam,93.6,puntaje 0-100,"Artículos por académico · QS latam 2024, puntaje normalizado",KAI/QS/DatosQS/QS LATAM/2024 QS LATAM Rankings Results v1.0 (For qs.com).xlsx,2026-09-25T04:18:50+00:00,archivo del repositorio
qs,Universidad de la Frontera,2024,,qs_puntaje_citas_por_articulo_latam,70.9,puntaje 0-100,"Citas por artículo · QS latam 2024, puntaje normalizado",KAI/QS/DatosQS/QS LATAM/2024 QS LATAM Rankings Results v1.0 (For qs.com).xlsx,2026-09-25T04:18:50+00:00,archivo del repositorio
qs,Universidad de la Frontera,2024,,qs_puntaje_academicos_con_doctorado_latam,68.4,puntaje 0-100,"Proporción de académicos con doctorado · QS latam 2024, puntaje normalizado",KAI/QS/DatosQS/QS LATAM/2024 QS LATAM Rankings Results v1.0 (For qs.com).xlsx,2026-09-25T04:18:50+00:00,archivo del repositorio
qs,Universidad de la Frontera,2024,,qs_puntaje_red_internacional_latam,95.3,puntaje 0-100,"Red internacional de investigación · QS latam 2024, puntaje normalizado",KAI/QS/DatosQS/QS LATAM/2024 QS LATAM Rankings Results v1.0 (For qs.com).xlsx,2026-09-25T04:18:50+00:00,archivo del repositorio
qs,Universidad de la Frontera,2024,,qs_puntaje_impacto_web_latam,24.0,puntaje 0-100,"Impacto web, derivado de Webometrics · QS latam 2024, puntaje normalizado",KAI/QS/DatosQS/QS LATAM/2024 QS LATAM Rankings Results v1.0 (For qs.com).xlsx,2026-09-25T04:18:50+00:00,archivo del repositorio
qs,Universidad de la Frontera,2024,,qs_puntaje_global_latam,49.9,puntaje 0-100,"Puntaje global de la edición · QS latam 2024, puntaje normalizado",KAI/QS/DatosQS/QS LATAM/2024 QS LATAM Rankings Results v1.0 (For qs.com).xlsx,2026-09-25T04:18:50+00:00,archivo del repositorio
qs,Universidad Andres Bello,2024,,qs_puntaje_reputacion_academica_latam,43.6,puntaje 0-100,"Encuesta de reputación académica · QS latam 2024, puntaje normalizado",KAI/QS/DatosQS/QS LATAM/2024 QS LATAM Rankings Results v1.0 (For qs.com).xlsx,2026-09-25T04:18:50+00:00,archivo del repositorio
qs,Universidad Andres Bello,2024,,qs_puntaje_reputacion_empleadores_latam,47.8,puntaje 0-100,"Encuesta de reputación entre empleadores · QS latam 2024, puntaje normalizado",KAI/QS/DatosQS/QS LATAM/2024 QS LATAM Rankings Results v1.0 (For qs.com).xlsx,2026-09-25T04:18:50+00:00,archivo del repositorio
qs,Universidad Andres Bello,2024,,qs_puntaje_ratio_academicos_latam,19.9,puntaje 0-100,"Razón de académicos por estudiante · QS latam 2024, puntaje normalizado",KAI/QS/DatosQS/QS LATAM/2024 QS LATAM Rankings Results v1.0 (For qs.com).xlsx,2026-09-25T04:18:50+00:00,archivo del repositorio
qs,Universidad Andres Bello,2024,,qs_puntaje_articulos_por_academico_latam,27.4,puntaje 0-100,"Artículos por académico · QS latam 2024, puntaje normalizado",KAI/QS/DatosQS/QS LATAM/2024 QS LATAM Rankings Results v1.0 (For qs.com).xlsx,2026-09-25T04:18:50+00:00,archivo del repositorio
qs,Universidad Andres Bello,2024,,qs_puntaje_citas_por_articulo_latam,65.9,puntaje 0-100,"Citas por artículo · QS latam 2024, puntaje normalizado",KAI/QS/DatosQS/QS LATAM/2024 QS LATAM Rankings Results v1.0 (For qs.com).xlsx,2026-09-25T04:18:50+00:00,archivo del repositorio
qs,Universidad Andres Bello,2024,,qs_puntaje_academicos_con_doctorado_latam,20.1,puntaje 0-100,"Proporción de académicos con doctorado · QS latam 2024, puntaje normalizado",KAI/QS/DatosQS/QS LATAM/2024 QS LATAM Rankings Results v1.0 (For qs.com).xlsx,2026-09-25T04:18:50+00:00,archivo del repositorio
qs,Universidad Andres Bello,2024,,qs_puntaje_red_internacional_latam,94.0,puntaje 0-100,"Red internacional de investigación · QS latam 2024, puntaje normalizado",KAI/QS/DatosQS/QS LATAM/2024 QS LATAM Rankings Results v1.0 (For qs.com).xlsx,2026-09-25T04:18:50+00:00,archivo del repositorio
qs,Universidad Andres Bello,2024,,qs_puntaje_impacto_web_latam,28.6,puntaje 0-100,"Impacto web, derivado de Webometrics · QS latam 2024, puntaje normalizado",KAI/QS/DatosQS/QS LATAM/2024 QS LATAM Rankings Results v1.0 (For qs.com).xlsx,2026-09-25T04:18:50+00:00,archivo del repositorio
qs,Universidad Andres Bello,2024,,qs_puntaje_global_latam,48.7,puntaje 0-100,"Puntaje global de la edición · QS latam 2024, puntaje normalizado",KAI/QS/DatosQS/QS LATAM/2024 QS LATAM Rankings Results v1.0 (For qs.com).xlsx,2026-09-25T04:18:50+00:00,archivo del repositorio
qs,Universidad de Valparaiso,2024,,qs_puntaje_reputacion_academica_latam,42.1,puntaje 0-100,"Encuesta de reputación académica · QS latam 2024, puntaje normalizado",KAI/QS/DatosQS/QS LATAM/2024 QS LATAM Rankings Results v1.0 (For qs.com).xlsx,2026-09-25T04:18:50+00:00,archivo del repositorio
qs,Universidad de Valparaiso,2024,,qs_puntaje_reputacion_empleadores_latam,30.8,puntaje 0-100,"Encuesta de reputación entre empleadores · QS latam 2024, puntaje normalizado",KAI/QS/DatosQS/QS LATAM/2024 QS LATAM Rankings Results v1.0 (For qs.com).xlsx,2026-09-25T04:18:50+00:00,archivo del repositorio
qs,Universidad de Valparaiso,2024,,qs_puntaje_ratio_academicos_latam,22.4,puntaje 0-100,"Razón de académicos por estudiante · QS latam 2024, puntaje normalizado",KAI/QS/DatosQS/QS LATAM/2024 QS LATAM Rankings Results v1.0 (For qs.com).xlsx,2026-09-25T04:18:50+00:00,archivo del repositorio
qs,Universidad de Valparaiso,2024,,qs_puntaje_articulos_por_academico_latam,52.0,puntaje 0-100,"Artículos por académico · QS latam 2024, puntaje normalizado",KAI/QS/DatosQS/QS LATAM/2024 QS LATAM Rankings Results v1.0 (For qs.com).xlsx,2026-09-25T04:18:50+00:00,archivo del repositorio
qs,Universidad de Valparaiso,2024,,qs_puntaje_citas_por_articulo_latam,46.7,puntaje 0-100,"Citas por artículo · QS latam 2024, puntaje normalizado",KAI/QS/DatosQS/QS LATAM/2024 QS LATAM Rankings Results v1.0 (For qs.com).xlsx,2026-09-25T04:18:50+00:00,archivo del repositorio
qs,Universidad de Valparaiso,2024,,qs_puntaje_academicos_con_doctorado_latam,38.9,puntaje 0-100,"Proporción de académicos con doctorado · QS latam 2024, puntaje normalizado",KAI/QS/DatosQS/QS LATAM/2024 QS LATAM Rankings Results v1.0 (For qs.com).xlsx,2026-09-25T04:18:50+00:00,archivo del repositorio
qs,Universidad de Valparaiso,2024,,qs_puntaje_red_internacional_latam,90.1,puntaje 0-100,"Red internacional de investigación · QS latam 2024, puntaje normalizado",KAI/QS/DatosQS/QS LATAM/2024 QS LATAM Rankings Results v1.0 (For qs.com).xlsx,2026-09-25T04:18:50+00:00,archivo del repositorio
qs,Universidad de Valparaiso,2024,,qs_puntaje_impacto_web_latam,42.8,puntaje 0-100,"Impacto web, derivado de Webometrics · QS latam 2024, puntaje normalizado",KAI/QS/DatosQS/QS LATAM/2024 QS LATAM Rankings Results v1.0 (For qs.com).xlsx,2026-09-25T04:18:50+00:00,archivo del repositorio
qs,Universidad de Valparaiso,2024,,qs_puntaje_global_latam,46.4,puntaje 0-100,"Puntaje global de la edición · QS latam 2024, puntaje normalizado",KAI/QS/DatosQS/QS LATAM/2024 QS LATAM Rankings Results v1.0 (For qs.com).xlsx,2026-09-25T04:18:50+00:00,archivo del repositorio
qs,Universidad del Desarrollo,2024,,qs_puntaje_reputacion_academica_latam,27.8,puntaje 0-100,"Encuesta de reputación académica · QS latam 2024, puntaje normalizado",KAI/QS/DatosQS/QS LATAM/2024 QS LATAM Rankings Results v1.0 (For qs.com).xlsx,2026-09-25T04:18:50+00:00,archivo del repositorio
qs,Universidad del Desarrollo,2024,,qs_puntaje_reputacion_empleadores_latam,52.9,puntaje 0-100,"Encuesta de reputación entre empleadores · QS latam 2024, puntaje normalizado",KAI/QS/DatosQS/QS LATAM/2024 QS LATAM Rankings Results v1.0 (For qs.com).xlsx,2026-09-25T04:18:50+00:00,archivo del repositorio
qs,Universidad del Desarrollo,2024,,qs_puntaje_ratio_academicos_latam,34.5,puntaje 0-100,"Razón de académicos por estudiante · QS latam 2024, puntaje normalizado",KAI/QS/DatosQS/QS LATAM/2024 QS LATAM Rankings Results v1.0 (For qs.com).xlsx,2026-09-25T04:18:50+00:00,archivo del repositorio
qs,Universidad del Desarrollo,2024,,qs_puntaje_articulos_por_academico_latam,18.0,puntaje 0-100,"Artículos por académico · QS latam 2024, puntaje normalizado",KAI/QS/DatosQS/QS LATAM/2024 QS LATAM Rankings Results v1.0 (For qs.com).xlsx,2026-09-25T04:18:50+00:00,archivo del repositorio
qs,Universidad del Desarrollo,2024,,qs_puntaje_citas_por_articulo_latam,84.1,puntaje 0-100,"Citas por artículo · QS latam 2024, puntaje normalizado",KAI/QS/DatosQS/QS LATAM/2024 QS LATAM Rankings Results v1.0 (For qs.com).xlsx,2026-09-25T04:18:50+00:00,archivo del repositorio
qs,Universidad del Desarrollo,2024,,qs_puntaje_academicos_con_doctorado_latam,13.1,puntaje 0-100,"Proporción de académicos con doctorado · QS latam 2024, puntaje normalizado",KAI/QS/DatosQS/QS LATAM/2024 QS LATAM Rankings Results v1.0 (For qs.com).xlsx,2026-09-25T04:18:50+00:00,archivo del repositorio
qs,Universidad del Desarrollo,2024,,qs_puntaje_red_internacional_latam,51.7,puntaje 0-100,"Red internacional de investigación · QS latam 2024, puntaje normalizado",KAI/QS/DatosQS/QS LATAM/2024 QS LATAM Rankings Results v1.0 (For qs.com).xlsx,2026-09-25T04:18:50+00:00,archivo del repositorio
qs,Universidad del Desarrollo,2024,,qs_puntaje_impacto_web_latam,32.3,puntaje 0-100,"Impacto web, derivado de Webometrics · QS latam 2024, puntaje normalizado",KAI/QS/DatosQS/QS LATAM/2024 QS LATAM Rankings Results v1.0 (For qs.com).xlsx,2026-09-25T04:18:50+00:00,archivo del repositorio
qs,Universidad del Desarrollo,2024,,qs_puntaje_global_latam,42.6,puntaje 0-100,"Puntaje global de la edición · QS latam 2024, puntaje normalizado",KAI/QS/DatosQS/QS LATAM/2024 QS LATAM Rankings Results v1.0 (For qs.com).xlsx,2026-09-25T04:18:50+00:00,archivo del repositorio
qs,Universidad del Bio-Bio,2024,,qs_puntaje_reputacion_academica_latam,35.8,puntaje 0-100,"Encuesta de reputación académica · QS latam 2024, puntaje normalizado",KAI/QS/DatosQS/QS LATAM/2024 QS LATAM Rankings Results v1.0 (For qs.com).xlsx,2026-09-25T04:18:50+00:00,archivo del repositorio
qs,Universidad del Bio-Bio,2024,,qs_puntaje_reputacion_empleadores_latam,19.1,puntaje 0-100,"Encuesta de reputación entre empleadores · QS latam 2024, puntaje normalizado",KAI/QS/DatosQS/QS LATAM/2024 QS LATAM Rankings Results v1.0 (For qs.com).xlsx,2026-09-25T04:18:50+00:00,archivo del repositorio
qs,Universidad del Bio-Bio,2024,,qs_puntaje_ratio_academicos_latam,8.3,puntaje 0-100,"Razón de académicos por estudiante · QS latam 2024, puntaje normalizado",KAI/QS/DatosQS/QS LATAM/2024 QS LATAM Rankings Results v1.0 (For qs.com).xlsx,2026-09-25T04:18:50+00:00,archivo del repositorio
qs,Universidad del Bio-Bio,2024,,qs_puntaje_articulos_por_academico_latam,78.5,puntaje 0-100,"Artículos por académico · QS latam 2024, puntaje normalizado",KAI/QS/DatosQS/QS LATAM/2024 QS LATAM Rankings Results v1.0 (For qs.com).xlsx,2026-09-25T04:18:50+00:00,archivo del repositorio
qs,Universidad del Bio-Bio,2024,,qs_puntaje_citas_por_articulo_latam,14.6,puntaje 0-100,"Citas por artículo · QS latam 2024, puntaje normalizado",KAI/QS/DatosQS/QS LATAM/2024 QS LATAM Rankings Results v1.0 (For qs.com).xlsx,2026-09-25T04:18:50+00:00,archivo del repositorio
qs,Universidad del Bio-Bio,2024,,qs_puntaje_academicos_con_doctorado_latam,77.2,puntaje 0-100,"Proporción de académicos con doctorado · QS latam 2024, puntaje normalizado",KAI/QS/DatosQS/QS LATAM/2024 QS LATAM Rankings Results v1.0 (For qs.com).xlsx,2026-09-25T04:18:50+00:00,archivo del repositorio
qs,Universidad del Bio-Bio,2024,,qs_puntaje_red_internacional_latam,69.7,puntaje 0-100,"Red internacional de investigación · QS latam 2024, puntaje normalizado",KAI/QS/DatosQS/QS LATAM/2024 QS LATAM Rankings Results v1.0 (For qs.com).xlsx,2026-09-25T04:18:50+00:00,archivo del repositorio
qs,Universidad del Bio-Bio,2024,,qs_puntaje_impacto_web_latam,35.3,puntaje 0-100,"Impacto web, derivado de Webometrics · QS latam 2024, puntaje normalizado",KAI/QS/DatosQS/QS LATAM/2024 QS LATAM Rankings Results v1.0 (For qs.com).xlsx,2026-09-25T04:18:50+00:00,archivo del repositorio
qs,Universidad del Bio-Bio,2024,,qs_puntaje_global_latam,39.8,puntaje 0-100,"Puntaje global de la edición · QS latam 2024, puntaje normalizado",KAI/QS/DatosQS/QS LATAM/2024 QS LATAM Rankings Results v1.0 (For qs.com).xlsx,2026-09-25T04:18:50+00:00,archivo del repositorio
qs,Universidad Catolica del Norte,2024,,qs_puntaje_reputacion_academica_latam,21.2,puntaje 0-100,"Encuesta de reputación académica · QS latam 2024, puntaje normalizado",KAI/QS/DatosQS/QS LATAM/2024 QS LATAM Rankings Results v1.0 (For qs.com).xlsx,2026-09-25T04:18:50+00:00,archivo del repositorio
qs,Universidad Catolica del Norte,2024,,qs_puntaje_reputacion_empleadores_latam,13.8,puntaje 0-100,"Encuesta de reputación entre empleadores · QS latam 2024, puntaje normalizado",KAI/QS/DatosQS/QS LATAM/2024 QS LATAM Rankings Results v1.0 (For qs.com).xlsx,2026-09-25T04:18:50+00:00,archivo del repositorio
qs,Universidad Catolica del Norte,2024,,qs_puntaje_ratio_academicos_latam,21.8,puntaje 0-100,"Razón de académicos por estudiante · QS latam 2024, puntaje normalizado",KAI/QS/DatosQS/QS LATAM/2024 QS LATAM Rankings Results v1.0 (For qs.com).xlsx,2026-09-25T04:18:50+00:00,archivo del repositorio
qs,Universidad Catolica del Norte,2024,,qs_puntaje_articulos_por_academico_latam,79.7,puntaje 0-100,"Artículos por académico · QS latam 2024, puntaje normalizado",KAI/QS/DatosQS/QS LATAM/2024 QS LATAM Rankings Results v1.0 (For qs.com).xlsx,2026-09-25T04:18:50+00:00,archivo del repositorio
qs,Universidad Catolica del Norte,2024,,qs_puntaje_citas_por_articulo_latam,64.3,puntaje 0-100,"Citas por artículo · QS latam 2024, puntaje normalizado",KAI/QS/DatosQS/QS LATAM/2024 QS LATAM Rankings Results v1.0 (For qs.com).xlsx,2026-09-25T04:18:50+00:00,archivo del repositorio
qs,Universidad Catolica del Norte,2024,,qs_puntaje_academicos_con_doctorado_latam,36.7,puntaje 0-100,"Proporción de académicos con doctorado · QS latam 2024, puntaje normalizado",KAI/QS/DatosQS/QS LATAM/2024 QS LATAM Rankings Results v1.0 (For qs.com).xlsx,2026-09-25T04:18:50+00:00,archivo del repositorio
qs,Universidad Catolica del Norte,2024,,qs_puntaje_red_internacional_latam,89.7,puntaje 0-100,"Red internacional de investigación · QS latam 2024, puntaje normalizado",KAI/QS/DatosQS/QS LATAM/2024 QS LATAM Rankings Results v1.0 (For qs.com).xlsx,2026-09-25T04:18:50+00:00,archivo del repositorio
qs,Universidad Catolica del Norte,2024,,qs_puntaje_impacto_web_latam,36.5,puntaje 0-100,"Impacto web, derivado de Webometrics · QS latam 2024, puntaje normalizado",KAI/QS/DatosQS/QS LATAM/2024 QS LATAM Rankings Results v1.0 (For qs.com).xlsx,2026-09-25T04:18:50+00:00,archivo del repositorio
qs,Universidad Catolica del Norte,2024,,qs_puntaje_global_latam,38.7,puntaje 0-100,"Puntaje global de la edición · QS latam 2024, puntaje normalizado",KAI/QS/DatosQS/QS LATAM/2024 QS LATAM Rankings Results v1.0 (For qs.com).xlsx,2026-09-25T04:18:50+00:00,archivo del repositorio
qs,Universidad Autonoma de Chile,2024,,qs_puntaje_reputacion_academica_latam,23.6,puntaje 0-100,"Encuesta de reputación académica · QS latam 2024, puntaje normalizado",KAI/QS/DatosQS/QS LATAM/2024 QS LATAM Rankings Results v1.0 (For qs.com).xlsx,2026-09-25T04:18:50+00:00,archivo del repositorio
qs,Universidad Autonoma de Chile,2024,,qs_puntaje_reputacion_empleadores_latam,10.1,puntaje 0-100,"Encuesta de reputación entre empleadores · QS latam 2024, puntaje normalizado",KAI/QS/DatosQS/QS LATAM/2024 QS LATAM Rankings Results v1.0 (For qs.com).xlsx,2026-09-25T04:18:50+00:00,archivo del repositorio
qs,Universidad Autonoma de Chile,2024,,qs_puntaje_ratio_academicos_latam,10.7,puntaje 0-100,"Razón de académicos por estudiante · QS latam 2024, puntaje normalizado",KAI/QS/DatosQS/QS LATAM/2024 QS LATAM Rankings Results v1.0 (For qs.com).xlsx,2026-09-25T04:18:50+00:00,archivo del repositorio
qs,Universidad Autonoma de Chile,2024,,qs_puntaje_articulos_por_academico_latam,31.6,puntaje 0-100,"Artículos por académico · QS latam 2024, puntaje normalizado",KAI/QS/DatosQS/QS LATAM/2024 QS LATAM Rankings Results v1.0 (For qs.com).xlsx,2026-09-25T04:18:50+00:00,archivo del repositorio
qs,Universidad Autonoma de Chile,2024,,qs_puntaje_citas_por_articulo_latam,82.5,puntaje 0-100,"Citas por artículo · QS latam 2024, puntaje normalizado",KAI/QS/DatosQS/QS LATAM/2024 QS LATAM Rankings Results v1.0 (For qs.com).xlsx,2026-09-25T04:18:50+00:00,archivo del repositorio
qs,Universidad Autonoma de Chile,2024,,qs_puntaje_academicos_con_doctorado_latam,24.2,puntaje 0-100,"Proporción de académicos con doctorado · QS latam 2024, puntaje normalizado",KAI/QS/DatosQS/QS LATAM/2024 QS LATAM Rankings Results v1.0 (For qs.com).xlsx,2026-09-25T04:18:50+00:00,archivo del repositorio
qs,Universidad Autonoma de Chile,2024,,qs_puntaje_red_internacional_latam,77.6,puntaje 0-100,"Red internacional de investigación · QS latam 2024, puntaje normalizado",KAI/QS/DatosQS/QS LATAM/2024 QS LATAM Rankings Results v1.0 (For qs.com).xlsx,2026-09-25T04:18:50+00:00,archivo del repositorio
qs,Universidad Autonoma de Chile,2024,,qs_puntaje_impacto_web_latam,23.9,puntaje 0-100,"Impacto web, derivado de Webometrics · QS latam 2024, puntaje normalizado",KAI/QS/DatosQS/QS LATAM/2024 QS LATAM Rankings Results v1.0 (For qs.com).xlsx,2026-09-25T04:18:50+00:00,archivo del repositorio
qs,Universidad Autonoma de Chile,2024,,qs_puntaje_global_latam,33.4,puntaje 0-100,"Puntaje global de la edición · QS latam 2024, puntaje normalizado",KAI/QS/DatosQS/QS LATAM/2024 QS LATAM Rankings Results v1.0 (For qs.com).xlsx,2026-09-25T04:18:50+00:00,archivo del repositorio
qs,Universidad de Antofagasta,2024,,qs_puntaje_reputacion_academica_latam,14.7,puntaje 0-100,"Encuesta de reputación académica · QS latam 2024, puntaje normalizado",KAI/QS/DatosQS/QS LATAM/2024 QS LATAM Rankings Results v1.0 (For qs.com).xlsx,2026-09-25T04:18:50+00:00,archivo del repositorio
qs,Universidad de Antofagasta,2024,,qs_puntaje_reputacion_empleadores_latam,4.9,puntaje 0-100,"Encuesta de reputación entre empleadores · QS latam 2024, puntaje normalizado",KAI/QS/DatosQS/QS LATAM/2024 QS LATAM Rankings Results v1.0 (For qs.com).xlsx,2026-09-25T04:18:50+00:00,archivo del repositorio
qs,Universidad de Antofagasta,2024,,qs_puntaje_ratio_academicos_latam,13.4,puntaje 0-100,"Razón de académicos por estudiante · QS latam 2024, puntaje normalizado",KAI/QS/DatosQS/QS LATAM/2024 QS LATAM Rankings Results v1.0 (For qs.com).xlsx,2026-09-25T04:18:50+00:00,archivo del repositorio
qs,Universidad de Antofagasta,2024,,qs_puntaje_articulos_por_academico_latam,65.9,puntaje 0-100,"Artículos por académico · QS latam 2024, puntaje normalizado",KAI/QS/DatosQS/QS LATAM/2024 QS LATAM Rankings Results v1.0 (For qs.com).xlsx,2026-09-25T04:18:50+00:00,archivo del repositorio
qs,Universidad de Antofagasta,2024,,qs_puntaje_citas_por_articulo_latam,99.9,puntaje 0-100,"Citas por artículo · QS latam 2024, puntaje normalizado",KAI/QS/DatosQS/QS LATAM/2024 QS LATAM Rankings Results v1.0 (For qs.com).xlsx,2026-09-25T04:18:50+00:00,archivo del repositorio
qs,Universidad de Antofagasta,2024,,qs_puntaje_academicos_con_doctorado_latam,50.6,puntaje 0-100,"Proporción de académicos con doctorado · QS latam 2024, puntaje normalizado",KAI/QS/DatosQS/QS LATAM/2024 QS LATAM Rankings Results v1.0 (For qs.com).xlsx,2026-09-25T04:18:50+00:00,archivo del repositorio
qs,Universidad de Antofagasta,2024,,qs_puntaje_red_internacional_latam,60.2,puntaje 0-100,"Red internacional de investigación · QS latam 2024, puntaje normalizado",KAI/QS/DatosQS/QS LATAM/2024 QS LATAM Rankings Results v1.0 (For qs.com).xlsx,2026-09-25T04:18:50+00:00,archivo del repositorio
qs,Universidad de Antofagasta,2024,,qs_puntaje_impacto_web_latam,4.2,puntaje 0-100,"Impacto web, derivado de Webometrics · QS latam 2024, puntaje normalizado",KAI/QS/DatosQS/QS LATAM/2024 QS LATAM Rankings Results v1.0 (For qs.com).xlsx,2026-09-25T04:18:50+00:00,archivo del repositorio
qs,Universidad de Antofagasta,2024,,qs_puntaje_global_latam,33.4,puntaje 0-100,"Puntaje global de la edición · QS latam 2024, puntaje normalizado",KAI/QS/DatosQS/QS LATAM/2024 QS LATAM Rankings Results v1.0 (For qs.com).xlsx,2026-09-25T04:18:50+00:00,archivo del repositorio
qs,Universidad de La Serena,2024,,qs_puntaje_reputacion_academica_latam,16.9,puntaje 0-100,"Encuesta de reputación académica · QS latam 2024, puntaje normalizado",KAI/QS/DatosQS/QS LATAM/2024 QS LATAM Rankings Results v1.0 (For qs.com).xlsx,2026-09-25T04:18:50+00:00,archivo del repositorio
qs,Universidad de La Serena,2024,,qs_puntaje_reputacion_empleadores_latam,13.0,puntaje 0-100,"Encuesta de reputación entre empleadores · QS latam 2024, puntaje normalizado",KAI/QS/DatosQS/QS LATAM/2024 QS LATAM Rankings Results v1.0 (For qs.com).xlsx,2026-09-25T04:18:50+00:00,archivo del repositorio
qs,Universidad de La Serena,2024,,qs_puntaje_ratio_academicos_latam,7.3,puntaje 0-100,"Razón de académicos por estudiante · QS latam 2024, puntaje normalizado",KAI/QS/DatosQS/QS LATAM/2024 QS LATAM Rankings Results v1.0 (For qs.com).xlsx,2026-09-25T04:18:50+00:00,archivo del repositorio
qs,Universidad de La Serena,2024,,qs_puntaje_articulos_por_academico_latam,63.1,puntaje 0-100,"Artículos por académico · QS latam 2024, puntaje normalizado",KAI/QS/DatosQS/QS LATAM/2024 QS LATAM Rankings Results v1.0 (For qs.com).xlsx,2026-09-25T04:18:50+00:00,archivo del repositorio
qs,Universidad de La Serena,2024,,qs_puntaje_citas_por_articulo_latam,99.9,puntaje 0-100,"Citas por artículo · QS latam 2024, puntaje normalizado",KAI/QS/DatosQS/QS LATAM/2024 QS LATAM Rankings Results v1.0 (For qs.com).xlsx,2026-09-25T04:18:50+00:00,archivo del repositorio
qs,Universidad de La Serena,2024,,qs_puntaje_academicos_con_doctorado_latam,39.3,puntaje 0-100,"Proporción de académicos con doctorado · QS latam 2024, puntaje normalizado",KAI/QS/DatosQS/QS LATAM/2024 QS LATAM Rankings Results v1.0 (For qs.com).xlsx,2026-09-25T04:18:50+00:00,archivo del repositorio
qs,Universidad de La Serena,2024,,qs_puntaje_red_internacional_latam,33.0,puntaje 0-100,"Red internacional de investigación · QS latam 2024, puntaje normalizado",KAI/QS/DatosQS/QS LATAM/2024 QS LATAM Rankings Results v1.0 (For qs.com).xlsx,2026-09-25T04:18:50+00:00,archivo del repositorio
qs,Universidad de La Serena,2024,,qs_puntaje_impacto_web_latam,12.6,puntaje 0-100,"Impacto web, derivado de Webometrics · QS latam 2024, puntaje normalizado",KAI/QS/DatosQS/QS LATAM/2024 QS LATAM Rankings Results v1.0 (For qs.com).xlsx,2026-09-25T04:18:50+00:00,archivo del repositorio
qs,Universidad de La Serena,2024,,qs_puntaje_global_latam,31.3,puntaje 0-100,"Puntaje global de la edición · QS latam 2024, puntaje normalizado",KAI/QS/DatosQS/QS LATAM/2024 QS LATAM Rankings Results v1.0 (For qs.com).xlsx,2026-09-25T04:18:50+00:00,archivo del repositorio
qs,Universidad de Tarapaca,2024,,qs_puntaje_reputacion_academica_latam,15.7,puntaje 0-100,"Encuesta de reputación académica · QS latam 2024, puntaje normalizado",KAI/QS/DatosQS/QS LATAM/2024 QS LATAM Rankings Results v1.0 (For qs.com).xlsx,2026-09-25T04:18:50+00:00,archivo del repositorio
qs,Universidad de Tarapaca,2024,,qs_puntaje_reputacion_empleadores_latam,10.6,puntaje 0-100,"Encuesta de reputación entre empleadores · QS latam 2024, puntaje normalizado",KAI/QS/DatosQS/QS LATAM/2024 QS LATAM Rankings Results v1.0 (For qs.com).xlsx,2026-09-25T04:18:50+00:00,archivo del repositorio
qs,Universidad de Tarapaca,2024,,qs_puntaje_ratio_academicos_latam,9.5,puntaje 0-100,"Razón de académicos por estudiante · QS latam 2024, puntaje normalizado",KAI/QS/DatosQS/QS LATAM/2024 QS LATAM Rankings Results v1.0 (For qs.com).xlsx,2026-09-25T04:18:50+00:00,archivo del repositorio
qs,Universidad de Tarapaca,2024,,qs_puntaje_articulos_por_academico_latam,97.8,puntaje 0-100,"Artículos por académico · QS latam 2024, puntaje normalizado",KAI/QS/DatosQS/QS LATAM/2024 QS LATAM Rankings Results v1.0 (For qs.com).xlsx,2026-09-25T04:18:50+00:00,archivo del repositorio
qs,Universidad de Tarapaca,2024,,qs_puntaje_citas_por_articulo_latam,60.7,puntaje 0-100,"Citas por artículo · QS latam 2024, puntaje normalizado",KAI/QS/DatosQS/QS LATAM/2024 QS LATAM Rankings Results v1.0 (For qs.com).xlsx,2026-09-25T04:18:50+00:00,archivo del repositorio
qs,Universidad de Tarapaca,2024,,qs_puntaje_academicos_con_doctorado_latam,10.4,puntaje 0-100,"Proporción de académicos con doctorado · QS latam 2024, puntaje normalizado",KAI/QS/DatosQS/QS LATAM/2024 QS LATAM Rankings Results v1.0 (For qs.com).xlsx,2026-09-25T04:18:50+00:00,archivo del repositorio
qs,Universidad de Tarapaca,2024,,qs_puntaje_red_internacional_latam,83.1,puntaje 0-100,"Red internacional de investigación · QS latam 2024, puntaje normalizado",KAI/QS/DatosQS/QS LATAM/2024 QS LATAM Rankings Results v1.0 (For qs.com).xlsx,2026-09-25T04:18:50+00:00,archivo del repositorio
qs,Universidad de Tarapaca,2024,,qs_puntaje_impacto_web_latam,18.7,puntaje 0-100,"Impacto web, derivado de Webometrics · QS latam 2024, puntaje normalizado",KAI/QS/DatosQS/QS LATAM/2024 QS LATAM Rankings Results v1.0 (For qs.com).xlsx,2026-09-25T04:18:50+00:00,archivo del repositorio
qs,Universidad de Tarapaca,2024,,qs_puntaje_global_latam,30.9,puntaje 0-100,"Puntaje global de la edición · QS latam 2024, puntaje normalizado",KAI/QS/DatosQS/QS LATAM/2024 QS LATAM Rankings Results v1.0 (For qs.com).xlsx,2026-09-25T04:18:50+00:00,archivo del repositorio
qs,Universidad Alberto Hurtado,2024,,qs_puntaje_reputacion_academica_latam,35.8,puntaje 0-100,"Encuesta de reputación académica · QS latam 2024, puntaje normalizado",KAI/QS/DatosQS/QS LATAM/2024 QS LATAM Rankings Results v1.0 (For qs.com).xlsx,2026-09-25T04:18:50+00:00,archivo del repositorio
qs,Universidad Alberto Hurtado,2024,,qs_puntaje_reputacion_empleadores_latam,24.7,puntaje 0-100,"Encuesta de reputación entre empleadores · QS latam 2024, puntaje normalizado",KAI/QS/DatosQS/QS LATAM/2024 QS LATAM Rankings Results v1.0 (For qs.com).xlsx,2026-09-25T04:18:50+00:00,archivo del repositorio
qs,Universidad Alberto Hurtado,2024,,qs_puntaje_ratio_academicos_latam,12.7,puntaje 0-100,"Razón de académicos por estudiante · QS latam 2024, puntaje normalizado",KAI/QS/DatosQS/QS LATAM/2024 QS LATAM Rankings Results v1.0 (For qs.com).xlsx,2026-09-25T04:18:50+00:00,archivo del repositorio
qs,Universidad Alberto Hurtado,2024,,qs_puntaje_articulos_por_academico_latam,69.0,puntaje 0-100,"Artículos por académico · QS latam 2024, puntaje normalizado",KAI/QS/DatosQS/QS LATAM/2024 QS LATAM Rankings Results v1.0 (For qs.com).xlsx,2026-09-25T04:18:50+00:00,archivo del repositorio
qs,Universidad Alberto Hurtado,2024,,qs_puntaje_citas_por_articulo_latam,1.8,puntaje 0-100,"Citas por artículo · QS latam 2024, puntaje normalizado",KAI/QS/DatosQS/QS LATAM/2024 QS LATAM Rankings Results v1.0 (For qs.com).xlsx,2026-09-25T04:18:50+00:00,archivo del repositorio
qs,Universidad Alberto Hurtado,2024,,qs_puntaje_academicos_con_doctorado_latam,34.0,puntaje 0-100,"Proporción de académicos con doctorado · QS latam 2024, puntaje normalizado",KAI/QS/DatosQS/QS LATAM/2024 QS LATAM Rankings Results v1.0 (For qs.com).xlsx,2026-09-25T04:18:50+00:00,archivo del repositorio
qs,Universidad Alberto Hurtado,2024,,qs_puntaje_red_internacional_latam,17.5,puntaje 0-100,"Red internacional de investigación · QS latam 2024, puntaje normalizado",KAI/QS/DatosQS/QS LATAM/2024 QS LATAM Rankings Results v1.0 (For qs.com).xlsx,2026-09-25T04:18:50+00:00,archivo del repositorio
qs,Universidad Alberto Hurtado,2024,,qs_puntaje_impacto_web_latam,15.2,puntaje 0-100,"Impacto web, derivado de Webometrics · QS latam 2024, puntaje normalizado",KAI/QS/DatosQS/QS LATAM/2024 QS LATAM Rankings Results v1.0 (For qs.com).xlsx,2026-09-25T04:18:50+00:00,archivo del repositorio
qs,Universidad de Magallanes,2024,,qs_puntaje_reputacion_academica_latam,11.1,puntaje 0-100,"Encuesta de reputación académica · QS latam 2024, puntaje normalizado",KAI/QS/DatosQS/QS LATAM/2024 QS LATAM Rankings Results v1.0 (For qs.com).xlsx,2026-09-25T04:18:50+00:00,archivo del repositorio
qs,Universidad de Magallanes,2024,,qs_puntaje_reputacion_empleadores_latam,6.3,puntaje 0-100,"Encuesta de reputación entre empleadores · QS latam 2024, puntaje normalizado",KAI/QS/DatosQS/QS LATAM/2024 QS LATAM Rankings Results v1.0 (For qs.com).xlsx,2026-09-25T04:18:50+00:00,archivo del repositorio
qs,Universidad de Magallanes,2024,,qs_puntaje_ratio_academicos_latam,48.7,puntaje 0-100,"Razón de académicos por estudiante · QS latam 2024, puntaje normalizado",KAI/QS/DatosQS/QS LATAM/2024 QS LATAM Rankings Results v1.0 (For qs.com).xlsx,2026-09-25T04:18:50+00:00,archivo del repositorio
qs,Universidad de Magallanes,2024,,qs_puntaje_articulos_por_academico_latam,32.5,puntaje 0-100,"Artículos por académico · QS latam 2024, puntaje normalizado",KAI/QS/DatosQS/QS LATAM/2024 QS LATAM Rankings Results v1.0 (For qs.com).xlsx,2026-09-25T04:18:50+00:00,archivo del repositorio
qs,Universidad de Magallanes,2024,,qs_puntaje_citas_por_articulo_latam,94.2,puntaje 0-100,"Citas por artículo · QS latam 2024, puntaje normalizado",KAI/QS/DatosQS/QS LATAM/2024 QS LATAM Rankings Results v1.0 (For qs.com).xlsx,2026-09-25T04:18:50+00:00,archivo del repositorio
qs,Universidad de Magallanes,2024,,qs_puntaje_red_internacional_latam,48.9,puntaje 0-100,"Red internacional de investigación · QS latam 2024, puntaje normalizado",KAI/QS/DatosQS/QS LATAM/2024 QS LATAM Rankings Results v1.0 (For qs.com).xlsx,2026-09-25T04:18:50+00:00,archivo del repositorio
qs,Universidad de Magallanes,2024,,qs_puntaje_impacto_web_latam,11.1,puntaje 0-100,"Impacto web, derivado de Webometrics · QS latam 2024, puntaje normalizado",KAI/QS/DatosQS/QS LATAM/2024 QS LATAM Rankings Results v1.0 (For qs.com).xlsx,2026-09-25T04:18:50+00:00,archivo del repositorio
qs,Universidad Catolica de Temuco,2024,,qs_puntaje_reputacion_academica_latam,17.6,puntaje 0-100,"Encuesta de reputación académica · QS latam 2024, puntaje normalizado",KAI/QS/DatosQS/QS LATAM/2024 QS LATAM Rankings Results v1.0 (For qs.com).xlsx,2026-09-25T04:18:50+00:00,archivo del repositorio
qs,Universidad Catolica de Temuco,2024,,qs_puntaje_reputacion_empleadores_latam,4.9,puntaje 0-100,"Encuesta de reputación entre empleadores · QS latam 2024, puntaje normalizado",KAI/QS/DatosQS/QS LATAM/2024 QS LATAM Rankings Results v1.0 (For qs.com).xlsx,2026-09-25T04:18:50+00:00,archivo del repositorio
qs,Universidad Catolica de Temuco,2024,,qs_puntaje_ratio_academicos_latam,5.1,puntaje 0-100,"Razón de académicos por estudiante · QS latam 2024, puntaje normalizado",KAI/QS/DatosQS/QS LATAM/2024 QS LATAM Rankings Results v1.0 (For qs.com).xlsx,2026-09-25T04:18:50+00:00,archivo del repositorio
qs,Universidad Catolica de Temuco,2024,,qs_puntaje_articulos_por_academico_latam,93.0,puntaje 0-100,"Artículos por académico · QS latam 2024, puntaje normalizado",KAI/QS/DatosQS/QS LATAM/2024 QS LATAM Rankings Results v1.0 (For qs.com).xlsx,2026-09-25T04:18:50+00:00,archivo del repositorio
qs,Universidad Catolica de Temuco,2024,,qs_puntaje_citas_por_articulo_latam,5.4,puntaje 0-100,"Citas por artículo · QS latam 2024, puntaje normalizado",KAI/QS/DatosQS/QS LATAM/2024 QS LATAM Rankings Results v1.0 (For qs.com).xlsx,2026-09-25T04:18:50+00:00,archivo del repositorio
qs,Universidad Catolica de Temuco,2024,,qs_puntaje_academicos_con_doctorado_latam,64.3,puntaje 0-100,"Proporción de académicos con doctorado · QS latam 2024, puntaje normalizado",KAI/QS/DatosQS/QS LATAM/2024 QS LATAM Rankings Results v1.0 (For qs.com).xlsx,2026-09-25T04:18:50+00:00,archivo del repositorio
qs,Universidad Catolica de Temuco,2024,,qs_puntaje_red_internacional_latam,49.9,puntaje 0-100,"Red internacional de investigación · QS latam 2024, puntaje normalizado",KAI/QS/DatosQS/QS LATAM/2024 QS LATAM Rankings Results v1.0 (For qs.com).xlsx,2026-09-25T04:18:50+00:00,archivo del repositorio
qs,Universidad Catolica de Temuco,2024,,qs_puntaje_impacto_web_latam,24.7,puntaje 0-100,"Impacto web, derivado de Webometrics · QS latam 2024, puntaje normalizado",KAI/QS/DatosQS/QS LATAM/2024 QS LATAM Rankings Results v1.0 (For qs.com).xlsx,2026-09-25T04:18:50+00:00,archivo del repositorio
qs,Universidad Catolica de la Santisima Concepcion,2024,,qs_puntaje_reputacion_academica_latam,16.0,puntaje 0-100,"Encuesta de reputación académica · QS latam 2024, puntaje normalizado",KAI/QS/DatosQS/QS LATAM/2024 QS LATAM Rankings Results v1.0 (For qs.com).xlsx,2026-09-25T04:18:50+00:00,archivo del repositorio
qs,Universidad Catolica de la Santisima Concepcion,2024,,qs_puntaje_reputacion_empleadores_latam,9.1,puntaje 0-100,"Encuesta de reputación entre empleadores · QS latam 2024, puntaje normalizado",KAI/QS/DatosQS/QS LATAM/2024 QS LATAM Rankings Results v1.0 (For qs.com).xlsx,2026-09-25T04:18:50+00:00,archivo del repositorio
qs,Universidad Catolica de la Santisima Concepcion,2024,,qs_puntaje_ratio_academicos_latam,24.5,puntaje 0-100,"Razón de académicos por estudiante · QS latam 2024, puntaje normalizado",KAI/QS/DatosQS/QS LATAM/2024 QS LATAM Rankings Results v1.0 (For qs.com).xlsx,2026-09-25T04:18:50+00:00,archivo del repositorio
qs,Universidad Catolica de la Santisima Concepcion,2024,,qs_puntaje_articulos_por_academico_latam,37.4,puntaje 0-100,"Artículos por académico · QS latam 2024, puntaje normalizado",KAI/QS/DatosQS/QS LATAM/2024 QS LATAM Rankings Results v1.0 (For qs.com).xlsx,2026-09-25T04:18:50+00:00,archivo del repositorio
qs,Universidad Catolica de la Santisima Concepcion,2024,,qs_puntaje_citas_por_articulo_latam,15.0,puntaje 0-100,"Citas por artículo · QS latam 2024, puntaje normalizado",KAI/QS/DatosQS/QS LATAM/2024 QS LATAM Rankings Results v1.0 (For qs.com).xlsx,2026-09-25T04:18:50+00:00,archivo del repositorio
qs,Universidad Catolica de la Santisima Concepcion,2024,,qs_puntaje_academicos_con_doctorado_latam,37.7,puntaje 0-100,"Proporción de académicos con doctorado · QS latam 2024, puntaje normalizado",KAI/QS/DatosQS/QS LATAM/2024 QS LATAM Rankings Results v1.0 (For qs.com).xlsx,2026-09-25T04:18:50+00:00,archivo del repositorio
qs,Universidad Catolica de la Santisima Concepcion,2024,,qs_puntaje_red_internacional_latam,62.0,puntaje 0-100,"Red internacional de investigación · QS latam 2024, puntaje normalizado",KAI/QS/DatosQS/QS LATAM/2024 QS LATAM Rankings Results v1.0 (For qs.com).xlsx,2026-09-25T04:18:50+00:00,archivo del repositorio
qs,Universidad Catolica de la Santisima Concepcion,2024,,qs_puntaje_impacto_web_latam,14.9,puntaje 0-100,"Impacto web, derivado de Webometrics · QS latam 2024, puntaje normalizado",KAI/QS/DatosQS/QS LATAM/2024 QS LATAM Rankings Results v1.0 (For qs.com).xlsx,2026-09-25T04:18:50+00:00,archivo del repositorio
qs,Universidad Central de Chile,2024,,qs_puntaje_reputacion_academica_latam,20.7,puntaje 0-100,"Encuesta de reputación académica · QS latam 2024, puntaje normalizado",KAI/QS/DatosQS/QS LATAM/2024 QS LATAM Rankings Results v1.0 (For qs.com).xlsx,2026-09-25T04:18:50+00:00,archivo del repositorio
qs,Universidad Central de Chile,2024,,qs_puntaje_reputacion_empleadores_latam,14.7,puntaje 0-100,"Encuesta de reputación entre empleadores · QS latam 2024, puntaje normalizado",KAI/QS/DatosQS/QS LATAM/2024 QS LATAM Rankings Results v1.0 (For qs.com).xlsx,2026-09-25T04:18:50+00:00,archivo del repositorio
qs,Universidad Central de Chile,2024,,qs_puntaje_ratio_academicos_latam,8.5,puntaje 0-100,"Razón de académicos por estudiante · QS latam 2024, puntaje normalizado",KAI/QS/DatosQS/QS LATAM/2024 QS LATAM Rankings Results v1.0 (For qs.com).xlsx,2026-09-25T04:18:50+00:00,archivo del repositorio
qs,Universidad Central de Chile,2024,,qs_puntaje_articulos_por_academico_latam,11.7,puntaje 0-100,"Artículos por académico · QS latam 2024, puntaje normalizado",KAI/QS/DatosQS/QS LATAM/2024 QS LATAM Rankings Results v1.0 (For qs.com).xlsx,2026-09-25T04:18:50+00:00,archivo del repositorio
qs,Universidad Central de Chile,2024,,qs_puntaje_citas_por_articulo_latam,71.5,puntaje 0-100,"Citas por artículo · QS latam 2024, puntaje normalizado",KAI/QS/DatosQS/QS LATAM/2024 QS LATAM Rankings Results v1.0 (For qs.com).xlsx,2026-09-25T04:18:50+00:00,archivo del repositorio
qs,Universidad Central de Chile,2024,,qs_puntaje_academicos_con_doctorado_latam,13.2,puntaje 0-100,"Proporción de académicos con doctorado · QS latam 2024, puntaje normalizado",KAI/QS/DatosQS/QS LATAM/2024 QS LATAM Rankings Results v1.0 (For qs.com).xlsx,2026-09-25T04:18:50+00:00,archivo del repositorio
qs,Universidad Central de Chile,2024,,qs_puntaje_red_internacional_latam,28.6,puntaje 0-100,"Red internacional de investigación · QS latam 2024, puntaje normalizado",KAI/QS/DatosQS/QS LATAM/2024 QS LATAM Rankings Results v1.0 (For qs.com).xlsx,2026-09-25T04:18:50+00:00,archivo del repositorio
qs,Universidad Central de Chile,2024,,qs_puntaje_impacto_web_latam,10.6,puntaje 0-100,"Impacto web, derivado de Webometrics · QS latam 2024, puntaje normalizado",KAI/QS/DatosQS/QS LATAM/2024 QS LATAM Rankings Results v1.0 (For qs.com).xlsx,2026-09-25T04:18:50+00:00,archivo del repositorio
qs,Universidad Bernardo O'Higgins,2024,,qs_puntaje_reputacion_academica_latam,18.1,puntaje 0-100,"Encuesta de reputación académica · QS latam 2024, puntaje normalizado",KAI/QS/DatosQS/QS LATAM/2024 QS LATAM Rankings Results v1.0 (For qs.com).xlsx,2026-09-25T04:18:50+00:00,archivo del repositorio
qs,Universidad Bernardo O'Higgins,2024,,qs_puntaje_reputacion_empleadores_latam,13.2,puntaje 0-100,"Encuesta de reputación entre empleadores · QS latam 2024, puntaje normalizado",KAI/QS/DatosQS/QS LATAM/2024 QS LATAM Rankings Results v1.0 (For qs.com).xlsx,2026-09-25T04:18:50+00:00,archivo del repositorio
qs,Universidad Bernardo O'Higgins,2024,,qs_puntaje_ratio_academicos_latam,27.3,puntaje 0-100,"Razón de académicos por estudiante · QS latam 2024, puntaje normalizado",KAI/QS/DatosQS/QS LATAM/2024 QS LATAM Rankings Results v1.0 (For qs.com).xlsx,2026-09-25T04:18:50+00:00,archivo del repositorio
qs,Universidad Bernardo O'Higgins,2024,,qs_puntaje_articulos_por_academico_latam,40.4,puntaje 0-100,"Artículos por académico · QS latam 2024, puntaje normalizado",KAI/QS/DatosQS/QS LATAM/2024 QS LATAM Rankings Results v1.0 (For qs.com).xlsx,2026-09-25T04:18:50+00:00,archivo del repositorio
qs,Universidad Bernardo O'Higgins,2024,,qs_puntaje_citas_por_articulo_latam,2.4,puntaje 0-100,"Citas por artículo · QS latam 2024, puntaje normalizado",KAI/QS/DatosQS/QS LATAM/2024 QS LATAM Rankings Results v1.0 (For qs.com).xlsx,2026-09-25T04:18:50+00:00,archivo del repositorio
qs,Universidad Bernardo O'Higgins,2024,,qs_puntaje_academicos_con_doctorado_latam,39.1,puntaje 0-100,"Proporción de académicos con doctorado · QS latam 2024, puntaje normalizado",KAI/QS/DatosQS/QS LATAM/2024 QS LATAM Rankings Results v1.0 (For qs.com).xlsx,2026-09-25T04:18:50+00:00,archivo del repositorio
qs,Universidad Bernardo O'Higgins,2024,,qs_puntaje_red_internacional_latam,41.4,puntaje 0-100,"Red internacional de investigación · QS latam 2024, puntaje normalizado",KAI/QS/DatosQS/QS LATAM/2024 QS LATAM Rankings Results v1.0 (For qs.com).xlsx,2026-09-25T04:18:50+00:00,archivo del repositorio
qs,Universidad Bernardo O'Higgins,2024,,qs_puntaje_impacto_web_latam,8.2,puntaje 0-100,"Impacto web, derivado de Webometrics · QS latam 2024, puntaje normalizado",KAI/QS/DatosQS/QS LATAM/2024 QS LATAM Rankings Results v1.0 (For qs.com).xlsx,2026-09-25T04:18:50+00:00,archivo del repositorio
qs,Universidad Catolica del Maule,2024,,qs_puntaje_reputacion_academica_latam,9.9,puntaje 0-100,"Encuesta de reputación académica · QS latam 2024, puntaje normalizado",KAI/QS/DatosQS/QS LATAM/2024 QS LATAM Rankings Results v1.0 (For qs.com).xlsx,2026-09-25T04:18:50+00:00,archivo del repositorio
qs,Universidad Catolica del Maule,2024,,qs_puntaje_reputacion_empleadores_latam,7.8,puntaje 0-100,"Encuesta de reputación entre empleadores · QS latam 2024, puntaje normalizado",KAI/QS/DatosQS/QS LATAM/2024 QS LATAM Rankings Results v1.0 (For qs.com).xlsx,2026-09-25T04:18:50+00:00,archivo del repositorio
qs,Universidad Catolica del Maule,2024,,qs_puntaje_ratio_academicos_latam,25.8,puntaje 0-100,"Razón de académicos por estudiante · QS latam 2024, puntaje normalizado",KAI/QS/DatosQS/QS LATAM/2024 QS LATAM Rankings Results v1.0 (For qs.com).xlsx,2026-09-25T04:18:50+00:00,archivo del repositorio
qs,Universidad Catolica del Maule,2024,,qs_puntaje_articulos_por_academico_latam,31.1,puntaje 0-100,"Artículos por académico · QS latam 2024, puntaje normalizado",KAI/QS/DatosQS/QS LATAM/2024 QS LATAM Rankings Results v1.0 (For qs.com).xlsx,2026-09-25T04:18:50+00:00,archivo del repositorio
qs,Universidad Catolica del Maule,2024,,qs_puntaje_citas_por_articulo_latam,4.4,puntaje 0-100,"Citas por artículo · QS latam 2024, puntaje normalizado",KAI/QS/DatosQS/QS LATAM/2024 QS LATAM Rankings Results v1.0 (For qs.com).xlsx,2026-09-25T04:18:50+00:00,archivo del repositorio
qs,Universidad Catolica del Maule,2024,,qs_puntaje_academicos_con_doctorado_latam,40.8,puntaje 0-100,"Proporción de académicos con doctorado · QS latam 2024, puntaje normalizado",KAI/QS/DatosQS/QS LATAM/2024 QS LATAM Rankings Results v1.0 (For qs.com).xlsx,2026-09-25T04:18:50+00:00,archivo del repositorio
qs,Universidad Catolica del Maule,2024,,qs_puntaje_red_internacional_latam,66.5,puntaje 0-100,"Red internacional de investigación · QS latam 2024, puntaje normalizado",KAI/QS/DatosQS/QS LATAM/2024 QS LATAM Rankings Results v1.0 (For qs.com).xlsx,2026-09-25T04:18:50+00:00,archivo del repositorio
qs,Universidad Catolica del Maule,2024,,qs_puntaje_impacto_web_latam,22.3,puntaje 0-100,"Impacto web, derivado de Webometrics · QS latam 2024, puntaje normalizado",KAI/QS/DatosQS/QS LATAM/2024 QS LATAM Rankings Results v1.0 (For qs.com).xlsx,2026-09-25T04:18:50+00:00,archivo del repositorio
qs,Universidad de Los Lagos,2024,,qs_puntaje_reputacion_academica_latam,12.3,puntaje 0-100,"Encuesta de reputación académica · QS latam 2024, puntaje normalizado",KAI/QS/DatosQS/QS LATAM/2024 QS LATAM Rankings Results v1.0 (For qs.com).xlsx,2026-09-25T04:18:50+00:00,archivo del repositorio
qs,Universidad de Los Lagos,2024,,qs_puntaje_reputacion_empleadores_latam,7.0,puntaje 0-100,"Encuesta de reputación entre empleadores · QS latam 2024, puntaje normalizado",KAI/QS/DatosQS/QS LATAM/2024 QS LATAM Rankings Results v1.0 (For qs.com).xlsx,2026-09-25T04:18:50+00:00,archivo del repositorio
qs,Universidad de Los Lagos,2024,,qs_puntaje_ratio_academicos_latam,14.0,puntaje 0-100,"Razón de académicos por estudiante · QS latam 2024, puntaje normalizado",KAI/QS/DatosQS/QS LATAM/2024 QS LATAM Rankings Results v1.0 (For qs.com).xlsx,2026-09-25T04:18:50+00:00,archivo del repositorio
qs,Universidad de Los Lagos,2024,,qs_puntaje_articulos_por_academico_latam,52.8,puntaje 0-100,"Artículos por académico · QS latam 2024, puntaje normalizado",KAI/QS/DatosQS/QS LATAM/2024 QS LATAM Rankings Results v1.0 (For qs.com).xlsx,2026-09-25T04:18:50+00:00,archivo del repositorio
qs,Universidad de Los Lagos,2024,,qs_puntaje_citas_por_articulo_latam,8.8,puntaje 0-100,"Citas por artículo · QS latam 2024, puntaje normalizado",KAI/QS/DatosQS/QS LATAM/2024 QS LATAM Rankings Results v1.0 (For qs.com).xlsx,2026-09-25T04:18:50+00:00,archivo del repositorio
qs,Universidad de Los Lagos,2024,,qs_puntaje_academicos_con_doctorado_latam,44.9,puntaje 0-100,"Proporción de académicos con doctorado · QS latam 2024, puntaje normalizado",KAI/QS/DatosQS/QS LATAM/2024 QS LATAM Rankings Results v1.0 (For qs.com).xlsx,2026-09-25T04:18:50+00:00,archivo del repositorio
qs,Universidad de Los Lagos,2024,,qs_puntaje_red_internacional_latam,29.6,puntaje 0-100,"Red internacional de investigación · QS latam 2024, puntaje normalizado",KAI/QS/DatosQS/QS LATAM/2024 QS LATAM Rankings Results v1.0 (For qs.com).xlsx,2026-09-25T04:18:50+00:00,archivo del repositorio
qs,Universidad de Los Lagos,2024,,qs_puntaje_impacto_web_latam,36.6,puntaje 0-100,"Impacto web, derivado de Webometrics · QS latam 2024, puntaje normalizado",KAI/QS/DatosQS/QS LATAM/2024 QS LATAM Rankings Results v1.0 (For qs.com).xlsx,2026-09-25T04:18:50+00:00,archivo del repositorio
qs,Universidad Mayor,2024,,qs_puntaje_reputacion_academica_latam,11.1,puntaje 0-100,"Encuesta de reputación académica · QS latam 2024, puntaje normalizado",KAI/QS/DatosQS/QS LATAM/2024 QS LATAM Rankings Results v1.0 (For qs.com).xlsx,2026-09-25T04:18:50+00:00,archivo del repositorio
qs,Universidad Mayor,2024,,qs_puntaje_reputacion_empleadores_latam,14.0,puntaje 0-100,"Encuesta de reputación entre empleadores · QS latam 2024, puntaje normalizado",KAI/QS/DatosQS/QS LATAM/2024 QS LATAM Rankings Results v1.0 (For qs.com).xlsx,2026-09-25T04:18:50+00:00,archivo del repositorio
qs,Universidad Mayor,2024,,qs_puntaje_ratio_academicos_latam,14.4,puntaje 0-100,"Razón de académicos por estudiante · QS latam 2024, puntaje normalizado",KAI/QS/DatosQS/QS LATAM/2024 QS LATAM Rankings Results v1.0 (For qs.com).xlsx,2026-09-25T04:18:50+00:00,archivo del repositorio
qs,Universidad Mayor,2024,,qs_puntaje_articulos_por_academico_latam,12.9,puntaje 0-100,"Artículos por académico · QS latam 2024, puntaje normalizado",KAI/QS/DatosQS/QS LATAM/2024 QS LATAM Rankings Results v1.0 (For qs.com).xlsx,2026-09-25T04:18:50+00:00,archivo del repositorio
qs,Universidad Mayor,2024,,qs_puntaje_citas_por_articulo_latam,36.6,puntaje 0-100,"Citas por artículo · QS latam 2024, puntaje normalizado",KAI/QS/DatosQS/QS LATAM/2024 QS LATAM Rankings Results v1.0 (For qs.com).xlsx,2026-09-25T04:18:50+00:00,archivo del repositorio
qs,Universidad Mayor,2024,,qs_puntaje_academicos_con_doctorado_latam,17.6,puntaje 0-100,"Proporción de académicos con doctorado · QS latam 2024, puntaje normalizado",KAI/QS/DatosQS/QS LATAM/2024 QS LATAM Rankings Results v1.0 (For qs.com).xlsx,2026-09-25T04:18:50+00:00,archivo del repositorio
qs,Universidad Mayor,2024,,qs_puntaje_red_internacional_latam,68.5,puntaje 0-100,"Red internacional de investigación · QS latam 2024, puntaje normalizado",KAI/QS/DatosQS/QS LATAM/2024 QS LATAM Rankings Results v1.0 (For qs.com).xlsx,2026-09-25T04:18:50+00:00,archivo del repositorio
qs,Universidad Mayor,2024,,qs_puntaje_impacto_web_latam,15.9,puntaje 0-100,"Impacto web, derivado de Webometrics · QS latam 2024, puntaje normalizado",KAI/QS/DatosQS/QS LATAM/2024 QS LATAM Rankings Results v1.0 (For qs.com).xlsx,2026-09-25T04:18:50+00:00,archivo del repositorio
qs,Universidad San Sebastian,2024,,qs_puntaje_reputacion_academica_latam,8.9,puntaje 0-100,"Encuesta de reputación académica · QS latam 2024, puntaje normalizado",KAI/QS/DatosQS/QS LATAM/2024 QS LATAM Rankings Results v1.0 (For qs.com).xlsx,2026-09-25T04:18:50+00:00,archivo del repositorio
qs,Universidad San Sebastian,2024,,qs_puntaje_reputacion_empleadores_latam,15.9,puntaje 0-100,"Encuesta de reputación entre empleadores · QS latam 2024, puntaje normalizado",KAI/QS/DatosQS/QS LATAM/2024 QS LATAM Rankings Results v1.0 (For qs.com).xlsx,2026-09-25T04:18:50+00:00,archivo del repositorio
qs,Universidad San Sebastian,2024,,qs_puntaje_ratio_academicos_latam,60.7,puntaje 0-100,"Razón de académicos por estudiante · QS latam 2024, puntaje normalizado",KAI/QS/DatosQS/QS LATAM/2024 QS LATAM Rankings Results v1.0 (For qs.com).xlsx,2026-09-25T04:18:50+00:00,archivo del repositorio
qs,Universidad San Sebastian,2024,,qs_puntaje_articulos_por_academico_latam,8.4,puntaje 0-100,"Artículos por académico · QS latam 2024, puntaje normalizado",KAI/QS/DatosQS/QS LATAM/2024 QS LATAM Rankings Results v1.0 (For qs.com).xlsx,2026-09-25T04:18:50+00:00,archivo del repositorio
qs,Universidad San Sebastian,2024,,qs_puntaje_citas_por_articulo_latam,17.0,puntaje 0-100,"Citas por artículo · QS latam 2024, puntaje normalizado",KAI/QS/DatosQS/QS LATAM/2024 QS LATAM Rankings Results v1.0 (For qs.com).xlsx,2026-09-25T04:18:50+00:00,archivo del repositorio
qs,Universidad San Sebastian,2024,,qs_puntaje_academicos_con_doctorado_latam,6.7,puntaje 0-100,"Proporción de académicos con doctorado · QS latam 2024, puntaje normalizado",KAI/QS/DatosQS/QS LATAM/2024 QS LATAM Rankings Results v1.0 (For qs.com).xlsx,2026-09-25T04:18:50+00:00,archivo del repositorio
qs,Universidad San Sebastian,2024,,qs_puntaje_red_internacional_latam,49.6,puntaje 0-100,"Red internacional de investigación · QS latam 2024, puntaje normalizado",KAI/QS/DatosQS/QS LATAM/2024 QS LATAM Rankings Results v1.0 (For qs.com).xlsx,2026-09-25T04:18:50+00:00,archivo del repositorio
qs,Universidad San Sebastian,2024,,qs_puntaje_impacto_web_latam,20.4,puntaje 0-100,"Impacto web, derivado de Webometrics · QS latam 2024, puntaje normalizado",KAI/QS/DatosQS/QS LATAM/2024 QS LATAM Rankings Results v1.0 (For qs.com).xlsx,2026-09-25T04:18:50+00:00,archivo del repositorio
qs,Universidad Arturo Prat,2024,,qs_puntaje_reputacion_academica_latam,7.9,puntaje 0-100,"Encuesta de reputación académica · QS latam 2024, puntaje normalizado",KAI/QS/DatosQS/QS LATAM/2024 QS LATAM Rankings Results v1.0 (For qs.com).xlsx,2026-09-25T04:18:50+00:00,archivo del repositorio
qs,Universidad Arturo Prat,2024,,qs_puntaje_reputacion_empleadores_latam,14.0,puntaje 0-100,"Encuesta de reputación entre empleadores · QS latam 2024, puntaje normalizado",KAI/QS/DatosQS/QS LATAM/2024 QS LATAM Rankings Results v1.0 (For qs.com).xlsx,2026-09-25T04:18:50+00:00,archivo del repositorio
qs,Universidad Arturo Prat,2024,,qs_puntaje_ratio_academicos_latam,9.3,puntaje 0-100,"Razón de académicos por estudiante · QS latam 2024, puntaje normalizado",KAI/QS/DatosQS/QS LATAM/2024 QS LATAM Rankings Results v1.0 (For qs.com).xlsx,2026-09-25T04:18:50+00:00,archivo del repositorio
qs,Universidad Arturo Prat,2024,,qs_puntaje_articulos_por_academico_latam,21.1,puntaje 0-100,"Artículos por académico · QS latam 2024, puntaje normalizado",KAI/QS/DatosQS/QS LATAM/2024 QS LATAM Rankings Results v1.0 (For qs.com).xlsx,2026-09-25T04:18:50+00:00,archivo del repositorio
qs,Universidad Arturo Prat,2024,,qs_puntaje_citas_por_articulo_latam,6.6,puntaje 0-100,"Citas por artículo · QS latam 2024, puntaje normalizado",KAI/QS/DatosQS/QS LATAM/2024 QS LATAM Rankings Results v1.0 (For qs.com).xlsx,2026-09-25T04:18:50+00:00,archivo del repositorio
qs,Universidad Arturo Prat,2024,,qs_puntaje_academicos_con_doctorado_latam,19.3,puntaje 0-100,"Proporción de académicos con doctorado · QS latam 2024, puntaje normalizado",KAI/QS/DatosQS/QS LATAM/2024 QS LATAM Rankings Results v1.0 (For qs.com).xlsx,2026-09-25T04:18:50+00:00,archivo del repositorio
qs,Universidad Arturo Prat,2024,,qs_puntaje_red_internacional_latam,55.8,puntaje 0-100,"Red internacional de investigación · QS latam 2024, puntaje normalizado",KAI/QS/DatosQS/QS LATAM/2024 QS LATAM Rankings Results v1.0 (For qs.com).xlsx,2026-09-25T04:18:50+00:00,archivo del repositorio
qs,Universidad Arturo Prat,2024,,qs_puntaje_impacto_web_latam,8.7,puntaje 0-100,"Impacto web, derivado de Webometrics · QS latam 2024, puntaje normalizado",KAI/QS/DatosQS/QS LATAM/2024 QS LATAM Rankings Results v1.0 (For qs.com).xlsx,2026-09-25T04:18:50+00:00,archivo del repositorio
qs,Universidad de Playa Ancha,2024,,qs_puntaje_reputacion_academica_latam,7.7,puntaje 0-100,"Encuesta de reputación académica · QS latam 2024, puntaje normalizado",KAI/QS/DatosQS/QS LATAM/2024 QS LATAM Rankings Results v1.0 (For qs.com).xlsx,2026-09-25T04:18:50+00:00,archivo del repositorio
qs,Universidad de Playa Ancha,2024,,qs_puntaje_reputacion_empleadores_latam,4.2,puntaje 0-100,"Encuesta de reputación entre empleadores · QS latam 2024, puntaje normalizado",KAI/QS/DatosQS/QS LATAM/2024 QS LATAM Rankings Results v1.0 (For qs.com).xlsx,2026-09-25T04:18:50+00:00,archivo del repositorio
qs,Universidad de Playa Ancha,2024,,qs_puntaje_ratio_academicos_latam,23.9,puntaje 0-100,"Razón de académicos por estudiante · QS latam 2024, puntaje normalizado",KAI/QS/DatosQS/QS LATAM/2024 QS LATAM Rankings Results v1.0 (For qs.com).xlsx,2026-09-25T04:18:50+00:00,archivo del repositorio
qs,Universidad de Playa Ancha,2024,,qs_puntaje_articulos_por_academico_latam,37.2,puntaje 0-100,"Artículos por académico · QS latam 2024, puntaje normalizado",KAI/QS/DatosQS/QS LATAM/2024 QS LATAM Rankings Results v1.0 (For qs.com).xlsx,2026-09-25T04:18:50+00:00,archivo del repositorio
qs,Universidad de Playa Ancha,2024,,qs_puntaje_citas_por_articulo_latam,1.6,puntaje 0-100,"Citas por artículo · QS latam 2024, puntaje normalizado",KAI/QS/DatosQS/QS LATAM/2024 QS LATAM Rankings Results v1.0 (For qs.com).xlsx,2026-09-25T04:18:50+00:00,archivo del repositorio
qs,Universidad de Playa Ancha,2024,,qs_puntaje_academicos_con_doctorado_latam,24.0,puntaje 0-100,"Proporción de académicos con doctorado · QS latam 2024, puntaje normalizado",KAI/QS/DatosQS/QS LATAM/2024 QS LATAM Rankings Results v1.0 (For qs.com).xlsx,2026-09-25T04:18:50+00:00,archivo del repositorio
qs,Universidad de Playa Ancha,2024,,qs_puntaje_red_internacional_latam,27.5,puntaje 0-100,"Red internacional de investigación · QS latam 2024, puntaje normalizado",KAI/QS/DatosQS/QS LATAM/2024 QS LATAM Rankings Results v1.0 (For qs.com).xlsx,2026-09-25T04:18:50+00:00,archivo del repositorio
qs,Universidad de Playa Ancha,2024,,qs_puntaje_impacto_web_latam,33.7,puntaje 0-100,"Impacto web, derivado de Webometrics · QS latam 2024, puntaje normalizado",KAI/QS/DatosQS/QS LATAM/2024 QS LATAM Rankings Results v1.0 (For qs.com).xlsx,2026-09-25T04:18:50+00:00,archivo del repositorio
qs,Universidad Santo Tomas,2024,,qs_puntaje_reputacion_academica_latam,10.8,puntaje 0-100,"Encuesta de reputación académica · QS latam 2024, puntaje normalizado",KAI/QS/DatosQS/QS LATAM/2024 QS LATAM Rankings Results v1.0 (For qs.com).xlsx,2026-09-25T04:18:50+00:00,archivo del repositorio
qs,Universidad Santo Tomas,2024,,qs_puntaje_reputacion_empleadores_latam,11.5,puntaje 0-100,"Encuesta de reputación entre empleadores · QS latam 2024, puntaje normalizado",KAI/QS/DatosQS/QS LATAM/2024 QS LATAM Rankings Results v1.0 (For qs.com).xlsx,2026-09-25T04:18:50+00:00,archivo del repositorio
qs,Universidad Santo Tomas,2024,,qs_puntaje_ratio_academicos_latam,17.7,puntaje 0-100,"Razón de académicos por estudiante · QS latam 2024, puntaje normalizado",KAI/QS/DatosQS/QS LATAM/2024 QS LATAM Rankings Results v1.0 (For qs.com).xlsx,2026-09-25T04:18:50+00:00,archivo del repositorio
qs,Universidad Santo Tomas,2024,,qs_puntaje_articulos_por_academico_latam,6.3,puntaje 0-100,"Artículos por académico · QS latam 2024, puntaje normalizado",KAI/QS/DatosQS/QS LATAM/2024 QS LATAM Rankings Results v1.0 (For qs.com).xlsx,2026-09-25T04:18:50+00:00,archivo del repositorio
qs,Universidad Santo Tomas,2024,,qs_puntaje_citas_por_articulo_latam,20.8,puntaje 0-100,"Citas por artículo · QS latam 2024, puntaje normalizado",KAI/QS/DatosQS/QS LATAM/2024 QS LATAM Rankings Results v1.0 (For qs.com).xlsx,2026-09-25T04:18:50+00:00,archivo del repositorio
qs,Universidad Santo Tomas,2024,,qs_puntaje_academicos_con_doctorado_latam,8.0,puntaje 0-100,"Proporción de académicos con doctorado · QS latam 2024, puntaje normalizado",KAI/QS/DatosQS/QS LATAM/2024 QS LATAM Rankings Results v1.0 (For qs.com).xlsx,2026-09-25T04:18:50+00:00,archivo del repositorio
qs,Universidad Santo Tomas,2024,,qs_puntaje_red_internacional_latam,41.4,puntaje 0-100,"Red internacional de investigación · QS latam 2024, puntaje normalizado",KAI/QS/DatosQS/QS LATAM/2024 QS LATAM Rankings Results v1.0 (For qs.com).xlsx,2026-09-25T04:18:50+00:00,archivo del repositorio
qs,Universidad Santo Tomas,2024,,qs_puntaje_impacto_web_latam,4.3,puntaje 0-100,"Impacto web, derivado de Webometrics · QS latam 2024, puntaje normalizado",KAI/QS/DatosQS/QS LATAM/2024 QS LATAM Rankings Results v1.0 (For qs.com).xlsx,2026-09-25T04:18:50+00:00,archivo del repositorio
qs,Universidad Tecnologica Metropolitana,2024,,qs_puntaje_reputacion_academica_latam,7.4,puntaje 0-100,"Encuesta de reputación académica · QS latam 2024, puntaje normalizado",KAI/QS/DatosQS/QS LATAM/2024 QS LATAM Rankings Results v1.0 (For qs.com).xlsx,2026-09-25T04:18:50+00:00,archivo del repositorio
qs,Universidad Tecnologica Metropolitana,2024,,qs_puntaje_reputacion_empleadores_latam,12.9,puntaje 0-100,"Encuesta de reputación entre empleadores · QS latam 2024, puntaje normalizado",KAI/QS/DatosQS/QS LATAM/2024 QS LATAM Rankings Results v1.0 (For qs.com).xlsx,2026-09-25T04:18:50+00:00,archivo del repositorio
qs,Universidad Tecnologica Metropolitana,2024,,qs_puntaje_ratio_academicos_latam,21.7,puntaje 0-100,"Razón de académicos por estudiante · QS latam 2024, puntaje normalizado",KAI/QS/DatosQS/QS LATAM/2024 QS LATAM Rankings Results v1.0 (For qs.com).xlsx,2026-09-25T04:18:50+00:00,archivo del repositorio
qs,Universidad Tecnologica Metropolitana,2024,,qs_puntaje_articulos_por_academico_latam,10.1,puntaje 0-100,"Artículos por académico · QS latam 2024, puntaje normalizado",KAI/QS/DatosQS/QS LATAM/2024 QS LATAM Rankings Results v1.0 (For qs.com).xlsx,2026-09-25T04:18:50+00:00,archivo del repositorio
qs,Universidad Tecnologica Metropolitana,2024,,qs_puntaje_citas_por_articulo_latam,50.6,puntaje 0-100,"Citas por artículo · QS latam 2024, puntaje normalizado",KAI/QS/DatosQS/QS LATAM/2024 QS LATAM Rankings Results v1.0 (For qs.com).xlsx,2026-09-25T04:18:50+00:00,archivo del repositorio
qs,Universidad Tecnologica Metropolitana,2024,,qs_puntaje_red_internacional_latam,29.1,puntaje 0-100,"Red internacional de investigación · QS latam 2024, puntaje normalizado",KAI/QS/DatosQS/QS LATAM/2024 QS LATAM Rankings Results v1.0 (For qs.com).xlsx,2026-09-25T04:18:50+00:00,archivo del repositorio
qs,Universidad Tecnologica Metropolitana,2024,,qs_puntaje_impacto_web_latam,10.0,puntaje 0-100,"Impacto web, derivado de Webometrics · QS latam 2024, puntaje normalizado",KAI/QS/DatosQS/QS LATAM/2024 QS LATAM Rankings Results v1.0 (For qs.com).xlsx,2026-09-25T04:18:50+00:00,archivo del repositorio
qs,Universidad de Atacama,2024,,qs_puntaje_reputacion_academica_latam,6.2,puntaje 0-100,"Encuesta de reputación académica · QS latam 2024, puntaje normalizado",KAI/QS/DatosQS/QS LATAM/2024 QS LATAM Rankings Results v1.0 (For qs.com).xlsx,2026-09-25T04:18:50+00:00,archivo del repositorio
qs,Universidad de Atacama,2024,,qs_puntaje_reputacion_empleadores_latam,6.7,puntaje 0-100,"Encuesta de reputación entre empleadores · QS latam 2024, puntaje normalizado",KAI/QS/DatosQS/QS LATAM/2024 QS LATAM Rankings Results v1.0 (For qs.com).xlsx,2026-09-25T04:18:50+00:00,archivo del repositorio
qs,Universidad de Atacama,2024,,qs_puntaje_ratio_academicos_latam,5.3,puntaje 0-100,"Razón de académicos por estudiante · QS latam 2024, puntaje normalizado",KAI/QS/DatosQS/QS LATAM/2024 QS LATAM Rankings Results v1.0 (For qs.com).xlsx,2026-09-25T04:18:50+00:00,archivo del repositorio
qs,Universidad de Atacama,2024,,qs_puntaje_articulos_por_academico_latam,46.6,puntaje 0-100,"Artículos por académico · QS latam 2024, puntaje normalizado",KAI/QS/DatosQS/QS LATAM/2024 QS LATAM Rankings Results v1.0 (For qs.com).xlsx,2026-09-25T04:18:50+00:00,archivo del repositorio
qs,Universidad de Atacama,2024,,qs_puntaje_citas_por_articulo_latam,41.1,puntaje 0-100,"Citas por artículo · QS latam 2024, puntaje normalizado",KAI/QS/DatosQS/QS LATAM/2024 QS LATAM Rankings Results v1.0 (For qs.com).xlsx,2026-09-25T04:18:50+00:00,archivo del repositorio
qs,Universidad de Atacama,2024,,qs_puntaje_red_internacional_latam,36.8,puntaje 0-100,"Red internacional de investigación · QS latam 2024, puntaje normalizado",KAI/QS/DatosQS/QS LATAM/2024 QS LATAM Rankings Results v1.0 (For qs.com).xlsx,2026-09-25T04:18:50+00:00,archivo del repositorio
qs,Universidad de Atacama,2024,,qs_puntaje_impacto_web_latam,8.6,puntaje 0-100,"Impacto web, derivado de Webometrics · QS latam 2024, puntaje normalizado",KAI/QS/DatosQS/QS LATAM/2024 QS LATAM Rankings Results v1.0 (For qs.com).xlsx,2026-09-25T04:18:50+00:00,archivo del repositorio
qs,Universidad de Las Americas,2024,,qs_puntaje_reputacion_academica_latam,11.5,puntaje 0-100,"Encuesta de reputación académica · QS latam 2024, puntaje normalizado",KAI/QS/DatosQS/QS LATAM/2024 QS LATAM Rankings Results v1.0 (For qs.com).xlsx,2026-09-25T04:18:50+00:00,archivo del repositorio
qs,Universidad de Las Americas,2024,,qs_puntaje_reputacion_empleadores_latam,17.1,puntaje 0-100,"Encuesta de reputación entre empleadores · QS latam 2024, puntaje normalizado",KAI/QS/DatosQS/QS LATAM/2024 QS LATAM Rankings Results v1.0 (For qs.com).xlsx,2026-09-25T04:18:50+00:00,archivo del repositorio
qs,Universidad de Las Americas,2024,,qs_puntaje_ratio_academicos_latam,11.6,puntaje 0-100,"Razón de académicos por estudiante · QS latam 2024, puntaje normalizado",KAI/QS/DatosQS/QS LATAM/2024 QS LATAM Rankings Results v1.0 (For qs.com).xlsx,2026-09-25T04:18:50+00:00,archivo del repositorio
qs,Universidad de Las Americas,2024,,qs_puntaje_articulos_por_academico_latam,3.3,puntaje 0-100,"Artículos por académico · QS latam 2024, puntaje normalizado",KAI/QS/DatosQS/QS LATAM/2024 QS LATAM Rankings Results v1.0 (For qs.com).xlsx,2026-09-25T04:18:50+00:00,archivo del repositorio
qs,Universidad de Las Americas,2024,,qs_puntaje_citas_por_articulo_latam,2.1,puntaje 0-100,"Citas por artículo · QS latam 2024, puntaje normalizado",KAI/QS/DatosQS/QS LATAM/2024 QS LATAM Rankings Results v1.0 (For qs.com).xlsx,2026-09-25T04:18:50+00:00,archivo del repositorio
qs,Universidad de Las Americas,2024,,qs_puntaje_academicos_con_doctorado_latam,6.3,puntaje 0-100,"Proporción de académicos con doctorado · QS latam 2024, puntaje normalizado",KAI/QS/DatosQS/QS LATAM/2024 QS LATAM Rankings Results v1.0 (For qs.com).xlsx,2026-09-25T04:18:50+00:00,archivo del repositorio
qs,Universidad de Las Americas,2024,,qs_puntaje_red_internacional_latam,12.9,puntaje 0-100,"Red internacional de investigación · QS latam 2024, puntaje normalizado",KAI/QS/DatosQS/QS LATAM/2024 QS LATAM Rankings Results v1.0 (For qs.com).xlsx,2026-09-25T04:18:50+00:00,archivo del repositorio
qs,Universidad de Las Americas,2024,,qs_puntaje_impacto_web_latam,9.0,puntaje 0-100,"Impacto web, derivado de Webometrics · QS latam 2024, puntaje normalizado",KAI/QS/DatosQS/QS LATAM/2024 QS LATAM Rankings Results v1.0 (For qs.com).xlsx,2026-09-25T04:18:50+00:00,archivo del repositorio
qs,Universidad Finis Terrae,2024,,qs_puntaje_reputacion_academica_latam,9.4,puntaje 0-100,"Encuesta de reputación académica · QS latam 2024, puntaje normalizado",KAI/QS/DatosQS/QS LATAM/2024 QS LATAM Rankings Results v1.0 (For qs.com).xlsx,2026-09-25T04:18:50+00:00,archivo del repositorio
qs,Universidad Finis Terrae,2024,,qs_puntaje_reputacion_empleadores_latam,9.0,puntaje 0-100,"Encuesta de reputación entre empleadores · QS latam 2024, puntaje normalizado",KAI/QS/DatosQS/QS LATAM/2024 QS LATAM Rankings Results v1.0 (For qs.com).xlsx,2026-09-25T04:18:50+00:00,archivo del repositorio
qs,Universidad Finis Terrae,2024,,qs_puntaje_ratio_academicos_latam,23.2,puntaje 0-100,"Razón de académicos por estudiante · QS latam 2024, puntaje normalizado",KAI/QS/DatosQS/QS LATAM/2024 QS LATAM Rankings Results v1.0 (For qs.com).xlsx,2026-09-25T04:18:50+00:00,archivo del repositorio
qs,Universidad Finis Terrae,2024,,qs_puntaje_articulos_por_academico_latam,15.4,puntaje 0-100,"Artículos por académico · QS latam 2024, puntaje normalizado",KAI/QS/DatosQS/QS LATAM/2024 QS LATAM Rankings Results v1.0 (For qs.com).xlsx,2026-09-25T04:18:50+00:00,archivo del repositorio
qs,Universidad Finis Terrae,2024,,qs_puntaje_citas_por_articulo_latam,2.9,puntaje 0-100,"Citas por artículo · QS latam 2024, puntaje normalizado",KAI/QS/DatosQS/QS LATAM/2024 QS LATAM Rankings Results v1.0 (For qs.com).xlsx,2026-09-25T04:18:50+00:00,archivo del repositorio
qs,Universidad Finis Terrae,2024,,qs_puntaje_academicos_con_doctorado_latam,8.9,puntaje 0-100,"Proporción de académicos con doctorado · QS latam 2024, puntaje normalizado",KAI/QS/DatosQS/QS LATAM/2024 QS LATAM Rankings Results v1.0 (For qs.com).xlsx,2026-09-25T04:18:50+00:00,archivo del repositorio
qs,Universidad Finis Terrae,2024,,qs_puntaje_red_internacional_latam,10.9,puntaje 0-100,"Red internacional de investigación · QS latam 2024, puntaje normalizado",KAI/QS/DatosQS/QS LATAM/2024 QS LATAM Rankings Results v1.0 (For qs.com).xlsx,2026-09-25T04:18:50+00:00,archivo del repositorio
qs,Universidad Finis Terrae,2024,,qs_puntaje_impacto_web_latam,11.7,puntaje 0-100,"Impacto web, derivado de Webometrics · QS latam 2024, puntaje normalizado",KAI/QS/DatosQS/QS LATAM/2024 QS LATAM Rankings Results v1.0 (For qs.com).xlsx,2026-09-25T04:18:50+00:00,archivo del repositorio
qs,Universidad Catolica Cardenal Raul Silva Henriquez,2024,,qs_puntaje_reputacion_academica_latam,10.9,puntaje 0-100,"Encuesta de reputación académica · QS latam 2024, puntaje normalizado",KAI/QS/DatosQS/QS LATAM/2024 QS LATAM Rankings Results v1.0 (For qs.com).xlsx,2026-09-25T04:18:50+00:00,archivo del repositorio
qs,Universidad Catolica Cardenal Raul Silva Henriquez,2024,,qs_puntaje_reputacion_empleadores_latam,11.1,puntaje 0-100,"Encuesta de reputación entre empleadores · QS latam 2024, puntaje normalizado",KAI/QS/DatosQS/QS LATAM/2024 QS LATAM Rankings Results v1.0 (For qs.com).xlsx,2026-09-25T04:18:50+00:00,archivo del repositorio
qs,Universidad Catolica Cardenal Raul Silva Henriquez,2024,,qs_puntaje_ratio_academicos_latam,20.5,puntaje 0-100,"Razón de académicos por estudiante · QS latam 2024, puntaje normalizado",KAI/QS/DatosQS/QS LATAM/2024 QS LATAM Rankings Results v1.0 (For qs.com).xlsx,2026-09-25T04:18:50+00:00,archivo del repositorio
qs,Universidad Catolica Cardenal Raul Silva Henriquez,2024,,qs_puntaje_articulos_por_academico_latam,6.6,puntaje 0-100,"Artículos por académico · QS latam 2024, puntaje normalizado",KAI/QS/DatosQS/QS LATAM/2024 QS LATAM Rankings Results v1.0 (For qs.com).xlsx,2026-09-25T04:18:50+00:00,archivo del repositorio
qs,Universidad Catolica Cardenal Raul Silva Henriquez,2024,,qs_puntaje_citas_por_articulo_latam,1.3,puntaje 0-100,"Citas por artículo · QS latam 2024, puntaje normalizado",KAI/QS/DatosQS/QS LATAM/2024 QS LATAM Rankings Results v1.0 (For qs.com).xlsx,2026-09-25T04:18:50+00:00,archivo del repositorio
qs,Universidad Catolica Cardenal Raul Silva Henriquez,2024,,qs_puntaje_red_internacional_latam,6.3,puntaje 0-100,"Red internacional de investigación · QS latam 2024, puntaje normalizado",KAI/QS/DatosQS/QS LATAM/2024 QS LATAM Rankings Results v1.0 (For qs.com).xlsx,2026-09-25T04:18:50+00:00,archivo del repositorio
qs,Universidad Catolica Cardenal Raul Silva Henriquez,2024,,qs_puntaje_impacto_web_latam,6.5,puntaje 0-100,"Impacto web, derivado de Webometrics · QS latam 2024, puntaje normalizado",KAI/QS/DatosQS/QS LATAM/2024 QS LATAM Rankings Results v1.0 (For qs.com).xlsx,2026-09-25T04:18:50+00:00,archivo del repositorio
qs,Universidad de Vina del Mar,2024,,qs_puntaje_reputacion_academica_latam,9.0,puntaje 0-100,"Encuesta de reputación académica · QS latam 2024, puntaje normalizado",KAI/QS/DatosQS/QS LATAM/2024 QS LATAM Rankings Results v1.0 (For qs.com).xlsx,2026-09-25T04:18:50+00:00,archivo del repositorio
qs,Universidad de Vina del Mar,2024,,qs_puntaje_reputacion_empleadores_latam,7.7,puntaje 0-100,"Encuesta de reputación entre empleadores · QS latam 2024, puntaje normalizado",KAI/QS/DatosQS/QS LATAM/2024 QS LATAM Rankings Results v1.0 (For qs.com).xlsx,2026-09-25T04:18:50+00:00,archivo del repositorio
qs,Universidad de Vina del Mar,2024,,qs_puntaje_ratio_academicos_latam,44.1,puntaje 0-100,"Razón de académicos por estudiante · QS latam 2024, puntaje normalizado",KAI/QS/DatosQS/QS LATAM/2024 QS LATAM Rankings Results v1.0 (For qs.com).xlsx,2026-09-25T04:18:50+00:00,archivo del repositorio
qs,Universidad de Vina del Mar,2024,,qs_puntaje_articulos_por_academico_latam,3.1,puntaje 0-100,"Artículos por académico · QS latam 2024, puntaje normalizado",KAI/QS/DatosQS/QS LATAM/2024 QS LATAM Rankings Results v1.0 (For qs.com).xlsx,2026-09-25T04:18:50+00:00,archivo del repositorio
qs,Universidad de Vina del Mar,2024,,qs_puntaje_citas_por_articulo_latam,1.0,puntaje 0-100,"Citas por artículo · QS latam 2024, puntaje normalizado",KAI/QS/DatosQS/QS LATAM/2024 QS LATAM Rankings Results v1.0 (For qs.com).xlsx,2026-09-25T04:18:50+00:00,archivo del repositorio
qs,Universidad de Vina del Mar,2024,,qs_puntaje_red_internacional_latam,5.3,puntaje 0-100,"Red internacional de investigación · QS latam 2024, puntaje normalizado",KAI/QS/DatosQS/QS LATAM/2024 QS LATAM Rankings Results v1.0 (For qs.com).xlsx,2026-09-25T04:18:50+00:00,archivo del repositorio
qs,Universidad de Vina del Mar,2024,,qs_puntaje_impacto_web_latam,4.9,puntaje 0-100,"Impacto web, derivado de Webometrics · QS latam 2024, puntaje normalizado",KAI/QS/DatosQS/QS LATAM/2024 QS LATAM Rankings Results v1.0 (For qs.com).xlsx,2026-09-25T04:18:50+00:00,archivo del repositorio
qs,Pontificia Universidad Catolica de Chile,2025,,qs_puntaje_reputacion_academica_latam,100.0,puntaje 0-100,"Encuesta de reputación académica · QS latam 2025, puntaje normalizado",KAI/QS/DatosQS/QS LATAM/2025 QS Latam Rankings Results v1.0 (For qs.com).xlsx,2026-09-25T04:18:50+00:00,archivo del repositorio
qs,Pontificia Universidad Catolica de Chile,2025,,qs_puntaje_reputacion_empleadores_latam,100.0,puntaje 0-100,"Encuesta de reputación entre empleadores · QS latam 2025, puntaje normalizado",KAI/QS/DatosQS/QS LATAM/2025 QS Latam Rankings Results v1.0 (For qs.com).xlsx,2026-09-25T04:18:50+00:00,archivo del repositorio
qs,Pontificia Universidad Catolica de Chile,2025,,qs_puntaje_ratio_academicos_latam,57.8,puntaje 0-100,"Razón de académicos por estudiante · QS latam 2025, puntaje normalizado",KAI/QS/DatosQS/QS LATAM/2025 QS Latam Rankings Results v1.0 (For qs.com).xlsx,2026-09-25T04:18:50+00:00,archivo del repositorio
qs,Pontificia Universidad Catolica de Chile,2025,,qs_puntaje_red_internacional_latam,99.9,puntaje 0-100,"Red internacional de investigación · QS latam 2025, puntaje normalizado",KAI/QS/DatosQS/QS LATAM/2025 QS Latam Rankings Results v1.0 (For qs.com).xlsx,2026-09-25T04:18:50+00:00,archivo del repositorio
qs,Pontificia Universidad Catolica de Chile,2025,,qs_puntaje_citas_por_articulo_latam,85.6,puntaje 0-100,"Citas por artículo · QS latam 2025, puntaje normalizado",KAI/QS/DatosQS/QS LATAM/2025 QS Latam Rankings Results v1.0 (For qs.com).xlsx,2026-09-25T04:18:50+00:00,archivo del repositorio
qs,Pontificia Universidad Catolica de Chile,2025,,qs_puntaje_articulos_por_academico_latam,97.4,puntaje 0-100,"Artículos por académico · QS latam 2025, puntaje normalizado",KAI/QS/DatosQS/QS LATAM/2025 QS Latam Rankings Results v1.0 (For qs.com).xlsx,2026-09-25T04:18:50+00:00,archivo del repositorio
qs,Pontificia Universidad Catolica de Chile,2025,,qs_puntaje_estudiantes_internacionales_latam,93.7,puntaje 0-100,"Proporción de estudiantes internacionales · QS latam 2025, puntaje normalizado",KAI/QS/DatosQS/QS LATAM/2025 QS Latam Rankings Results v1.0 (For qs.com).xlsx,2026-09-25T04:18:50+00:00,archivo del repositorio
qs,Pontificia Universidad Catolica de Chile,2025,,qs_puntaje_global_latam,99.7,puntaje 0-100,"Puntaje global de la edición · QS latam 2025, puntaje normalizado",KAI/QS/DatosQS/QS LATAM/2025 QS Latam Rankings Results v1.0 (For qs.com).xlsx,2026-09-25T04:18:50+00:00,archivo del repositorio
qs,Universidad de Chile,2025,,qs_puntaje_reputacion_academica_latam,100.0,puntaje 0-100,"Encuesta de reputación académica · QS latam 2025, puntaje normalizado",KAI/QS/DatosQS/QS LATAM/2025 QS Latam Rankings Results v1.0 (For qs.com).xlsx,2026-09-25T04:18:50+00:00,archivo del repositorio
qs,Universidad de Chile,2025,,qs_puntaje_reputacion_empleadores_latam,100.0,puntaje 0-100,"Encuesta de reputación entre empleadores · QS latam 2025, puntaje normalizado",KAI/QS/DatosQS/QS LATAM/2025 QS Latam Rankings Results v1.0 (For qs.com).xlsx,2026-09-25T04:18:50+00:00,archivo del repositorio
qs,Universidad de Chile,2025,,qs_puntaje_ratio_academicos_latam,22.7,puntaje 0-100,"Razón de académicos por estudiante · QS latam 2025, puntaje normalizado",KAI/QS/DatosQS/QS LATAM/2025 QS Latam Rankings Results v1.0 (For qs.com).xlsx,2026-09-25T04:18:50+00:00,archivo del repositorio
qs,Universidad de Chile,2025,,qs_puntaje_red_internacional_latam,99.7,puntaje 0-100,"Red internacional de investigación · QS latam 2025, puntaje normalizado",KAI/QS/DatosQS/QS LATAM/2025 QS Latam Rankings Results v1.0 (For qs.com).xlsx,2026-09-25T04:18:50+00:00,archivo del repositorio
qs,Universidad de Chile,2025,,qs_puntaje_citas_por_articulo_latam,83.6,puntaje 0-100,"Citas por artículo · QS latam 2025, puntaje normalizado",KAI/QS/DatosQS/QS LATAM/2025 QS Latam Rankings Results v1.0 (For qs.com).xlsx,2026-09-25T04:18:50+00:00,archivo del repositorio
qs,Universidad de Chile,2025,,qs_puntaje_articulos_por_academico_latam,99.6,puntaje 0-100,"Artículos por académico · QS latam 2025, puntaje normalizado",KAI/QS/DatosQS/QS LATAM/2025 QS Latam Rankings Results v1.0 (For qs.com).xlsx,2026-09-25T04:18:50+00:00,archivo del repositorio
qs,Universidad de Chile,2025,,qs_puntaje_estudiantes_internacionales_latam,99.9,puntaje 0-100,"Proporción de estudiantes internacionales · QS latam 2025, puntaje normalizado",KAI/QS/DatosQS/QS LATAM/2025 QS Latam Rankings Results v1.0 (For qs.com).xlsx,2026-09-25T04:18:50+00:00,archivo del repositorio
qs,Universidad de Chile,2025,,qs_puntaje_global_latam,93.9,puntaje 0-100,"Puntaje global de la edición · QS latam 2025, puntaje normalizado",KAI/QS/DatosQS/QS LATAM/2025 QS Latam Rankings Results v1.0 (For qs.com).xlsx,2026-09-25T04:18:50+00:00,archivo del repositorio
qs,Universidad de Concepcion,2025,,qs_puntaje_reputacion_academica_latam,87.7,puntaje 0-100,"Encuesta de reputación académica · QS latam 2025, puntaje normalizado",KAI/QS/DatosQS/QS LATAM/2025 QS Latam Rankings Results v1.0 (For qs.com).xlsx,2026-09-25T04:18:50+00:00,archivo del repositorio
qs,Universidad de Concepcion,2025,,qs_puntaje_reputacion_empleadores_latam,89.1,puntaje 0-100,"Encuesta de reputación entre empleadores · QS latam 2025, puntaje normalizado",KAI/QS/DatosQS/QS LATAM/2025 QS Latam Rankings Results v1.0 (For qs.com).xlsx,2026-09-25T04:18:50+00:00,archivo del repositorio
qs,Universidad de Concepcion,2025,,qs_puntaje_ratio_academicos_latam,39.4,puntaje 0-100,"Razón de académicos por estudiante · QS latam 2025, puntaje normalizado",KAI/QS/DatosQS/QS LATAM/2025 QS Latam Rankings Results v1.0 (For qs.com).xlsx,2026-09-25T04:18:50+00:00,archivo del repositorio
qs,Universidad de Concepcion,2025,,qs_puntaje_red_internacional_latam,97.6,puntaje 0-100,"Red internacional de investigación · QS latam 2025, puntaje normalizado",KAI/QS/DatosQS/QS LATAM/2025 QS Latam Rankings Results v1.0 (For qs.com).xlsx,2026-09-25T04:18:50+00:00,archivo del repositorio
qs,Universidad de Concepcion,2025,,qs_puntaje_citas_por_articulo_latam,93.4,puntaje 0-100,"Citas por artículo · QS latam 2025, puntaje normalizado",KAI/QS/DatosQS/QS LATAM/2025 QS Latam Rankings Results v1.0 (For qs.com).xlsx,2026-09-25T04:18:50+00:00,archivo del repositorio
qs,Universidad de Concepcion,2025,,qs_puntaje_articulos_por_academico_latam,88.1,puntaje 0-100,"Artículos por académico · QS latam 2025, puntaje normalizado",KAI/QS/DatosQS/QS LATAM/2025 QS Latam Rankings Results v1.0 (For qs.com).xlsx,2026-09-25T04:18:50+00:00,archivo del repositorio
qs,Universidad de Concepcion,2025,,qs_puntaje_estudiantes_internacionales_latam,86.3,puntaje 0-100,"Proporción de estudiantes internacionales · QS latam 2025, puntaje normalizado",KAI/QS/DatosQS/QS LATAM/2025 QS Latam Rankings Results v1.0 (For qs.com).xlsx,2026-09-25T04:18:50+00:00,archivo del repositorio
qs,Universidad de Concepcion,2025,,qs_puntaje_global_latam,87.8,puntaje 0-100,"Puntaje global de la edición · QS latam 2025, puntaje normalizado",KAI/QS/DatosQS/QS LATAM/2025 QS Latam Rankings Results v1.0 (For qs.com).xlsx,2026-09-25T04:18:50+00:00,archivo del repositorio
qs,Universidad de Santiago de Chile,2025,,qs_puntaje_reputacion_academica_latam,97.7,puntaje 0-100,"Encuesta de reputación académica · QS latam 2025, puntaje normalizado",KAI/QS/DatosQS/QS LATAM/2025 QS Latam Rankings Results v1.0 (For qs.com).xlsx,2026-09-25T04:18:50+00:00,archivo del repositorio
qs,Universidad de Santiago de Chile,2025,,qs_puntaje_reputacion_empleadores_latam,97.0,puntaje 0-100,"Encuesta de reputación entre empleadores · QS latam 2025, puntaje normalizado",KAI/QS/DatosQS/QS LATAM/2025 QS Latam Rankings Results v1.0 (For qs.com).xlsx,2026-09-25T04:18:50+00:00,archivo del repositorio
qs,Universidad de Santiago de Chile,2025,,qs_puntaje_ratio_academicos_latam,20.9,puntaje 0-100,"Razón de académicos por estudiante · QS latam 2025, puntaje normalizado",KAI/QS/DatosQS/QS LATAM/2025 QS Latam Rankings Results v1.0 (For qs.com).xlsx,2026-09-25T04:18:50+00:00,archivo del repositorio
qs,Universidad de Santiago de Chile,2025,,qs_puntaje_red_internacional_latam,94.2,puntaje 0-100,"Red internacional de investigación · QS latam 2025, puntaje normalizado",KAI/QS/DatosQS/QS LATAM/2025 QS Latam Rankings Results v1.0 (For qs.com).xlsx,2026-09-25T04:18:50+00:00,archivo del repositorio
qs,Universidad de Santiago de Chile,2025,,qs_puntaje_citas_por_articulo_latam,56.7,puntaje 0-100,"Citas por artículo · QS latam 2025, puntaje normalizado",KAI/QS/DatosQS/QS LATAM/2025 QS Latam Rankings Results v1.0 (For qs.com).xlsx,2026-09-25T04:18:50+00:00,archivo del repositorio
qs,Universidad de Santiago de Chile,2025,,qs_puntaje_articulos_por_academico_latam,81.9,puntaje 0-100,"Artículos por académico · QS latam 2025, puntaje normalizado",KAI/QS/DatosQS/QS LATAM/2025 QS Latam Rankings Results v1.0 (For qs.com).xlsx,2026-09-25T04:18:50+00:00,archivo del repositorio
qs,Universidad de Santiago de Chile,2025,,qs_puntaje_estudiantes_internacionales_latam,62.5,puntaje 0-100,"Proporción de estudiantes internacionales · QS latam 2025, puntaje normalizado",KAI/QS/DatosQS/QS LATAM/2025 QS Latam Rankings Results v1.0 (For qs.com).xlsx,2026-09-25T04:18:50+00:00,archivo del repositorio
qs,Universidad de Santiago de Chile,2025,,qs_puntaje_global_latam,81.9,puntaje 0-100,"Puntaje global de la edición · QS latam 2025, puntaje normalizado",KAI/QS/DatosQS/QS LATAM/2025 QS Latam Rankings Results v1.0 (For qs.com).xlsx,2026-09-25T04:18:50+00:00,archivo del repositorio
qs,Universidad Adolfo Ibanez,2025,,qs_puntaje_reputacion_academica_latam,77.2,puntaje 0-100,"Encuesta de reputación académica · QS latam 2025, puntaje normalizado",KAI/QS/DatosQS/QS LATAM/2025 QS Latam Rankings Results v1.0 (For qs.com).xlsx,2026-09-25T04:18:50+00:00,archivo del repositorio
qs,Universidad Adolfo Ibanez,2025,,qs_puntaje_reputacion_empleadores_latam,98.7,puntaje 0-100,"Encuesta de reputación entre empleadores · QS latam 2025, puntaje normalizado",KAI/QS/DatosQS/QS LATAM/2025 QS Latam Rankings Results v1.0 (For qs.com).xlsx,2026-09-25T04:18:50+00:00,archivo del repositorio
qs,Universidad Adolfo Ibanez,2025,,qs_puntaje_ratio_academicos_latam,17.4,puntaje 0-100,"Razón de académicos por estudiante · QS latam 2025, puntaje normalizado",KAI/QS/DatosQS/QS LATAM/2025 QS Latam Rankings Results v1.0 (For qs.com).xlsx,2026-09-25T04:18:50+00:00,archivo del repositorio
qs,Universidad Adolfo Ibanez,2025,,qs_puntaje_red_internacional_latam,78.0,puntaje 0-100,"Red internacional de investigación · QS latam 2025, puntaje normalizado",KAI/QS/DatosQS/QS LATAM/2025 QS Latam Rankings Results v1.0 (For qs.com).xlsx,2026-09-25T04:18:50+00:00,archivo del repositorio
qs,Universidad Adolfo Ibanez,2025,,qs_puntaje_citas_por_articulo_latam,32.7,puntaje 0-100,"Citas por artículo · QS latam 2025, puntaje normalizado",KAI/QS/DatosQS/QS LATAM/2025 QS Latam Rankings Results v1.0 (For qs.com).xlsx,2026-09-25T04:18:50+00:00,archivo del repositorio
qs,Universidad Adolfo Ibanez,2025,,qs_puntaje_articulos_por_academico_latam,94.0,puntaje 0-100,"Artículos por académico · QS latam 2025, puntaje normalizado",KAI/QS/DatosQS/QS LATAM/2025 QS Latam Rankings Results v1.0 (For qs.com).xlsx,2026-09-25T04:18:50+00:00,archivo del repositorio
qs,Universidad Adolfo Ibanez,2025,,qs_puntaje_estudiantes_internacionales_latam,41.3,puntaje 0-100,"Proporción de estudiantes internacionales · QS latam 2025, puntaje normalizado",KAI/QS/DatosQS/QS LATAM/2025 QS Latam Rankings Results v1.0 (For qs.com).xlsx,2026-09-25T04:18:50+00:00,archivo del repositorio
qs,Universidad Adolfo Ibanez,2025,,qs_puntaje_global_latam,75.5,puntaje 0-100,"Puntaje global de la edición · QS latam 2025, puntaje normalizado",KAI/QS/DatosQS/QS LATAM/2025 QS Latam Rankings Results v1.0 (For qs.com).xlsx,2026-09-25T04:18:50+00:00,archivo del repositorio
qs,Pontificia Universidad Catolica de Valparaiso,2025,,qs_puntaje_reputacion_academica_latam,88.4,puntaje 0-100,"Encuesta de reputación académica · QS latam 2025, puntaje normalizado",KAI/QS/DatosQS/QS LATAM/2025 QS Latam Rankings Results v1.0 (For qs.com).xlsx,2026-09-25T04:18:50+00:00,archivo del repositorio
qs,Pontificia Universidad Catolica de Valparaiso,2025,,qs_puntaje_reputacion_empleadores_latam,76.1,puntaje 0-100,"Encuesta de reputación entre empleadores · QS latam 2025, puntaje normalizado",KAI/QS/DatosQS/QS LATAM/2025 QS Latam Rankings Results v1.0 (For qs.com).xlsx,2026-09-25T04:18:50+00:00,archivo del repositorio
qs,Pontificia Universidad Catolica de Valparaiso,2025,,qs_puntaje_ratio_academicos_latam,14.8,puntaje 0-100,"Razón de académicos por estudiante · QS latam 2025, puntaje normalizado",KAI/QS/DatosQS/QS LATAM/2025 QS Latam Rankings Results v1.0 (For qs.com).xlsx,2026-09-25T04:18:50+00:00,archivo del repositorio
qs,Pontificia Universidad Catolica de Valparaiso,2025,,qs_puntaje_red_internacional_latam,87.0,puntaje 0-100,"Red internacional de investigación · QS latam 2025, puntaje normalizado",KAI/QS/DatosQS/QS LATAM/2025 QS Latam Rankings Results v1.0 (For qs.com).xlsx,2026-09-25T04:18:50+00:00,archivo del repositorio
qs,Pontificia Universidad Catolica de Valparaiso,2025,,qs_puntaje_citas_por_articulo_latam,40.8,puntaje 0-100,"Citas por artículo · QS latam 2025, puntaje normalizado",KAI/QS/DatosQS/QS LATAM/2025 QS Latam Rankings Results v1.0 (For qs.com).xlsx,2026-09-25T04:18:50+00:00,archivo del repositorio
qs,Pontificia Universidad Catolica de Valparaiso,2025,,qs_puntaje_articulos_por_academico_latam,98.9,puntaje 0-100,"Artículos por académico · QS latam 2025, puntaje normalizado",KAI/QS/DatosQS/QS LATAM/2025 QS Latam Rankings Results v1.0 (For qs.com).xlsx,2026-09-25T04:18:50+00:00,archivo del repositorio
qs,Pontificia Universidad Catolica de Valparaiso,2025,,qs_puntaje_estudiantes_internacionales_latam,47.9,puntaje 0-100,"Proporción de estudiantes internacionales · QS latam 2025, puntaje normalizado",KAI/QS/DatosQS/QS LATAM/2025 QS Latam Rankings Results v1.0 (For qs.com).xlsx,2026-09-25T04:18:50+00:00,archivo del repositorio
qs,Pontificia Universidad Catolica de Valparaiso,2025,,qs_puntaje_global_latam,74.6,puntaje 0-100,"Puntaje global de la edición · QS latam 2025, puntaje normalizado",KAI/QS/DatosQS/QS LATAM/2025 QS Latam Rankings Results v1.0 (For qs.com).xlsx,2026-09-25T04:18:50+00:00,archivo del repositorio
qs,Universidad Diego Portales,2025,,qs_puntaje_reputacion_academica_latam,66.4,puntaje 0-100,"Encuesta de reputación académica · QS latam 2025, puntaje normalizado",KAI/QS/DatosQS/QS LATAM/2025 QS Latam Rankings Results v1.0 (For qs.com).xlsx,2026-09-25T04:18:50+00:00,archivo del repositorio
qs,Universidad Diego Portales,2025,,qs_puntaje_reputacion_empleadores_latam,79.0,puntaje 0-100,"Encuesta de reputación entre empleadores · QS latam 2025, puntaje normalizado",KAI/QS/DatosQS/QS LATAM/2025 QS Latam Rankings Results v1.0 (For qs.com).xlsx,2026-09-25T04:18:50+00:00,archivo del repositorio
qs,Universidad Diego Portales,2025,,qs_puntaje_ratio_academicos_latam,25.1,puntaje 0-100,"Razón de académicos por estudiante · QS latam 2025, puntaje normalizado",KAI/QS/DatosQS/QS LATAM/2025 QS Latam Rankings Results v1.0 (For qs.com).xlsx,2026-09-25T04:18:50+00:00,archivo del repositorio
qs,Universidad Diego Portales,2025,,qs_puntaje_red_internacional_latam,86.8,puntaje 0-100,"Red internacional de investigación · QS latam 2025, puntaje normalizado",KAI/QS/DatosQS/QS LATAM/2025 QS Latam Rankings Results v1.0 (For qs.com).xlsx,2026-09-25T04:18:50+00:00,archivo del repositorio
qs,Universidad Diego Portales,2025,,qs_puntaje_citas_por_articulo_latam,97.4,puntaje 0-100,"Citas por artículo · QS latam 2025, puntaje normalizado",KAI/QS/DatosQS/QS LATAM/2025 QS Latam Rankings Results v1.0 (For qs.com).xlsx,2026-09-25T04:18:50+00:00,archivo del repositorio
qs,Universidad Diego Portales,2025,,qs_puntaje_articulos_por_academico_latam,45.0,puntaje 0-100,"Artículos por académico · QS latam 2025, puntaje normalizado",KAI/QS/DatosQS/QS LATAM/2025 QS Latam Rankings Results v1.0 (For qs.com).xlsx,2026-09-25T04:18:50+00:00,archivo del repositorio
qs,Universidad Diego Portales,2025,,qs_puntaje_estudiantes_internacionales_latam,29.1,puntaje 0-100,"Proporción de estudiantes internacionales · QS latam 2025, puntaje normalizado",KAI/QS/DatosQS/QS LATAM/2025 QS Latam Rankings Results v1.0 (For qs.com).xlsx,2026-09-25T04:18:50+00:00,archivo del repositorio
qs,Universidad Diego Portales,2025,,qs_puntaje_global_latam,66.1,puntaje 0-100,"Puntaje global de la edición · QS latam 2025, puntaje normalizado",KAI/QS/DatosQS/QS LATAM/2025 QS Latam Rankings Results v1.0 (For qs.com).xlsx,2026-09-25T04:18:50+00:00,archivo del repositorio
qs,Universidad Austral de Chile,2025,,qs_puntaje_reputacion_academica_latam,64.3,puntaje 0-100,"Encuesta de reputación académica · QS latam 2025, puntaje normalizado",KAI/QS/DatosQS/QS LATAM/2025 QS Latam Rankings Results v1.0 (For qs.com).xlsx,2026-09-25T04:18:50+00:00,archivo del repositorio
qs,Universidad Austral de Chile,2025,,qs_puntaje_reputacion_empleadores_latam,54.3,puntaje 0-100,"Encuesta de reputación entre empleadores · QS latam 2025, puntaje normalizado",KAI/QS/DatosQS/QS LATAM/2025 QS Latam Rankings Results v1.0 (For qs.com).xlsx,2026-09-25T04:18:50+00:00,archivo del repositorio
qs,Universidad Austral de Chile,2025,,qs_puntaje_ratio_academicos_latam,8.9,puntaje 0-100,"Razón de académicos por estudiante · QS latam 2025, puntaje normalizado",KAI/QS/DatosQS/QS LATAM/2025 QS Latam Rankings Results v1.0 (For qs.com).xlsx,2026-09-25T04:18:50+00:00,archivo del repositorio
qs,Universidad Austral de Chile,2025,,qs_puntaje_red_internacional_latam,91.1,puntaje 0-100,"Red internacional de investigación · QS latam 2025, puntaje normalizado",KAI/QS/DatosQS/QS LATAM/2025 QS Latam Rankings Results v1.0 (For qs.com).xlsx,2026-09-25T04:18:50+00:00,archivo del repositorio
qs,Universidad Austral de Chile,2025,,qs_puntaje_citas_por_articulo_latam,51.8,puntaje 0-100,"Citas por artículo · QS latam 2025, puntaje normalizado",KAI/QS/DatosQS/QS LATAM/2025 QS Latam Rankings Results v1.0 (For qs.com).xlsx,2026-09-25T04:18:50+00:00,archivo del repositorio
qs,Universidad Austral de Chile,2025,,qs_puntaje_articulos_por_academico_latam,99.1,puntaje 0-100,"Artículos por académico · QS latam 2025, puntaje normalizado",KAI/QS/DatosQS/QS LATAM/2025 QS Latam Rankings Results v1.0 (For qs.com).xlsx,2026-09-25T04:18:50+00:00,archivo del repositorio
qs,Universidad Austral de Chile,2025,,qs_puntaje_estudiantes_internacionales_latam,57.5,puntaje 0-100,"Proporción de estudiantes internacionales · QS latam 2025, puntaje normalizado",KAI/QS/DatosQS/QS LATAM/2025 QS Latam Rankings Results v1.0 (For qs.com).xlsx,2026-09-25T04:18:50+00:00,archivo del repositorio
qs,Universidad Austral de Chile,2025,,qs_puntaje_global_latam,65.8,puntaje 0-100,"Puntaje global de la edición · QS latam 2025, puntaje normalizado",KAI/QS/DatosQS/QS LATAM/2025 QS Latam Rankings Results v1.0 (For qs.com).xlsx,2026-09-25T04:18:50+00:00,archivo del repositorio
qs,Universidad Tecnica Federico Santa Maria,2025,,qs_puntaje_reputacion_academica_latam,50.5,puntaje 0-100,"Encuesta de reputación académica · QS latam 2025, puntaje normalizado",KAI/QS/DatosQS/QS LATAM/2025 QS Latam Rankings Results v1.0 (For qs.com).xlsx,2026-09-25T04:18:50+00:00,archivo del repositorio
qs,Universidad Tecnica Federico Santa Maria,2025,,qs_puntaje_reputacion_empleadores_latam,84.6,puntaje 0-100,"Encuesta de reputación entre empleadores · QS latam 2025, puntaje normalizado",KAI/QS/DatosQS/QS LATAM/2025 QS Latam Rankings Results v1.0 (For qs.com).xlsx,2026-09-25T04:18:50+00:00,archivo del repositorio
qs,Universidad Tecnica Federico Santa Maria,2025,,qs_puntaje_ratio_academicos_latam,8.2,puntaje 0-100,"Razón de académicos por estudiante · QS latam 2025, puntaje normalizado",KAI/QS/DatosQS/QS LATAM/2025 QS Latam Rankings Results v1.0 (For qs.com).xlsx,2026-09-25T04:18:50+00:00,archivo del repositorio
qs,Universidad Tecnica Federico Santa Maria,2025,,qs_puntaje_red_internacional_latam,88.4,puntaje 0-100,"Red internacional de investigación · QS latam 2025, puntaje normalizado",KAI/QS/DatosQS/QS LATAM/2025 QS Latam Rankings Results v1.0 (For qs.com).xlsx,2026-09-25T04:18:50+00:00,archivo del repositorio
qs,Universidad Tecnica Federico Santa Maria,2025,,qs_puntaje_citas_por_articulo_latam,74.1,puntaje 0-100,"Citas por artículo · QS latam 2025, puntaje normalizado",KAI/QS/DatosQS/QS LATAM/2025 QS Latam Rankings Results v1.0 (For qs.com).xlsx,2026-09-25T04:18:50+00:00,archivo del repositorio
qs,Universidad Tecnica Federico Santa Maria,2025,,qs_puntaje_articulos_por_academico_latam,85.0,puntaje 0-100,"Artículos por académico · QS latam 2025, puntaje normalizado",KAI/QS/DatosQS/QS LATAM/2025 QS Latam Rankings Results v1.0 (For qs.com).xlsx,2026-09-25T04:18:50+00:00,archivo del repositorio
qs,Universidad Tecnica Federico Santa Maria,2025,,qs_puntaje_estudiantes_internacionales_latam,41.5,puntaje 0-100,"Proporción de estudiantes internacionales · QS latam 2025, puntaje normalizado",KAI/QS/DatosQS/QS LATAM/2025 QS Latam Rankings Results v1.0 (For qs.com).xlsx,2026-09-25T04:18:50+00:00,archivo del repositorio
qs,Universidad Tecnica Federico Santa Maria,2025,,qs_puntaje_global_latam,64.5,puntaje 0-100,"Puntaje global de la edición · QS latam 2025, puntaje normalizado",KAI/QS/DatosQS/QS LATAM/2025 QS Latam Rankings Results v1.0 (For qs.com).xlsx,2026-09-25T04:18:50+00:00,archivo del repositorio
qs,Universidad de los Andes,2025,,qs_puntaje_reputacion_academica_latam,68.2,puntaje 0-100,"Encuesta de reputación académica · QS latam 2025, puntaje normalizado",KAI/QS/DatosQS/QS LATAM/2025 QS Latam Rankings Results v1.0 (For qs.com).xlsx,2026-09-25T04:18:50+00:00,archivo del repositorio
qs,Universidad de los Andes,2025,,qs_puntaje_reputacion_empleadores_latam,82.1,puntaje 0-100,"Encuesta de reputación entre empleadores · QS latam 2025, puntaje normalizado",KAI/QS/DatosQS/QS LATAM/2025 QS Latam Rankings Results v1.0 (For qs.com).xlsx,2026-09-25T04:18:50+00:00,archivo del repositorio
qs,Universidad de los Andes,2025,,qs_puntaje_ratio_academicos_latam,24.5,puntaje 0-100,"Razón de académicos por estudiante · QS latam 2025, puntaje normalizado",KAI/QS/DatosQS/QS LATAM/2025 QS Latam Rankings Results v1.0 (For qs.com).xlsx,2026-09-25T04:18:50+00:00,archivo del repositorio
qs,Universidad de los Andes,2025,,qs_puntaje_red_internacional_latam,63.5,puntaje 0-100,"Red internacional de investigación · QS latam 2025, puntaje normalizado",KAI/QS/DatosQS/QS LATAM/2025 QS Latam Rankings Results v1.0 (For qs.com).xlsx,2026-09-25T04:18:50+00:00,archivo del repositorio
qs,Universidad de los Andes,2025,,qs_puntaje_citas_por_articulo_latam,35.2,puntaje 0-100,"Citas por artículo · QS latam 2025, puntaje normalizado",KAI/QS/DatosQS/QS LATAM/2025 QS Latam Rankings Results v1.0 (For qs.com).xlsx,2026-09-25T04:18:50+00:00,archivo del repositorio
qs,Universidad de los Andes,2025,,qs_puntaje_articulos_por_academico_latam,64.6,puntaje 0-100,"Artículos por académico · QS latam 2025, puntaje normalizado",KAI/QS/DatosQS/QS LATAM/2025 QS Latam Rankings Results v1.0 (For qs.com).xlsx,2026-09-25T04:18:50+00:00,archivo del repositorio
qs,Universidad de los Andes,2025,,qs_puntaje_estudiantes_internacionales_latam,23.9,puntaje 0-100,"Proporción de estudiantes internacionales · QS latam 2025, puntaje normalizado",KAI/QS/DatosQS/QS LATAM/2025 QS Latam Rankings Results v1.0 (For qs.com).xlsx,2026-09-25T04:18:50+00:00,archivo del repositorio
qs,Universidad de los Andes,2025,,qs_puntaje_global_latam,60.7,puntaje 0-100,"Puntaje global de la edición · QS latam 2025, puntaje normalizado",KAI/QS/DatosQS/QS LATAM/2025 QS Latam Rankings Results v1.0 (For qs.com).xlsx,2026-09-25T04:18:50+00:00,archivo del repositorio
qs,Universidad de Talca,2025,,qs_puntaje_reputacion_academica_latam,54.1,puntaje 0-100,"Encuesta de reputación académica · QS latam 2025, puntaje normalizado",KAI/QS/DatosQS/QS LATAM/2025 QS Latam Rankings Results v1.0 (For qs.com).xlsx,2026-09-25T04:18:50+00:00,archivo del repositorio
qs,Universidad de Talca,2025,,qs_puntaje_reputacion_empleadores_latam,41.3,puntaje 0-100,"Encuesta de reputación entre empleadores · QS latam 2025, puntaje normalizado",KAI/QS/DatosQS/QS LATAM/2025 QS Latam Rankings Results v1.0 (For qs.com).xlsx,2026-09-25T04:18:50+00:00,archivo del repositorio
qs,Universidad de Talca,2025,,qs_puntaje_ratio_academicos_latam,19.6,puntaje 0-100,"Razón de académicos por estudiante · QS latam 2025, puntaje normalizado",KAI/QS/DatosQS/QS LATAM/2025 QS Latam Rankings Results v1.0 (For qs.com).xlsx,2026-09-25T04:18:50+00:00,archivo del repositorio
qs,Universidad de Talca,2025,,qs_puntaje_red_internacional_latam,83.0,puntaje 0-100,"Red internacional de investigación · QS latam 2025, puntaje normalizado",KAI/QS/DatosQS/QS LATAM/2025 QS Latam Rankings Results v1.0 (For qs.com).xlsx,2026-09-25T04:18:50+00:00,archivo del repositorio
qs,Universidad de Talca,2025,,qs_puntaje_citas_por_articulo_latam,72.8,puntaje 0-100,"Citas por artículo · QS latam 2025, puntaje normalizado",KAI/QS/DatosQS/QS LATAM/2025 QS Latam Rankings Results v1.0 (For qs.com).xlsx,2026-09-25T04:18:50+00:00,archivo del repositorio
qs,Universidad de Talca,2025,,qs_puntaje_articulos_por_academico_latam,93.7,puntaje 0-100,"Artículos por académico · QS latam 2025, puntaje normalizado",KAI/QS/DatosQS/QS LATAM/2025 QS Latam Rankings Results v1.0 (For qs.com).xlsx,2026-09-25T04:18:50+00:00,archivo del repositorio
qs,Universidad de Talca,2025,,qs_puntaje_estudiantes_internacionales_latam,48.7,puntaje 0-100,"Proporción de estudiantes internacionales · QS latam 2025, puntaje normalizado",KAI/QS/DatosQS/QS LATAM/2025 QS Latam Rankings Results v1.0 (For qs.com).xlsx,2026-09-25T04:18:50+00:00,archivo del repositorio
qs,Universidad de Talca,2025,,qs_puntaje_global_latam,58.6,puntaje 0-100,"Puntaje global de la edición · QS latam 2025, puntaje normalizado",KAI/QS/DatosQS/QS LATAM/2025 QS Latam Rankings Results v1.0 (For qs.com).xlsx,2026-09-25T04:18:50+00:00,archivo del repositorio
qs,Universidad de la Frontera,2025,,qs_puntaje_reputacion_academica_latam,52.3,puntaje 0-100,"Encuesta de reputación académica · QS latam 2025, puntaje normalizado",KAI/QS/DatosQS/QS LATAM/2025 QS Latam Rankings Results v1.0 (For qs.com).xlsx,2026-09-25T04:18:50+00:00,archivo del repositorio
qs,Universidad de la Frontera,2025,,qs_puntaje_reputacion_empleadores_latam,23.0,puntaje 0-100,"Encuesta de reputación entre empleadores · QS latam 2025, puntaje normalizado",KAI/QS/DatosQS/QS LATAM/2025 QS Latam Rankings Results v1.0 (For qs.com).xlsx,2026-09-25T04:18:50+00:00,archivo del repositorio
qs,Universidad de la Frontera,2025,,qs_puntaje_ratio_academicos_latam,16.4,puntaje 0-100,"Razón de académicos por estudiante · QS latam 2025, puntaje normalizado",KAI/QS/DatosQS/QS LATAM/2025 QS Latam Rankings Results v1.0 (For qs.com).xlsx,2026-09-25T04:18:50+00:00,archivo del repositorio
qs,Universidad de la Frontera,2025,,qs_puntaje_red_internacional_latam,95.2,puntaje 0-100,"Red internacional de investigación · QS latam 2025, puntaje normalizado",KAI/QS/DatosQS/QS LATAM/2025 QS Latam Rankings Results v1.0 (For qs.com).xlsx,2026-09-25T04:18:50+00:00,archivo del repositorio
qs,Universidad de la Frontera,2025,,qs_puntaje_citas_por_articulo_latam,82.7,puntaje 0-100,"Citas por artículo · QS latam 2025, puntaje normalizado",KAI/QS/DatosQS/QS LATAM/2025 QS Latam Rankings Results v1.0 (For qs.com).xlsx,2026-09-25T04:18:50+00:00,archivo del repositorio
qs,Universidad de la Frontera,2025,,qs_puntaje_articulos_por_academico_latam,98.6,puntaje 0-100,"Artículos por académico · QS latam 2025, puntaje normalizado",KAI/QS/DatosQS/QS LATAM/2025 QS Latam Rankings Results v1.0 (For qs.com).xlsx,2026-09-25T04:18:50+00:00,archivo del repositorio
qs,Universidad de la Frontera,2025,,qs_puntaje_estudiantes_internacionales_latam,34.4,puntaje 0-100,"Proporción de estudiantes internacionales · QS latam 2025, puntaje normalizado",KAI/QS/DatosQS/QS LATAM/2025 QS Latam Rankings Results v1.0 (For qs.com).xlsx,2026-09-25T04:18:50+00:00,archivo del repositorio
qs,Universidad de la Frontera,2025,,qs_puntaje_global_latam,56.3,puntaje 0-100,"Puntaje global de la edición · QS latam 2025, puntaje normalizado",KAI/QS/DatosQS/QS LATAM/2025 QS Latam Rankings Results v1.0 (For qs.com).xlsx,2026-09-25T04:18:50+00:00,archivo del repositorio
qs,Universidad Andres Bello,2025,,qs_puntaje_reputacion_academica_latam,58.7,puntaje 0-100,"Encuesta de reputación académica · QS latam 2025, puntaje normalizado",KAI/QS/DatosQS/QS LATAM/2025 QS Latam Rankings Results v1.0 (For qs.com).xlsx,2026-09-25T04:18:50+00:00,archivo del repositorio
qs,Universidad Andres Bello,2025,,qs_puntaje_reputacion_empleadores_latam,54.1,puntaje 0-100,"Encuesta de reputación entre empleadores · QS latam 2025, puntaje normalizado",KAI/QS/DatosQS/QS LATAM/2025 QS Latam Rankings Results v1.0 (For qs.com).xlsx,2026-09-25T04:18:50+00:00,archivo del repositorio
qs,Universidad Andres Bello,2025,,qs_puntaje_ratio_academicos_latam,23.4,puntaje 0-100,"Razón de académicos por estudiante · QS latam 2025, puntaje normalizado",KAI/QS/DatosQS/QS LATAM/2025 QS Latam Rankings Results v1.0 (For qs.com).xlsx,2026-09-25T04:18:50+00:00,archivo del repositorio
qs,Universidad Andres Bello,2025,,qs_puntaje_red_internacional_latam,94.2,puntaje 0-100,"Red internacional de investigación · QS latam 2025, puntaje normalizado",KAI/QS/DatosQS/QS LATAM/2025 QS Latam Rankings Results v1.0 (For qs.com).xlsx,2026-09-25T04:18:50+00:00,archivo del repositorio
qs,Universidad Andres Bello,2025,,qs_puntaje_citas_por_articulo_latam,67.4,puntaje 0-100,"Citas por artículo · QS latam 2025, puntaje normalizado",KAI/QS/DatosQS/QS LATAM/2025 QS Latam Rankings Results v1.0 (For qs.com).xlsx,2026-09-25T04:18:50+00:00,archivo del repositorio
qs,Universidad Andres Bello,2025,,qs_puntaje_articulos_por_academico_latam,38.0,puntaje 0-100,"Artículos por académico · QS latam 2025, puntaje normalizado",KAI/QS/DatosQS/QS LATAM/2025 QS Latam Rankings Results v1.0 (For qs.com).xlsx,2026-09-25T04:18:50+00:00,archivo del repositorio
qs,Universidad Andres Bello,2025,,qs_puntaje_estudiantes_internacionales_latam,44.6,puntaje 0-100,"Proporción de estudiantes internacionales · QS latam 2025, puntaje normalizado",KAI/QS/DatosQS/QS LATAM/2025 QS Latam Rankings Results v1.0 (For qs.com).xlsx,2026-09-25T04:18:50+00:00,archivo del repositorio
qs,Universidad Andres Bello,2025,,qs_puntaje_global_latam,56.2,puntaje 0-100,"Puntaje global de la edición · QS latam 2025, puntaje normalizado",KAI/QS/DatosQS/QS LATAM/2025 QS Latam Rankings Results v1.0 (For qs.com).xlsx,2026-09-25T04:18:50+00:00,archivo del repositorio
qs,Universidad de Valparaiso,2025,,qs_puntaje_reputacion_academica_latam,54.5,puntaje 0-100,"Encuesta de reputación académica · QS latam 2025, puntaje normalizado",KAI/QS/DatosQS/QS LATAM/2025 QS Latam Rankings Results v1.0 (For qs.com).xlsx,2026-09-25T04:18:50+00:00,archivo del repositorio
qs,Universidad de Valparaiso,2025,,qs_puntaje_reputacion_empleadores_latam,34.4,puntaje 0-100,"Encuesta de reputación entre empleadores · QS latam 2025, puntaje normalizado",KAI/QS/DatosQS/QS LATAM/2025 QS Latam Rankings Results v1.0 (For qs.com).xlsx,2026-09-25T04:18:50+00:00,archivo del repositorio
qs,Universidad de Valparaiso,2025,,qs_puntaje_ratio_academicos_latam,25.5,puntaje 0-100,"Razón de académicos por estudiante · QS latam 2025, puntaje normalizado",KAI/QS/DatosQS/QS LATAM/2025 QS Latam Rankings Results v1.0 (For qs.com).xlsx,2026-09-25T04:18:50+00:00,archivo del repositorio
qs,Universidad de Valparaiso,2025,,qs_puntaje_red_internacional_latam,86.9,puntaje 0-100,"Red internacional de investigación · QS latam 2025, puntaje normalizado",KAI/QS/DatosQS/QS LATAM/2025 QS Latam Rankings Results v1.0 (For qs.com).xlsx,2026-09-25T04:18:50+00:00,archivo del repositorio
qs,Universidad de Valparaiso,2025,,qs_puntaje_citas_por_articulo_latam,36.8,puntaje 0-100,"Citas por artículo · QS latam 2025, puntaje normalizado",KAI/QS/DatosQS/QS LATAM/2025 QS Latam Rankings Results v1.0 (For qs.com).xlsx,2026-09-25T04:18:50+00:00,archivo del repositorio
qs,Universidad de Valparaiso,2025,,qs_puntaje_articulos_por_academico_latam,62.4,puntaje 0-100,"Artículos por académico · QS latam 2025, puntaje normalizado",KAI/QS/DatosQS/QS LATAM/2025 QS Latam Rankings Results v1.0 (For qs.com).xlsx,2026-09-25T04:18:50+00:00,archivo del repositorio
qs,Universidad de Valparaiso,2025,,qs_puntaje_estudiantes_internacionales_latam,47.7,puntaje 0-100,"Proporción de estudiantes internacionales · QS latam 2025, puntaje normalizado",KAI/QS/DatosQS/QS LATAM/2025 QS Latam Rankings Results v1.0 (For qs.com).xlsx,2026-09-25T04:18:50+00:00,archivo del repositorio
qs,Universidad de Valparaiso,2025,,qs_puntaje_global_latam,50.2,puntaje 0-100,"Puntaje global de la edición · QS latam 2025, puntaje normalizado",KAI/QS/DatosQS/QS LATAM/2025 QS Latam Rankings Results v1.0 (For qs.com).xlsx,2026-09-25T04:18:50+00:00,archivo del repositorio
qs,Universidad del Desarrollo,2025,,qs_puntaje_reputacion_academica_latam,39.5,puntaje 0-100,"Encuesta de reputación académica · QS latam 2025, puntaje normalizado",KAI/QS/DatosQS/QS LATAM/2025 QS Latam Rankings Results v1.0 (For qs.com).xlsx,2026-09-25T04:18:50+00:00,archivo del repositorio
qs,Universidad del Desarrollo,2025,,qs_puntaje_reputacion_empleadores_latam,59.5,puntaje 0-100,"Encuesta de reputación entre empleadores · QS latam 2025, puntaje normalizado",KAI/QS/DatosQS/QS LATAM/2025 QS Latam Rankings Results v1.0 (For qs.com).xlsx,2026-09-25T04:18:50+00:00,archivo del repositorio
qs,Universidad del Desarrollo,2025,,qs_puntaje_ratio_academicos_latam,31.9,puntaje 0-100,"Razón de académicos por estudiante · QS latam 2025, puntaje normalizado",KAI/QS/DatosQS/QS LATAM/2025 QS Latam Rankings Results v1.0 (For qs.com).xlsx,2026-09-25T04:18:50+00:00,archivo del repositorio
qs,Universidad del Desarrollo,2025,,qs_puntaje_red_internacional_latam,45.2,puntaje 0-100,"Red internacional de investigación · QS latam 2025, puntaje normalizado",KAI/QS/DatosQS/QS LATAM/2025 QS Latam Rankings Results v1.0 (For qs.com).xlsx,2026-09-25T04:18:50+00:00,archivo del repositorio
qs,Universidad del Desarrollo,2025,,qs_puntaje_citas_por_articulo_latam,95.7,puntaje 0-100,"Citas por artículo · QS latam 2025, puntaje normalizado",KAI/QS/DatosQS/QS LATAM/2025 QS Latam Rankings Results v1.0 (For qs.com).xlsx,2026-09-25T04:18:50+00:00,archivo del repositorio
qs,Universidad del Desarrollo,2025,,qs_puntaje_articulos_por_academico_latam,27.6,puntaje 0-100,"Artículos por académico · QS latam 2025, puntaje normalizado",KAI/QS/DatosQS/QS LATAM/2025 QS Latam Rankings Results v1.0 (For qs.com).xlsx,2026-09-25T04:18:50+00:00,archivo del repositorio
qs,Universidad del Desarrollo,2025,,qs_puntaje_estudiantes_internacionales_latam,45.8,puntaje 0-100,"Proporción de estudiantes internacionales · QS latam 2025, puntaje normalizado",KAI/QS/DatosQS/QS LATAM/2025 QS Latam Rankings Results v1.0 (For qs.com).xlsx,2026-09-25T04:18:50+00:00,archivo del repositorio
qs,Universidad del Desarrollo,2025,,qs_puntaje_global_latam,48.7,puntaje 0-100,"Puntaje global de la edición · QS latam 2025, puntaje normalizado",KAI/QS/DatosQS/QS LATAM/2025 QS Latam Rankings Results v1.0 (For qs.com).xlsx,2026-09-25T04:18:50+00:00,archivo del repositorio
qs,Universidad del Bio-Bio,2025,,qs_puntaje_reputacion_academica_latam,42.7,puntaje 0-100,"Encuesta de reputación académica · QS latam 2025, puntaje normalizado",KAI/QS/DatosQS/QS LATAM/2025 QS Latam Rankings Results v1.0 (For qs.com).xlsx,2026-09-25T04:18:50+00:00,archivo del repositorio
qs,Universidad del Bio-Bio,2025,,qs_puntaje_reputacion_empleadores_latam,22.6,puntaje 0-100,"Encuesta de reputación entre empleadores · QS latam 2025, puntaje normalizado",KAI/QS/DatosQS/QS LATAM/2025 QS Latam Rankings Results v1.0 (For qs.com).xlsx,2026-09-25T04:18:50+00:00,archivo del repositorio
qs,Universidad del Bio-Bio,2025,,qs_puntaje_ratio_academicos_latam,10.7,puntaje 0-100,"Razón de académicos por estudiante · QS latam 2025, puntaje normalizado",KAI/QS/DatosQS/QS LATAM/2025 QS Latam Rankings Results v1.0 (For qs.com).xlsx,2026-09-25T04:18:50+00:00,archivo del repositorio
qs,Universidad del Bio-Bio,2025,,qs_puntaje_red_internacional_latam,76.3,puntaje 0-100,"Red internacional de investigación · QS latam 2025, puntaje normalizado",KAI/QS/DatosQS/QS LATAM/2025 QS Latam Rankings Results v1.0 (For qs.com).xlsx,2026-09-25T04:18:50+00:00,archivo del repositorio
qs,Universidad del Bio-Bio,2025,,qs_puntaje_citas_por_articulo_latam,40.3,puntaje 0-100,"Citas por artículo · QS latam 2025, puntaje normalizado",KAI/QS/DatosQS/QS LATAM/2025 QS Latam Rankings Results v1.0 (For qs.com).xlsx,2026-09-25T04:18:50+00:00,archivo del repositorio
qs,Universidad del Bio-Bio,2025,,qs_puntaje_articulos_por_academico_latam,89.2,puntaje 0-100,"Artículos por académico · QS latam 2025, puntaje normalizado",KAI/QS/DatosQS/QS LATAM/2025 QS Latam Rankings Results v1.0 (For qs.com).xlsx,2026-09-25T04:18:50+00:00,archivo del repositorio
qs,Universidad del Bio-Bio,2025,,qs_puntaje_estudiantes_internacionales_latam,32.0,puntaje 0-100,"Proporción de estudiantes internacionales · QS latam 2025, puntaje normalizado",KAI/QS/DatosQS/QS LATAM/2025 QS Latam Rankings Results v1.0 (For qs.com).xlsx,2026-09-25T04:18:50+00:00,archivo del repositorio
qs,Universidad del Bio-Bio,2025,,qs_puntaje_global_latam,46.4,puntaje 0-100,"Puntaje global de la edición · QS latam 2025, puntaje normalizado",KAI/QS/DatosQS/QS LATAM/2025 QS Latam Rankings Results v1.0 (For qs.com).xlsx,2026-09-25T04:18:50+00:00,archivo del repositorio
qs,Universidad Catolica del Norte,2025,,qs_puntaje_reputacion_academica_latam,25.7,puntaje 0-100,"Encuesta de reputación académica · QS latam 2025, puntaje normalizado",KAI/QS/DatosQS/QS LATAM/2025 QS Latam Rankings Results v1.0 (For qs.com).xlsx,2026-09-25T04:18:50+00:00,archivo del repositorio
qs,Universidad Catolica del Norte,2025,,qs_puntaje_reputacion_empleadores_latam,16.6,puntaje 0-100,"Encuesta de reputación entre empleadores · QS latam 2025, puntaje normalizado",KAI/QS/DatosQS/QS LATAM/2025 QS Latam Rankings Results v1.0 (For qs.com).xlsx,2026-09-25T04:18:50+00:00,archivo del repositorio
qs,Universidad Catolica del Norte,2025,,qs_puntaje_ratio_academicos_latam,20.1,puntaje 0-100,"Razón de académicos por estudiante · QS latam 2025, puntaje normalizado",KAI/QS/DatosQS/QS LATAM/2025 QS Latam Rankings Results v1.0 (For qs.com).xlsx,2026-09-25T04:18:50+00:00,archivo del repositorio
qs,Universidad Catolica del Norte,2025,,qs_puntaje_red_internacional_latam,91.6,puntaje 0-100,"Red internacional de investigación · QS latam 2025, puntaje normalizado",KAI/QS/DatosQS/QS LATAM/2025 QS Latam Rankings Results v1.0 (For qs.com).xlsx,2026-09-25T04:18:50+00:00,archivo del repositorio
qs,Universidad Catolica del Norte,2025,,qs_puntaje_citas_por_articulo_latam,71.8,puntaje 0-100,"Citas por artículo · QS latam 2025, puntaje normalizado",KAI/QS/DatosQS/QS LATAM/2025 QS Latam Rankings Results v1.0 (For qs.com).xlsx,2026-09-25T04:18:50+00:00,archivo del repositorio
qs,Universidad Catolica del Norte,2025,,qs_puntaje_articulos_por_academico_latam,92.3,puntaje 0-100,"Artículos por académico · QS latam 2025, puntaje normalizado",KAI/QS/DatosQS/QS LATAM/2025 QS Latam Rankings Results v1.0 (For qs.com).xlsx,2026-09-25T04:18:50+00:00,archivo del repositorio
qs,Universidad Catolica del Norte,2025,,qs_puntaje_estudiantes_internacionales_latam,48.8,puntaje 0-100,"Proporción de estudiantes internacionales · QS latam 2025, puntaje normalizado",KAI/QS/DatosQS/QS LATAM/2025 QS Latam Rankings Results v1.0 (For qs.com).xlsx,2026-09-25T04:18:50+00:00,archivo del repositorio
qs,Universidad Catolica del Norte,2025,,qs_puntaje_global_latam,42.3,puntaje 0-100,"Puntaje global de la edición · QS latam 2025, puntaje normalizado",KAI/QS/DatosQS/QS LATAM/2025 QS Latam Rankings Results v1.0 (For qs.com).xlsx,2026-09-25T04:18:50+00:00,archivo del repositorio
qs,Universidad Autonoma de Chile,2025,,qs_puntaje_reputacion_academica_latam,30.3,puntaje 0-100,"Encuesta de reputación académica · QS latam 2025, puntaje normalizado",KAI/QS/DatosQS/QS LATAM/2025 QS Latam Rankings Results v1.0 (For qs.com).xlsx,2026-09-25T04:18:50+00:00,archivo del repositorio
qs,Universidad Autonoma de Chile,2025,,qs_puntaje_reputacion_empleadores_latam,13.9,puntaje 0-100,"Encuesta de reputación entre empleadores · QS latam 2025, puntaje normalizado",KAI/QS/DatosQS/QS LATAM/2025 QS Latam Rankings Results v1.0 (For qs.com).xlsx,2026-09-25T04:18:50+00:00,archivo del repositorio
qs,Universidad Autonoma de Chile,2025,,qs_puntaje_ratio_academicos_latam,12.4,puntaje 0-100,"Razón de académicos por estudiante · QS latam 2025, puntaje normalizado",KAI/QS/DatosQS/QS LATAM/2025 QS Latam Rankings Results v1.0 (For qs.com).xlsx,2026-09-25T04:18:50+00:00,archivo del repositorio
qs,Universidad Autonoma de Chile,2025,,qs_puntaje_red_internacional_latam,79.3,puntaje 0-100,"Red internacional de investigación · QS latam 2025, puntaje normalizado",KAI/QS/DatosQS/QS LATAM/2025 QS Latam Rankings Results v1.0 (For qs.com).xlsx,2026-09-25T04:18:50+00:00,archivo del repositorio
qs,Universidad Autonoma de Chile,2025,,qs_puntaje_citas_por_articulo_latam,94.2,puntaje 0-100,"Citas por artículo · QS latam 2025, puntaje normalizado",KAI/QS/DatosQS/QS LATAM/2025 QS Latam Rankings Results v1.0 (For qs.com).xlsx,2026-09-25T04:18:50+00:00,archivo del repositorio
qs,Universidad Autonoma de Chile,2025,,qs_puntaje_articulos_por_academico_latam,48.7,puntaje 0-100,"Artículos por académico · QS latam 2025, puntaje normalizado",KAI/QS/DatosQS/QS LATAM/2025 QS Latam Rankings Results v1.0 (For qs.com).xlsx,2026-09-25T04:18:50+00:00,archivo del repositorio
qs,Universidad Autonoma de Chile,2025,,qs_puntaje_estudiantes_internacionales_latam,38.2,puntaje 0-100,"Proporción de estudiantes internacionales · QS latam 2025, puntaje normalizado",KAI/QS/DatosQS/QS LATAM/2025 QS Latam Rankings Results v1.0 (For qs.com).xlsx,2026-09-25T04:18:50+00:00,archivo del repositorio
qs,Universidad Autonoma de Chile,2025,,qs_puntaje_global_latam,39.7,puntaje 0-100,"Puntaje global de la edición · QS latam 2025, puntaje normalizado",KAI/QS/DatosQS/QS LATAM/2025 QS Latam Rankings Results v1.0 (For qs.com).xlsx,2026-09-25T04:18:50+00:00,archivo del repositorio
qs,Universidad de Tarapaca,2025,,qs_puntaje_reputacion_academica_latam,20.6,puntaje 0-100,"Encuesta de reputación académica · QS latam 2025, puntaje normalizado",KAI/QS/DatosQS/QS LATAM/2025 QS Latam Rankings Results v1.0 (For qs.com).xlsx,2026-09-25T04:18:50+00:00,archivo del repositorio
qs,Universidad de Tarapaca,2025,,qs_puntaje_reputacion_empleadores_latam,9.7,puntaje 0-100,"Encuesta de reputación entre empleadores · QS latam 2025, puntaje normalizado",KAI/QS/DatosQS/QS LATAM/2025 QS Latam Rankings Results v1.0 (For qs.com).xlsx,2026-09-25T04:18:50+00:00,archivo del repositorio
qs,Universidad de Tarapaca,2025,,qs_puntaje_ratio_academicos_latam,9.4,puntaje 0-100,"Razón de académicos por estudiante · QS latam 2025, puntaje normalizado",KAI/QS/DatosQS/QS LATAM/2025 QS Latam Rankings Results v1.0 (For qs.com).xlsx,2026-09-25T04:18:50+00:00,archivo del repositorio
qs,Universidad de Tarapaca,2025,,qs_puntaje_red_internacional_latam,88.5,puntaje 0-100,"Red internacional de investigación · QS latam 2025, puntaje normalizado",KAI/QS/DatosQS/QS LATAM/2025 QS Latam Rankings Results v1.0 (For qs.com).xlsx,2026-09-25T04:18:50+00:00,archivo del repositorio
qs,Universidad de Tarapaca,2025,,qs_puntaje_citas_por_articulo_latam,88.1,puntaje 0-100,"Citas por artículo · QS latam 2025, puntaje normalizado",KAI/QS/DatosQS/QS LATAM/2025 QS Latam Rankings Results v1.0 (For qs.com).xlsx,2026-09-25T04:18:50+00:00,archivo del repositorio
qs,Universidad de Tarapaca,2025,,qs_puntaje_articulos_por_academico_latam,99.0,puntaje 0-100,"Artículos por académico · QS latam 2025, puntaje normalizado",KAI/QS/DatosQS/QS LATAM/2025 QS Latam Rankings Results v1.0 (For qs.com).xlsx,2026-09-25T04:18:50+00:00,archivo del repositorio
qs,Universidad de Tarapaca,2025,,qs_puntaje_estudiantes_internacionales_latam,29.1,puntaje 0-100,"Proporción de estudiantes internacionales · QS latam 2025, puntaje normalizado",KAI/QS/DatosQS/QS LATAM/2025 QS Latam Rankings Results v1.0 (For qs.com).xlsx,2026-09-25T04:18:50+00:00,archivo del repositorio
qs,Universidad de Tarapaca,2025,,qs_puntaje_global_latam,37.9,puntaje 0-100,"Puntaje global de la edición · QS latam 2025, puntaje normalizado",KAI/QS/DatosQS/QS LATAM/2025 QS Latam Rankings Results v1.0 (For qs.com).xlsx,2026-09-25T04:18:50+00:00,archivo del repositorio
qs,Universidad Alberto Hurtado,2025,,qs_puntaje_reputacion_academica_latam,45.4,puntaje 0-100,"Encuesta de reputación académica · QS latam 2025, puntaje normalizado",KAI/QS/DatosQS/QS LATAM/2025 QS Latam Rankings Results v1.0 (For qs.com).xlsx,2026-09-25T04:18:50+00:00,archivo del repositorio
qs,Universidad Alberto Hurtado,2025,,qs_puntaje_reputacion_empleadores_latam,32.0,puntaje 0-100,"Encuesta de reputación entre empleadores · QS latam 2025, puntaje normalizado",KAI/QS/DatosQS/QS LATAM/2025 QS Latam Rankings Results v1.0 (For qs.com).xlsx,2026-09-25T04:18:50+00:00,archivo del repositorio
qs,Universidad Alberto Hurtado,2025,,qs_puntaje_ratio_academicos_latam,10.4,puntaje 0-100,"Razón de académicos por estudiante · QS latam 2025, puntaje normalizado",KAI/QS/DatosQS/QS LATAM/2025 QS Latam Rankings Results v1.0 (For qs.com).xlsx,2026-09-25T04:18:50+00:00,archivo del repositorio
qs,Universidad Alberto Hurtado,2025,,qs_puntaje_red_internacional_latam,25.6,puntaje 0-100,"Red internacional de investigación · QS latam 2025, puntaje normalizado",KAI/QS/DatosQS/QS LATAM/2025 QS Latam Rankings Results v1.0 (For qs.com).xlsx,2026-09-25T04:18:50+00:00,archivo del repositorio
qs,Universidad Alberto Hurtado,2025,,qs_puntaje_citas_por_articulo_latam,5.9,puntaje 0-100,"Citas por artículo · QS latam 2025, puntaje normalizado",KAI/QS/DatosQS/QS LATAM/2025 QS Latam Rankings Results v1.0 (For qs.com).xlsx,2026-09-25T04:18:50+00:00,archivo del repositorio
qs,Universidad Alberto Hurtado,2025,,qs_puntaje_articulos_por_academico_latam,88.2,puntaje 0-100,"Artículos por académico · QS latam 2025, puntaje normalizado",KAI/QS/DatosQS/QS LATAM/2025 QS Latam Rankings Results v1.0 (For qs.com).xlsx,2026-09-25T04:18:50+00:00,archivo del repositorio
qs,Universidad Alberto Hurtado,2025,,qs_puntaje_estudiantes_internacionales_latam,25.4,puntaje 0-100,"Proporción de estudiantes internacionales · QS latam 2025, puntaje normalizado",KAI/QS/DatosQS/QS LATAM/2025 QS Latam Rankings Results v1.0 (For qs.com).xlsx,2026-09-25T04:18:50+00:00,archivo del repositorio
qs,Universidad Alberto Hurtado,2025,,qs_puntaje_global_latam,36.9,puntaje 0-100,"Puntaje global de la edición · QS latam 2025, puntaje normalizado",KAI/QS/DatosQS/QS LATAM/2025 QS Latam Rankings Results v1.0 (For qs.com).xlsx,2026-09-25T04:18:50+00:00,archivo del repositorio
qs,Universidad de La Serena,2025,,qs_puntaje_reputacion_academica_latam,23.5,puntaje 0-100,"Encuesta de reputación académica · QS latam 2025, puntaje normalizado",KAI/QS/DatosQS/QS LATAM/2025 QS Latam Rankings Results v1.0 (For qs.com).xlsx,2026-09-25T04:18:50+00:00,archivo del repositorio
qs,Universidad de La Serena,2025,,qs_puntaje_reputacion_empleadores_latam,19.3,puntaje 0-100,"Encuesta de reputación entre empleadores · QS latam 2025, puntaje normalizado",KAI/QS/DatosQS/QS LATAM/2025 QS Latam Rankings Results v1.0 (For qs.com).xlsx,2026-09-25T04:18:50+00:00,archivo del repositorio
qs,Universidad de La Serena,2025,,qs_puntaje_ratio_academicos_latam,9.7,puntaje 0-100,"Razón de académicos por estudiante · QS latam 2025, puntaje normalizado",KAI/QS/DatosQS/QS LATAM/2025 QS Latam Rankings Results v1.0 (For qs.com).xlsx,2026-09-25T04:18:50+00:00,archivo del repositorio
qs,Universidad de La Serena,2025,,qs_puntaje_red_internacional_latam,45.2,puntaje 0-100,"Red internacional de investigación · QS latam 2025, puntaje normalizado",KAI/QS/DatosQS/QS LATAM/2025 QS Latam Rankings Results v1.0 (For qs.com).xlsx,2026-09-25T04:18:50+00:00,archivo del repositorio
qs,Universidad de La Serena,2025,,qs_puntaje_citas_por_articulo_latam,90.6,puntaje 0-100,"Citas por artículo · QS latam 2025, puntaje normalizado",KAI/QS/DatosQS/QS LATAM/2025 QS Latam Rankings Results v1.0 (For qs.com).xlsx,2026-09-25T04:18:50+00:00,archivo del repositorio
qs,Universidad de La Serena,2025,,qs_puntaje_articulos_por_academico_latam,77.1,puntaje 0-100,"Artículos por académico · QS latam 2025, puntaje normalizado",KAI/QS/DatosQS/QS LATAM/2025 QS Latam Rankings Results v1.0 (For qs.com).xlsx,2026-09-25T04:18:50+00:00,archivo del repositorio
qs,Universidad de La Serena,2025,,qs_puntaje_estudiantes_internacionales_latam,21.8,puntaje 0-100,"Proporción de estudiantes internacionales · QS latam 2025, puntaje normalizado",KAI/QS/DatosQS/QS LATAM/2025 QS Latam Rankings Results v1.0 (For qs.com).xlsx,2026-09-25T04:18:50+00:00,archivo del repositorio
qs,Universidad de La Serena,2025,,qs_puntaje_global_latam,35.9,puntaje 0-100,"Puntaje global de la edición · QS latam 2025, puntaje normalizado",KAI/QS/DatosQS/QS LATAM/2025 QS Latam Rankings Results v1.0 (For qs.com).xlsx,2026-09-25T04:18:50+00:00,archivo del repositorio
qs,Universidad de Antofagasta,2025,,qs_puntaje_reputacion_academica_latam,19.1,puntaje 0-100,"Encuesta de reputación académica · QS latam 2025, puntaje normalizado",KAI/QS/DatosQS/QS LATAM/2025 QS Latam Rankings Results v1.0 (For qs.com).xlsx,2026-09-25T04:18:50+00:00,archivo del repositorio
qs,Universidad de Antofagasta,2025,,qs_puntaje_reputacion_empleadores_latam,8.3,puntaje 0-100,"Encuesta de reputación entre empleadores · QS latam 2025, puntaje normalizado",KAI/QS/DatosQS/QS LATAM/2025 QS Latam Rankings Results v1.0 (For qs.com).xlsx,2026-09-25T04:18:50+00:00,archivo del repositorio
qs,Universidad de Antofagasta,2025,,qs_puntaje_ratio_academicos_latam,18.3,puntaje 0-100,"Razón de académicos por estudiante · QS latam 2025, puntaje normalizado",KAI/QS/DatosQS/QS LATAM/2025 QS Latam Rankings Results v1.0 (For qs.com).xlsx,2026-09-25T04:18:50+00:00,archivo del repositorio
qs,Universidad de Antofagasta,2025,,qs_puntaje_red_internacional_latam,56.5,puntaje 0-100,"Red internacional de investigación · QS latam 2025, puntaje normalizado",KAI/QS/DatosQS/QS LATAM/2025 QS Latam Rankings Results v1.0 (For qs.com).xlsx,2026-09-25T04:18:50+00:00,archivo del repositorio
qs,Universidad de Antofagasta,2025,,qs_puntaje_citas_por_articulo_latam,98.2,puntaje 0-100,"Citas por artículo · QS latam 2025, puntaje normalizado",KAI/QS/DatosQS/QS LATAM/2025 QS Latam Rankings Results v1.0 (For qs.com).xlsx,2026-09-25T04:18:50+00:00,archivo del repositorio
qs,Universidad de Antofagasta,2025,,qs_puntaje_articulos_por_academico_latam,68.7,puntaje 0-100,"Artículos por académico · QS latam 2025, puntaje normalizado",KAI/QS/DatosQS/QS LATAM/2025 QS Latam Rankings Results v1.0 (For qs.com).xlsx,2026-09-25T04:18:50+00:00,archivo del repositorio
qs,Universidad de Antofagasta,2025,,qs_puntaje_estudiantes_internacionales_latam,16.3,puntaje 0-100,"Proporción de estudiantes internacionales · QS latam 2025, puntaje normalizado",KAI/QS/DatosQS/QS LATAM/2025 QS Latam Rankings Results v1.0 (For qs.com).xlsx,2026-09-25T04:18:50+00:00,archivo del repositorio
qs,Universidad de Antofagasta,2025,,qs_puntaje_global_latam,34.4,puntaje 0-100,"Puntaje global de la edición · QS latam 2025, puntaje normalizado",KAI/QS/DatosQS/QS LATAM/2025 QS Latam Rankings Results v1.0 (For qs.com).xlsx,2026-09-25T04:18:50+00:00,archivo del repositorio
qs,Universidad Bernardo O'Higgins,2025,,qs_puntaje_reputacion_academica_latam,26.3,puntaje 0-100,"Encuesta de reputación académica · QS latam 2025, puntaje normalizado",KAI/QS/DatosQS/QS LATAM/2025 QS Latam Rankings Results v1.0 (For qs.com).xlsx,2026-09-25T04:18:50+00:00,archivo del repositorio
qs,Universidad Bernardo O'Higgins,2025,,qs_puntaje_reputacion_empleadores_latam,33.2,puntaje 0-100,"Encuesta de reputación entre empleadores · QS latam 2025, puntaje normalizado",KAI/QS/DatosQS/QS LATAM/2025 QS Latam Rankings Results v1.0 (For qs.com).xlsx,2026-09-25T04:18:50+00:00,archivo del repositorio
qs,Universidad Bernardo O'Higgins,2025,,qs_puntaje_ratio_academicos_latam,27.9,puntaje 0-100,"Razón de académicos por estudiante · QS latam 2025, puntaje normalizado",KAI/QS/DatosQS/QS LATAM/2025 QS Latam Rankings Results v1.0 (For qs.com).xlsx,2026-09-25T04:18:50+00:00,archivo del repositorio
qs,Universidad Bernardo O'Higgins,2025,,qs_puntaje_red_internacional_latam,40.8,puntaje 0-100,"Red internacional de investigación · QS latam 2025, puntaje normalizado",KAI/QS/DatosQS/QS LATAM/2025 QS Latam Rankings Results v1.0 (For qs.com).xlsx,2026-09-25T04:18:50+00:00,archivo del repositorio
qs,Universidad Bernardo O'Higgins,2025,,qs_puntaje_citas_por_articulo_latam,11.5,puntaje 0-100,"Citas por artículo · QS latam 2025, puntaje normalizado",KAI/QS/DatosQS/QS LATAM/2025 QS Latam Rankings Results v1.0 (For qs.com).xlsx,2026-09-25T04:18:50+00:00,archivo del repositorio
qs,Universidad Bernardo O'Higgins,2025,,qs_puntaje_articulos_por_academico_latam,58.8,puntaje 0-100,"Artículos por académico · QS latam 2025, puntaje normalizado",KAI/QS/DatosQS/QS LATAM/2025 QS Latam Rankings Results v1.0 (For qs.com).xlsx,2026-09-25T04:18:50+00:00,archivo del repositorio
qs,Universidad Bernardo O'Higgins,2025,,qs_puntaje_estudiantes_internacionales_latam,14.9,puntaje 0-100,"Proporción de estudiantes internacionales · QS latam 2025, puntaje normalizado",KAI/QS/DatosQS/QS LATAM/2025 QS Latam Rankings Results v1.0 (For qs.com).xlsx,2026-09-25T04:18:50+00:00,archivo del repositorio
qs,Universidad Catolica de la Santisima Concepcion,2025,,qs_puntaje_reputacion_academica_latam,20.0,puntaje 0-100,"Encuesta de reputación académica · QS latam 2025, puntaje normalizado",KAI/QS/DatosQS/QS LATAM/2025 QS Latam Rankings Results v1.0 (For qs.com).xlsx,2026-09-25T04:18:50+00:00,archivo del repositorio
qs,Universidad Catolica de la Santisima Concepcion,2025,,qs_puntaje_reputacion_empleadores_latam,15.1,puntaje 0-100,"Encuesta de reputación entre empleadores · QS latam 2025, puntaje normalizado",KAI/QS/DatosQS/QS LATAM/2025 QS Latam Rankings Results v1.0 (For qs.com).xlsx,2026-09-25T04:18:50+00:00,archivo del repositorio
qs,Universidad Catolica de la Santisima Concepcion,2025,,qs_puntaje_ratio_academicos_latam,24.1,puntaje 0-100,"Razón de académicos por estudiante · QS latam 2025, puntaje normalizado",KAI/QS/DatosQS/QS LATAM/2025 QS Latam Rankings Results v1.0 (For qs.com).xlsx,2026-09-25T04:18:50+00:00,archivo del repositorio
qs,Universidad Catolica de la Santisima Concepcion,2025,,qs_puntaje_red_internacional_latam,73.5,puntaje 0-100,"Red internacional de investigación · QS latam 2025, puntaje normalizado",KAI/QS/DatosQS/QS LATAM/2025 QS Latam Rankings Results v1.0 (For qs.com).xlsx,2026-09-25T04:18:50+00:00,archivo del repositorio
qs,Universidad Catolica de la Santisima Concepcion,2025,,qs_puntaje_citas_por_articulo_latam,35.4,puntaje 0-100,"Citas por artículo · QS latam 2025, puntaje normalizado",KAI/QS/DatosQS/QS LATAM/2025 QS Latam Rankings Results v1.0 (For qs.com).xlsx,2026-09-25T04:18:50+00:00,archivo del repositorio
qs,Universidad Catolica de la Santisima Concepcion,2025,,qs_puntaje_articulos_por_academico_latam,61.6,puntaje 0-100,"Artículos por académico · QS latam 2025, puntaje normalizado",KAI/QS/DatosQS/QS LATAM/2025 QS Latam Rankings Results v1.0 (For qs.com).xlsx,2026-09-25T04:18:50+00:00,archivo del repositorio
qs,Universidad Catolica de la Santisima Concepcion,2025,,qs_puntaje_estudiantes_internacionales_latam,25.4,puntaje 0-100,"Proporción de estudiantes internacionales · QS latam 2025, puntaje normalizado",KAI/QS/DatosQS/QS LATAM/2025 QS Latam Rankings Results v1.0 (For qs.com).xlsx,2026-09-25T04:18:50+00:00,archivo del repositorio
qs,Universidad Catolica de Temuco,2025,,qs_puntaje_reputacion_academica_latam,23.9,puntaje 0-100,"Encuesta de reputación académica · QS latam 2025, puntaje normalizado",KAI/QS/DatosQS/QS LATAM/2025 QS Latam Rankings Results v1.0 (For qs.com).xlsx,2026-09-25T04:18:50+00:00,archivo del repositorio
qs,Universidad Catolica de Temuco,2025,,qs_puntaje_reputacion_empleadores_latam,7.2,puntaje 0-100,"Encuesta de reputación entre empleadores · QS latam 2025, puntaje normalizado",KAI/QS/DatosQS/QS LATAM/2025 QS Latam Rankings Results v1.0 (For qs.com).xlsx,2026-09-25T04:18:50+00:00,archivo del repositorio
qs,Universidad Catolica de Temuco,2025,,qs_puntaje_ratio_academicos_latam,5.7,puntaje 0-100,"Razón de académicos por estudiante · QS latam 2025, puntaje normalizado",KAI/QS/DatosQS/QS LATAM/2025 QS Latam Rankings Results v1.0 (For qs.com).xlsx,2026-09-25T04:18:50+00:00,archivo del repositorio
qs,Universidad Catolica de Temuco,2025,,qs_puntaje_red_internacional_latam,44.1,puntaje 0-100,"Red internacional de investigación · QS latam 2025, puntaje normalizado",KAI/QS/DatosQS/QS LATAM/2025 QS Latam Rankings Results v1.0 (For qs.com).xlsx,2026-09-25T04:18:50+00:00,archivo del repositorio
qs,Universidad Catolica de Temuco,2025,,qs_puntaje_citas_por_articulo_latam,10.4,puntaje 0-100,"Citas por artículo · QS latam 2025, puntaje normalizado",KAI/QS/DatosQS/QS LATAM/2025 QS Latam Rankings Results v1.0 (For qs.com).xlsx,2026-09-25T04:18:50+00:00,archivo del repositorio
qs,Universidad Catolica de Temuco,2025,,qs_puntaje_articulos_por_academico_latam,99.1,puntaje 0-100,"Artículos por académico · QS latam 2025, puntaje normalizado",KAI/QS/DatosQS/QS LATAM/2025 QS Latam Rankings Results v1.0 (For qs.com).xlsx,2026-09-25T04:18:50+00:00,archivo del repositorio
qs,Universidad Catolica de Temuco,2025,,qs_puntaje_estudiantes_internacionales_latam,32.2,puntaje 0-100,"Proporción de estudiantes internacionales · QS latam 2025, puntaje normalizado",KAI/QS/DatosQS/QS LATAM/2025 QS Latam Rankings Results v1.0 (For qs.com).xlsx,2026-09-25T04:18:50+00:00,archivo del repositorio
qs,Universidad de Magallanes,2025,,qs_puntaje_reputacion_academica_latam,13.3,puntaje 0-100,"Encuesta de reputación académica · QS latam 2025, puntaje normalizado",KAI/QS/DatosQS/QS LATAM/2025 QS Latam Rankings Results v1.0 (For qs.com).xlsx,2026-09-25T04:18:50+00:00,archivo del repositorio
qs,Universidad de Magallanes,2025,,qs_puntaje_reputacion_empleadores_latam,9.0,puntaje 0-100,"Encuesta de reputación entre empleadores · QS latam 2025, puntaje normalizado",KAI/QS/DatosQS/QS LATAM/2025 QS Latam Rankings Results v1.0 (For qs.com).xlsx,2026-09-25T04:18:50+00:00,archivo del repositorio
qs,Universidad de Magallanes,2025,,qs_puntaje_ratio_academicos_latam,45.7,puntaje 0-100,"Razón de académicos por estudiante · QS latam 2025, puntaje normalizado",KAI/QS/DatosQS/QS LATAM/2025 QS Latam Rankings Results v1.0 (For qs.com).xlsx,2026-09-25T04:18:50+00:00,archivo del repositorio
qs,Universidad de Magallanes,2025,,qs_puntaje_red_internacional_latam,55.8,puntaje 0-100,"Red internacional de investigación · QS latam 2025, puntaje normalizado",KAI/QS/DatosQS/QS LATAM/2025 QS Latam Rankings Results v1.0 (For qs.com).xlsx,2026-09-25T04:18:50+00:00,archivo del repositorio
qs,Universidad de Magallanes,2025,,qs_puntaje_citas_por_articulo_latam,99.7,puntaje 0-100,"Citas por artículo · QS latam 2025, puntaje normalizado",KAI/QS/DatosQS/QS LATAM/2025 QS Latam Rankings Results v1.0 (For qs.com).xlsx,2026-09-25T04:18:50+00:00,archivo del repositorio
qs,Universidad de Magallanes,2025,,qs_puntaje_articulos_por_academico_latam,40.7,puntaje 0-100,"Artículos por académico · QS latam 2025, puntaje normalizado",KAI/QS/DatosQS/QS LATAM/2025 QS Latam Rankings Results v1.0 (For qs.com).xlsx,2026-09-25T04:18:50+00:00,archivo del repositorio
qs,Universidad de Magallanes,2025,,qs_puntaje_estudiantes_internacionales_latam,18.4,puntaje 0-100,"Proporción de estudiantes internacionales · QS latam 2025, puntaje normalizado",KAI/QS/DatosQS/QS LATAM/2025 QS Latam Rankings Results v1.0 (For qs.com).xlsx,2026-09-25T04:18:50+00:00,archivo del repositorio
qs,Universidad San Sebastian,2025,,qs_puntaje_reputacion_academica_latam,11.9,puntaje 0-100,"Encuesta de reputación académica · QS latam 2025, puntaje normalizado",KAI/QS/DatosQS/QS LATAM/2025 QS Latam Rankings Results v1.0 (For qs.com).xlsx,2026-09-25T04:18:50+00:00,archivo del repositorio
qs,Universidad San Sebastian,2025,,qs_puntaje_reputacion_empleadores_latam,20.6,puntaje 0-100,"Encuesta de reputación entre empleadores · QS latam 2025, puntaje normalizado",KAI/QS/DatosQS/QS LATAM/2025 QS Latam Rankings Results v1.0 (For qs.com).xlsx,2026-09-25T04:18:50+00:00,archivo del repositorio
qs,Universidad San Sebastian,2025,,qs_puntaje_ratio_academicos_latam,55.5,puntaje 0-100,"Razón de académicos por estudiante · QS latam 2025, puntaje normalizado",KAI/QS/DatosQS/QS LATAM/2025 QS Latam Rankings Results v1.0 (For qs.com).xlsx,2026-09-25T04:18:50+00:00,archivo del repositorio
qs,Universidad San Sebastian,2025,,qs_puntaje_red_internacional_latam,68.5,puntaje 0-100,"Red internacional de investigación · QS latam 2025, puntaje normalizado",KAI/QS/DatosQS/QS LATAM/2025 QS Latam Rankings Results v1.0 (For qs.com).xlsx,2026-09-25T04:18:50+00:00,archivo del repositorio
qs,Universidad San Sebastian,2025,,qs_puntaje_citas_por_articulo_latam,49.1,puntaje 0-100,"Citas por artículo · QS latam 2025, puntaje normalizado",KAI/QS/DatosQS/QS LATAM/2025 QS Latam Rankings Results v1.0 (For qs.com).xlsx,2026-09-25T04:18:50+00:00,archivo del repositorio
qs,Universidad San Sebastian,2025,,qs_puntaje_articulos_por_academico_latam,16.5,puntaje 0-100,"Artículos por académico · QS latam 2025, puntaje normalizado",KAI/QS/DatosQS/QS LATAM/2025 QS Latam Rankings Results v1.0 (For qs.com).xlsx,2026-09-25T04:18:50+00:00,archivo del repositorio
qs,Universidad San Sebastian,2025,,qs_puntaje_estudiantes_internacionales_latam,33.7,puntaje 0-100,"Proporción de estudiantes internacionales · QS latam 2025, puntaje normalizado",KAI/QS/DatosQS/QS LATAM/2025 QS Latam Rankings Results v1.0 (For qs.com).xlsx,2026-09-25T04:18:50+00:00,archivo del repositorio
qs,Universidad Mayor,2025,,qs_puntaje_reputacion_academica_latam,15.1,puntaje 0-100,"Encuesta de reputación académica · QS latam 2025, puntaje normalizado",KAI/QS/DatosQS/QS LATAM/2025 QS Latam Rankings Results v1.0 (For qs.com).xlsx,2026-09-25T04:18:50+00:00,archivo del repositorio
qs,Universidad Mayor,2025,,qs_puntaje_reputacion_empleadores_latam,17.6,puntaje 0-100,"Encuesta de reputación entre empleadores · QS latam 2025, puntaje normalizado",KAI/QS/DatosQS/QS LATAM/2025 QS Latam Rankings Results v1.0 (For qs.com).xlsx,2026-09-25T04:18:50+00:00,archivo del repositorio
qs,Universidad Mayor,2025,,qs_puntaje_ratio_academicos_latam,11.9,puntaje 0-100,"Razón de académicos por estudiante · QS latam 2025, puntaje normalizado",KAI/QS/DatosQS/QS LATAM/2025 QS Latam Rankings Results v1.0 (For qs.com).xlsx,2026-09-25T04:18:50+00:00,archivo del repositorio
qs,Universidad Mayor,2025,,qs_puntaje_red_internacional_latam,66.8,puntaje 0-100,"Red internacional de investigación · QS latam 2025, puntaje normalizado",KAI/QS/DatosQS/QS LATAM/2025 QS Latam Rankings Results v1.0 (For qs.com).xlsx,2026-09-25T04:18:50+00:00,archivo del repositorio
qs,Universidad Mayor,2025,,qs_puntaje_citas_por_articulo_latam,78.0,puntaje 0-100,"Citas por artículo · QS latam 2025, puntaje normalizado",KAI/QS/DatosQS/QS LATAM/2025 QS Latam Rankings Results v1.0 (For qs.com).xlsx,2026-09-25T04:18:50+00:00,archivo del repositorio
qs,Universidad Mayor,2025,,qs_puntaje_articulos_por_academico_latam,25.7,puntaje 0-100,"Artículos por académico · QS latam 2025, puntaje normalizado",KAI/QS/DatosQS/QS LATAM/2025 QS Latam Rankings Results v1.0 (For qs.com).xlsx,2026-09-25T04:18:50+00:00,archivo del repositorio
qs,Universidad Mayor,2025,,qs_puntaje_estudiantes_internacionales_latam,25.7,puntaje 0-100,"Proporción de estudiantes internacionales · QS latam 2025, puntaje normalizado",KAI/QS/DatosQS/QS LATAM/2025 QS Latam Rankings Results v1.0 (For qs.com).xlsx,2026-09-25T04:18:50+00:00,archivo del repositorio
qs,Universidad Catolica del Maule,2025,,qs_puntaje_reputacion_academica_latam,13.5,puntaje 0-100,"Encuesta de reputación académica · QS latam 2025, puntaje normalizado",KAI/QS/DatosQS/QS LATAM/2025 QS Latam Rankings Results v1.0 (For qs.com).xlsx,2026-09-25T04:18:50+00:00,archivo del repositorio
qs,Universidad Catolica del Maule,2025,,qs_puntaje_reputacion_empleadores_latam,8.9,puntaje 0-100,"Encuesta de reputación entre empleadores · QS latam 2025, puntaje normalizado",KAI/QS/DatosQS/QS LATAM/2025 QS Latam Rankings Results v1.0 (For qs.com).xlsx,2026-09-25T04:18:50+00:00,archivo del repositorio
qs,Universidad Catolica del Maule,2025,,qs_puntaje_ratio_academicos_latam,23.1,puntaje 0-100,"Razón de académicos por estudiante · QS latam 2025, puntaje normalizado",KAI/QS/DatosQS/QS LATAM/2025 QS Latam Rankings Results v1.0 (For qs.com).xlsx,2026-09-25T04:18:50+00:00,archivo del repositorio
qs,Universidad Catolica del Maule,2025,,qs_puntaje_red_internacional_latam,80.1,puntaje 0-100,"Red internacional de investigación · QS latam 2025, puntaje normalizado",KAI/QS/DatosQS/QS LATAM/2025 QS Latam Rankings Results v1.0 (For qs.com).xlsx,2026-09-25T04:18:50+00:00,archivo del repositorio
qs,Universidad Catolica del Maule,2025,,qs_puntaje_citas_por_articulo_latam,14.9,puntaje 0-100,"Citas por artículo · QS latam 2025, puntaje normalizado",KAI/QS/DatosQS/QS LATAM/2025 QS Latam Rankings Results v1.0 (For qs.com).xlsx,2026-09-25T04:18:50+00:00,archivo del repositorio
qs,Universidad Catolica del Maule,2025,,qs_puntaje_articulos_por_academico_latam,55.3,puntaje 0-100,"Artículos por académico · QS latam 2025, puntaje normalizado",KAI/QS/DatosQS/QS LATAM/2025 QS Latam Rankings Results v1.0 (For qs.com).xlsx,2026-09-25T04:18:50+00:00,archivo del repositorio
qs,Universidad Catolica del Maule,2025,,qs_puntaje_estudiantes_internacionales_latam,31.6,puntaje 0-100,"Proporción de estudiantes internacionales · QS latam 2025, puntaje normalizado",KAI/QS/DatosQS/QS LATAM/2025 QS Latam Rankings Results v1.0 (For qs.com).xlsx,2026-09-25T04:18:50+00:00,archivo del repositorio
qs,Universidad Central de Chile,2025,,qs_puntaje_reputacion_academica_latam,25.5,puntaje 0-100,"Encuesta de reputación académica · QS latam 2025, puntaje normalizado",KAI/QS/DatosQS/QS LATAM/2025 QS Latam Rankings Results v1.0 (For qs.com).xlsx,2026-09-25T04:18:50+00:00,archivo del repositorio
qs,Universidad Central de Chile,2025,,qs_puntaje_reputacion_empleadores_latam,17.5,puntaje 0-100,"Encuesta de reputación entre empleadores · QS latam 2025, puntaje normalizado",KAI/QS/DatosQS/QS LATAM/2025 QS Latam Rankings Results v1.0 (For qs.com).xlsx,2026-09-25T04:18:50+00:00,archivo del repositorio
qs,Universidad Central de Chile,2025,,qs_puntaje_ratio_academicos_latam,9.1,puntaje 0-100,"Razón de académicos por estudiante · QS latam 2025, puntaje normalizado",KAI/QS/DatosQS/QS LATAM/2025 QS Latam Rankings Results v1.0 (For qs.com).xlsx,2026-09-25T04:18:50+00:00,archivo del repositorio
qs,Universidad Central de Chile,2025,,qs_puntaje_red_internacional_latam,29.5,puntaje 0-100,"Red internacional de investigación · QS latam 2025, puntaje normalizado",KAI/QS/DatosQS/QS LATAM/2025 QS Latam Rankings Results v1.0 (For qs.com).xlsx,2026-09-25T04:18:50+00:00,archivo del repositorio
qs,Universidad Central de Chile,2025,,qs_puntaje_citas_por_articulo_latam,81.8,puntaje 0-100,"Citas por artículo · QS latam 2025, puntaje normalizado",KAI/QS/DatosQS/QS LATAM/2025 QS Latam Rankings Results v1.0 (For qs.com).xlsx,2026-09-25T04:18:50+00:00,archivo del repositorio
qs,Universidad Central de Chile,2025,,qs_puntaje_articulos_por_academico_latam,19.6,puntaje 0-100,"Artículos por académico · QS latam 2025, puntaje normalizado",KAI/QS/DatosQS/QS LATAM/2025 QS Latam Rankings Results v1.0 (For qs.com).xlsx,2026-09-25T04:18:50+00:00,archivo del repositorio
qs,Universidad Central de Chile,2025,,qs_puntaje_estudiantes_internacionales_latam,18.5,puntaje 0-100,"Proporción de estudiantes internacionales · QS latam 2025, puntaje normalizado",KAI/QS/DatosQS/QS LATAM/2025 QS Latam Rankings Results v1.0 (For qs.com).xlsx,2026-09-25T04:18:50+00:00,archivo del repositorio
qs,Universidad de Los Lagos,2025,,qs_puntaje_reputacion_academica_latam,13.4,puntaje 0-100,"Encuesta de reputación académica · QS latam 2025, puntaje normalizado",KAI/QS/DatosQS/QS LATAM/2025 QS Latam Rankings Results v1.0 (For qs.com).xlsx,2026-09-25T04:18:50+00:00,archivo del repositorio
qs,Universidad de Los Lagos,2025,,qs_puntaje_reputacion_empleadores_latam,7.3,puntaje 0-100,"Encuesta de reputación entre empleadores · QS latam 2025, puntaje normalizado",KAI/QS/DatosQS/QS LATAM/2025 QS Latam Rankings Results v1.0 (For qs.com).xlsx,2026-09-25T04:18:50+00:00,archivo del repositorio
qs,Universidad de Los Lagos,2025,,qs_puntaje_ratio_academicos_latam,11.1,puntaje 0-100,"Razón de académicos por estudiante · QS latam 2025, puntaje normalizado",KAI/QS/DatosQS/QS LATAM/2025 QS Latam Rankings Results v1.0 (For qs.com).xlsx,2026-09-25T04:18:50+00:00,archivo del repositorio
qs,Universidad de Los Lagos,2025,,qs_puntaje_red_internacional_latam,41.0,puntaje 0-100,"Red internacional de investigación · QS latam 2025, puntaje normalizado",KAI/QS/DatosQS/QS LATAM/2025 QS Latam Rankings Results v1.0 (For qs.com).xlsx,2026-09-25T04:18:50+00:00,archivo del repositorio
qs,Universidad de Los Lagos,2025,,qs_puntaje_citas_por_articulo_latam,22.3,puntaje 0-100,"Citas por artículo · QS latam 2025, puntaje normalizado",KAI/QS/DatosQS/QS LATAM/2025 QS Latam Rankings Results v1.0 (For qs.com).xlsx,2026-09-25T04:18:50+00:00,archivo del repositorio
qs,Universidad de Los Lagos,2025,,qs_puntaje_articulos_por_academico_latam,77.4,puntaje 0-100,"Artículos por académico · QS latam 2025, puntaje normalizado",KAI/QS/DatosQS/QS LATAM/2025 QS Latam Rankings Results v1.0 (For qs.com).xlsx,2026-09-25T04:18:50+00:00,archivo del repositorio
qs,Universidad de Los Lagos,2025,,qs_puntaje_estudiantes_internacionales_latam,36.4,puntaje 0-100,"Proporción de estudiantes internacionales · QS latam 2025, puntaje normalizado",KAI/QS/DatosQS/QS LATAM/2025 QS Latam Rankings Results v1.0 (For qs.com).xlsx,2026-09-25T04:18:50+00:00,archivo del repositorio
qs,Universidad Tecnologica Metropolitana,2025,,qs_puntaje_reputacion_academica_latam,7.8,puntaje 0-100,"Encuesta de reputación académica · QS latam 2025, puntaje normalizado",KAI/QS/DatosQS/QS LATAM/2025 QS Latam Rankings Results v1.0 (For qs.com).xlsx,2026-09-25T04:18:50+00:00,archivo del repositorio
qs,Universidad Tecnologica Metropolitana,2025,,qs_puntaje_reputacion_empleadores_latam,13.9,puntaje 0-100,"Encuesta de reputación entre empleadores · QS latam 2025, puntaje normalizado",KAI/QS/DatosQS/QS LATAM/2025 QS Latam Rankings Results v1.0 (For qs.com).xlsx,2026-09-25T04:18:50+00:00,archivo del repositorio
qs,Universidad Tecnologica Metropolitana,2025,,qs_puntaje_ratio_academicos_latam,16.1,puntaje 0-100,"Razón de académicos por estudiante · QS latam 2025, puntaje normalizado",KAI/QS/DatosQS/QS LATAM/2025 QS Latam Rankings Results v1.0 (For qs.com).xlsx,2026-09-25T04:18:50+00:00,archivo del repositorio
qs,Universidad Tecnologica Metropolitana,2025,,qs_puntaje_red_internacional_latam,29.5,puntaje 0-100,"Red internacional de investigación · QS latam 2025, puntaje normalizado",KAI/QS/DatosQS/QS LATAM/2025 QS Latam Rankings Results v1.0 (For qs.com).xlsx,2026-09-25T04:18:50+00:00,archivo del repositorio
qs,Universidad Tecnologica Metropolitana,2025,,qs_puntaje_citas_por_articulo_latam,78.9,puntaje 0-100,"Citas por artículo · QS latam 2025, puntaje normalizado",KAI/QS/DatosQS/QS LATAM/2025 QS Latam Rankings Results v1.0 (For qs.com).xlsx,2026-09-25T04:18:50+00:00,archivo del repositorio
qs,Universidad Tecnologica Metropolitana,2025,,qs_puntaje_articulos_por_academico_latam,27.3,puntaje 0-100,"Artículos por académico · QS latam 2025, puntaje normalizado",KAI/QS/DatosQS/QS LATAM/2025 QS Latam Rankings Results v1.0 (For qs.com).xlsx,2026-09-25T04:18:50+00:00,archivo del repositorio
qs,Universidad Tecnologica Metropolitana,2025,,qs_puntaje_estudiantes_internacionales_latam,19.5,puntaje 0-100,"Proporción de estudiantes internacionales · QS latam 2025, puntaje normalizado",KAI/QS/DatosQS/QS LATAM/2025 QS Latam Rankings Results v1.0 (For qs.com).xlsx,2026-09-25T04:18:50+00:00,archivo del repositorio
qs,Universidad Arturo Prat,2025,,qs_puntaje_reputacion_academica_latam,9.2,puntaje 0-100,"Encuesta de reputación académica · QS latam 2025, puntaje normalizado",KAI/QS/DatosQS/QS LATAM/2025 QS Latam Rankings Results v1.0 (For qs.com).xlsx,2026-09-25T04:18:50+00:00,archivo del repositorio
qs,Universidad Arturo Prat,2025,,qs_puntaje_reputacion_empleadores_latam,13.8,puntaje 0-100,"Encuesta de reputación entre empleadores · QS latam 2025, puntaje normalizado",KAI/QS/DatosQS/QS LATAM/2025 QS Latam Rankings Results v1.0 (For qs.com).xlsx,2026-09-25T04:18:50+00:00,archivo del repositorio
qs,Universidad Arturo Prat,2025,,qs_puntaje_ratio_academicos_latam,13.2,puntaje 0-100,"Razón de académicos por estudiante · QS latam 2025, puntaje normalizado",KAI/QS/DatosQS/QS LATAM/2025 QS Latam Rankings Results v1.0 (For qs.com).xlsx,2026-09-25T04:18:50+00:00,archivo del repositorio
qs,Universidad Arturo Prat,2025,,qs_puntaje_red_internacional_latam,61.6,puntaje 0-100,"Red internacional de investigación · QS latam 2025, puntaje normalizado",KAI/QS/DatosQS/QS LATAM/2025 QS Latam Rankings Results v1.0 (For qs.com).xlsx,2026-09-25T04:18:50+00:00,archivo del repositorio
qs,Universidad Arturo Prat,2025,,qs_puntaje_citas_por_articulo_latam,28.9,puntaje 0-100,"Citas por artículo · QS latam 2025, puntaje normalizado",KAI/QS/DatosQS/QS LATAM/2025 QS Latam Rankings Results v1.0 (For qs.com).xlsx,2026-09-25T04:18:50+00:00,archivo del repositorio
qs,Universidad Arturo Prat,2025,,qs_puntaje_articulos_por_academico_latam,33.6,puntaje 0-100,"Artículos por académico · QS latam 2025, puntaje normalizado",KAI/QS/DatosQS/QS LATAM/2025 QS Latam Rankings Results v1.0 (For qs.com).xlsx,2026-09-25T04:18:50+00:00,archivo del repositorio
qs,Universidad Arturo Prat,2025,,qs_puntaje_estudiantes_internacionales_latam,16.1,puntaje 0-100,"Proporción de estudiantes internacionales · QS latam 2025, puntaje normalizado",KAI/QS/DatosQS/QS LATAM/2025 QS Latam Rankings Results v1.0 (For qs.com).xlsx,2026-09-25T04:18:50+00:00,archivo del repositorio
qs,Universidad de Atacama,2025,,qs_puntaje_reputacion_academica_latam,8.0,puntaje 0-100,"Encuesta de reputación académica · QS latam 2025, puntaje normalizado",KAI/QS/DatosQS/QS LATAM/2025 QS Latam Rankings Results v1.0 (For qs.com).xlsx,2026-09-25T04:18:50+00:00,archivo del repositorio
qs,Universidad de Atacama,2025,,qs_puntaje_reputacion_empleadores_latam,9.1,puntaje 0-100,"Encuesta de reputación entre empleadores · QS latam 2025, puntaje normalizado",KAI/QS/DatosQS/QS LATAM/2025 QS Latam Rankings Results v1.0 (For qs.com).xlsx,2026-09-25T04:18:50+00:00,archivo del repositorio
qs,Universidad de Atacama,2025,,qs_puntaje_ratio_academicos_latam,5.9,puntaje 0-100,"Razón de académicos por estudiante · QS latam 2025, puntaje normalizado",KAI/QS/DatosQS/QS LATAM/2025 QS Latam Rankings Results v1.0 (For qs.com).xlsx,2026-09-25T04:18:50+00:00,archivo del repositorio
qs,Universidad de Atacama,2025,,qs_puntaje_red_internacional_latam,56.2,puntaje 0-100,"Red internacional de investigación · QS latam 2025, puntaje normalizado",KAI/QS/DatosQS/QS LATAM/2025 QS Latam Rankings Results v1.0 (For qs.com).xlsx,2026-09-25T04:18:50+00:00,archivo del repositorio
qs,Universidad de Atacama,2025,,qs_puntaje_citas_por_articulo_latam,58.2,puntaje 0-100,"Citas por artículo · QS latam 2025, puntaje normalizado",KAI/QS/DatosQS/QS LATAM/2025 QS Latam Rankings Results v1.0 (For qs.com).xlsx,2026-09-25T04:18:50+00:00,archivo del repositorio
qs,Universidad de Atacama,2025,,qs_puntaje_articulos_por_academico_latam,55.5,puntaje 0-100,"Artículos por académico · QS latam 2025, puntaje normalizado",KAI/QS/DatosQS/QS LATAM/2025 QS Latam Rankings Results v1.0 (For qs.com).xlsx,2026-09-25T04:18:50+00:00,archivo del repositorio
qs,Universidad de Atacama,2025,,qs_puntaje_estudiantes_internacionales_latam,23.5,puntaje 0-100,"Proporción de estudiantes internacionales · QS latam 2025, puntaje normalizado",KAI/QS/DatosQS/QS LATAM/2025 QS Latam Rankings Results v1.0 (For qs.com).xlsx,2026-09-25T04:18:50+00:00,archivo del repositorio
qs,Universidad de Las Americas,2025,,qs_puntaje_reputacion_academica_latam,20.7,puntaje 0-100,"Encuesta de reputación académica · QS latam 2025, puntaje normalizado",KAI/QS/DatosQS/QS LATAM/2025 QS Latam Rankings Results v1.0 (For qs.com).xlsx,2026-09-25T04:18:50+00:00,archivo del repositorio
qs,Universidad de Las Americas,2025,,qs_puntaje_reputacion_empleadores_latam,20.5,puntaje 0-100,"Encuesta de reputación entre empleadores · QS latam 2025, puntaje normalizado",KAI/QS/DatosQS/QS LATAM/2025 QS Latam Rankings Results v1.0 (For qs.com).xlsx,2026-09-25T04:18:50+00:00,archivo del repositorio
qs,Universidad de Las Americas,2025,,qs_puntaje_ratio_academicos_latam,16.9,puntaje 0-100,"Razón de académicos por estudiante · QS latam 2025, puntaje normalizado",KAI/QS/DatosQS/QS LATAM/2025 QS Latam Rankings Results v1.0 (For qs.com).xlsx,2026-09-25T04:18:50+00:00,archivo del repositorio
qs,Universidad de Las Americas,2025,,qs_puntaje_red_internacional_latam,29.1,puntaje 0-100,"Red internacional de investigación · QS latam 2025, puntaje normalizado",KAI/QS/DatosQS/QS LATAM/2025 QS Latam Rankings Results v1.0 (For qs.com).xlsx,2026-09-25T04:18:50+00:00,archivo del repositorio
qs,Universidad de Las Americas,2025,,qs_puntaje_citas_por_articulo_latam,11.1,puntaje 0-100,"Citas por artículo · QS latam 2025, puntaje normalizado",KAI/QS/DatosQS/QS LATAM/2025 QS Latam Rankings Results v1.0 (For qs.com).xlsx,2026-09-25T04:18:50+00:00,archivo del repositorio
qs,Universidad de Las Americas,2025,,qs_puntaje_articulos_por_academico_latam,6.8,puntaje 0-100,"Artículos por académico · QS latam 2025, puntaje normalizado",KAI/QS/DatosQS/QS LATAM/2025 QS Latam Rankings Results v1.0 (For qs.com).xlsx,2026-09-25T04:18:50+00:00,archivo del repositorio
qs,Universidad de Las Americas,2025,,qs_puntaje_estudiantes_internacionales_latam,16.5,puntaje 0-100,"Proporción de estudiantes internacionales · QS latam 2025, puntaje normalizado",KAI/QS/DatosQS/QS LATAM/2025 QS Latam Rankings Results v1.0 (For qs.com).xlsx,2026-09-25T04:18:50+00:00,archivo del repositorio
qs,Universidad Santo Tomas,2025,,qs_puntaje_reputacion_academica_latam,14.9,puntaje 0-100,"Encuesta de reputación académica · QS latam 2025, puntaje normalizado",KAI/QS/DatosQS/QS LATAM/2025 QS Latam Rankings Results v1.0 (For qs.com).xlsx,2026-09-25T04:18:50+00:00,archivo del repositorio
qs,Universidad Santo Tomas,2025,,qs_puntaje_reputacion_empleadores_latam,12.1,puntaje 0-100,"Encuesta de reputación entre empleadores · QS latam 2025, puntaje normalizado",KAI/QS/DatosQS/QS LATAM/2025 QS Latam Rankings Results v1.0 (For qs.com).xlsx,2026-09-25T04:18:50+00:00,archivo del repositorio
qs,Universidad Santo Tomas,2025,,qs_puntaje_ratio_academicos_latam,17.3,puntaje 0-100,"Razón de académicos por estudiante · QS latam 2025, puntaje normalizado",KAI/QS/DatosQS/QS LATAM/2025 QS Latam Rankings Results v1.0 (For qs.com).xlsx,2026-09-25T04:18:50+00:00,archivo del repositorio
qs,Universidad Santo Tomas,2025,,qs_puntaje_red_internacional_latam,44.6,puntaje 0-100,"Red internacional de investigación · QS latam 2025, puntaje normalizado",KAI/QS/DatosQS/QS LATAM/2025 QS Latam Rankings Results v1.0 (For qs.com).xlsx,2026-09-25T04:18:50+00:00,archivo del repositorio
qs,Universidad Santo Tomas,2025,,qs_puntaje_citas_por_articulo_latam,36.0,puntaje 0-100,"Citas por artículo · QS latam 2025, puntaje normalizado",KAI/QS/DatosQS/QS LATAM/2025 QS Latam Rankings Results v1.0 (For qs.com).xlsx,2026-09-25T04:18:50+00:00,archivo del repositorio
qs,Universidad Santo Tomas,2025,,qs_puntaje_articulos_por_academico_latam,12.6,puntaje 0-100,"Artículos por académico · QS latam 2025, puntaje normalizado",KAI/QS/DatosQS/QS LATAM/2025 QS Latam Rankings Results v1.0 (For qs.com).xlsx,2026-09-25T04:18:50+00:00,archivo del repositorio
qs,Universidad Santo Tomas,2025,,qs_puntaje_estudiantes_internacionales_latam,7.4,puntaje 0-100,"Proporción de estudiantes internacionales · QS latam 2025, puntaje normalizado",KAI/QS/DatosQS/QS LATAM/2025 QS Latam Rankings Results v1.0 (For qs.com).xlsx,2026-09-25T04:18:50+00:00,archivo del repositorio
qs,Universidad de Playa Ancha,2025,,qs_puntaje_reputacion_academica_latam,12.1,puntaje 0-100,"Encuesta de reputación académica · QS latam 2025, puntaje normalizado",KAI/QS/DatosQS/QS LATAM/2025 QS Latam Rankings Results v1.0 (For qs.com).xlsx,2026-09-25T04:18:50+00:00,archivo del repositorio
qs,Universidad de Playa Ancha,2025,,qs_puntaje_reputacion_empleadores_latam,3.8,puntaje 0-100,"Encuesta de reputación entre empleadores · QS latam 2025, puntaje normalizado",KAI/QS/DatosQS/QS LATAM/2025 QS Latam Rankings Results v1.0 (For qs.com).xlsx,2026-09-25T04:18:50+00:00,archivo del repositorio
qs,Universidad de Playa Ancha,2025,,qs_puntaje_ratio_academicos_latam,23.3,puntaje 0-100,"Razón de académicos por estudiante · QS latam 2025, puntaje normalizado",KAI/QS/DatosQS/QS LATAM/2025 QS Latam Rankings Results v1.0 (For qs.com).xlsx,2026-09-25T04:18:50+00:00,archivo del repositorio
qs,Universidad de Playa Ancha,2025,,qs_puntaje_red_internacional_latam,29.9,puntaje 0-100,"Red internacional de investigación · QS latam 2025, puntaje normalizado",KAI/QS/DatosQS/QS LATAM/2025 QS Latam Rankings Results v1.0 (For qs.com).xlsx,2026-09-25T04:18:50+00:00,archivo del repositorio
qs,Universidad de Playa Ancha,2025,,qs_puntaje_citas_por_articulo_latam,8.1,puntaje 0-100,"Citas por artículo · QS latam 2025, puntaje normalizado",KAI/QS/DatosQS/QS LATAM/2025 QS Latam Rankings Results v1.0 (For qs.com).xlsx,2026-09-25T04:18:50+00:00,archivo del repositorio
qs,Universidad de Playa Ancha,2025,,qs_puntaje_articulos_por_academico_latam,51.0,puntaje 0-100,"Artículos por académico · QS latam 2025, puntaje normalizado",KAI/QS/DatosQS/QS LATAM/2025 QS Latam Rankings Results v1.0 (For qs.com).xlsx,2026-09-25T04:18:50+00:00,archivo del repositorio
qs,Universidad de Playa Ancha,2025,,qs_puntaje_estudiantes_internacionales_latam,35.1,puntaje 0-100,"Proporción de estudiantes internacionales · QS latam 2025, puntaje normalizado",KAI/QS/DatosQS/QS LATAM/2025 QS Latam Rankings Results v1.0 (For qs.com).xlsx,2026-09-25T04:18:50+00:00,archivo del repositorio
qs,Universidad Finis Terrae,2025,,qs_puntaje_reputacion_academica_latam,12.8,puntaje 0-100,"Encuesta de reputación académica · QS latam 2025, puntaje normalizado",KAI/QS/DatosQS/QS LATAM/2025 QS Latam Rankings Results v1.0 (For qs.com).xlsx,2026-09-25T04:18:50+00:00,archivo del repositorio
qs,Universidad Finis Terrae,2025,,qs_puntaje_reputacion_empleadores_latam,14.1,puntaje 0-100,"Encuesta de reputación entre empleadores · QS latam 2025, puntaje normalizado",KAI/QS/DatosQS/QS LATAM/2025 QS Latam Rankings Results v1.0 (For qs.com).xlsx,2026-09-25T04:18:50+00:00,archivo del repositorio
qs,Universidad Finis Terrae,2025,,qs_puntaje_ratio_academicos_latam,22.9,puntaje 0-100,"Razón de académicos por estudiante · QS latam 2025, puntaje normalizado",KAI/QS/DatosQS/QS LATAM/2025 QS Latam Rankings Results v1.0 (For qs.com).xlsx,2026-09-25T04:18:50+00:00,archivo del repositorio
qs,Universidad Finis Terrae,2025,,qs_puntaje_red_internacional_latam,16.5,puntaje 0-100,"Red internacional de investigación · QS latam 2025, puntaje normalizado",KAI/QS/DatosQS/QS LATAM/2025 QS Latam Rankings Results v1.0 (For qs.com).xlsx,2026-09-25T04:18:50+00:00,archivo del repositorio
qs,Universidad Finis Terrae,2025,,qs_puntaje_citas_por_articulo_latam,16.4,puntaje 0-100,"Citas por artículo · QS latam 2025, puntaje normalizado",KAI/QS/DatosQS/QS LATAM/2025 QS Latam Rankings Results v1.0 (For qs.com).xlsx,2026-09-25T04:18:50+00:00,archivo del repositorio
qs,Universidad Finis Terrae,2025,,qs_puntaje_articulos_por_academico_latam,24.5,puntaje 0-100,"Artículos por académico · QS latam 2025, puntaje normalizado",KAI/QS/DatosQS/QS LATAM/2025 QS Latam Rankings Results v1.0 (For qs.com).xlsx,2026-09-25T04:18:50+00:00,archivo del repositorio
qs,Universidad Finis Terrae,2025,,qs_puntaje_estudiantes_internacionales_latam,20.9,puntaje 0-100,"Proporción de estudiantes internacionales · QS latam 2025, puntaje normalizado",KAI/QS/DatosQS/QS LATAM/2025 QS Latam Rankings Results v1.0 (For qs.com).xlsx,2026-09-25T04:18:50+00:00,archivo del repositorio
qs,Universidad Catolica Cardenal Raul Silva Henriquez,2025,,qs_puntaje_reputacion_academica_latam,14.0,puntaje 0-100,"Encuesta de reputación académica · QS latam 2025, puntaje normalizado",KAI/QS/DatosQS/QS LATAM/2025 QS Latam Rankings Results v1.0 (For qs.com).xlsx,2026-09-25T04:18:50+00:00,archivo del repositorio
qs,Universidad Catolica Cardenal Raul Silva Henriquez,2025,,qs_puntaje_reputacion_empleadores_latam,11.9,puntaje 0-100,"Encuesta de reputación entre empleadores · QS latam 2025, puntaje normalizado",KAI/QS/DatosQS/QS LATAM/2025 QS Latam Rankings Results v1.0 (For qs.com).xlsx,2026-09-25T04:18:50+00:00,archivo del repositorio
qs,Universidad Catolica Cardenal Raul Silva Henriquez,2025,,qs_puntaje_ratio_academicos_latam,20.5,puntaje 0-100,"Razón de académicos por estudiante · QS latam 2025, puntaje normalizado",KAI/QS/DatosQS/QS LATAM/2025 QS Latam Rankings Results v1.0 (For qs.com).xlsx,2026-09-25T04:18:50+00:00,archivo del repositorio
qs,Universidad Catolica Cardenal Raul Silva Henriquez,2025,,qs_puntaje_red_internacional_latam,5.2,puntaje 0-100,"Red internacional de investigación · QS latam 2025, puntaje normalizado",KAI/QS/DatosQS/QS LATAM/2025 QS Latam Rankings Results v1.0 (For qs.com).xlsx,2026-09-25T04:18:50+00:00,archivo del repositorio
qs,Universidad Catolica Cardenal Raul Silva Henriquez,2025,,qs_puntaje_citas_por_articulo_latam,5.2,puntaje 0-100,"Citas por artículo · QS latam 2025, puntaje normalizado",KAI/QS/DatosQS/QS LATAM/2025 QS Latam Rankings Results v1.0 (For qs.com).xlsx,2026-09-25T04:18:50+00:00,archivo del repositorio
qs,Universidad Catolica Cardenal Raul Silva Henriquez,2025,,qs_puntaje_articulos_por_academico_latam,9.1,puntaje 0-100,"Artículos por académico · QS latam 2025, puntaje normalizado",KAI/QS/DatosQS/QS LATAM/2025 QS Latam Rankings Results v1.0 (For qs.com).xlsx,2026-09-25T04:18:50+00:00,archivo del repositorio
qs,Universidad Catolica Cardenal Raul Silva Henriquez,2025,,qs_puntaje_estudiantes_internacionales_latam,12.9,puntaje 0-100,"Proporción de estudiantes internacionales · QS latam 2025, puntaje normalizado",KAI/QS/DatosQS/QS LATAM/2025 QS Latam Rankings Results v1.0 (For qs.com).xlsx,2026-09-25T04:18:50+00:00,archivo del repositorio
qs,Universidad de Vina del Mar,2025,,qs_puntaje_reputacion_academica_latam,11.1,puntaje 0-100,"Encuesta de reputación académica · QS latam 2025, puntaje normalizado",KAI/QS/DatosQS/QS LATAM/2025 QS Latam Rankings Results v1.0 (For qs.com).xlsx,2026-09-25T04:18:50+00:00,archivo del repositorio
qs,Universidad de Vina del Mar,2025,,qs_puntaje_reputacion_empleadores_latam,6.5,puntaje 0-100,"Encuesta de reputación entre empleadores · QS latam 2025, puntaje normalizado",KAI/QS/DatosQS/QS LATAM/2025 QS Latam Rankings Results v1.0 (For qs.com).xlsx,2026-09-25T04:18:50+00:00,archivo del repositorio
qs,Universidad de Vina del Mar,2025,,qs_puntaje_ratio_academicos_latam,54.2,puntaje 0-100,"Razón de académicos por estudiante · QS latam 2025, puntaje normalizado",KAI/QS/DatosQS/QS LATAM/2025 QS Latam Rankings Results v1.0 (For qs.com).xlsx,2026-09-25T04:18:50+00:00,archivo del repositorio
qs,Universidad de Vina del Mar,2025,,qs_puntaje_red_internacional_latam,8.3,puntaje 0-100,"Red internacional de investigación · QS latam 2025, puntaje normalizado",KAI/QS/DatosQS/QS LATAM/2025 QS Latam Rankings Results v1.0 (For qs.com).xlsx,2026-09-25T04:18:50+00:00,archivo del repositorio
qs,Universidad de Vina del Mar,2025,,qs_puntaje_citas_por_articulo_latam,4.8,puntaje 0-100,"Citas por artículo · QS latam 2025, puntaje normalizado",KAI/QS/DatosQS/QS LATAM/2025 QS Latam Rankings Results v1.0 (For qs.com).xlsx,2026-09-25T04:18:50+00:00,archivo del repositorio
qs,Universidad de Vina del Mar,2025,,qs_puntaje_articulos_por_academico_latam,5.0,puntaje 0-100,"Artículos por académico · QS latam 2025, puntaje normalizado",KAI/QS/DatosQS/QS LATAM/2025 QS Latam Rankings Results v1.0 (For qs.com).xlsx,2026-09-25T04:18:50+00:00,archivo del repositorio
qs,Universidad de Vina del Mar,2025,,qs_puntaje_estudiantes_internacionales_latam,9.2,puntaje 0-100,"Proporción de estudiantes internacionales · QS latam 2025, puntaje normalizado",KAI/QS/DatosQS/QS LATAM/2025 QS Latam Rankings Results v1.0 (For qs.com).xlsx,2026-09-25T04:18:50+00:00,archivo del repositorio
qs,Universidad UNIACC,2025,,qs_puntaje_reputacion_academica_latam,3.7,puntaje 0-100,"Encuesta de reputación académica · QS latam 2025, puntaje normalizado",KAI/QS/DatosQS/QS LATAM/2025 QS Latam Rankings Results v1.0 (For qs.com).xlsx,2026-09-25T04:18:50+00:00,archivo del repositorio
qs,Universidad UNIACC,2025,,qs_puntaje_reputacion_empleadores_latam,5.4,puntaje 0-100,"Encuesta de reputación entre empleadores · QS latam 2025, puntaje normalizado",KAI/QS/DatosQS/QS LATAM/2025 QS Latam Rankings Results v1.0 (For qs.com).xlsx,2026-09-25T04:18:50+00:00,archivo del repositorio
qs,Universidad UNIACC,2025,,qs_puntaje_ratio_academicos_latam,17.3,puntaje 0-100,"Razón de académicos por estudiante · QS latam 2025, puntaje normalizado",KAI/QS/DatosQS/QS LATAM/2025 QS Latam Rankings Results v1.0 (For qs.com).xlsx,2026-09-25T04:18:50+00:00,archivo del repositorio
qs,Universidad UNIACC,2025,,qs_puntaje_articulos_por_academico_latam,1.3,puntaje 0-100,"Artículos por académico · QS latam 2025, puntaje normalizado",KAI/QS/DatosQS/QS LATAM/2025 QS Latam Rankings Results v1.0 (For qs.com).xlsx,2026-09-25T04:18:50+00:00,archivo del repositorio
qs,Universidad UNIACC,2025,,qs_puntaje_estudiantes_internacionales_latam,7.0,puntaje 0-100,"Proporción de estudiantes internacionales · QS latam 2025, puntaje normalizado",KAI/QS/DatosQS/QS LATAM/2025 QS Latam Rankings Results v1.0 (For qs.com).xlsx,2026-09-25T04:18:50+00:00,archivo del repositorio
qs,Pontificia Universidad Catolica de Chile,2026,,qs_puntaje_reputacion_academica_latam,100.0,puntaje 0-100,"Encuesta de reputación académica · QS latam 2026, puntaje normalizado",KAI/QS/DatosQS/QS LATAM/2026 QS Latam Rankings Results v1.2 (For qs.com)_2.xlsx,2026-09-25T04:18:50+00:00,archivo del repositorio
qs,Pontificia Universidad Catolica de Chile,2026,,qs_puntaje_reputacion_empleadores_latam,100.0,puntaje 0-100,"Encuesta de reputación entre empleadores · QS latam 2026, puntaje normalizado",KAI/QS/DatosQS/QS LATAM/2026 QS Latam Rankings Results v1.2 (For qs.com)_2.xlsx,2026-09-25T04:18:50+00:00,archivo del repositorio
qs,Pontificia Universidad Catolica de Chile,2026,,qs_puntaje_ratio_academicos_latam,65.2,puntaje 0-100,"Razón de académicos por estudiante · QS latam 2026, puntaje normalizado",KAI/QS/DatosQS/QS LATAM/2026 QS Latam Rankings Results v1.2 (For qs.com)_2.xlsx,2026-09-25T04:18:50+00:00,archivo del repositorio
qs,Pontificia Universidad Catolica de Chile,2026,,qs_puntaje_red_internacional_latam,99.8,puntaje 0-100,"Red internacional de investigación · QS latam 2026, puntaje normalizado",KAI/QS/DatosQS/QS LATAM/2026 QS Latam Rankings Results v1.2 (For qs.com)_2.xlsx,2026-09-25T04:18:50+00:00,archivo del repositorio
qs,Pontificia Universidad Catolica de Chile,2026,,qs_puntaje_citas_por_articulo_latam,76.7,puntaje 0-100,"Citas por artículo · QS latam 2026, puntaje normalizado",KAI/QS/DatosQS/QS LATAM/2026 QS Latam Rankings Results v1.2 (For qs.com)_2.xlsx,2026-09-25T04:18:50+00:00,archivo del repositorio
qs,Pontificia Universidad Catolica de Chile,2026,,qs_puntaje_articulos_por_academico_latam,96.8,puntaje 0-100,"Artículos por académico · QS latam 2026, puntaje normalizado",KAI/QS/DatosQS/QS LATAM/2026 QS Latam Rankings Results v1.2 (For qs.com)_2.xlsx,2026-09-25T04:18:50+00:00,archivo del repositorio
qs,Pontificia Universidad Catolica de Chile,2026,,qs_puntaje_academicos_con_doctorado_latam,98.3,puntaje 0-100,"Proporción de académicos con doctorado · QS latam 2026, puntaje normalizado",KAI/QS/DatosQS/QS LATAM/2026 QS Latam Rankings Results v1.2 (For qs.com)_2.xlsx,2026-09-25T04:18:50+00:00,archivo del repositorio
qs,Pontificia Universidad Catolica de Chile,2026,,qs_puntaje_impacto_web_latam,95.7,puntaje 0-100,"Impacto web, derivado de Webometrics · QS latam 2026, puntaje normalizado",KAI/QS/DatosQS/QS LATAM/2026 QS Latam Rankings Results v1.2 (For qs.com)_2.xlsx,2026-09-25T04:18:50+00:00,archivo del repositorio
qs,Pontificia Universidad Catolica de Chile,2026,,qs_puntaje_global_latam,100.0,puntaje 0-100,"Puntaje global de la edición · QS latam 2026, puntaje normalizado",KAI/QS/DatosQS/QS LATAM/2026 QS Latam Rankings Results v1.2 (For qs.com)_2.xlsx,2026-09-25T04:18:50+00:00,archivo del repositorio
qs,Universidad de Chile,2026,,qs_puntaje_reputacion_academica_latam,100.0,puntaje 0-100,"Encuesta de reputación académica · QS latam 2026, puntaje normalizado",KAI/QS/DatosQS/QS LATAM/2026 QS Latam Rankings Results v1.2 (For qs.com)_2.xlsx,2026-09-25T04:18:50+00:00,archivo del repositorio
qs,Universidad de Chile,2026,,qs_puntaje_reputacion_empleadores_latam,100.0,puntaje 0-100,"Encuesta de reputación entre empleadores · QS latam 2026, puntaje normalizado",KAI/QS/DatosQS/QS LATAM/2026 QS Latam Rankings Results v1.2 (For qs.com)_2.xlsx,2026-09-25T04:18:50+00:00,archivo del repositorio
qs,Universidad de Chile,2026,,qs_puntaje_ratio_academicos_latam,22.3,puntaje 0-100,"Razón de académicos por estudiante · QS latam 2026, puntaje normalizado",KAI/QS/DatosQS/QS LATAM/2026 QS Latam Rankings Results v1.2 (For qs.com)_2.xlsx,2026-09-25T04:18:50+00:00,archivo del repositorio
qs,Universidad de Chile,2026,,qs_puntaje_red_internacional_latam,99.7,puntaje 0-100,"Red internacional de investigación · QS latam 2026, puntaje normalizado",KAI/QS/DatosQS/QS LATAM/2026 QS Latam Rankings Results v1.2 (For qs.com)_2.xlsx,2026-09-25T04:18:50+00:00,archivo del repositorio
qs,Universidad de Chile,2026,,qs_puntaje_citas_por_articulo_latam,75.7,puntaje 0-100,"Citas por artículo · QS latam 2026, puntaje normalizado",KAI/QS/DatosQS/QS LATAM/2026 QS Latam Rankings Results v1.2 (For qs.com)_2.xlsx,2026-09-25T04:18:50+00:00,archivo del repositorio
qs,Universidad de Chile,2026,,qs_puntaje_articulos_por_academico_latam,99.4,puntaje 0-100,"Artículos por académico · QS latam 2026, puntaje normalizado",KAI/QS/DatosQS/QS LATAM/2026 QS Latam Rankings Results v1.2 (For qs.com)_2.xlsx,2026-09-25T04:18:50+00:00,archivo del repositorio
qs,Universidad de Chile,2026,,qs_puntaje_academicos_con_doctorado_latam,69.2,puntaje 0-100,"Proporción de académicos con doctorado · QS latam 2026, puntaje normalizado",KAI/QS/DatosQS/QS LATAM/2026 QS Latam Rankings Results v1.2 (For qs.com)_2.xlsx,2026-09-25T04:18:50+00:00,archivo del repositorio
qs,Universidad de Chile,2026,,qs_puntaje_impacto_web_latam,100.0,puntaje 0-100,"Impacto web, derivado de Webometrics · QS latam 2026, puntaje normalizado",KAI/QS/DatosQS/QS LATAM/2026 QS Latam Rankings Results v1.2 (For qs.com)_2.xlsx,2026-09-25T04:18:50+00:00,archivo del repositorio
qs,Universidad de Chile,2026,,qs_puntaje_global_latam,92.5,puntaje 0-100,"Puntaje global de la edición · QS latam 2026, puntaje normalizado",KAI/QS/DatosQS/QS LATAM/2026 QS Latam Rankings Results v1.2 (For qs.com)_2.xlsx,2026-09-25T04:18:50+00:00,archivo del repositorio
qs,Universidad de Concepcion,2026,,qs_puntaje_reputacion_academica_latam,89.2,puntaje 0-100,"Encuesta de reputación académica · QS latam 2026, puntaje normalizado",KAI/QS/DatosQS/QS LATAM/2026 QS Latam Rankings Results v1.2 (For qs.com)_2.xlsx,2026-09-25T04:18:50+00:00,archivo del repositorio
qs,Universidad de Concepcion,2026,,qs_puntaje_reputacion_empleadores_latam,88.7,puntaje 0-100,"Encuesta de reputación entre empleadores · QS latam 2026, puntaje normalizado",KAI/QS/DatosQS/QS LATAM/2026 QS Latam Rankings Results v1.2 (For qs.com)_2.xlsx,2026-09-25T04:18:50+00:00,archivo del repositorio
qs,Universidad de Concepcion,2026,,qs_puntaje_ratio_academicos_latam,37.0,puntaje 0-100,"Razón de académicos por estudiante · QS latam 2026, puntaje normalizado",KAI/QS/DatosQS/QS LATAM/2026 QS Latam Rankings Results v1.2 (For qs.com)_2.xlsx,2026-09-25T04:18:50+00:00,archivo del repositorio
qs,Universidad de Concepcion,2026,,qs_puntaje_red_internacional_latam,98.7,puntaje 0-100,"Red internacional de investigación · QS latam 2026, puntaje normalizado",KAI/QS/DatosQS/QS LATAM/2026 QS Latam Rankings Results v1.2 (For qs.com)_2.xlsx,2026-09-25T04:18:50+00:00,archivo del repositorio
qs,Universidad de Concepcion,2026,,qs_puntaje_citas_por_articulo_latam,89.8,puntaje 0-100,"Citas por artículo · QS latam 2026, puntaje normalizado",KAI/QS/DatosQS/QS LATAM/2026 QS Latam Rankings Results v1.2 (For qs.com)_2.xlsx,2026-09-25T04:18:50+00:00,archivo del repositorio
qs,Universidad de Concepcion,2026,,qs_puntaje_articulos_por_academico_latam,88.9,puntaje 0-100,"Artículos por académico · QS latam 2026, puntaje normalizado",KAI/QS/DatosQS/QS LATAM/2026 QS Latam Rankings Results v1.2 (For qs.com)_2.xlsx,2026-09-25T04:18:50+00:00,archivo del repositorio
qs,Universidad de Concepcion,2026,,qs_puntaje_academicos_con_doctorado_latam,60.4,puntaje 0-100,"Proporción de académicos con doctorado · QS latam 2026, puntaje normalizado",KAI/QS/DatosQS/QS LATAM/2026 QS Latam Rankings Results v1.2 (For qs.com)_2.xlsx,2026-09-25T04:18:50+00:00,archivo del repositorio
qs,Universidad de Concepcion,2026,,qs_puntaje_impacto_web_latam,82.5,puntaje 0-100,"Impacto web, derivado de Webometrics · QS latam 2026, puntaje normalizado",KAI/QS/DatosQS/QS LATAM/2026 QS Latam Rankings Results v1.2 (For qs.com)_2.xlsx,2026-09-25T04:18:50+00:00,archivo del repositorio
qs,Universidad de Concepcion,2026,,qs_puntaje_global_latam,87.1,puntaje 0-100,"Puntaje global de la edición · QS latam 2026, puntaje normalizado",KAI/QS/DatosQS/QS LATAM/2026 QS Latam Rankings Results v1.2 (For qs.com)_2.xlsx,2026-09-25T04:18:50+00:00,archivo del repositorio
qs,Universidad de Santiago de Chile,2026,,qs_puntaje_reputacion_academica_latam,96.9,puntaje 0-100,"Encuesta de reputación académica · QS latam 2026, puntaje normalizado",KAI/QS/DatosQS/QS LATAM/2026 QS Latam Rankings Results v1.2 (For qs.com)_2.xlsx,2026-09-25T04:18:50+00:00,archivo del repositorio
qs,Universidad de Santiago de Chile,2026,,qs_puntaje_reputacion_empleadores_latam,96.9,puntaje 0-100,"Encuesta de reputación entre empleadores · QS latam 2026, puntaje normalizado",KAI/QS/DatosQS/QS LATAM/2026 QS Latam Rankings Results v1.2 (For qs.com)_2.xlsx,2026-09-25T04:18:50+00:00,archivo del repositorio
qs,Universidad de Santiago de Chile,2026,,qs_puntaje_ratio_academicos_latam,24.0,puntaje 0-100,"Razón de académicos por estudiante · QS latam 2026, puntaje normalizado",KAI/QS/DatosQS/QS LATAM/2026 QS Latam Rankings Results v1.2 (For qs.com)_2.xlsx,2026-09-25T04:18:50+00:00,archivo del repositorio
qs,Universidad de Santiago de Chile,2026,,qs_puntaje_red_internacional_latam,96.7,puntaje 0-100,"Red internacional de investigación · QS latam 2026, puntaje normalizado",KAI/QS/DatosQS/QS LATAM/2026 QS Latam Rankings Results v1.2 (For qs.com)_2.xlsx,2026-09-25T04:18:50+00:00,archivo del repositorio
qs,Universidad de Santiago de Chile,2026,,qs_puntaje_citas_por_articulo_latam,57.7,puntaje 0-100,"Citas por artículo · QS latam 2026, puntaje normalizado",KAI/QS/DatosQS/QS LATAM/2026 QS Latam Rankings Results v1.2 (For qs.com)_2.xlsx,2026-09-25T04:18:50+00:00,archivo del repositorio
qs,Universidad de Santiago de Chile,2026,,qs_puntaje_articulos_por_academico_latam,80.6,puntaje 0-100,"Artículos por académico · QS latam 2026, puntaje normalizado",KAI/QS/DatosQS/QS LATAM/2026 QS Latam Rankings Results v1.2 (For qs.com)_2.xlsx,2026-09-25T04:18:50+00:00,archivo del repositorio
qs,Universidad de Santiago de Chile,2026,,qs_puntaje_academicos_con_doctorado_latam,29.0,puntaje 0-100,"Proporción de académicos con doctorado · QS latam 2026, puntaje normalizado",KAI/QS/DatosQS/QS LATAM/2026 QS Latam Rankings Results v1.2 (For qs.com)_2.xlsx,2026-09-25T04:18:50+00:00,archivo del repositorio
qs,Universidad de Santiago de Chile,2026,,qs_puntaje_impacto_web_latam,63.7,puntaje 0-100,"Impacto web, derivado de Webometrics · QS latam 2026, puntaje normalizado",KAI/QS/DatosQS/QS LATAM/2026 QS Latam Rankings Results v1.2 (For qs.com)_2.xlsx,2026-09-25T04:18:50+00:00,archivo del repositorio
qs,Universidad de Santiago de Chile,2026,,qs_puntaje_global_latam,81.4,puntaje 0-100,"Puntaje global de la edición · QS latam 2026, puntaje normalizado",KAI/QS/DatosQS/QS LATAM/2026 QS Latam Rankings Results v1.2 (For qs.com)_2.xlsx,2026-09-25T04:18:50+00:00,archivo del repositorio
qs,Universidad Adolfo Ibanez,2026,,qs_puntaje_reputacion_academica_latam,80.0,puntaje 0-100,"Encuesta de reputación académica · QS latam 2026, puntaje normalizado",KAI/QS/DatosQS/QS LATAM/2026 QS Latam Rankings Results v1.2 (For qs.com)_2.xlsx,2026-09-25T04:18:50+00:00,archivo del repositorio
qs,Universidad Adolfo Ibanez,2026,,qs_puntaje_reputacion_empleadores_latam,99.0,puntaje 0-100,"Encuesta de reputación entre empleadores · QS latam 2026, puntaje normalizado",KAI/QS/DatosQS/QS LATAM/2026 QS Latam Rankings Results v1.2 (For qs.com)_2.xlsx,2026-09-25T04:18:50+00:00,archivo del repositorio
qs,Universidad Adolfo Ibanez,2026,,qs_puntaje_ratio_academicos_latam,19.5,puntaje 0-100,"Razón de académicos por estudiante · QS latam 2026, puntaje normalizado",KAI/QS/DatosQS/QS LATAM/2026 QS Latam Rankings Results v1.2 (For qs.com)_2.xlsx,2026-09-25T04:18:50+00:00,archivo del repositorio
qs,Universidad Adolfo Ibanez,2026,,qs_puntaje_red_internacional_latam,86.8,puntaje 0-100,"Red internacional de investigación · QS latam 2026, puntaje normalizado",KAI/QS/DatosQS/QS LATAM/2026 QS Latam Rankings Results v1.2 (For qs.com)_2.xlsx,2026-09-25T04:18:50+00:00,archivo del repositorio
qs,Universidad Adolfo Ibanez,2026,,qs_puntaje_citas_por_articulo_latam,28.4,puntaje 0-100,"Citas por artículo · QS latam 2026, puntaje normalizado",KAI/QS/DatosQS/QS LATAM/2026 QS Latam Rankings Results v1.2 (For qs.com)_2.xlsx,2026-09-25T04:18:50+00:00,archivo del repositorio
qs,Universidad Adolfo Ibanez,2026,,qs_puntaje_articulos_por_academico_latam,96.4,puntaje 0-100,"Artículos por académico · QS latam 2026, puntaje normalizado",KAI/QS/DatosQS/QS LATAM/2026 QS Latam Rankings Results v1.2 (For qs.com)_2.xlsx,2026-09-25T04:18:50+00:00,archivo del repositorio
qs,Universidad Adolfo Ibanez,2026,,qs_puntaje_academicos_con_doctorado_latam,81.3,puntaje 0-100,"Proporción de académicos con doctorado · QS latam 2026, puntaje normalizado",KAI/QS/DatosQS/QS LATAM/2026 QS Latam Rankings Results v1.2 (For qs.com)_2.xlsx,2026-09-25T04:18:50+00:00,archivo del repositorio
qs,Universidad Adolfo Ibanez,2026,,qs_puntaje_impacto_web_latam,43.6,puntaje 0-100,"Impacto web, derivado de Webometrics · QS latam 2026, puntaje normalizado",KAI/QS/DatosQS/QS LATAM/2026 QS Latam Rankings Results v1.2 (For qs.com)_2.xlsx,2026-09-25T04:18:50+00:00,archivo del repositorio
qs,Universidad Adolfo Ibanez,2026,,qs_puntaje_global_latam,77.1,puntaje 0-100,"Puntaje global de la edición · QS latam 2026, puntaje normalizado",KAI/QS/DatosQS/QS LATAM/2026 QS Latam Rankings Results v1.2 (For qs.com)_2.xlsx,2026-09-25T04:18:50+00:00,archivo del repositorio
qs,Pontificia Universidad Catolica de Valparaiso,2026,,qs_puntaje_reputacion_academica_latam,89.0,puntaje 0-100,"Encuesta de reputación académica · QS latam 2026, puntaje normalizado",KAI/QS/DatosQS/QS LATAM/2026 QS Latam Rankings Results v1.2 (For qs.com)_2.xlsx,2026-09-25T04:18:50+00:00,archivo del repositorio
qs,Pontificia Universidad Catolica de Valparaiso,2026,,qs_puntaje_reputacion_empleadores_latam,81.4,puntaje 0-100,"Encuesta de reputación entre empleadores · QS latam 2026, puntaje normalizado",KAI/QS/DatosQS/QS LATAM/2026 QS Latam Rankings Results v1.2 (For qs.com)_2.xlsx,2026-09-25T04:18:50+00:00,archivo del repositorio
qs,Pontificia Universidad Catolica de Valparaiso,2026,,qs_puntaje_ratio_academicos_latam,14.8,puntaje 0-100,"Razón de académicos por estudiante · QS latam 2026, puntaje normalizado",KAI/QS/DatosQS/QS LATAM/2026 QS Latam Rankings Results v1.2 (For qs.com)_2.xlsx,2026-09-25T04:18:50+00:00,archivo del repositorio
qs,Pontificia Universidad Catolica de Valparaiso,2026,,qs_puntaje_red_internacional_latam,92.7,puntaje 0-100,"Red internacional de investigación · QS latam 2026, puntaje normalizado",KAI/QS/DatosQS/QS LATAM/2026 QS Latam Rankings Results v1.2 (For qs.com)_2.xlsx,2026-09-25T04:18:50+00:00,archivo del repositorio
qs,Pontificia Universidad Catolica de Valparaiso,2026,,qs_puntaje_citas_por_articulo_latam,45.4,puntaje 0-100,"Citas por artículo · QS latam 2026, puntaje normalizado",KAI/QS/DatosQS/QS LATAM/2026 QS Latam Rankings Results v1.2 (For qs.com)_2.xlsx,2026-09-25T04:18:50+00:00,archivo del repositorio
qs,Pontificia Universidad Catolica de Valparaiso,2026,,qs_puntaje_articulos_por_academico_latam,99.1,puntaje 0-100,"Artículos por académico · QS latam 2026, puntaje normalizado",KAI/QS/DatosQS/QS LATAM/2026 QS Latam Rankings Results v1.2 (For qs.com)_2.xlsx,2026-09-25T04:18:50+00:00,archivo del repositorio
qs,Pontificia Universidad Catolica de Valparaiso,2026,,qs_puntaje_academicos_con_doctorado_latam,60.7,puntaje 0-100,"Proporción de académicos con doctorado · QS latam 2026, puntaje normalizado",KAI/QS/DatosQS/QS LATAM/2026 QS Latam Rankings Results v1.2 (For qs.com)_2.xlsx,2026-09-25T04:18:50+00:00,archivo del repositorio
qs,Pontificia Universidad Catolica de Valparaiso,2026,,qs_puntaje_impacto_web_latam,50.3,puntaje 0-100,"Impacto web, derivado de Webometrics · QS latam 2026, puntaje normalizado",KAI/QS/DatosQS/QS LATAM/2026 QS Latam Rankings Results v1.2 (For qs.com)_2.xlsx,2026-09-25T04:18:50+00:00,archivo del repositorio
qs,Pontificia Universidad Catolica de Valparaiso,2026,,qs_puntaje_global_latam,76.4,puntaje 0-100,"Puntaje global de la edición · QS latam 2026, puntaje normalizado",KAI/QS/DatosQS/QS LATAM/2026 QS Latam Rankings Results v1.2 (For qs.com)_2.xlsx,2026-09-25T04:18:50+00:00,archivo del repositorio
qs,Universidad Austral de Chile,2026,,qs_puntaje_reputacion_academica_latam,65.5,puntaje 0-100,"Encuesta de reputación académica · QS latam 2026, puntaje normalizado",KAI/QS/DatosQS/QS LATAM/2026 QS Latam Rankings Results v1.2 (For qs.com)_2.xlsx,2026-09-25T04:18:50+00:00,archivo del repositorio
qs,Universidad Austral de Chile,2026,,qs_puntaje_reputacion_empleadores_latam,59.5,puntaje 0-100,"Encuesta de reputación entre empleadores · QS latam 2026, puntaje normalizado",KAI/QS/DatosQS/QS LATAM/2026 QS Latam Rankings Results v1.2 (For qs.com)_2.xlsx,2026-09-25T04:18:50+00:00,archivo del repositorio
qs,Universidad Austral de Chile,2026,,qs_puntaje_ratio_academicos_latam,9.1,puntaje 0-100,"Razón de académicos por estudiante · QS latam 2026, puntaje normalizado",KAI/QS/DatosQS/QS LATAM/2026 QS Latam Rankings Results v1.2 (For qs.com)_2.xlsx,2026-09-25T04:18:50+00:00,archivo del repositorio
qs,Universidad Austral de Chile,2026,,qs_puntaje_red_internacional_latam,93.9,puntaje 0-100,"Red internacional de investigación · QS latam 2026, puntaje normalizado",KAI/QS/DatosQS/QS LATAM/2026 QS Latam Rankings Results v1.2 (For qs.com)_2.xlsx,2026-09-25T04:18:50+00:00,archivo del repositorio
qs,Universidad Austral de Chile,2026,,qs_puntaje_citas_por_articulo_latam,49.8,puntaje 0-100,"Citas por artículo · QS latam 2026, puntaje normalizado",KAI/QS/DatosQS/QS LATAM/2026 QS Latam Rankings Results v1.2 (For qs.com)_2.xlsx,2026-09-25T04:18:50+00:00,archivo del repositorio
qs,Universidad Austral de Chile,2026,,qs_puntaje_articulos_por_academico_latam,99.3,puntaje 0-100,"Artículos por académico · QS latam 2026, puntaje normalizado",KAI/QS/DatosQS/QS LATAM/2026 QS Latam Rankings Results v1.2 (For qs.com)_2.xlsx,2026-09-25T04:18:50+00:00,archivo del repositorio
qs,Universidad Austral de Chile,2026,,qs_puntaje_academicos_con_doctorado_latam,85.0,puntaje 0-100,"Proporción de académicos con doctorado · QS latam 2026, puntaje normalizado",KAI/QS/DatosQS/QS LATAM/2026 QS Latam Rankings Results v1.2 (For qs.com)_2.xlsx,2026-09-25T04:18:50+00:00,archivo del repositorio
qs,Universidad Austral de Chile,2026,,qs_puntaje_impacto_web_latam,59.4,puntaje 0-100,"Impacto web, derivado de Webometrics · QS latam 2026, puntaje normalizado",KAI/QS/DatosQS/QS LATAM/2026 QS Latam Rankings Results v1.2 (For qs.com)_2.xlsx,2026-09-25T04:18:50+00:00,archivo del repositorio
qs,Universidad Austral de Chile,2026,,qs_puntaje_global_latam,67.2,puntaje 0-100,"Puntaje global de la edición · QS latam 2026, puntaje normalizado",KAI/QS/DatosQS/QS LATAM/2026 QS Latam Rankings Results v1.2 (For qs.com)_2.xlsx,2026-09-25T04:18:50+00:00,archivo del repositorio
qs,Universidad Diego Portales,2026,,qs_puntaje_reputacion_academica_latam,64.9,puntaje 0-100,"Encuesta de reputación académica · QS latam 2026, puntaje normalizado",KAI/QS/DatosQS/QS LATAM/2026 QS Latam Rankings Results v1.2 (For qs.com)_2.xlsx,2026-09-25T04:18:50+00:00,archivo del repositorio
qs,Universidad Diego Portales,2026,,qs_puntaje_reputacion_empleadores_latam,79.2,puntaje 0-100,"Encuesta de reputación entre empleadores · QS latam 2026, puntaje normalizado",KAI/QS/DatosQS/QS LATAM/2026 QS Latam Rankings Results v1.2 (For qs.com)_2.xlsx,2026-09-25T04:18:50+00:00,archivo del repositorio
qs,Universidad Diego Portales,2026,,qs_puntaje_ratio_academicos_latam,24.2,puntaje 0-100,"Razón de académicos por estudiante · QS latam 2026, puntaje normalizado",KAI/QS/DatosQS/QS LATAM/2026 QS Latam Rankings Results v1.2 (For qs.com)_2.xlsx,2026-09-25T04:18:50+00:00,archivo del repositorio
qs,Universidad Diego Portales,2026,,qs_puntaje_red_internacional_latam,88.9,puntaje 0-100,"Red internacional de investigación · QS latam 2026, puntaje normalizado",KAI/QS/DatosQS/QS LATAM/2026 QS Latam Rankings Results v1.2 (For qs.com)_2.xlsx,2026-09-25T04:18:50+00:00,archivo del repositorio
qs,Universidad Diego Portales,2026,,qs_puntaje_citas_por_articulo_latam,87.3,puntaje 0-100,"Citas por artículo · QS latam 2026, puntaje normalizado",KAI/QS/DatosQS/QS LATAM/2026 QS Latam Rankings Results v1.2 (For qs.com)_2.xlsx,2026-09-25T04:18:50+00:00,archivo del repositorio
qs,Universidad Diego Portales,2026,,qs_puntaje_articulos_por_academico_latam,46.0,puntaje 0-100,"Artículos por académico · QS latam 2026, puntaje normalizado",KAI/QS/DatosQS/QS LATAM/2026 QS Latam Rankings Results v1.2 (For qs.com)_2.xlsx,2026-09-25T04:18:50+00:00,archivo del repositorio
qs,Universidad Diego Portales,2026,,qs_puntaje_academicos_con_doctorado_latam,14.4,puntaje 0-100,"Proporción de académicos con doctorado · QS latam 2026, puntaje normalizado",KAI/QS/DatosQS/QS LATAM/2026 QS Latam Rankings Results v1.2 (For qs.com)_2.xlsx,2026-09-25T04:18:50+00:00,archivo del repositorio
qs,Universidad Diego Portales,2026,,qs_puntaje_impacto_web_latam,34.8,puntaje 0-100,"Impacto web, derivado de Webometrics · QS latam 2026, puntaje normalizado",KAI/QS/DatosQS/QS LATAM/2026 QS Latam Rankings Results v1.2 (For qs.com)_2.xlsx,2026-09-25T04:18:50+00:00,archivo del repositorio
qs,Universidad Diego Portales,2026,,qs_puntaje_global_latam,64.6,puntaje 0-100,"Puntaje global de la edición · QS latam 2026, puntaje normalizado",KAI/QS/DatosQS/QS LATAM/2026 QS Latam Rankings Results v1.2 (For qs.com)_2.xlsx,2026-09-25T04:18:50+00:00,archivo del repositorio
qs,Universidad de los Andes,2026,,qs_puntaje_reputacion_academica_latam,72.6,puntaje 0-100,"Encuesta de reputación académica · QS latam 2026, puntaje normalizado",KAI/QS/DatosQS/QS LATAM/2026 QS Latam Rankings Results v1.2 (For qs.com)_2.xlsx,2026-09-25T04:18:50+00:00,archivo del repositorio
qs,Universidad de los Andes,2026,,qs_puntaje_reputacion_empleadores_latam,90.2,puntaje 0-100,"Encuesta de reputación entre empleadores · QS latam 2026, puntaje normalizado",KAI/QS/DatosQS/QS LATAM/2026 QS Latam Rankings Results v1.2 (For qs.com)_2.xlsx,2026-09-25T04:18:50+00:00,archivo del repositorio
qs,Universidad de los Andes,2026,,qs_puntaje_ratio_academicos_latam,29.2,puntaje 0-100,"Razón de académicos por estudiante · QS latam 2026, puntaje normalizado",KAI/QS/DatosQS/QS LATAM/2026 QS Latam Rankings Results v1.2 (For qs.com)_2.xlsx,2026-09-25T04:18:50+00:00,archivo del repositorio
qs,Universidad de los Andes,2026,,qs_puntaje_red_internacional_latam,64.3,puntaje 0-100,"Red internacional de investigación · QS latam 2026, puntaje normalizado",KAI/QS/DatosQS/QS LATAM/2026 QS Latam Rankings Results v1.2 (For qs.com)_2.xlsx,2026-09-25T04:18:50+00:00,archivo del repositorio
qs,Universidad de los Andes,2026,,qs_puntaje_citas_por_articulo_latam,36.0,puntaje 0-100,"Citas por artículo · QS latam 2026, puntaje normalizado",KAI/QS/DatosQS/QS LATAM/2026 QS Latam Rankings Results v1.2 (For qs.com)_2.xlsx,2026-09-25T04:18:50+00:00,archivo del repositorio
qs,Universidad de los Andes,2026,,qs_puntaje_articulos_por_academico_latam,58.2,puntaje 0-100,"Artículos por académico · QS latam 2026, puntaje normalizado",KAI/QS/DatosQS/QS LATAM/2026 QS Latam Rankings Results v1.2 (For qs.com)_2.xlsx,2026-09-25T04:18:50+00:00,archivo del repositorio
qs,Universidad de los Andes,2026,,qs_puntaje_academicos_con_doctorado_latam,28.1,puntaje 0-100,"Proporción de académicos con doctorado · QS latam 2026, puntaje normalizado",KAI/QS/DatosQS/QS LATAM/2026 QS Latam Rankings Results v1.2 (For qs.com)_2.xlsx,2026-09-25T04:18:50+00:00,archivo del repositorio
qs,Universidad de los Andes,2026,,qs_puntaje_impacto_web_latam,25.8,puntaje 0-100,"Impacto web, derivado de Webometrics · QS latam 2026, puntaje normalizado",KAI/QS/DatosQS/QS LATAM/2026 QS Latam Rankings Results v1.2 (For qs.com)_2.xlsx,2026-09-25T04:18:50+00:00,archivo del repositorio
qs,Universidad de los Andes,2026,,qs_puntaje_global_latam,63.4,puntaje 0-100,"Puntaje global de la edición · QS latam 2026, puntaje normalizado",KAI/QS/DatosQS/QS LATAM/2026 QS Latam Rankings Results v1.2 (For qs.com)_2.xlsx,2026-09-25T04:18:50+00:00,archivo del repositorio
qs,Universidad Tecnica Federico Santa Maria,2026,,qs_puntaje_reputacion_academica_latam,51.1,puntaje 0-100,"Encuesta de reputación académica · QS latam 2026, puntaje normalizado",KAI/QS/DatosQS/QS LATAM/2026 QS Latam Rankings Results v1.2 (For qs.com)_2.xlsx,2026-09-25T04:18:50+00:00,archivo del repositorio
qs,Universidad Tecnica Federico Santa Maria,2026,,qs_puntaje_reputacion_empleadores_latam,83.4,puntaje 0-100,"Encuesta de reputación entre empleadores · QS latam 2026, puntaje normalizado",KAI/QS/DatosQS/QS LATAM/2026 QS Latam Rankings Results v1.2 (For qs.com)_2.xlsx,2026-09-25T04:18:50+00:00,archivo del repositorio
qs,Universidad Tecnica Federico Santa Maria,2026,,qs_puntaje_ratio_academicos_latam,10.0,puntaje 0-100,"Razón de académicos por estudiante · QS latam 2026, puntaje normalizado",KAI/QS/DatosQS/QS LATAM/2026 QS Latam Rankings Results v1.2 (For qs.com)_2.xlsx,2026-09-25T04:18:50+00:00,archivo del repositorio
qs,Universidad Tecnica Federico Santa Maria,2026,,qs_puntaje_red_internacional_latam,94.1,puntaje 0-100,"Red internacional de investigación · QS latam 2026, puntaje normalizado",KAI/QS/DatosQS/QS LATAM/2026 QS Latam Rankings Results v1.2 (For qs.com)_2.xlsx,2026-09-25T04:18:50+00:00,archivo del repositorio
qs,Universidad Tecnica Federico Santa Maria,2026,,qs_puntaje_citas_por_articulo_latam,67.7,puntaje 0-100,"Citas por artículo · QS latam 2026, puntaje normalizado",KAI/QS/DatosQS/QS LATAM/2026 QS Latam Rankings Results v1.2 (For qs.com)_2.xlsx,2026-09-25T04:18:50+00:00,archivo del repositorio
qs,Universidad Tecnica Federico Santa Maria,2026,,qs_puntaje_articulos_por_academico_latam,80.2,puntaje 0-100,"Artículos por académico · QS latam 2026, puntaje normalizado",KAI/QS/DatosQS/QS LATAM/2026 QS Latam Rankings Results v1.2 (For qs.com)_2.xlsx,2026-09-25T04:18:50+00:00,archivo del repositorio
qs,Universidad Tecnica Federico Santa Maria,2026,,qs_puntaje_academicos_con_doctorado_latam,46.3,puntaje 0-100,"Proporción de académicos con doctorado · QS latam 2026, puntaje normalizado",KAI/QS/DatosQS/QS LATAM/2026 QS Latam Rankings Results v1.2 (For qs.com)_2.xlsx,2026-09-25T04:18:50+00:00,archivo del repositorio
qs,Universidad Tecnica Federico Santa Maria,2026,,qs_puntaje_impacto_web_latam,22.5,puntaje 0-100,"Impacto web, derivado de Webometrics · QS latam 2026, puntaje normalizado",KAI/QS/DatosQS/QS LATAM/2026 QS Latam Rankings Results v1.2 (For qs.com)_2.xlsx,2026-09-25T04:18:50+00:00,archivo del repositorio
qs,Universidad Tecnica Federico Santa Maria,2026,,qs_puntaje_global_latam,62.5,puntaje 0-100,"Puntaje global de la edición · QS latam 2026, puntaje normalizado",KAI/QS/DatosQS/QS LATAM/2026 QS Latam Rankings Results v1.2 (For qs.com)_2.xlsx,2026-09-25T04:18:50+00:00,archivo del repositorio
qs,Universidad de Talca,2026,,qs_puntaje_reputacion_academica_latam,54.0,puntaje 0-100,"Encuesta de reputación académica · QS latam 2026, puntaje normalizado",KAI/QS/DatosQS/QS LATAM/2026 QS Latam Rankings Results v1.2 (For qs.com)_2.xlsx,2026-09-25T04:18:50+00:00,archivo del repositorio
qs,Universidad de Talca,2026,,qs_puntaje_reputacion_empleadores_latam,48.9,puntaje 0-100,"Encuesta de reputación entre empleadores · QS latam 2026, puntaje normalizado",KAI/QS/DatosQS/QS LATAM/2026 QS Latam Rankings Results v1.2 (For qs.com)_2.xlsx,2026-09-25T04:18:50+00:00,archivo del repositorio
qs,Universidad de Talca,2026,,qs_puntaje_ratio_academicos_latam,19.1,puntaje 0-100,"Razón de académicos por estudiante · QS latam 2026, puntaje normalizado",KAI/QS/DatosQS/QS LATAM/2026 QS Latam Rankings Results v1.2 (For qs.com)_2.xlsx,2026-09-25T04:18:50+00:00,archivo del repositorio
qs,Universidad de Talca,2026,,qs_puntaje_red_internacional_latam,94.1,puntaje 0-100,"Red internacional de investigación · QS latam 2026, puntaje normalizado",KAI/QS/DatosQS/QS LATAM/2026 QS Latam Rankings Results v1.2 (For qs.com)_2.xlsx,2026-09-25T04:18:50+00:00,archivo del repositorio
qs,Universidad de Talca,2026,,qs_puntaje_citas_por_articulo_latam,80.8,puntaje 0-100,"Citas por artículo · QS latam 2026, puntaje normalizado",KAI/QS/DatosQS/QS LATAM/2026 QS Latam Rankings Results v1.2 (For qs.com)_2.xlsx,2026-09-25T04:18:50+00:00,archivo del repositorio
qs,Universidad de Talca,2026,,qs_puntaje_articulos_por_academico_latam,94.9,puntaje 0-100,"Artículos por académico · QS latam 2026, puntaje normalizado",KAI/QS/DatosQS/QS LATAM/2026 QS Latam Rankings Results v1.2 (For qs.com)_2.xlsx,2026-09-25T04:18:50+00:00,archivo del repositorio
qs,Universidad de Talca,2026,,qs_puntaje_academicos_con_doctorado_latam,53.9,puntaje 0-100,"Proporción de académicos con doctorado · QS latam 2026, puntaje normalizado",KAI/QS/DatosQS/QS LATAM/2026 QS Latam Rankings Results v1.2 (For qs.com)_2.xlsx,2026-09-25T04:18:50+00:00,archivo del repositorio
qs,Universidad de Talca,2026,,qs_puntaje_impacto_web_latam,59.3,puntaje 0-100,"Impacto web, derivado de Webometrics · QS latam 2026, puntaje normalizado",KAI/QS/DatosQS/QS LATAM/2026 QS Latam Rankings Results v1.2 (For qs.com)_2.xlsx,2026-09-25T04:18:50+00:00,archivo del repositorio
qs,Universidad de Talca,2026,,qs_puntaje_global_latam,62.0,puntaje 0-100,"Puntaje global de la edición · QS latam 2026, puntaje normalizado",KAI/QS/DatosQS/QS LATAM/2026 QS Latam Rankings Results v1.2 (For qs.com)_2.xlsx,2026-09-25T04:18:50+00:00,archivo del repositorio
qs,Universidad de la Frontera,2026,,qs_puntaje_reputacion_academica_latam,54.1,puntaje 0-100,"Encuesta de reputación académica · QS latam 2026, puntaje normalizado",KAI/QS/DatosQS/QS LATAM/2026 QS Latam Rankings Results v1.2 (For qs.com)_2.xlsx,2026-09-25T04:18:50+00:00,archivo del repositorio
qs,Universidad de la Frontera,2026,,qs_puntaje_reputacion_empleadores_latam,34.0,puntaje 0-100,"Encuesta de reputación entre empleadores · QS latam 2026, puntaje normalizado",KAI/QS/DatosQS/QS LATAM/2026 QS Latam Rankings Results v1.2 (For qs.com)_2.xlsx,2026-09-25T04:18:50+00:00,archivo del repositorio
qs,Universidad de la Frontera,2026,,qs_puntaje_ratio_academicos_latam,14.9,puntaje 0-100,"Razón de académicos por estudiante · QS latam 2026, puntaje normalizado",KAI/QS/DatosQS/QS LATAM/2026 QS Latam Rankings Results v1.2 (For qs.com)_2.xlsx,2026-09-25T04:18:50+00:00,archivo del repositorio
qs,Universidad de la Frontera,2026,,qs_puntaje_red_internacional_latam,93.1,puntaje 0-100,"Red internacional de investigación · QS latam 2026, puntaje normalizado",KAI/QS/DatosQS/QS LATAM/2026 QS Latam Rankings Results v1.2 (For qs.com)_2.xlsx,2026-09-25T04:18:50+00:00,archivo del repositorio
qs,Universidad de la Frontera,2026,,qs_puntaje_citas_por_articulo_latam,85.6,puntaje 0-100,"Citas por artículo · QS latam 2026, puntaje normalizado",KAI/QS/DatosQS/QS LATAM/2026 QS Latam Rankings Results v1.2 (For qs.com)_2.xlsx,2026-09-25T04:18:50+00:00,archivo del repositorio
qs,Universidad de la Frontera,2026,,qs_puntaje_articulos_por_academico_latam,99.1,puntaje 0-100,"Artículos por académico · QS latam 2026, puntaje normalizado",KAI/QS/DatosQS/QS LATAM/2026 QS Latam Rankings Results v1.2 (For qs.com)_2.xlsx,2026-09-25T04:18:50+00:00,archivo del repositorio
qs,Universidad de la Frontera,2026,,qs_puntaje_academicos_con_doctorado_latam,81.6,puntaje 0-100,"Proporción de académicos con doctorado · QS latam 2026, puntaje normalizado",KAI/QS/DatosQS/QS LATAM/2026 QS Latam Rankings Results v1.2 (For qs.com)_2.xlsx,2026-09-25T04:18:50+00:00,archivo del repositorio
qs,Universidad de la Frontera,2026,,qs_puntaje_impacto_web_latam,32.3,puntaje 0-100,"Impacto web, derivado de Webometrics · QS latam 2026, puntaje normalizado",KAI/QS/DatosQS/QS LATAM/2026 QS Latam Rankings Results v1.2 (For qs.com)_2.xlsx,2026-09-25T04:18:50+00:00,archivo del repositorio
qs,Universidad de la Frontera,2026,,qs_puntaje_global_latam,60.5,puntaje 0-100,"Puntaje global de la edición · QS latam 2026, puntaje normalizado",KAI/QS/DatosQS/QS LATAM/2026 QS Latam Rankings Results v1.2 (For qs.com)_2.xlsx,2026-09-25T04:18:50+00:00,archivo del repositorio
qs,Universidad Andres Bello,2026,,qs_puntaje_reputacion_academica_latam,63.2,puntaje 0-100,"Encuesta de reputación académica · QS latam 2026, puntaje normalizado",KAI/QS/DatosQS/QS LATAM/2026 QS Latam Rankings Results v1.2 (For qs.com)_2.xlsx,2026-09-25T04:18:50+00:00,archivo del repositorio
qs,Universidad Andres Bello,2026,,qs_puntaje_reputacion_empleadores_latam,62.0,puntaje 0-100,"Encuesta de reputación entre empleadores · QS latam 2026, puntaje normalizado",KAI/QS/DatosQS/QS LATAM/2026 QS Latam Rankings Results v1.2 (For qs.com)_2.xlsx,2026-09-25T04:18:50+00:00,archivo del repositorio
qs,Universidad Andres Bello,2026,,qs_puntaje_ratio_academicos_latam,25.6,puntaje 0-100,"Razón de académicos por estudiante · QS latam 2026, puntaje normalizado",KAI/QS/DatosQS/QS LATAM/2026 QS Latam Rankings Results v1.2 (For qs.com)_2.xlsx,2026-09-25T04:18:50+00:00,archivo del repositorio
qs,Universidad Andres Bello,2026,,qs_puntaje_red_internacional_latam,98.2,puntaje 0-100,"Red internacional de investigación · QS latam 2026, puntaje normalizado",KAI/QS/DatosQS/QS LATAM/2026 QS Latam Rankings Results v1.2 (For qs.com)_2.xlsx,2026-09-25T04:18:50+00:00,archivo del repositorio
qs,Universidad Andres Bello,2026,,qs_puntaje_citas_por_articulo_latam,63.4,puntaje 0-100,"Citas por artículo · QS latam 2026, puntaje normalizado",KAI/QS/DatosQS/QS LATAM/2026 QS Latam Rankings Results v1.2 (For qs.com)_2.xlsx,2026-09-25T04:18:50+00:00,archivo del repositorio
qs,Universidad Andres Bello,2026,,qs_puntaje_articulos_por_academico_latam,36.1,puntaje 0-100,"Artículos por académico · QS latam 2026, puntaje normalizado",KAI/QS/DatosQS/QS LATAM/2026 QS Latam Rankings Results v1.2 (For qs.com)_2.xlsx,2026-09-25T04:18:50+00:00,archivo del repositorio
qs,Universidad Andres Bello,2026,,qs_puntaje_academicos_con_doctorado_latam,14.4,puntaje 0-100,"Proporción de académicos con doctorado · QS latam 2026, puntaje normalizado",KAI/QS/DatosQS/QS LATAM/2026 QS Latam Rankings Results v1.2 (For qs.com)_2.xlsx,2026-09-25T04:18:50+00:00,archivo del repositorio
qs,Universidad Andres Bello,2026,,qs_puntaje_impacto_web_latam,46.4,puntaje 0-100,"Impacto web, derivado de Webometrics · QS latam 2026, puntaje normalizado",KAI/QS/DatosQS/QS LATAM/2026 QS Latam Rankings Results v1.2 (For qs.com)_2.xlsx,2026-09-25T04:18:50+00:00,archivo del repositorio
qs,Universidad Andres Bello,2026,,qs_puntaje_global_latam,58.9,puntaje 0-100,"Puntaje global de la edición · QS latam 2026, puntaje normalizado",KAI/QS/DatosQS/QS LATAM/2026 QS Latam Rankings Results v1.2 (For qs.com)_2.xlsx,2026-09-25T04:18:50+00:00,archivo del repositorio
qs,Universidad del Desarrollo,2026,,qs_puntaje_reputacion_academica_latam,44.4,puntaje 0-100,"Encuesta de reputación académica · QS latam 2026, puntaje normalizado",KAI/QS/DatosQS/QS LATAM/2026 QS Latam Rankings Results v1.2 (For qs.com)_2.xlsx,2026-09-25T04:18:50+00:00,archivo del repositorio
qs,Universidad del Desarrollo,2026,,qs_puntaje_reputacion_empleadores_latam,60.2,puntaje 0-100,"Encuesta de reputación entre empleadores · QS latam 2026, puntaje normalizado",KAI/QS/DatosQS/QS LATAM/2026 QS Latam Rankings Results v1.2 (For qs.com)_2.xlsx,2026-09-25T04:18:50+00:00,archivo del repositorio
qs,Universidad del Desarrollo,2026,,qs_puntaje_ratio_academicos_latam,30.2,puntaje 0-100,"Razón de académicos por estudiante · QS latam 2026, puntaje normalizado",KAI/QS/DatosQS/QS LATAM/2026 QS Latam Rankings Results v1.2 (For qs.com)_2.xlsx,2026-09-25T04:18:50+00:00,archivo del repositorio
qs,Universidad del Desarrollo,2026,,qs_puntaje_red_internacional_latam,65.1,puntaje 0-100,"Red internacional de investigación · QS latam 2026, puntaje normalizado",KAI/QS/DatosQS/QS LATAM/2026 QS Latam Rankings Results v1.2 (For qs.com)_2.xlsx,2026-09-25T04:18:50+00:00,archivo del repositorio
qs,Universidad del Desarrollo,2026,,qs_puntaje_citas_por_articulo_latam,91.7,puntaje 0-100,"Citas por artículo · QS latam 2026, puntaje normalizado",KAI/QS/DatosQS/QS LATAM/2026 QS Latam Rankings Results v1.2 (For qs.com)_2.xlsx,2026-09-25T04:18:50+00:00,archivo del repositorio
qs,Universidad del Desarrollo,2026,,qs_puntaje_articulos_por_academico_latam,28.6,puntaje 0-100,"Artículos por académico · QS latam 2026, puntaje normalizado",KAI/QS/DatosQS/QS LATAM/2026 QS Latam Rankings Results v1.2 (For qs.com)_2.xlsx,2026-09-25T04:18:50+00:00,archivo del repositorio
qs,Universidad del Desarrollo,2026,,qs_puntaje_academicos_con_doctorado_latam,11.8,puntaje 0-100,"Proporción de académicos con doctorado · QS latam 2026, puntaje normalizado",KAI/QS/DatosQS/QS LATAM/2026 QS Latam Rankings Results v1.2 (For qs.com)_2.xlsx,2026-09-25T04:18:50+00:00,archivo del repositorio
qs,Universidad del Desarrollo,2026,,qs_puntaje_impacto_web_latam,43.4,puntaje 0-100,"Impacto web, derivado de Webometrics · QS latam 2026, puntaje normalizado",KAI/QS/DatosQS/QS LATAM/2026 QS Latam Rankings Results v1.2 (For qs.com)_2.xlsx,2026-09-25T04:18:50+00:00,archivo del repositorio
qs,Universidad del Desarrollo,2026,,qs_puntaje_global_latam,51.6,puntaje 0-100,"Puntaje global de la edición · QS latam 2026, puntaje normalizado",KAI/QS/DatosQS/QS LATAM/2026 QS Latam Rankings Results v1.2 (For qs.com)_2.xlsx,2026-09-25T04:18:50+00:00,archivo del repositorio
qs,Universidad de Valparaiso,2026,,qs_puntaje_reputacion_academica_latam,56.9,puntaje 0-100,"Encuesta de reputación académica · QS latam 2026, puntaje normalizado",KAI/QS/DatosQS/QS LATAM/2026 QS Latam Rankings Results v1.2 (For qs.com)_2.xlsx,2026-09-25T04:18:50+00:00,archivo del repositorio
qs,Universidad de Valparaiso,2026,,qs_puntaje_reputacion_empleadores_latam,37.5,puntaje 0-100,"Encuesta de reputación entre empleadores · QS latam 2026, puntaje normalizado",KAI/QS/DatosQS/QS LATAM/2026 QS Latam Rankings Results v1.2 (For qs.com)_2.xlsx,2026-09-25T04:18:50+00:00,archivo del repositorio
qs,Universidad de Valparaiso,2026,,qs_puntaje_ratio_academicos_latam,25.6,puntaje 0-100,"Razón de académicos por estudiante · QS latam 2026, puntaje normalizado",KAI/QS/DatosQS/QS LATAM/2026 QS Latam Rankings Results v1.2 (For qs.com)_2.xlsx,2026-09-25T04:18:50+00:00,archivo del repositorio
qs,Universidad de Valparaiso,2026,,qs_puntaje_red_internacional_latam,86.8,puntaje 0-100,"Red internacional de investigación · QS latam 2026, puntaje normalizado",KAI/QS/DatosQS/QS LATAM/2026 QS Latam Rankings Results v1.2 (For qs.com)_2.xlsx,2026-09-25T04:18:50+00:00,archivo del repositorio
qs,Universidad de Valparaiso,2026,,qs_puntaje_citas_por_articulo_latam,37.1,puntaje 0-100,"Citas por artículo · QS latam 2026, puntaje normalizado",KAI/QS/DatosQS/QS LATAM/2026 QS Latam Rankings Results v1.2 (For qs.com)_2.xlsx,2026-09-25T04:18:50+00:00,archivo del repositorio
qs,Universidad de Valparaiso,2026,,qs_puntaje_articulos_por_academico_latam,61.2,puntaje 0-100,"Artículos por académico · QS latam 2026, puntaje normalizado",KAI/QS/DatosQS/QS LATAM/2026 QS Latam Rankings Results v1.2 (For qs.com)_2.xlsx,2026-09-25T04:18:50+00:00,archivo del repositorio
qs,Universidad de Valparaiso,2026,,qs_puntaje_academicos_con_doctorado_latam,33.0,puntaje 0-100,"Proporción de académicos con doctorado · QS latam 2026, puntaje normalizado",KAI/QS/DatosQS/QS LATAM/2026 QS Latam Rankings Results v1.2 (For qs.com)_2.xlsx,2026-09-25T04:18:50+00:00,archivo del repositorio
qs,Universidad de Valparaiso,2026,,qs_puntaje_impacto_web_latam,43.7,puntaje 0-100,"Impacto web, derivado de Webometrics · QS latam 2026, puntaje normalizado",KAI/QS/DatosQS/QS LATAM/2026 QS Latam Rankings Results v1.2 (For qs.com)_2.xlsx,2026-09-25T04:18:50+00:00,archivo del repositorio
qs,Universidad de Valparaiso,2026,,qs_puntaje_global_latam,50.8,puntaje 0-100,"Puntaje global de la edición · QS latam 2026, puntaje normalizado",KAI/QS/DatosQS/QS LATAM/2026 QS Latam Rankings Results v1.2 (For qs.com)_2.xlsx,2026-09-25T04:18:50+00:00,archivo del repositorio
qs,Universidad del Bio-Bio,2026,,qs_puntaje_reputacion_academica_latam,46.3,puntaje 0-100,"Encuesta de reputación académica · QS latam 2026, puntaje normalizado",KAI/QS/DatosQS/QS LATAM/2026 QS Latam Rankings Results v1.2 (For qs.com)_2.xlsx,2026-09-25T04:18:50+00:00,archivo del repositorio
qs,Universidad del Bio-Bio,2026,,qs_puntaje_reputacion_empleadores_latam,23.3,puntaje 0-100,"Encuesta de reputación entre empleadores · QS latam 2026, puntaje normalizado",KAI/QS/DatosQS/QS LATAM/2026 QS Latam Rankings Results v1.2 (For qs.com)_2.xlsx,2026-09-25T04:18:50+00:00,archivo del repositorio
qs,Universidad del Bio-Bio,2026,,qs_puntaje_ratio_academicos_latam,10.8,puntaje 0-100,"Razón de académicos por estudiante · QS latam 2026, puntaje normalizado",KAI/QS/DatosQS/QS LATAM/2026 QS Latam Rankings Results v1.2 (For qs.com)_2.xlsx,2026-09-25T04:18:50+00:00,archivo del repositorio
qs,Universidad del Bio-Bio,2026,,qs_puntaje_red_internacional_latam,84.8,puntaje 0-100,"Red internacional de investigación · QS latam 2026, puntaje normalizado",KAI/QS/DatosQS/QS LATAM/2026 QS Latam Rankings Results v1.2 (For qs.com)_2.xlsx,2026-09-25T04:18:50+00:00,archivo del repositorio
qs,Universidad del Bio-Bio,2026,,qs_puntaje_citas_por_articulo_latam,50.3,puntaje 0-100,"Citas por artículo · QS latam 2026, puntaje normalizado",KAI/QS/DatosQS/QS LATAM/2026 QS Latam Rankings Results v1.2 (For qs.com)_2.xlsx,2026-09-25T04:18:50+00:00,archivo del repositorio
qs,Universidad del Bio-Bio,2026,,qs_puntaje_articulos_por_academico_latam,92.0,puntaje 0-100,"Artículos por académico · QS latam 2026, puntaje normalizado",KAI/QS/DatosQS/QS LATAM/2026 QS Latam Rankings Results v1.2 (For qs.com)_2.xlsx,2026-09-25T04:18:50+00:00,archivo del repositorio
qs,Universidad del Bio-Bio,2026,,qs_puntaje_academicos_con_doctorado_latam,72.2,puntaje 0-100,"Proporción de académicos con doctorado · QS latam 2026, puntaje normalizado",KAI/QS/DatosQS/QS LATAM/2026 QS Latam Rankings Results v1.2 (For qs.com)_2.xlsx,2026-09-25T04:18:50+00:00,archivo del repositorio
qs,Universidad del Bio-Bio,2026,,qs_puntaje_impacto_web_latam,39.6,puntaje 0-100,"Impacto web, derivado de Webometrics · QS latam 2026, puntaje normalizado",KAI/QS/DatosQS/QS LATAM/2026 QS Latam Rankings Results v1.2 (For qs.com)_2.xlsx,2026-09-25T04:18:50+00:00,archivo del repositorio
qs,Universidad del Bio-Bio,2026,,qs_puntaje_global_latam,49.5,puntaje 0-100,"Puntaje global de la edición · QS latam 2026, puntaje normalizado",KAI/QS/DatosQS/QS LATAM/2026 QS Latam Rankings Results v1.2 (For qs.com)_2.xlsx,2026-09-25T04:18:50+00:00,archivo del repositorio
qs,Universidad Autonoma de Chile,2026,,qs_puntaje_reputacion_academica_latam,34.5,puntaje 0-100,"Encuesta de reputación académica · QS latam 2026, puntaje normalizado",KAI/QS/DatosQS/QS LATAM/2026 QS Latam Rankings Results v1.2 (For qs.com)_2.xlsx,2026-09-25T04:18:50+00:00,archivo del repositorio
qs,Universidad Autonoma de Chile,2026,,qs_puntaje_reputacion_empleadores_latam,22.0,puntaje 0-100,"Encuesta de reputación entre empleadores · QS latam 2026, puntaje normalizado",KAI/QS/DatosQS/QS LATAM/2026 QS Latam Rankings Results v1.2 (For qs.com)_2.xlsx,2026-09-25T04:18:50+00:00,archivo del repositorio
qs,Universidad Autonoma de Chile,2026,,qs_puntaje_ratio_academicos_latam,13.5,puntaje 0-100,"Razón de académicos por estudiante · QS latam 2026, puntaje normalizado",KAI/QS/DatosQS/QS LATAM/2026 QS Latam Rankings Results v1.2 (For qs.com)_2.xlsx,2026-09-25T04:18:50+00:00,archivo del repositorio
qs,Universidad Autonoma de Chile,2026,,qs_puntaje_red_internacional_latam,90.2,puntaje 0-100,"Red internacional de investigación · QS latam 2026, puntaje normalizado",KAI/QS/DatosQS/QS LATAM/2026 QS Latam Rankings Results v1.2 (For qs.com)_2.xlsx,2026-09-25T04:18:50+00:00,archivo del repositorio
qs,Universidad Autonoma de Chile,2026,,qs_puntaje_citas_por_articulo_latam,93.5,puntaje 0-100,"Citas por artículo · QS latam 2026, puntaje normalizado",KAI/QS/DatosQS/QS LATAM/2026 QS Latam Rankings Results v1.2 (For qs.com)_2.xlsx,2026-09-25T04:18:50+00:00,archivo del repositorio
qs,Universidad Autonoma de Chile,2026,,qs_puntaje_articulos_por_academico_latam,48.9,puntaje 0-100,"Artículos por académico · QS latam 2026, puntaje normalizado",KAI/QS/DatosQS/QS LATAM/2026 QS Latam Rankings Results v1.2 (For qs.com)_2.xlsx,2026-09-25T04:18:50+00:00,archivo del repositorio
qs,Universidad Autonoma de Chile,2026,,qs_puntaje_academicos_con_doctorado_latam,23.9,puntaje 0-100,"Proporción de académicos con doctorado · QS latam 2026, puntaje normalizado",KAI/QS/DatosQS/QS LATAM/2026 QS Latam Rankings Results v1.2 (For qs.com)_2.xlsx,2026-09-25T04:18:50+00:00,archivo del repositorio
qs,Universidad Autonoma de Chile,2026,,qs_puntaje_impacto_web_latam,36.9,puntaje 0-100,"Impacto web, derivado de Webometrics · QS latam 2026, puntaje normalizado",KAI/QS/DatosQS/QS LATAM/2026 QS Latam Rankings Results v1.2 (For qs.com)_2.xlsx,2026-09-25T04:18:50+00:00,archivo del repositorio
qs,Universidad Autonoma de Chile,2026,,qs_puntaje_global_latam,43.3,puntaje 0-100,"Puntaje global de la edición · QS latam 2026, puntaje normalizado",KAI/QS/DatosQS/QS LATAM/2026 QS Latam Rankings Results v1.2 (For qs.com)_2.xlsx,2026-09-25T04:18:50+00:00,archivo del repositorio
qs,Universidad Catolica del Norte,2026,,qs_puntaje_reputacion_academica_latam,27.1,puntaje 0-100,"Encuesta de reputación académica · QS latam 2026, puntaje normalizado",KAI/QS/DatosQS/QS LATAM/2026 QS Latam Rankings Results v1.2 (For qs.com)_2.xlsx,2026-09-25T04:18:50+00:00,archivo del repositorio
qs,Universidad Catolica del Norte,2026,,qs_puntaje_reputacion_empleadores_latam,23.0,puntaje 0-100,"Encuesta de reputación entre empleadores · QS latam 2026, puntaje normalizado",KAI/QS/DatosQS/QS LATAM/2026 QS Latam Rankings Results v1.2 (For qs.com)_2.xlsx,2026-09-25T04:18:50+00:00,archivo del repositorio
qs,Universidad Catolica del Norte,2026,,qs_puntaje_ratio_academicos_latam,24.7,puntaje 0-100,"Razón de académicos por estudiante · QS latam 2026, puntaje normalizado",KAI/QS/DatosQS/QS LATAM/2026 QS Latam Rankings Results v1.2 (For qs.com)_2.xlsx,2026-09-25T04:18:50+00:00,archivo del repositorio
qs,Universidad Catolica del Norte,2026,,qs_puntaje_red_internacional_latam,93.5,puntaje 0-100,"Red internacional de investigación · QS latam 2026, puntaje normalizado",KAI/QS/DatosQS/QS LATAM/2026 QS Latam Rankings Results v1.2 (For qs.com)_2.xlsx,2026-09-25T04:18:50+00:00,archivo del repositorio
qs,Universidad Catolica del Norte,2026,,qs_puntaje_citas_por_articulo_latam,63.9,puntaje 0-100,"Citas por artículo · QS latam 2026, puntaje normalizado",KAI/QS/DatosQS/QS LATAM/2026 QS Latam Rankings Results v1.2 (For qs.com)_2.xlsx,2026-09-25T04:18:50+00:00,archivo del repositorio
qs,Universidad Catolica del Norte,2026,,qs_puntaje_articulos_por_academico_latam,87.1,puntaje 0-100,"Artículos por académico · QS latam 2026, puntaje normalizado",KAI/QS/DatosQS/QS LATAM/2026 QS Latam Rankings Results v1.2 (For qs.com)_2.xlsx,2026-09-25T04:18:50+00:00,archivo del repositorio
qs,Universidad Catolica del Norte,2026,,qs_puntaje_academicos_con_doctorado_latam,32.8,puntaje 0-100,"Proporción de académicos con doctorado · QS latam 2026, puntaje normalizado",KAI/QS/DatosQS/QS LATAM/2026 QS Latam Rankings Results v1.2 (For qs.com)_2.xlsx,2026-09-25T04:18:50+00:00,archivo del repositorio
qs,Universidad Catolica del Norte,2026,,qs_puntaje_impacto_web_latam,47.0,puntaje 0-100,"Impacto web, derivado de Webometrics · QS latam 2026, puntaje normalizado",KAI/QS/DatosQS/QS LATAM/2026 QS Latam Rankings Results v1.2 (For qs.com)_2.xlsx,2026-09-25T04:18:50+00:00,archivo del repositorio
qs,Universidad Catolica del Norte,2026,,qs_puntaje_global_latam,43.0,puntaje 0-100,"Puntaje global de la edición · QS latam 2026, puntaje normalizado",KAI/QS/DatosQS/QS LATAM/2026 QS Latam Rankings Results v1.2 (For qs.com)_2.xlsx,2026-09-25T04:18:50+00:00,archivo del repositorio
qs,Universidad de Tarapaca,2026,,qs_puntaje_reputacion_academica_latam,21.5,puntaje 0-100,"Encuesta de reputación académica · QS latam 2026, puntaje normalizado",KAI/QS/DatosQS/QS LATAM/2026 QS Latam Rankings Results v1.2 (For qs.com)_2.xlsx,2026-09-25T04:18:50+00:00,archivo del repositorio
qs,Universidad de Tarapaca,2026,,qs_puntaje_reputacion_empleadores_latam,9.1,puntaje 0-100,"Encuesta de reputación entre empleadores · QS latam 2026, puntaje normalizado",KAI/QS/DatosQS/QS LATAM/2026 QS Latam Rankings Results v1.2 (For qs.com)_2.xlsx,2026-09-25T04:18:50+00:00,archivo del repositorio
qs,Universidad de Tarapaca,2026,,qs_puntaje_ratio_academicos_latam,9.7,puntaje 0-100,"Razón de académicos por estudiante · QS latam 2026, puntaje normalizado",KAI/QS/DatosQS/QS LATAM/2026 QS Latam Rankings Results v1.2 (For qs.com)_2.xlsx,2026-09-25T04:18:50+00:00,archivo del repositorio
qs,Universidad de Tarapaca,2026,,qs_puntaje_red_internacional_latam,95.4,puntaje 0-100,"Red internacional de investigación · QS latam 2026, puntaje normalizado",KAI/QS/DatosQS/QS LATAM/2026 QS Latam Rankings Results v1.2 (For qs.com)_2.xlsx,2026-09-25T04:18:50+00:00,archivo del repositorio
qs,Universidad de Tarapaca,2026,,qs_puntaje_citas_por_articulo_latam,92.3,puntaje 0-100,"Citas por artículo · QS latam 2026, puntaje normalizado",KAI/QS/DatosQS/QS LATAM/2026 QS Latam Rankings Results v1.2 (For qs.com)_2.xlsx,2026-09-25T04:18:50+00:00,archivo del repositorio
qs,Universidad de Tarapaca,2026,,qs_puntaje_articulos_por_academico_latam,99.8,puntaje 0-100,"Artículos por académico · QS latam 2026, puntaje normalizado",KAI/QS/DatosQS/QS LATAM/2026 QS Latam Rankings Results v1.2 (For qs.com)_2.xlsx,2026-09-25T04:18:50+00:00,archivo del repositorio
qs,Universidad de Tarapaca,2026,,qs_puntaje_academicos_con_doctorado_latam,40.2,puntaje 0-100,"Proporción de académicos con doctorado · QS latam 2026, puntaje normalizado",KAI/QS/DatosQS/QS LATAM/2026 QS Latam Rankings Results v1.2 (For qs.com)_2.xlsx,2026-09-25T04:18:50+00:00,archivo del repositorio
qs,Universidad de Tarapaca,2026,,qs_puntaje_impacto_web_latam,29.9,puntaje 0-100,"Impacto web, derivado de Webometrics · QS latam 2026, puntaje normalizado",KAI/QS/DatosQS/QS LATAM/2026 QS Latam Rankings Results v1.2 (For qs.com)_2.xlsx,2026-09-25T04:18:50+00:00,archivo del repositorio
qs,Universidad de Tarapaca,2026,,qs_puntaje_global_latam,40.4,puntaje 0-100,"Puntaje global de la edición · QS latam 2026, puntaje normalizado",KAI/QS/DatosQS/QS LATAM/2026 QS Latam Rankings Results v1.2 (For qs.com)_2.xlsx,2026-09-25T04:18:50+00:00,archivo del repositorio
qs,Universidad Alberto Hurtado,2026,,qs_puntaje_reputacion_academica_latam,44.6,puntaje 0-100,"Encuesta de reputación académica · QS latam 2026, puntaje normalizado",KAI/QS/DatosQS/QS LATAM/2026 QS Latam Rankings Results v1.2 (For qs.com)_2.xlsx,2026-09-25T04:18:50+00:00,archivo del repositorio
qs,Universidad Alberto Hurtado,2026,,qs_puntaje_reputacion_empleadores_latam,36.5,puntaje 0-100,"Encuesta de reputación entre empleadores · QS latam 2026, puntaje normalizado",KAI/QS/DatosQS/QS LATAM/2026 QS Latam Rankings Results v1.2 (For qs.com)_2.xlsx,2026-09-25T04:18:50+00:00,archivo del repositorio
qs,Universidad Alberto Hurtado,2026,,qs_puntaje_ratio_academicos_latam,9.6,puntaje 0-100,"Razón de académicos por estudiante · QS latam 2026, puntaje normalizado",KAI/QS/DatosQS/QS LATAM/2026 QS Latam Rankings Results v1.2 (For qs.com)_2.xlsx,2026-09-25T04:18:50+00:00,archivo del repositorio
qs,Universidad Alberto Hurtado,2026,,qs_puntaje_red_internacional_latam,20.3,puntaje 0-100,"Red internacional de investigación · QS latam 2026, puntaje normalizado",KAI/QS/DatosQS/QS LATAM/2026 QS Latam Rankings Results v1.2 (For qs.com)_2.xlsx,2026-09-25T04:18:50+00:00,archivo del repositorio
qs,Universidad Alberto Hurtado,2026,,qs_puntaje_citas_por_articulo_latam,7.9,puntaje 0-100,"Citas por artículo · QS latam 2026, puntaje normalizado",KAI/QS/DatosQS/QS LATAM/2026 QS Latam Rankings Results v1.2 (For qs.com)_2.xlsx,2026-09-25T04:18:50+00:00,archivo del repositorio
qs,Universidad Alberto Hurtado,2026,,qs_puntaje_articulos_por_academico_latam,91.8,puntaje 0-100,"Artículos por académico · QS latam 2026, puntaje normalizado",KAI/QS/DatosQS/QS LATAM/2026 QS Latam Rankings Results v1.2 (For qs.com)_2.xlsx,2026-09-25T04:18:50+00:00,archivo del repositorio
qs,Universidad Alberto Hurtado,2026,,qs_puntaje_academicos_con_doctorado_latam,59.3,puntaje 0-100,"Proporción de académicos con doctorado · QS latam 2026, puntaje normalizado",KAI/QS/DatosQS/QS LATAM/2026 QS Latam Rankings Results v1.2 (For qs.com)_2.xlsx,2026-09-25T04:18:50+00:00,archivo del repositorio
qs,Universidad Alberto Hurtado,2026,,qs_puntaje_impacto_web_latam,27.4,puntaje 0-100,"Impacto web, derivado de Webometrics · QS latam 2026, puntaje normalizado",KAI/QS/DatosQS/QS LATAM/2026 QS Latam Rankings Results v1.2 (For qs.com)_2.xlsx,2026-09-25T04:18:50+00:00,archivo del repositorio
qs,Universidad Alberto Hurtado,2026,,qs_puntaje_global_latam,38.1,puntaje 0-100,"Puntaje global de la edición · QS latam 2026, puntaje normalizado",KAI/QS/DatosQS/QS LATAM/2026 QS Latam Rankings Results v1.2 (For qs.com)_2.xlsx,2026-09-25T04:18:50+00:00,archivo del repositorio
qs,Universidad de La Serena,2026,,qs_puntaje_reputacion_academica_latam,27.6,puntaje 0-100,"Encuesta de reputación académica · QS latam 2026, puntaje normalizado",KAI/QS/DatosQS/QS LATAM/2026 QS Latam Rankings Results v1.2 (For qs.com)_2.xlsx,2026-09-25T04:18:50+00:00,archivo del repositorio
qs,Universidad de La Serena,2026,,qs_puntaje_reputacion_empleadores_latam,16.7,puntaje 0-100,"Encuesta de reputación entre empleadores · QS latam 2026, puntaje normalizado",KAI/QS/DatosQS/QS LATAM/2026 QS Latam Rankings Results v1.2 (For qs.com)_2.xlsx,2026-09-25T04:18:50+00:00,archivo del repositorio
qs,Universidad de La Serena,2026,,qs_puntaje_ratio_academicos_latam,9.9,puntaje 0-100,"Razón de académicos por estudiante · QS latam 2026, puntaje normalizado",KAI/QS/DatosQS/QS LATAM/2026 QS Latam Rankings Results v1.2 (For qs.com)_2.xlsx,2026-09-25T04:18:50+00:00,archivo del repositorio
qs,Universidad de La Serena,2026,,qs_puntaje_red_internacional_latam,58.3,puntaje 0-100,"Red internacional de investigación · QS latam 2026, puntaje normalizado",KAI/QS/DatosQS/QS LATAM/2026 QS Latam Rankings Results v1.2 (For qs.com)_2.xlsx,2026-09-25T04:18:50+00:00,archivo del repositorio
qs,Universidad de La Serena,2026,,qs_puntaje_citas_por_articulo_latam,83.5,puntaje 0-100,"Citas por artículo · QS latam 2026, puntaje normalizado",KAI/QS/DatosQS/QS LATAM/2026 QS Latam Rankings Results v1.2 (For qs.com)_2.xlsx,2026-09-25T04:18:50+00:00,archivo del repositorio
qs,Universidad de La Serena,2026,,qs_puntaje_articulos_por_academico_latam,74.9,puntaje 0-100,"Artículos por académico · QS latam 2026, puntaje normalizado",KAI/QS/DatosQS/QS LATAM/2026 QS Latam Rankings Results v1.2 (For qs.com)_2.xlsx,2026-09-25T04:18:50+00:00,archivo del repositorio
qs,Universidad de La Serena,2026,,qs_puntaje_academicos_con_doctorado_latam,31.1,puntaje 0-100,"Proporción de académicos con doctorado · QS latam 2026, puntaje normalizado",KAI/QS/DatosQS/QS LATAM/2026 QS Latam Rankings Results v1.2 (For qs.com)_2.xlsx,2026-09-25T04:18:50+00:00,archivo del repositorio
qs,Universidad de La Serena,2026,,qs_puntaje_impacto_web_latam,21.1,puntaje 0-100,"Impacto web, derivado de Webometrics · QS latam 2026, puntaje normalizado",KAI/QS/DatosQS/QS LATAM/2026 QS Latam Rankings Results v1.2 (For qs.com)_2.xlsx,2026-09-25T04:18:50+00:00,archivo del repositorio
qs,Universidad de La Serena,2026,,qs_puntaje_global_latam,36.3,puntaje 0-100,"Puntaje global de la edición · QS latam 2026, puntaje normalizado",KAI/QS/DatosQS/QS LATAM/2026 QS Latam Rankings Results v1.2 (For qs.com)_2.xlsx,2026-09-25T04:18:50+00:00,archivo del repositorio
qs,Universidad de Antofagasta,2026,,qs_puntaje_reputacion_academica_latam,22.6,puntaje 0-100,"Encuesta de reputación académica · QS latam 2026, puntaje normalizado",KAI/QS/DatosQS/QS LATAM/2026 QS Latam Rankings Results v1.2 (For qs.com)_2.xlsx,2026-09-25T04:18:50+00:00,archivo del repositorio
qs,Universidad de Antofagasta,2026,,qs_puntaje_reputacion_empleadores_latam,12.3,puntaje 0-100,"Encuesta de reputación entre empleadores · QS latam 2026, puntaje normalizado",KAI/QS/DatosQS/QS LATAM/2026 QS Latam Rankings Results v1.2 (For qs.com)_2.xlsx,2026-09-25T04:18:50+00:00,archivo del repositorio
qs,Universidad de Antofagasta,2026,,qs_puntaje_ratio_academicos_latam,24.8,puntaje 0-100,"Razón de académicos por estudiante · QS latam 2026, puntaje normalizado",KAI/QS/DatosQS/QS LATAM/2026 QS Latam Rankings Results v1.2 (For qs.com)_2.xlsx,2026-09-25T04:18:50+00:00,archivo del repositorio
qs,Universidad de Antofagasta,2026,,qs_puntaje_red_internacional_latam,75.9,puntaje 0-100,"Red internacional de investigación · QS latam 2026, puntaje normalizado",KAI/QS/DatosQS/QS LATAM/2026 QS Latam Rankings Results v1.2 (For qs.com)_2.xlsx,2026-09-25T04:18:50+00:00,archivo del repositorio
qs,Universidad de Antofagasta,2026,,qs_puntaje_citas_por_articulo_latam,92.1,puntaje 0-100,"Citas por artículo · QS latam 2026, puntaje normalizado",KAI/QS/DatosQS/QS LATAM/2026 QS Latam Rankings Results v1.2 (For qs.com)_2.xlsx,2026-09-25T04:18:50+00:00,archivo del repositorio
qs,Universidad de Antofagasta,2026,,qs_puntaje_articulos_por_academico_latam,56.1,puntaje 0-100,"Artículos por académico · QS latam 2026, puntaje normalizado",KAI/QS/DatosQS/QS LATAM/2026 QS Latam Rankings Results v1.2 (For qs.com)_2.xlsx,2026-09-25T04:18:50+00:00,archivo del repositorio
qs,Universidad de Antofagasta,2026,,qs_puntaje_academicos_con_doctorado_latam,22.7,puntaje 0-100,"Proporción de académicos con doctorado · QS latam 2026, puntaje normalizado",KAI/QS/DatosQS/QS LATAM/2026 QS Latam Rankings Results v1.2 (For qs.com)_2.xlsx,2026-09-25T04:18:50+00:00,archivo del repositorio
qs,Universidad de Antofagasta,2026,,qs_puntaje_impacto_web_latam,20.8,puntaje 0-100,"Impacto web, derivado de Webometrics · QS latam 2026, puntaje normalizado",KAI/QS/DatosQS/QS LATAM/2026 QS Latam Rankings Results v1.2 (For qs.com)_2.xlsx,2026-09-25T04:18:50+00:00,archivo del repositorio
qs,Universidad de Antofagasta,2026,,qs_puntaje_global_latam,36.2,puntaje 0-100,"Puntaje global de la edición · QS latam 2026, puntaje normalizado",KAI/QS/DatosQS/QS LATAM/2026 QS Latam Rankings Results v1.2 (For qs.com)_2.xlsx,2026-09-25T04:18:50+00:00,archivo del repositorio
qs,Universidad Catolica de la Santisima Concepcion,2026,,qs_puntaje_reputacion_academica_latam,24.0,puntaje 0-100,"Encuesta de reputación académica · QS latam 2026, puntaje normalizado",KAI/QS/DatosQS/QS LATAM/2026 QS Latam Rankings Results v1.2 (For qs.com)_2.xlsx,2026-09-25T04:18:50+00:00,archivo del repositorio
qs,Universidad Catolica de la Santisima Concepcion,2026,,qs_puntaje_reputacion_empleadores_latam,17.5,puntaje 0-100,"Encuesta de reputación entre empleadores · QS latam 2026, puntaje normalizado",KAI/QS/DatosQS/QS LATAM/2026 QS Latam Rankings Results v1.2 (For qs.com)_2.xlsx,2026-09-25T04:18:50+00:00,archivo del repositorio
qs,Universidad Catolica de la Santisima Concepcion,2026,,qs_puntaje_ratio_academicos_latam,22.2,puntaje 0-100,"Razón de académicos por estudiante · QS latam 2026, puntaje normalizado",KAI/QS/DatosQS/QS LATAM/2026 QS Latam Rankings Results v1.2 (For qs.com)_2.xlsx,2026-09-25T04:18:50+00:00,archivo del repositorio
qs,Universidad Catolica de la Santisima Concepcion,2026,,qs_puntaje_red_internacional_latam,86.0,puntaje 0-100,"Red internacional de investigación · QS latam 2026, puntaje normalizado",KAI/QS/DatosQS/QS LATAM/2026 QS Latam Rankings Results v1.2 (For qs.com)_2.xlsx,2026-09-25T04:18:50+00:00,archivo del repositorio
qs,Universidad Catolica de la Santisima Concepcion,2026,,qs_puntaje_citas_por_articulo_latam,43.1,puntaje 0-100,"Citas por artículo · QS latam 2026, puntaje normalizado",KAI/QS/DatosQS/QS LATAM/2026 QS Latam Rankings Results v1.2 (For qs.com)_2.xlsx,2026-09-25T04:18:50+00:00,archivo del repositorio
qs,Universidad Catolica de la Santisima Concepcion,2026,,qs_puntaje_articulos_por_academico_latam,73.5,puntaje 0-100,"Artículos por académico · QS latam 2026, puntaje normalizado",KAI/QS/DatosQS/QS LATAM/2026 QS Latam Rankings Results v1.2 (For qs.com)_2.xlsx,2026-09-25T04:18:50+00:00,archivo del repositorio
qs,Universidad Catolica de la Santisima Concepcion,2026,,qs_puntaje_academicos_con_doctorado_latam,31.3,puntaje 0-100,"Proporción de académicos con doctorado · QS latam 2026, puntaje normalizado",KAI/QS/DatosQS/QS LATAM/2026 QS Latam Rankings Results v1.2 (For qs.com)_2.xlsx,2026-09-25T04:18:50+00:00,archivo del repositorio
qs,Universidad Catolica de la Santisima Concepcion,2026,,qs_puntaje_impacto_web_latam,24.8,puntaje 0-100,"Impacto web, derivado de Webometrics · QS latam 2026, puntaje normalizado",KAI/QS/DatosQS/QS LATAM/2026 QS Latam Rankings Results v1.2 (For qs.com)_2.xlsx,2026-09-25T04:18:50+00:00,archivo del repositorio
qs,Universidad de Magallanes,2026,,qs_puntaje_reputacion_academica_latam,13.3,puntaje 0-100,"Encuesta de reputación académica · QS latam 2026, puntaje normalizado",KAI/QS/DatosQS/QS LATAM/2026 QS Latam Rankings Results v1.2 (For qs.com)_2.xlsx,2026-09-25T04:18:50+00:00,archivo del repositorio
qs,Universidad de Magallanes,2026,,qs_puntaje_reputacion_empleadores_latam,10.1,puntaje 0-100,"Encuesta de reputación entre empleadores · QS latam 2026, puntaje normalizado",KAI/QS/DatosQS/QS LATAM/2026 QS Latam Rankings Results v1.2 (For qs.com)_2.xlsx,2026-09-25T04:18:50+00:00,archivo del repositorio
qs,Universidad de Magallanes,2026,,qs_puntaje_ratio_academicos_latam,55.0,puntaje 0-100,"Razón de académicos por estudiante · QS latam 2026, puntaje normalizado",KAI/QS/DatosQS/QS LATAM/2026 QS Latam Rankings Results v1.2 (For qs.com)_2.xlsx,2026-09-25T04:18:50+00:00,archivo del repositorio
qs,Universidad de Magallanes,2026,,qs_puntaje_red_internacional_latam,65.3,puntaje 0-100,"Red internacional de investigación · QS latam 2026, puntaje normalizado",KAI/QS/DatosQS/QS LATAM/2026 QS Latam Rankings Results v1.2 (For qs.com)_2.xlsx,2026-09-25T04:18:50+00:00,archivo del repositorio
qs,Universidad de Magallanes,2026,,qs_puntaje_citas_por_articulo_latam,99.0,puntaje 0-100,"Citas por artículo · QS latam 2026, puntaje normalizado",KAI/QS/DatosQS/QS LATAM/2026 QS Latam Rankings Results v1.2 (For qs.com)_2.xlsx,2026-09-25T04:18:50+00:00,archivo del repositorio
qs,Universidad de Magallanes,2026,,qs_puntaje_articulos_por_academico_latam,49.9,puntaje 0-100,"Artículos por académico · QS latam 2026, puntaje normalizado",KAI/QS/DatosQS/QS LATAM/2026 QS Latam Rankings Results v1.2 (For qs.com)_2.xlsx,2026-09-25T04:18:50+00:00,archivo del repositorio
qs,Universidad de Magallanes,2026,,qs_puntaje_academicos_con_doctorado_latam,8.6,puntaje 0-100,"Proporción de académicos con doctorado · QS latam 2026, puntaje normalizado",KAI/QS/DatosQS/QS LATAM/2026 QS Latam Rankings Results v1.2 (For qs.com)_2.xlsx,2026-09-25T04:18:50+00:00,archivo del repositorio
qs,Universidad de Magallanes,2026,,qs_puntaje_impacto_web_latam,19.4,puntaje 0-100,"Impacto web, derivado de Webometrics · QS latam 2026, puntaje normalizado",KAI/QS/DatosQS/QS LATAM/2026 QS Latam Rankings Results v1.2 (For qs.com)_2.xlsx,2026-09-25T04:18:50+00:00,archivo del repositorio
qs,Universidad Bernardo O'Higgins,2026,,qs_puntaje_reputacion_academica_latam,24.8,puntaje 0-100,"Encuesta de reputación académica · QS latam 2026, puntaje normalizado",KAI/QS/DatosQS/QS LATAM/2026 QS Latam Rankings Results v1.2 (For qs.com)_2.xlsx,2026-09-25T04:18:50+00:00,archivo del repositorio
qs,Universidad Bernardo O'Higgins,2026,,qs_puntaje_reputacion_empleadores_latam,38.1,puntaje 0-100,"Encuesta de reputación entre empleadores · QS latam 2026, puntaje normalizado",KAI/QS/DatosQS/QS LATAM/2026 QS Latam Rankings Results v1.2 (For qs.com)_2.xlsx,2026-09-25T04:18:50+00:00,archivo del repositorio
qs,Universidad Bernardo O'Higgins,2026,,qs_puntaje_ratio_academicos_latam,26.8,puntaje 0-100,"Razón de académicos por estudiante · QS latam 2026, puntaje normalizado",KAI/QS/DatosQS/QS LATAM/2026 QS Latam Rankings Results v1.2 (For qs.com)_2.xlsx,2026-09-25T04:18:50+00:00,archivo del repositorio
qs,Universidad Bernardo O'Higgins,2026,,qs_puntaje_red_internacional_latam,59.2,puntaje 0-100,"Red internacional de investigación · QS latam 2026, puntaje normalizado",KAI/QS/DatosQS/QS LATAM/2026 QS Latam Rankings Results v1.2 (For qs.com)_2.xlsx,2026-09-25T04:18:50+00:00,archivo del repositorio
qs,Universidad Bernardo O'Higgins,2026,,qs_puntaje_citas_por_articulo_latam,12.3,puntaje 0-100,"Citas por artículo · QS latam 2026, puntaje normalizado",KAI/QS/DatosQS/QS LATAM/2026 QS Latam Rankings Results v1.2 (For qs.com)_2.xlsx,2026-09-25T04:18:50+00:00,archivo del repositorio
qs,Universidad Bernardo O'Higgins,2026,,qs_puntaje_articulos_por_academico_latam,63.2,puntaje 0-100,"Artículos por académico · QS latam 2026, puntaje normalizado",KAI/QS/DatosQS/QS LATAM/2026 QS Latam Rankings Results v1.2 (For qs.com)_2.xlsx,2026-09-25T04:18:50+00:00,archivo del repositorio
qs,Universidad Bernardo O'Higgins,2026,,qs_puntaje_academicos_con_doctorado_latam,29.9,puntaje 0-100,"Proporción de académicos con doctorado · QS latam 2026, puntaje normalizado",KAI/QS/DatosQS/QS LATAM/2026 QS Latam Rankings Results v1.2 (For qs.com)_2.xlsx,2026-09-25T04:18:50+00:00,archivo del repositorio
qs,Universidad Bernardo O'Higgins,2026,,qs_puntaje_impacto_web_latam,13.9,puntaje 0-100,"Impacto web, derivado de Webometrics · QS latam 2026, puntaje normalizado",KAI/QS/DatosQS/QS LATAM/2026 QS Latam Rankings Results v1.2 (For qs.com)_2.xlsx,2026-09-25T04:18:50+00:00,archivo del repositorio
qs,Universidad Catolica de Temuco,2026,,qs_puntaje_reputacion_academica_latam,25.9,puntaje 0-100,"Encuesta de reputación académica · QS latam 2026, puntaje normalizado",KAI/QS/DatosQS/QS LATAM/2026 QS Latam Rankings Results v1.2 (For qs.com)_2.xlsx,2026-09-25T04:18:50+00:00,archivo del repositorio
qs,Universidad Catolica de Temuco,2026,,qs_puntaje_reputacion_empleadores_latam,11.2,puntaje 0-100,"Encuesta de reputación entre empleadores · QS latam 2026, puntaje normalizado",KAI/QS/DatosQS/QS LATAM/2026 QS Latam Rankings Results v1.2 (For qs.com)_2.xlsx,2026-09-25T04:18:50+00:00,archivo del repositorio
qs,Universidad Catolica de Temuco,2026,,qs_puntaje_ratio_academicos_latam,5.8,puntaje 0-100,"Razón de académicos por estudiante · QS latam 2026, puntaje normalizado",KAI/QS/DatosQS/QS LATAM/2026 QS Latam Rankings Results v1.2 (For qs.com)_2.xlsx,2026-09-25T04:18:50+00:00,archivo del repositorio
qs,Universidad Catolica de Temuco,2026,,qs_puntaje_red_internacional_latam,71.8,puntaje 0-100,"Red internacional de investigación · QS latam 2026, puntaje normalizado",KAI/QS/DatosQS/QS LATAM/2026 QS Latam Rankings Results v1.2 (For qs.com)_2.xlsx,2026-09-25T04:18:50+00:00,archivo del repositorio
qs,Universidad Catolica de Temuco,2026,,qs_puntaje_citas_por_articulo_latam,10.5,puntaje 0-100,"Citas por artículo · QS latam 2026, puntaje normalizado",KAI/QS/DatosQS/QS LATAM/2026 QS Latam Rankings Results v1.2 (For qs.com)_2.xlsx,2026-09-25T04:18:50+00:00,archivo del repositorio
qs,Universidad Catolica de Temuco,2026,,qs_puntaje_articulos_por_academico_latam,99.8,puntaje 0-100,"Artículos por académico · QS latam 2026, puntaje normalizado",KAI/QS/DatosQS/QS LATAM/2026 QS Latam Rankings Results v1.2 (For qs.com)_2.xlsx,2026-09-25T04:18:50+00:00,archivo del repositorio
qs,Universidad Catolica de Temuco,2026,,qs_puntaje_academicos_con_doctorado_latam,63.7,puntaje 0-100,"Proporción de académicos con doctorado · QS latam 2026, puntaje normalizado",KAI/QS/DatosQS/QS LATAM/2026 QS Latam Rankings Results v1.2 (For qs.com)_2.xlsx,2026-09-25T04:18:50+00:00,archivo del repositorio
qs,Universidad Catolica de Temuco,2026,,qs_puntaje_impacto_web_latam,26.3,puntaje 0-100,"Impacto web, derivado de Webometrics · QS latam 2026, puntaje normalizado",KAI/QS/DatosQS/QS LATAM/2026 QS Latam Rankings Results v1.2 (For qs.com)_2.xlsx,2026-09-25T04:18:50+00:00,archivo del repositorio
qs,Universidad Mayor,2026,,qs_puntaje_reputacion_academica_latam,15.2,puntaje 0-100,"Encuesta de reputación académica · QS latam 2026, puntaje normalizado",KAI/QS/DatosQS/QS LATAM/2026 QS Latam Rankings Results v1.2 (For qs.com)_2.xlsx,2026-09-25T04:18:50+00:00,archivo del repositorio
qs,Universidad Mayor,2026,,qs_puntaje_reputacion_empleadores_latam,23.1,puntaje 0-100,"Encuesta de reputación entre empleadores · QS latam 2026, puntaje normalizado",KAI/QS/DatosQS/QS LATAM/2026 QS Latam Rankings Results v1.2 (For qs.com)_2.xlsx,2026-09-25T04:18:50+00:00,archivo del repositorio
qs,Universidad Mayor,2026,,qs_puntaje_ratio_academicos_latam,11.0,puntaje 0-100,"Razón de académicos por estudiante · QS latam 2026, puntaje normalizado",KAI/QS/DatosQS/QS LATAM/2026 QS Latam Rankings Results v1.2 (For qs.com)_2.xlsx,2026-09-25T04:18:50+00:00,archivo del repositorio
qs,Universidad Mayor,2026,,qs_puntaje_red_internacional_latam,77.3,puntaje 0-100,"Red internacional de investigación · QS latam 2026, puntaje normalizado",KAI/QS/DatosQS/QS LATAM/2026 QS Latam Rankings Results v1.2 (For qs.com)_2.xlsx,2026-09-25T04:18:50+00:00,archivo del repositorio
qs,Universidad Mayor,2026,,qs_puntaje_citas_por_articulo_latam,91.2,puntaje 0-100,"Citas por artículo · QS latam 2026, puntaje normalizado",KAI/QS/DatosQS/QS LATAM/2026 QS Latam Rankings Results v1.2 (For qs.com)_2.xlsx,2026-09-25T04:18:50+00:00,archivo del repositorio
qs,Universidad Mayor,2026,,qs_puntaje_articulos_por_academico_latam,33.5,puntaje 0-100,"Artículos por académico · QS latam 2026, puntaje normalizado",KAI/QS/DatosQS/QS LATAM/2026 QS Latam Rankings Results v1.2 (For qs.com)_2.xlsx,2026-09-25T04:18:50+00:00,archivo del repositorio
qs,Universidad Mayor,2026,,qs_puntaje_academicos_con_doctorado_latam,16.2,puntaje 0-100,"Proporción de académicos con doctorado · QS latam 2026, puntaje normalizado",KAI/QS/DatosQS/QS LATAM/2026 QS Latam Rankings Results v1.2 (For qs.com)_2.xlsx,2026-09-25T04:18:50+00:00,archivo del repositorio
qs,Universidad Mayor,2026,,qs_puntaje_impacto_web_latam,27.3,puntaje 0-100,"Impacto web, derivado de Webometrics · QS latam 2026, puntaje normalizado",KAI/QS/DatosQS/QS LATAM/2026 QS Latam Rankings Results v1.2 (For qs.com)_2.xlsx,2026-09-25T04:18:50+00:00,archivo del repositorio
qs,Universidad San Sebastian,2026,,qs_puntaje_reputacion_academica_latam,16.0,puntaje 0-100,"Encuesta de reputación académica · QS latam 2026, puntaje normalizado",KAI/QS/DatosQS/QS LATAM/2026 QS Latam Rankings Results v1.2 (For qs.com)_2.xlsx,2026-09-25T04:18:50+00:00,archivo del repositorio
qs,Universidad San Sebastian,2026,,qs_puntaje_reputacion_empleadores_latam,26.2,puntaje 0-100,"Encuesta de reputación entre empleadores · QS latam 2026, puntaje normalizado",KAI/QS/DatosQS/QS LATAM/2026 QS Latam Rankings Results v1.2 (For qs.com)_2.xlsx,2026-09-25T04:18:50+00:00,archivo del repositorio
qs,Universidad San Sebastian,2026,,qs_puntaje_ratio_academicos_latam,52.2,puntaje 0-100,"Razón de académicos por estudiante · QS latam 2026, puntaje normalizado",KAI/QS/DatosQS/QS LATAM/2026 QS Latam Rankings Results v1.2 (For qs.com)_2.xlsx,2026-09-25T04:18:50+00:00,archivo del repositorio
qs,Universidad San Sebastian,2026,,qs_puntaje_red_internacional_latam,91.5,puntaje 0-100,"Red internacional de investigación · QS latam 2026, puntaje normalizado",KAI/QS/DatosQS/QS LATAM/2026 QS Latam Rankings Results v1.2 (For qs.com)_2.xlsx,2026-09-25T04:18:50+00:00,archivo del repositorio
qs,Universidad San Sebastian,2026,,qs_puntaje_citas_por_articulo_latam,38.4,puntaje 0-100,"Citas por artículo · QS latam 2026, puntaje normalizado",KAI/QS/DatosQS/QS LATAM/2026 QS Latam Rankings Results v1.2 (For qs.com)_2.xlsx,2026-09-25T04:18:50+00:00,archivo del repositorio
qs,Universidad San Sebastian,2026,,qs_puntaje_articulos_por_academico_latam,21.8,puntaje 0-100,"Artículos por académico · QS latam 2026, puntaje normalizado",KAI/QS/DatosQS/QS LATAM/2026 QS Latam Rankings Results v1.2 (For qs.com)_2.xlsx,2026-09-25T04:18:50+00:00,archivo del repositorio
qs,Universidad San Sebastian,2026,,qs_puntaje_academicos_con_doctorado_latam,4.9,puntaje 0-100,"Proporción de académicos con doctorado · QS latam 2026, puntaje normalizado",KAI/QS/DatosQS/QS LATAM/2026 QS Latam Rankings Results v1.2 (For qs.com)_2.xlsx,2026-09-25T04:18:50+00:00,archivo del repositorio
qs,Universidad San Sebastian,2026,,qs_puntaje_impacto_web_latam,36.4,puntaje 0-100,"Impacto web, derivado de Webometrics · QS latam 2026, puntaje normalizado",KAI/QS/DatosQS/QS LATAM/2026 QS Latam Rankings Results v1.2 (For qs.com)_2.xlsx,2026-09-25T04:18:50+00:00,archivo del repositorio
qs,Universidad Catolica del Maule,2026,,qs_puntaje_reputacion_academica_latam,15.5,puntaje 0-100,"Encuesta de reputación académica · QS latam 2026, puntaje normalizado",KAI/QS/DatosQS/QS LATAM/2026 QS Latam Rankings Results v1.2 (For qs.com)_2.xlsx,2026-09-25T04:18:50+00:00,archivo del repositorio
qs,Universidad Catolica del Maule,2026,,qs_puntaje_reputacion_empleadores_latam,11.6,puntaje 0-100,"Encuesta de reputación entre empleadores · QS latam 2026, puntaje normalizado",KAI/QS/DatosQS/QS LATAM/2026 QS Latam Rankings Results v1.2 (For qs.com)_2.xlsx,2026-09-25T04:18:50+00:00,archivo del repositorio
qs,Universidad Catolica del Maule,2026,,qs_puntaje_ratio_academicos_latam,27.6,puntaje 0-100,"Razón de académicos por estudiante · QS latam 2026, puntaje normalizado",KAI/QS/DatosQS/QS LATAM/2026 QS Latam Rankings Results v1.2 (For qs.com)_2.xlsx,2026-09-25T04:18:50+00:00,archivo del repositorio
qs,Universidad Catolica del Maule,2026,,qs_puntaje_red_internacional_latam,88.6,puntaje 0-100,"Red internacional de investigación · QS latam 2026, puntaje normalizado",KAI/QS/DatosQS/QS LATAM/2026 QS Latam Rankings Results v1.2 (For qs.com)_2.xlsx,2026-09-25T04:18:50+00:00,archivo del repositorio
qs,Universidad Catolica del Maule,2026,,qs_puntaje_citas_por_articulo_latam,21.0,puntaje 0-100,"Citas por artículo · QS latam 2026, puntaje normalizado",KAI/QS/DatosQS/QS LATAM/2026 QS Latam Rankings Results v1.2 (For qs.com)_2.xlsx,2026-09-25T04:18:50+00:00,archivo del repositorio
qs,Universidad Catolica del Maule,2026,,qs_puntaje_articulos_por_academico_latam,65.2,puntaje 0-100,"Artículos por académico · QS latam 2026, puntaje normalizado",KAI/QS/DatosQS/QS LATAM/2026 QS Latam Rankings Results v1.2 (For qs.com)_2.xlsx,2026-09-25T04:18:50+00:00,archivo del repositorio
qs,Universidad Catolica del Maule,2026,,qs_puntaje_academicos_con_doctorado_latam,25.0,puntaje 0-100,"Proporción de académicos con doctorado · QS latam 2026, puntaje normalizado",KAI/QS/DatosQS/QS LATAM/2026 QS Latam Rankings Results v1.2 (For qs.com)_2.xlsx,2026-09-25T04:18:50+00:00,archivo del repositorio
qs,Universidad Catolica del Maule,2026,,qs_puntaje_impacto_web_latam,27.3,puntaje 0-100,"Impacto web, derivado de Webometrics · QS latam 2026, puntaje normalizado",KAI/QS/DatosQS/QS LATAM/2026 QS Latam Rankings Results v1.2 (For qs.com)_2.xlsx,2026-09-25T04:18:50+00:00,archivo del repositorio
qs,Universidad Central de Chile,2026,,qs_puntaje_reputacion_academica_latam,25.2,puntaje 0-100,"Encuesta de reputación académica · QS latam 2026, puntaje normalizado",KAI/QS/DatosQS/QS LATAM/2026 QS Latam Rankings Results v1.2 (For qs.com)_2.xlsx,2026-09-25T04:18:50+00:00,archivo del repositorio
qs,Universidad Central de Chile,2026,,qs_puntaje_reputacion_empleadores_latam,21.0,puntaje 0-100,"Encuesta de reputación entre empleadores · QS latam 2026, puntaje normalizado",KAI/QS/DatosQS/QS LATAM/2026 QS Latam Rankings Results v1.2 (For qs.com)_2.xlsx,2026-09-25T04:18:50+00:00,archivo del repositorio
qs,Universidad Central de Chile,2026,,qs_puntaje_ratio_academicos_latam,11.1,puntaje 0-100,"Razón de académicos por estudiante · QS latam 2026, puntaje normalizado",KAI/QS/DatosQS/QS LATAM/2026 QS Latam Rankings Results v1.2 (For qs.com)_2.xlsx,2026-09-25T04:18:50+00:00,archivo del repositorio
qs,Universidad Central de Chile,2026,,qs_puntaje_red_internacional_latam,43.2,puntaje 0-100,"Red internacional de investigación · QS latam 2026, puntaje normalizado",KAI/QS/DatosQS/QS LATAM/2026 QS Latam Rankings Results v1.2 (For qs.com)_2.xlsx,2026-09-25T04:18:50+00:00,archivo del repositorio
qs,Universidad Central de Chile,2026,,qs_puntaje_citas_por_articulo_latam,68.8,puntaje 0-100,"Citas por artículo · QS latam 2026, puntaje normalizado",KAI/QS/DatosQS/QS LATAM/2026 QS Latam Rankings Results v1.2 (For qs.com)_2.xlsx,2026-09-25T04:18:50+00:00,archivo del repositorio
qs,Universidad Central de Chile,2026,,qs_puntaje_articulos_por_academico_latam,17.3,puntaje 0-100,"Artículos por académico · QS latam 2026, puntaje normalizado",KAI/QS/DatosQS/QS LATAM/2026 QS Latam Rankings Results v1.2 (For qs.com)_2.xlsx,2026-09-25T04:18:50+00:00,archivo del repositorio
qs,Universidad Central de Chile,2026,,qs_puntaje_academicos_con_doctorado_latam,13.9,puntaje 0-100,"Proporción de académicos con doctorado · QS latam 2026, puntaje normalizado",KAI/QS/DatosQS/QS LATAM/2026 QS Latam Rankings Results v1.2 (For qs.com)_2.xlsx,2026-09-25T04:18:50+00:00,archivo del repositorio
qs,Universidad Central de Chile,2026,,qs_puntaje_impacto_web_latam,20.4,puntaje 0-100,"Impacto web, derivado de Webometrics · QS latam 2026, puntaje normalizado",KAI/QS/DatosQS/QS LATAM/2026 QS Latam Rankings Results v1.2 (For qs.com)_2.xlsx,2026-09-25T04:18:50+00:00,archivo del repositorio
qs,Universidad de Los Lagos,2026,,qs_puntaje_reputacion_academica_latam,13.3,puntaje 0-100,"Encuesta de reputación académica · QS latam 2026, puntaje normalizado",KAI/QS/DatosQS/QS LATAM/2026 QS Latam Rankings Results v1.2 (For qs.com)_2.xlsx,2026-09-25T04:18:50+00:00,archivo del repositorio
qs,Universidad de Los Lagos,2026,,qs_puntaje_reputacion_empleadores_latam,8.8,puntaje 0-100,"Encuesta de reputación entre empleadores · QS latam 2026, puntaje normalizado",KAI/QS/DatosQS/QS LATAM/2026 QS Latam Rankings Results v1.2 (For qs.com)_2.xlsx,2026-09-25T04:18:50+00:00,archivo del repositorio
qs,Universidad de Los Lagos,2026,,qs_puntaje_ratio_academicos_latam,9.4,puntaje 0-100,"Razón de académicos por estudiante · QS latam 2026, puntaje normalizado",KAI/QS/DatosQS/QS LATAM/2026 QS Latam Rankings Results v1.2 (For qs.com)_2.xlsx,2026-09-25T04:18:50+00:00,archivo del repositorio
qs,Universidad de Los Lagos,2026,,qs_puntaje_red_internacional_latam,59.4,puntaje 0-100,"Red internacional de investigación · QS latam 2026, puntaje normalizado",KAI/QS/DatosQS/QS LATAM/2026 QS Latam Rankings Results v1.2 (For qs.com)_2.xlsx,2026-09-25T04:18:50+00:00,archivo del repositorio
qs,Universidad de Los Lagos,2026,,qs_puntaje_citas_por_articulo_latam,25.7,puntaje 0-100,"Citas por artículo · QS latam 2026, puntaje normalizado",KAI/QS/DatosQS/QS LATAM/2026 QS Latam Rankings Results v1.2 (For qs.com)_2.xlsx,2026-09-25T04:18:50+00:00,archivo del repositorio
qs,Universidad de Los Lagos,2026,,qs_puntaje_articulos_por_academico_latam,79.2,puntaje 0-100,"Artículos por académico · QS latam 2026, puntaje normalizado",KAI/QS/DatosQS/QS LATAM/2026 QS Latam Rankings Results v1.2 (For qs.com)_2.xlsx,2026-09-25T04:18:50+00:00,archivo del repositorio
qs,Universidad de Los Lagos,2026,,qs_puntaje_academicos_con_doctorado_latam,39.2,puntaje 0-100,"Proporción de académicos con doctorado · QS latam 2026, puntaje normalizado",KAI/QS/DatosQS/QS LATAM/2026 QS Latam Rankings Results v1.2 (For qs.com)_2.xlsx,2026-09-25T04:18:50+00:00,archivo del repositorio
qs,Universidad de Los Lagos,2026,,qs_puntaje_impacto_web_latam,30.1,puntaje 0-100,"Impacto web, derivado de Webometrics · QS latam 2026, puntaje normalizado",KAI/QS/DatosQS/QS LATAM/2026 QS Latam Rankings Results v1.2 (For qs.com)_2.xlsx,2026-09-25T04:18:50+00:00,archivo del repositorio
qs,Universidad Tecnologica Metropolitana,2026,,qs_puntaje_reputacion_academica_latam,12.1,puntaje 0-100,"Encuesta de reputación académica · QS latam 2026, puntaje normalizado",KAI/QS/DatosQS/QS LATAM/2026 QS Latam Rankings Results v1.2 (For qs.com)_2.xlsx,2026-09-25T04:18:50+00:00,archivo del repositorio
qs,Universidad Tecnologica Metropolitana,2026,,qs_puntaje_reputacion_empleadores_latam,20.8,puntaje 0-100,"Encuesta de reputación entre empleadores · QS latam 2026, puntaje normalizado",KAI/QS/DatosQS/QS LATAM/2026 QS Latam Rankings Results v1.2 (For qs.com)_2.xlsx,2026-09-25T04:18:50+00:00,archivo del repositorio
qs,Universidad Tecnologica Metropolitana,2026,,qs_puntaje_ratio_academicos_latam,12.7,puntaje 0-100,"Razón de académicos por estudiante · QS latam 2026, puntaje normalizado",KAI/QS/DatosQS/QS LATAM/2026 QS Latam Rankings Results v1.2 (For qs.com)_2.xlsx,2026-09-25T04:18:50+00:00,archivo del repositorio
qs,Universidad Tecnologica Metropolitana,2026,,qs_puntaje_red_internacional_latam,40.4,puntaje 0-100,"Red internacional de investigación · QS latam 2026, puntaje normalizado",KAI/QS/DatosQS/QS LATAM/2026 QS Latam Rankings Results v1.2 (For qs.com)_2.xlsx,2026-09-25T04:18:50+00:00,archivo del repositorio
qs,Universidad Tecnologica Metropolitana,2026,,qs_puntaje_citas_por_articulo_latam,64.5,puntaje 0-100,"Citas por artículo · QS latam 2026, puntaje normalizado",KAI/QS/DatosQS/QS LATAM/2026 QS Latam Rankings Results v1.2 (For qs.com)_2.xlsx,2026-09-25T04:18:50+00:00,archivo del repositorio
qs,Universidad Tecnologica Metropolitana,2026,,qs_puntaje_articulos_por_academico_latam,41.1,puntaje 0-100,"Artículos por académico · QS latam 2026, puntaje normalizado",KAI/QS/DatosQS/QS LATAM/2026 QS Latam Rankings Results v1.2 (For qs.com)_2.xlsx,2026-09-25T04:18:50+00:00,archivo del repositorio
qs,Universidad Tecnologica Metropolitana,2026,,qs_puntaje_academicos_con_doctorado_latam,35.6,puntaje 0-100,"Proporción de académicos con doctorado · QS latam 2026, puntaje normalizado",KAI/QS/DatosQS/QS LATAM/2026 QS Latam Rankings Results v1.2 (For qs.com)_2.xlsx,2026-09-25T04:18:50+00:00,archivo del repositorio
qs,Universidad Tecnologica Metropolitana,2026,,qs_puntaje_impacto_web_latam,22.5,puntaje 0-100,"Impacto web, derivado de Webometrics · QS latam 2026, puntaje normalizado",KAI/QS/DatosQS/QS LATAM/2026 QS Latam Rankings Results v1.2 (For qs.com)_2.xlsx,2026-09-25T04:18:50+00:00,archivo del repositorio
qs,Universidad Arturo Prat,2026,,qs_puntaje_reputacion_academica_latam,7.9,puntaje 0-100,"Encuesta de reputación académica · QS latam 2026, puntaje normalizado",KAI/QS/DatosQS/QS LATAM/2026 QS Latam Rankings Results v1.2 (For qs.com)_2.xlsx,2026-09-25T04:18:50+00:00,archivo del repositorio
qs,Universidad Arturo Prat,2026,,qs_puntaje_reputacion_empleadores_latam,8.5,puntaje 0-100,"Encuesta de reputación entre empleadores · QS latam 2026, puntaje normalizado",KAI/QS/DatosQS/QS LATAM/2026 QS Latam Rankings Results v1.2 (For qs.com)_2.xlsx,2026-09-25T04:18:50+00:00,archivo del repositorio
qs,Universidad Arturo Prat,2026,,qs_puntaje_ratio_academicos_latam,16.6,puntaje 0-100,"Razón de académicos por estudiante · QS latam 2026, puntaje normalizado",KAI/QS/DatosQS/QS LATAM/2026 QS Latam Rankings Results v1.2 (For qs.com)_2.xlsx,2026-09-25T04:18:50+00:00,archivo del repositorio
qs,Universidad Arturo Prat,2026,,qs_puntaje_red_internacional_latam,67.1,puntaje 0-100,"Red internacional de investigación · QS latam 2026, puntaje normalizado",KAI/QS/DatosQS/QS LATAM/2026 QS Latam Rankings Results v1.2 (For qs.com)_2.xlsx,2026-09-25T04:18:50+00:00,archivo del repositorio
qs,Universidad Arturo Prat,2026,,qs_puntaje_citas_por_articulo_latam,38.0,puntaje 0-100,"Citas por artículo · QS latam 2026, puntaje normalizado",KAI/QS/DatosQS/QS LATAM/2026 QS Latam Rankings Results v1.2 (For qs.com)_2.xlsx,2026-09-25T04:18:50+00:00,archivo del repositorio
qs,Universidad Arturo Prat,2026,,qs_puntaje_articulos_por_academico_latam,34.5,puntaje 0-100,"Artículos por académico · QS latam 2026, puntaje normalizado",KAI/QS/DatosQS/QS LATAM/2026 QS Latam Rankings Results v1.2 (For qs.com)_2.xlsx,2026-09-25T04:18:50+00:00,archivo del repositorio
qs,Universidad Arturo Prat,2026,,qs_puntaje_academicos_con_doctorado_latam,17.0,puntaje 0-100,"Proporción de académicos con doctorado · QS latam 2026, puntaje normalizado",KAI/QS/DatosQS/QS LATAM/2026 QS Latam Rankings Results v1.2 (For qs.com)_2.xlsx,2026-09-25T04:18:50+00:00,archivo del repositorio
qs,Universidad Arturo Prat,2026,,qs_puntaje_impacto_web_latam,17.6,puntaje 0-100,"Impacto web, derivado de Webometrics · QS latam 2026, puntaje normalizado",KAI/QS/DatosQS/QS LATAM/2026 QS Latam Rankings Results v1.2 (For qs.com)_2.xlsx,2026-09-25T04:18:50+00:00,archivo del repositorio
qs,Universidad de Atacama,2026,,qs_puntaje_reputacion_academica_latam,7.9,puntaje 0-100,"Encuesta de reputación académica · QS latam 2026, puntaje normalizado",KAI/QS/DatosQS/QS LATAM/2026 QS Latam Rankings Results v1.2 (For qs.com)_2.xlsx,2026-09-25T04:18:50+00:00,archivo del repositorio
qs,Universidad de Atacama,2026,,qs_puntaje_reputacion_empleadores_latam,9.1,puntaje 0-100,"Encuesta de reputación entre empleadores · QS latam 2026, puntaje normalizado",KAI/QS/DatosQS/QS LATAM/2026 QS Latam Rankings Results v1.2 (For qs.com)_2.xlsx,2026-09-25T04:18:50+00:00,archivo del repositorio
qs,Universidad de Atacama,2026,,qs_puntaje_ratio_academicos_latam,5.2,puntaje 0-100,"Razón de académicos por estudiante · QS latam 2026, puntaje normalizado",KAI/QS/DatosQS/QS LATAM/2026 QS Latam Rankings Results v1.2 (For qs.com)_2.xlsx,2026-09-25T04:18:50+00:00,archivo del repositorio
qs,Universidad de Atacama,2026,,qs_puntaje_red_internacional_latam,65.5,puntaje 0-100,"Red internacional de investigación · QS latam 2026, puntaje normalizado",KAI/QS/DatosQS/QS LATAM/2026 QS Latam Rankings Results v1.2 (For qs.com)_2.xlsx,2026-09-25T04:18:50+00:00,archivo del repositorio
qs,Universidad de Atacama,2026,,qs_puntaje_citas_por_articulo_latam,65.9,puntaje 0-100,"Citas por artículo · QS latam 2026, puntaje normalizado",KAI/QS/DatosQS/QS LATAM/2026 QS Latam Rankings Results v1.2 (For qs.com)_2.xlsx,2026-09-25T04:18:50+00:00,archivo del repositorio
qs,Universidad de Atacama,2026,,qs_puntaje_articulos_por_academico_latam,81.5,puntaje 0-100,"Artículos por académico · QS latam 2026, puntaje normalizado",KAI/QS/DatosQS/QS LATAM/2026 QS Latam Rankings Results v1.2 (For qs.com)_2.xlsx,2026-09-25T04:18:50+00:00,archivo del repositorio
qs,Universidad de Atacama,2026,,qs_puntaje_academicos_con_doctorado_latam,16.3,puntaje 0-100,"Proporción de académicos con doctorado · QS latam 2026, puntaje normalizado",KAI/QS/DatosQS/QS LATAM/2026 QS Latam Rankings Results v1.2 (For qs.com)_2.xlsx,2026-09-25T04:18:50+00:00,archivo del repositorio
qs,Universidad de Atacama,2026,,qs_puntaje_impacto_web_latam,18.2,puntaje 0-100,"Impacto web, derivado de Webometrics · QS latam 2026, puntaje normalizado",KAI/QS/DatosQS/QS LATAM/2026 QS Latam Rankings Results v1.2 (For qs.com)_2.xlsx,2026-09-25T04:18:50+00:00,archivo del repositorio
qs,Universidad de Las Americas,2026,,qs_puntaje_reputacion_academica_latam,26.2,puntaje 0-100,"Encuesta de reputación académica · QS latam 2026, puntaje normalizado",KAI/QS/DatosQS/QS LATAM/2026 QS Latam Rankings Results v1.2 (For qs.com)_2.xlsx,2026-09-25T04:18:50+00:00,archivo del repositorio
qs,Universidad de Las Americas,2026,,qs_puntaje_reputacion_empleadores_latam,25.5,puntaje 0-100,"Encuesta de reputación entre empleadores · QS latam 2026, puntaje normalizado",KAI/QS/DatosQS/QS LATAM/2026 QS Latam Rankings Results v1.2 (For qs.com)_2.xlsx,2026-09-25T04:18:50+00:00,archivo del repositorio
qs,Universidad de Las Americas,2026,,qs_puntaje_ratio_academicos_latam,21.1,puntaje 0-100,"Razón de académicos por estudiante · QS latam 2026, puntaje normalizado",KAI/QS/DatosQS/QS LATAM/2026 QS Latam Rankings Results v1.2 (For qs.com)_2.xlsx,2026-09-25T04:18:50+00:00,archivo del repositorio
qs,Universidad de Las Americas,2026,,qs_puntaje_red_internacional_latam,46.9,puntaje 0-100,"Red internacional de investigación · QS latam 2026, puntaje normalizado",KAI/QS/DatosQS/QS LATAM/2026 QS Latam Rankings Results v1.2 (For qs.com)_2.xlsx,2026-09-25T04:18:50+00:00,archivo del repositorio
qs,Universidad de Las Americas,2026,,qs_puntaje_citas_por_articulo_latam,15.8,puntaje 0-100,"Citas por artículo · QS latam 2026, puntaje normalizado",KAI/QS/DatosQS/QS LATAM/2026 QS Latam Rankings Results v1.2 (For qs.com)_2.xlsx,2026-09-25T04:18:50+00:00,archivo del repositorio
qs,Universidad de Las Americas,2026,,qs_puntaje_articulos_por_academico_latam,9.7,puntaje 0-100,"Artículos por académico · QS latam 2026, puntaje normalizado",KAI/QS/DatosQS/QS LATAM/2026 QS Latam Rankings Results v1.2 (For qs.com)_2.xlsx,2026-09-25T04:18:50+00:00,archivo del repositorio
qs,Universidad de Las Americas,2026,,qs_puntaje_academicos_con_doctorado_latam,10.4,puntaje 0-100,"Proporción de académicos con doctorado · QS latam 2026, puntaje normalizado",KAI/QS/DatosQS/QS LATAM/2026 QS Latam Rankings Results v1.2 (For qs.com)_2.xlsx,2026-09-25T04:18:50+00:00,archivo del repositorio
qs,Universidad de Las Americas,2026,,qs_puntaje_impacto_web_latam,17.9,puntaje 0-100,"Impacto web, derivado de Webometrics · QS latam 2026, puntaje normalizado",KAI/QS/DatosQS/QS LATAM/2026 QS Latam Rankings Results v1.2 (For qs.com)_2.xlsx,2026-09-25T04:18:50+00:00,archivo del repositorio
qs,Universidad Santo Tomas,2026,,qs_puntaje_reputacion_academica_latam,15.6,puntaje 0-100,"Encuesta de reputación académica · QS latam 2026, puntaje normalizado",KAI/QS/DatosQS/QS LATAM/2026 QS Latam Rankings Results v1.2 (For qs.com)_2.xlsx,2026-09-25T04:18:50+00:00,archivo del repositorio
qs,Universidad Santo Tomas,2026,,qs_puntaje_reputacion_empleadores_latam,18.2,puntaje 0-100,"Encuesta de reputación entre empleadores · QS latam 2026, puntaje normalizado",KAI/QS/DatosQS/QS LATAM/2026 QS Latam Rankings Results v1.2 (For qs.com)_2.xlsx,2026-09-25T04:18:50+00:00,archivo del repositorio
qs,Universidad Santo Tomas,2026,,qs_puntaje_ratio_academicos_latam,17.0,puntaje 0-100,"Razón de académicos por estudiante · QS latam 2026, puntaje normalizado",KAI/QS/DatosQS/QS LATAM/2026 QS Latam Rankings Results v1.2 (For qs.com)_2.xlsx,2026-09-25T04:18:50+00:00,archivo del repositorio
qs,Universidad Santo Tomas,2026,,qs_puntaje_red_internacional_latam,66.4,puntaje 0-100,"Red internacional de investigación · QS latam 2026, puntaje normalizado",KAI/QS/DatosQS/QS LATAM/2026 QS Latam Rankings Results v1.2 (For qs.com)_2.xlsx,2026-09-25T04:18:50+00:00,archivo del repositorio
qs,Universidad Santo Tomas,2026,,qs_puntaje_citas_por_articulo_latam,44.6,puntaje 0-100,"Citas por artículo · QS latam 2026, puntaje normalizado",KAI/QS/DatosQS/QS LATAM/2026 QS Latam Rankings Results v1.2 (For qs.com)_2.xlsx,2026-09-25T04:18:50+00:00,archivo del repositorio
qs,Universidad Santo Tomas,2026,,qs_puntaje_articulos_por_academico_latam,16.0,puntaje 0-100,"Artículos por académico · QS latam 2026, puntaje normalizado",KAI/QS/DatosQS/QS LATAM/2026 QS Latam Rankings Results v1.2 (For qs.com)_2.xlsx,2026-09-25T04:18:50+00:00,archivo del repositorio
qs,Universidad Santo Tomas,2026,,qs_puntaje_academicos_con_doctorado_latam,5.9,puntaje 0-100,"Proporción de académicos con doctorado · QS latam 2026, puntaje normalizado",KAI/QS/DatosQS/QS LATAM/2026 QS Latam Rankings Results v1.2 (For qs.com)_2.xlsx,2026-09-25T04:18:50+00:00,archivo del repositorio
qs,Universidad Santo Tomas,2026,,qs_puntaje_impacto_web_latam,8.3,puntaje 0-100,"Impacto web, derivado de Webometrics · QS latam 2026, puntaje normalizado",KAI/QS/DatosQS/QS LATAM/2026 QS Latam Rankings Results v1.2 (For qs.com)_2.xlsx,2026-09-25T04:18:50+00:00,archivo del repositorio
qs,Universidad de Playa Ancha,2026,,qs_puntaje_reputacion_academica_latam,14.0,puntaje 0-100,"Encuesta de reputación académica · QS latam 2026, puntaje normalizado",KAI/QS/DatosQS/QS LATAM/2026 QS Latam Rankings Results v1.2 (For qs.com)_2.xlsx,2026-09-25T04:18:50+00:00,archivo del repositorio
qs,Universidad de Playa Ancha,2026,,qs_puntaje_ratio_academicos_latam,22.1,puntaje 0-100,"Razón de académicos por estudiante · QS latam 2026, puntaje normalizado",KAI/QS/DatosQS/QS LATAM/2026 QS Latam Rankings Results v1.2 (For qs.com)_2.xlsx,2026-09-25T04:18:50+00:00,archivo del repositorio
qs,Universidad de Playa Ancha,2026,,qs_puntaje_red_internacional_latam,39.4,puntaje 0-100,"Red internacional de investigación · QS latam 2026, puntaje normalizado",KAI/QS/DatosQS/QS LATAM/2026 QS Latam Rankings Results v1.2 (For qs.com)_2.xlsx,2026-09-25T04:18:50+00:00,archivo del repositorio
qs,Universidad de Playa Ancha,2026,,qs_puntaje_citas_por_articulo_latam,12.9,puntaje 0-100,"Citas por artículo · QS latam 2026, puntaje normalizado",KAI/QS/DatosQS/QS LATAM/2026 QS Latam Rankings Results v1.2 (For qs.com)_2.xlsx,2026-09-25T04:18:50+00:00,archivo del repositorio
qs,Universidad de Playa Ancha,2026,,qs_puntaje_articulos_por_academico_latam,49.1,puntaje 0-100,"Artículos por académico · QS latam 2026, puntaje normalizado",KAI/QS/DatosQS/QS LATAM/2026 QS Latam Rankings Results v1.2 (For qs.com)_2.xlsx,2026-09-25T04:18:50+00:00,archivo del repositorio
qs,Universidad de Playa Ancha,2026,,qs_puntaje_academicos_con_doctorado_latam,21.3,puntaje 0-100,"Proporción de académicos con doctorado · QS latam 2026, puntaje normalizado",KAI/QS/DatosQS/QS LATAM/2026 QS Latam Rankings Results v1.2 (For qs.com)_2.xlsx,2026-09-25T04:18:50+00:00,archivo del repositorio
qs,Universidad de Playa Ancha,2026,,qs_puntaje_impacto_web_latam,21.4,puntaje 0-100,"Impacto web, derivado de Webometrics · QS latam 2026, puntaje normalizado",KAI/QS/DatosQS/QS LATAM/2026 QS Latam Rankings Results v1.2 (For qs.com)_2.xlsx,2026-09-25T04:18:50+00:00,archivo del repositorio
qs,Universidad Finis Terrae,2026,,qs_puntaje_reputacion_academica_latam,17.4,puntaje 0-100,"Encuesta de reputación académica · QS latam 2026, puntaje normalizado",KAI/QS/DatosQS/QS LATAM/2026 QS Latam Rankings Results v1.2 (For qs.com)_2.xlsx,2026-09-25T04:18:50+00:00,archivo del repositorio
qs,Universidad Finis Terrae,2026,,qs_puntaje_reputacion_empleadores_latam,13.4,puntaje 0-100,"Encuesta de reputación entre empleadores · QS latam 2026, puntaje normalizado",KAI/QS/DatosQS/QS LATAM/2026 QS Latam Rankings Results v1.2 (For qs.com)_2.xlsx,2026-09-25T04:18:50+00:00,archivo del repositorio
qs,Universidad Finis Terrae,2026,,qs_puntaje_ratio_academicos_latam,22.4,puntaje 0-100,"Razón de académicos por estudiante · QS latam 2026, puntaje normalizado",KAI/QS/DatosQS/QS LATAM/2026 QS Latam Rankings Results v1.2 (For qs.com)_2.xlsx,2026-09-25T04:18:50+00:00,archivo del repositorio
qs,Universidad Finis Terrae,2026,,qs_puntaje_red_internacional_latam,33.7,puntaje 0-100,"Red internacional de investigación · QS latam 2026, puntaje normalizado",KAI/QS/DatosQS/QS LATAM/2026 QS Latam Rankings Results v1.2 (For qs.com)_2.xlsx,2026-09-25T04:18:50+00:00,archivo del repositorio
qs,Universidad Finis Terrae,2026,,qs_puntaje_citas_por_articulo_latam,10.6,puntaje 0-100,"Citas por artículo · QS latam 2026, puntaje normalizado",KAI/QS/DatosQS/QS LATAM/2026 QS Latam Rankings Results v1.2 (For qs.com)_2.xlsx,2026-09-25T04:18:50+00:00,archivo del repositorio
qs,Universidad Finis Terrae,2026,,qs_puntaje_articulos_por_academico_latam,24.0,puntaje 0-100,"Artículos por académico · QS latam 2026, puntaje normalizado",KAI/QS/DatosQS/QS LATAM/2026 QS Latam Rankings Results v1.2 (For qs.com)_2.xlsx,2026-09-25T04:18:50+00:00,archivo del repositorio
qs,Universidad Finis Terrae,2026,,qs_puntaje_academicos_con_doctorado_latam,10.3,puntaje 0-100,"Proporción de académicos con doctorado · QS latam 2026, puntaje normalizado",KAI/QS/DatosQS/QS LATAM/2026 QS Latam Rankings Results v1.2 (For qs.com)_2.xlsx,2026-09-25T04:18:50+00:00,archivo del repositorio
qs,Universidad Finis Terrae,2026,,qs_puntaje_impacto_web_latam,1.0,puntaje 0-100,"Impacto web, derivado de Webometrics · QS latam 2026, puntaje normalizado",KAI/QS/DatosQS/QS LATAM/2026 QS Latam Rankings Results v1.2 (For qs.com)_2.xlsx,2026-09-25T04:18:50+00:00,archivo del repositorio
qs,Universidad Catolica Cardenal Raul Silva Henriquez,2026,,qs_puntaje_reputacion_academica_latam,13.5,puntaje 0-100,"Encuesta de reputación académica · QS latam 2026, puntaje normalizado",KAI/QS/DatosQS/QS LATAM/2026 QS Latam Rankings Results v1.2 (For qs.com)_2.xlsx,2026-09-25T04:18:50+00:00,archivo del repositorio
qs,Universidad Catolica Cardenal Raul Silva Henriquez,2026,,qs_puntaje_reputacion_empleadores_latam,15.1,puntaje 0-100,"Encuesta de reputación entre empleadores · QS latam 2026, puntaje normalizado",KAI/QS/DatosQS/QS LATAM/2026 QS Latam Rankings Results v1.2 (For qs.com)_2.xlsx,2026-09-25T04:18:50+00:00,archivo del repositorio
qs,Universidad Catolica Cardenal Raul Silva Henriquez,2026,,qs_puntaje_ratio_academicos_latam,18.5,puntaje 0-100,"Razón de académicos por estudiante · QS latam 2026, puntaje normalizado",KAI/QS/DatosQS/QS LATAM/2026 QS Latam Rankings Results v1.2 (For qs.com)_2.xlsx,2026-09-25T04:18:50+00:00,archivo del repositorio
qs,Universidad Catolica Cardenal Raul Silva Henriquez,2026,,qs_puntaje_red_internacional_latam,8.8,puntaje 0-100,"Red internacional de investigación · QS latam 2026, puntaje normalizado",KAI/QS/DatosQS/QS LATAM/2026 QS Latam Rankings Results v1.2 (For qs.com)_2.xlsx,2026-09-25T04:18:50+00:00,archivo del repositorio
qs,Universidad Catolica Cardenal Raul Silva Henriquez,2026,,qs_puntaje_citas_por_articulo_latam,4.9,puntaje 0-100,"Citas por artículo · QS latam 2026, puntaje normalizado",KAI/QS/DatosQS/QS LATAM/2026 QS Latam Rankings Results v1.2 (For qs.com)_2.xlsx,2026-09-25T04:18:50+00:00,archivo del repositorio
qs,Universidad Catolica Cardenal Raul Silva Henriquez,2026,,qs_puntaje_articulos_por_academico_latam,17.8,puntaje 0-100,"Artículos por académico · QS latam 2026, puntaje normalizado",KAI/QS/DatosQS/QS LATAM/2026 QS Latam Rankings Results v1.2 (For qs.com)_2.xlsx,2026-09-25T04:18:50+00:00,archivo del repositorio
qs,Universidad Catolica Cardenal Raul Silva Henriquez,2026,,qs_puntaje_academicos_con_doctorado_latam,8.8,puntaje 0-100,"Proporción de académicos con doctorado · QS latam 2026, puntaje normalizado",KAI/QS/DatosQS/QS LATAM/2026 QS Latam Rankings Results v1.2 (For qs.com)_2.xlsx,2026-09-25T04:18:50+00:00,archivo del repositorio
qs,Universidad Catolica Cardenal Raul Silva Henriquez,2026,,qs_puntaje_impacto_web_latam,13.3,puntaje 0-100,"Impacto web, derivado de Webometrics · QS latam 2026, puntaje normalizado",KAI/QS/DatosQS/QS LATAM/2026 QS Latam Rankings Results v1.2 (For qs.com)_2.xlsx,2026-09-25T04:18:50+00:00,archivo del repositorio
qs,Universidad de Vina del Mar,2026,,qs_puntaje_reputacion_academica_latam,8.3,puntaje 0-100,"Encuesta de reputación académica · QS latam 2026, puntaje normalizado",KAI/QS/DatosQS/QS LATAM/2026 QS Latam Rankings Results v1.2 (For qs.com)_2.xlsx,2026-09-25T04:18:50+00:00,archivo del repositorio
qs,Universidad de Vina del Mar,2026,,qs_puntaje_reputacion_empleadores_latam,5.5,puntaje 0-100,"Encuesta de reputación entre empleadores · QS latam 2026, puntaje normalizado",KAI/QS/DatosQS/QS LATAM/2026 QS Latam Rankings Results v1.2 (For qs.com)_2.xlsx,2026-09-25T04:18:50+00:00,archivo del repositorio
qs,Universidad de Vina del Mar,2026,,qs_puntaje_ratio_academicos_latam,33.3,puntaje 0-100,"Razón de académicos por estudiante · QS latam 2026, puntaje normalizado",KAI/QS/DatosQS/QS LATAM/2026 QS Latam Rankings Results v1.2 (For qs.com)_2.xlsx,2026-09-25T04:18:50+00:00,archivo del repositorio
qs,Universidad de Vina del Mar,2026,,qs_puntaje_red_internacional_latam,18.0,puntaje 0-100,"Red internacional de investigación · QS latam 2026, puntaje normalizado",KAI/QS/DatosQS/QS LATAM/2026 QS Latam Rankings Results v1.2 (For qs.com)_2.xlsx,2026-09-25T04:18:50+00:00,archivo del repositorio
qs,Universidad de Vina del Mar,2026,,qs_puntaje_citas_por_articulo_latam,4.0,puntaje 0-100,"Citas por artículo · QS latam 2026, puntaje normalizado",KAI/QS/DatosQS/QS LATAM/2026 QS Latam Rankings Results v1.2 (For qs.com)_2.xlsx,2026-09-25T04:18:50+00:00,archivo del repositorio
qs,Universidad de Vina del Mar,2026,,qs_puntaje_articulos_por_academico_latam,9.3,puntaje 0-100,"Artículos por académico · QS latam 2026, puntaje normalizado",KAI/QS/DatosQS/QS LATAM/2026 QS Latam Rankings Results v1.2 (For qs.com)_2.xlsx,2026-09-25T04:18:50+00:00,archivo del repositorio
qs,Universidad de Vina del Mar,2026,,qs_puntaje_academicos_con_doctorado_latam,3.7,puntaje 0-100,"Proporción de académicos con doctorado · QS latam 2026, puntaje normalizado",KAI/QS/DatosQS/QS LATAM/2026 QS Latam Rankings Results v1.2 (For qs.com)_2.xlsx,2026-09-25T04:18:50+00:00,archivo del repositorio
qs,Universidad de Vina del Mar,2026,,qs_puntaje_impacto_web_latam,10.4,puntaje 0-100,"Impacto web, derivado de Webometrics · QS latam 2026, puntaje normalizado",KAI/QS/DatosQS/QS LATAM/2026 QS Latam Rankings Results v1.2 (For qs.com)_2.xlsx,2026-09-25T04:18:50+00:00,archivo del repositorio
qs,Universidad UNIACC,2026,,qs_puntaje_reputacion_academica_latam,4.0,puntaje 0-100,"Encuesta de reputación académica · QS latam 2026, puntaje normalizado",KAI/QS/DatosQS/QS LATAM/2026 QS Latam Rankings Results v1.2 (For qs.com)_2.xlsx,2026-09-25T04:18:50+00:00,archivo del repositorio
qs,Universidad UNIACC,2026,,qs_puntaje_reputacion_empleadores_latam,5.8,puntaje 0-100,"Encuesta de reputación entre empleadores · QS latam 2026, puntaje normalizado",KAI/QS/DatosQS/QS LATAM/2026 QS Latam Rankings Results v1.2 (For qs.com)_2.xlsx,2026-09-25T04:18:50+00:00,archivo del repositorio
qs,Universidad UNIACC,2026,,qs_puntaje_ratio_academicos_latam,23.6,puntaje 0-100,"Razón de académicos por estudiante · QS latam 2026, puntaje normalizado",KAI/QS/DatosQS/QS LATAM/2026 QS Latam Rankings Results v1.2 (For qs.com)_2.xlsx,2026-09-25T04:18:50+00:00,archivo del repositorio
qs,Universidad UNIACC,2026,,qs_puntaje_articulos_por_academico_latam,1.2,puntaje 0-100,"Artículos por académico · QS latam 2026, puntaje normalizado",KAI/QS/DatosQS/QS LATAM/2026 QS Latam Rankings Results v1.2 (For qs.com)_2.xlsx,2026-09-25T04:18:50+00:00,archivo del repositorio
qs,Universidad UNIACC,2026,,qs_puntaje_academicos_con_doctorado_latam,2.1,puntaje 0-100,"Proporción de académicos con doctorado · QS latam 2026, puntaje normalizado",KAI/QS/DatosQS/QS LATAM/2026 QS Latam Rankings Results v1.2 (For qs.com)_2.xlsx,2026-09-25T04:18:50+00:00,archivo del repositorio
qs,Universidad UNIACC,2026,,qs_puntaje_impacto_web_latam,7.4,puntaje 0-100,"Impacto web, derivado de Webometrics · QS latam 2026, puntaje normalizado",KAI/QS/DatosQS/QS LATAM/2026 QS Latam Rankings Results v1.2 (For qs.com)_2.xlsx,2026-09-25T04:18:50+00:00,archivo del repositorio
qs,Pontificia Universidad Catolica de Chile,2024,,qs_puntaje_reputacion_academica_global,92.9,puntaje 0-100,"Encuesta de reputación académica · QS global 2024, puntaje normalizado",KAI/QS/DatosQS/QS global/2024 QS World University Rankings 1.2 (For qs.com).xlsx,2026-09-25T04:18:50+00:00,archivo del repositorio
qs,Pontificia Universidad Catolica de Chile,2024,,qs_puntaje_reputacion_empleadores_global,99.5,puntaje 0-100,"Encuesta de reputación entre empleadores · QS global 2024, puntaje normalizado",KAI/QS/DatosQS/QS global/2024 QS World University Rankings 1.2 (For qs.com).xlsx,2026-09-25T04:18:50+00:00,archivo del repositorio
qs,Pontificia Universidad Catolica de Chile,2024,,qs_puntaje_ratio_academicos_global,20.6,puntaje 0-100,"Razón de académicos por estudiante · QS global 2024, puntaje normalizado",KAI/QS/DatosQS/QS global/2024 QS World University Rankings 1.2 (For qs.com).xlsx,2026-09-25T04:18:50+00:00,archivo del repositorio
qs,Pontificia Universidad Catolica de Chile,2024,,qs_puntaje_citas_por_academico_global,11.6,puntaje 0-100,"Citas por académico · QS global 2024, puntaje normalizado",KAI/QS/DatosQS/QS global/2024 QS World University Rankings 1.2 (For qs.com).xlsx,2026-09-25T04:18:50+00:00,archivo del repositorio
qs,Pontificia Universidad Catolica de Chile,2024,,qs_puntaje_academicos_internacionales_global,16.4,puntaje 0-100,"Proporción de académicos internacionales · QS global 2024, puntaje normalizado",KAI/QS/DatosQS/QS global/2024 QS World University Rankings 1.2 (For qs.com).xlsx,2026-09-25T04:18:50+00:00,archivo del repositorio
qs,Pontificia Universidad Catolica de Chile,2024,,qs_puntaje_estudiantes_internacionales_global,3.5,puntaje 0-100,"Proporción de estudiantes internacionales · QS global 2024, puntaje normalizado",KAI/QS/DatosQS/QS global/2024 QS World University Rankings 1.2 (For qs.com).xlsx,2026-09-25T04:18:50+00:00,archivo del repositorio
qs,Pontificia Universidad Catolica de Chile,2024,,qs_puntaje_red_internacional_global,56.8,puntaje 0-100,"Red internacional de investigación · QS global 2024, puntaje normalizado",KAI/QS/DatosQS/QS global/2024 QS World University Rankings 1.2 (For qs.com).xlsx,2026-09-25T04:18:50+00:00,archivo del repositorio
qs,Pontificia Universidad Catolica de Chile,2024,,qs_puntaje_empleabilidad_global,76.3,puntaje 0-100,"Resultados de empleabilidad · QS global 2024, puntaje normalizado",KAI/QS/DatosQS/QS global/2024 QS World University Rankings 1.2 (For qs.com).xlsx,2026-09-25T04:18:50+00:00,archivo del repositorio
qs,Pontificia Universidad Catolica de Chile,2024,,qs_puntaje_sostenibilidad_global,91.3,puntaje 0-100,"Sostenibilidad · QS global 2024, puntaje normalizado",KAI/QS/DatosQS/QS global/2024 QS World University Rankings 1.2 (For qs.com).xlsx,2026-09-25T04:18:50+00:00,archivo del repositorio
qs,Pontificia Universidad Catolica de Chile,2024,,qs_puntaje_global_global,59.9,puntaje 0-100,"Puntaje global de la edición · QS global 2024, puntaje normalizado",KAI/QS/DatosQS/QS global/2024 QS World University Rankings 1.2 (For qs.com).xlsx,2026-09-25T04:18:50+00:00,archivo del repositorio
qs,Universidad de Chile,2024,,qs_puntaje_reputacion_academica_global,81.5,puntaje 0-100,"Encuesta de reputación académica · QS global 2024, puntaje normalizado",KAI/QS/DatosQS/QS global/2024 QS World University Rankings 1.2 (For qs.com).xlsx,2026-09-25T04:18:50+00:00,archivo del repositorio
qs,Universidad de Chile,2024,,qs_puntaje_reputacion_empleadores_global,96.6,puntaje 0-100,"Encuesta de reputación entre empleadores · QS global 2024, puntaje normalizado",KAI/QS/DatosQS/QS global/2024 QS World University Rankings 1.2 (For qs.com).xlsx,2026-09-25T04:18:50+00:00,archivo del repositorio
qs,Universidad de Chile,2024,,qs_puntaje_ratio_academicos_global,9.7,puntaje 0-100,"Razón de académicos por estudiante · QS global 2024, puntaje normalizado",KAI/QS/DatosQS/QS global/2024 QS World University Rankings 1.2 (For qs.com).xlsx,2026-09-25T04:18:50+00:00,archivo del repositorio
qs,Universidad de Chile,2024,,qs_puntaje_citas_por_academico_global,12.5,puntaje 0-100,"Citas por académico · QS global 2024, puntaje normalizado",KAI/QS/DatosQS/QS global/2024 QS World University Rankings 1.2 (For qs.com).xlsx,2026-09-25T04:18:50+00:00,archivo del repositorio
qs,Universidad de Chile,2024,,qs_puntaje_academicos_internacionales_global,9.0,puntaje 0-100,"Proporción de académicos internacionales · QS global 2024, puntaje normalizado",KAI/QS/DatosQS/QS global/2024 QS World University Rankings 1.2 (For qs.com).xlsx,2026-09-25T04:18:50+00:00,archivo del repositorio
qs,Universidad de Chile,2024,,qs_puntaje_estudiantes_internacionales_global,5.0,puntaje 0-100,"Proporción de estudiantes internacionales · QS global 2024, puntaje normalizado",KAI/QS/DatosQS/QS global/2024 QS World University Rankings 1.2 (For qs.com).xlsx,2026-09-25T04:18:50+00:00,archivo del repositorio
qs,Universidad de Chile,2024,,qs_puntaje_red_internacional_global,48.6,puntaje 0-100,"Red internacional de investigación · QS global 2024, puntaje normalizado",KAI/QS/DatosQS/QS global/2024 QS World University Rankings 1.2 (For qs.com).xlsx,2026-09-25T04:18:50+00:00,archivo del repositorio
qs,Universidad de Chile,2024,,qs_puntaje_empleabilidad_global,50.4,puntaje 0-100,"Resultados de empleabilidad · QS global 2024, puntaje normalizado",KAI/QS/DatosQS/QS global/2024 QS World University Rankings 1.2 (For qs.com).xlsx,2026-09-25T04:18:50+00:00,archivo del repositorio
qs,Universidad de Chile,2024,,qs_puntaje_sostenibilidad_global,36.3,puntaje 0-100,"Sostenibilidad · QS global 2024, puntaje normalizado",KAI/QS/DatosQS/QS global/2024 QS World University Rankings 1.2 (For qs.com).xlsx,2026-09-25T04:18:50+00:00,archivo del repositorio
qs,Universidad de Chile,2024,,qs_puntaje_global_global,50.2,puntaje 0-100,"Puntaje global de la edición · QS global 2024, puntaje normalizado",KAI/QS/DatosQS/QS global/2024 QS World University Rankings 1.2 (For qs.com).xlsx,2026-09-25T04:18:50+00:00,archivo del repositorio
qs,Universidad de Santiago de Chile,2024,,qs_puntaje_reputacion_academica_global,43.3,puntaje 0-100,"Encuesta de reputación académica · QS global 2024, puntaje normalizado",KAI/QS/DatosQS/QS global/2024 QS World University Rankings 1.2 (For qs.com).xlsx,2026-09-25T04:18:50+00:00,archivo del repositorio
qs,Universidad de Santiago de Chile,2024,,qs_puntaje_reputacion_empleadores_global,72.9,puntaje 0-100,"Encuesta de reputación entre empleadores · QS global 2024, puntaje normalizado",KAI/QS/DatosQS/QS global/2024 QS World University Rankings 1.2 (For qs.com).xlsx,2026-09-25T04:18:50+00:00,archivo del repositorio
qs,Universidad de Santiago de Chile,2024,,qs_puntaje_ratio_academicos_global,8.7,puntaje 0-100,"Razón de académicos por estudiante · QS global 2024, puntaje normalizado",KAI/QS/DatosQS/QS global/2024 QS World University Rankings 1.2 (For qs.com).xlsx,2026-09-25T04:18:50+00:00,archivo del repositorio
qs,Universidad de Santiago de Chile,2024,,qs_puntaje_citas_por_academico_global,4.0,puntaje 0-100,"Citas por académico · QS global 2024, puntaje normalizado",KAI/QS/DatosQS/QS global/2024 QS World University Rankings 1.2 (For qs.com).xlsx,2026-09-25T04:18:50+00:00,archivo del repositorio
qs,Universidad de Santiago de Chile,2024,,qs_puntaje_academicos_internacionales_global,6.6,puntaje 0-100,"Proporción de académicos internacionales · QS global 2024, puntaje normalizado",KAI/QS/DatosQS/QS global/2024 QS World University Rankings 1.2 (For qs.com).xlsx,2026-09-25T04:18:50+00:00,archivo del repositorio
qs,Universidad de Santiago de Chile,2024,,qs_puntaje_estudiantes_internacionales_global,2.2,puntaje 0-100,"Proporción de estudiantes internacionales · QS global 2024, puntaje normalizado",KAI/QS/DatosQS/QS global/2024 QS World University Rankings 1.2 (For qs.com).xlsx,2026-09-25T04:18:50+00:00,archivo del repositorio
qs,Universidad de Santiago de Chile,2024,,qs_puntaje_red_internacional_global,7.3,puntaje 0-100,"Red internacional de investigación · QS global 2024, puntaje normalizado",KAI/QS/DatosQS/QS global/2024 QS World University Rankings 1.2 (For qs.com).xlsx,2026-09-25T04:18:50+00:00,archivo del repositorio
qs,Universidad de Santiago de Chile,2024,,qs_puntaje_empleabilidad_global,4.0,puntaje 0-100,"Resultados de empleabilidad · QS global 2024, puntaje normalizado",KAI/QS/DatosQS/QS global/2024 QS World University Rankings 1.2 (For qs.com).xlsx,2026-09-25T04:18:50+00:00,archivo del repositorio
qs,Universidad de Santiago de Chile,2024,,qs_puntaje_sostenibilidad_global,12.9,puntaje 0-100,"Sostenibilidad · QS global 2024, puntaje normalizado",KAI/QS/DatosQS/QS global/2024 QS World University Rankings 1.2 (For qs.com).xlsx,2026-09-25T04:18:50+00:00,archivo del repositorio
qs,Universidad de Santiago de Chile,2024,,qs_puntaje_global_global,27.2,puntaje 0-100,"Puntaje global de la edición · QS global 2024, puntaje normalizado",KAI/QS/DatosQS/QS global/2024 QS World University Rankings 1.2 (For qs.com).xlsx,2026-09-25T04:18:50+00:00,archivo del repositorio
qs,Universidad Adolfo Ibanez,2024,,qs_puntaje_reputacion_academica_global,19.1,puntaje 0-100,"Encuesta de reputación académica · QS global 2024, puntaje normalizado",KAI/QS/DatosQS/QS global/2024 QS World University Rankings 1.2 (For qs.com).xlsx,2026-09-25T04:18:50+00:00,archivo del repositorio
qs,Universidad Adolfo Ibanez,2024,,qs_puntaje_reputacion_empleadores_global,73.5,puntaje 0-100,"Encuesta de reputación entre empleadores · QS global 2024, puntaje normalizado",KAI/QS/DatosQS/QS global/2024 QS World University Rankings 1.2 (For qs.com).xlsx,2026-09-25T04:18:50+00:00,archivo del repositorio
qs,Universidad Adolfo Ibanez,2024,,qs_puntaje_ratio_academicos_global,4.2,puntaje 0-100,"Razón de académicos por estudiante · QS global 2024, puntaje normalizado",KAI/QS/DatosQS/QS global/2024 QS World University Rankings 1.2 (For qs.com).xlsx,2026-09-25T04:18:50+00:00,archivo del repositorio
qs,Universidad Adolfo Ibanez,2024,,qs_puntaje_citas_por_academico_global,4.4,puntaje 0-100,"Citas por académico · QS global 2024, puntaje normalizado",KAI/QS/DatosQS/QS global/2024 QS World University Rankings 1.2 (For qs.com).xlsx,2026-09-25T04:18:50+00:00,archivo del repositorio
qs,Universidad Adolfo Ibanez,2024,,qs_puntaje_academicos_internacionales_global,37.7,puntaje 0-100,"Proporción de académicos internacionales · QS global 2024, puntaje normalizado",KAI/QS/DatosQS/QS global/2024 QS World University Rankings 1.2 (For qs.com).xlsx,2026-09-25T04:18:50+00:00,archivo del repositorio
qs,Universidad Adolfo Ibanez,2024,,qs_puntaje_estudiantes_internacionales_global,4.2,puntaje 0-100,"Proporción de estudiantes internacionales · QS global 2024, puntaje normalizado",KAI/QS/DatosQS/QS global/2024 QS World University Rankings 1.2 (For qs.com).xlsx,2026-09-25T04:18:50+00:00,archivo del repositorio
qs,Universidad Adolfo Ibanez,2024,,qs_puntaje_red_internacional_global,1.2,puntaje 0-100,"Red internacional de investigación · QS global 2024, puntaje normalizado",KAI/QS/DatosQS/QS global/2024 QS World University Rankings 1.2 (For qs.com).xlsx,2026-09-25T04:18:50+00:00,archivo del repositorio
qs,Universidad Adolfo Ibanez,2024,,qs_puntaje_empleabilidad_global,13.7,puntaje 0-100,"Resultados de empleabilidad · QS global 2024, puntaje normalizado",KAI/QS/DatosQS/QS global/2024 QS World University Rankings 1.2 (For qs.com).xlsx,2026-09-25T04:18:50+00:00,archivo del repositorio
qs,Universidad Adolfo Ibanez,2024,,qs_puntaje_sostenibilidad_global,1.1,puntaje 0-100,"Sostenibilidad · QS global 2024, puntaje normalizado",KAI/QS/DatosQS/QS global/2024 QS World University Rankings 1.2 (For qs.com).xlsx,2026-09-25T04:18:50+00:00,archivo del repositorio
qs,Universidad Adolfo Ibanez,2024,,qs_puntaje_global_global,20.8,puntaje 0-100,"Puntaje global de la edición · QS global 2024, puntaje normalizado",KAI/QS/DatosQS/QS global/2024 QS World University Rankings 1.2 (For qs.com).xlsx,2026-09-25T04:18:50+00:00,archivo del repositorio
qs,Universidad de Concepcion,2024,,qs_puntaje_reputacion_academica_global,27.0,puntaje 0-100,"Encuesta de reputación académica · QS global 2024, puntaje normalizado",KAI/QS/DatosQS/QS global/2024 QS World University Rankings 1.2 (For qs.com).xlsx,2026-09-25T04:18:50+00:00,archivo del repositorio
qs,Universidad de Concepcion,2024,,qs_puntaje_reputacion_empleadores_global,35.6,puntaje 0-100,"Encuesta de reputación entre empleadores · QS global 2024, puntaje normalizado",KAI/QS/DatosQS/QS global/2024 QS World University Rankings 1.2 (For qs.com).xlsx,2026-09-25T04:18:50+00:00,archivo del repositorio
qs,Universidad de Concepcion,2024,,qs_puntaje_ratio_academicos_global,13.1,puntaje 0-100,"Razón de académicos por estudiante · QS global 2024, puntaje normalizado",KAI/QS/DatosQS/QS global/2024 QS World University Rankings 1.2 (For qs.com).xlsx,2026-09-25T04:18:50+00:00,archivo del repositorio
qs,Universidad de Concepcion,2024,,qs_puntaje_citas_por_academico_global,7.4,puntaje 0-100,"Citas por académico · QS global 2024, puntaje normalizado",KAI/QS/DatosQS/QS global/2024 QS World University Rankings 1.2 (For qs.com).xlsx,2026-09-25T04:18:50+00:00,archivo del repositorio
qs,Universidad de Concepcion,2024,,qs_puntaje_academicos_internacionales_global,13.1,puntaje 0-100,"Proporción de académicos internacionales · QS global 2024, puntaje normalizado",KAI/QS/DatosQS/QS global/2024 QS World University Rankings 1.2 (For qs.com).xlsx,2026-09-25T04:18:50+00:00,archivo del repositorio
qs,Universidad de Concepcion,2024,,qs_puntaje_estudiantes_internacionales_global,2.2,puntaje 0-100,"Proporción de estudiantes internacionales · QS global 2024, puntaje normalizado",KAI/QS/DatosQS/QS global/2024 QS World University Rankings 1.2 (For qs.com).xlsx,2026-09-25T04:18:50+00:00,archivo del repositorio
qs,Universidad de Concepcion,2024,,qs_puntaje_red_internacional_global,16.3,puntaje 0-100,"Red internacional de investigación · QS global 2024, puntaje normalizado",KAI/QS/DatosQS/QS global/2024 QS World University Rankings 1.2 (For qs.com).xlsx,2026-09-25T04:18:50+00:00,archivo del repositorio
qs,Universidad de Concepcion,2024,,qs_puntaje_empleabilidad_global,9.5,puntaje 0-100,"Resultados de empleabilidad · QS global 2024, puntaje normalizado",KAI/QS/DatosQS/QS global/2024 QS World University Rankings 1.2 (For qs.com).xlsx,2026-09-25T04:18:50+00:00,archivo del repositorio
qs,Universidad de Concepcion,2024,,qs_puntaje_sostenibilidad_global,31.6,puntaje 0-100,"Sostenibilidad · QS global 2024, puntaje normalizado",KAI/QS/DatosQS/QS global/2024 QS World University Rankings 1.2 (For qs.com).xlsx,2026-09-25T04:18:50+00:00,archivo del repositorio
qs,Pontificia Universidad Catolica de Valparaiso,2024,,qs_puntaje_reputacion_academica_global,27.3,puntaje 0-100,"Encuesta de reputación académica · QS global 2024, puntaje normalizado",KAI/QS/DatosQS/QS global/2024 QS World University Rankings 1.2 (For qs.com).xlsx,2026-09-25T04:18:50+00:00,archivo del repositorio
qs,Pontificia Universidad Catolica de Valparaiso,2024,,qs_puntaje_reputacion_empleadores_global,39.6,puntaje 0-100,"Encuesta de reputación entre empleadores · QS global 2024, puntaje normalizado",KAI/QS/DatosQS/QS global/2024 QS World University Rankings 1.2 (For qs.com).xlsx,2026-09-25T04:18:50+00:00,archivo del repositorio
qs,Pontificia Universidad Catolica de Valparaiso,2024,,qs_puntaje_ratio_academicos_global,4.9,puntaje 0-100,"Razón de académicos por estudiante · QS global 2024, puntaje normalizado",KAI/QS/DatosQS/QS global/2024 QS World University Rankings 1.2 (For qs.com).xlsx,2026-09-25T04:18:50+00:00,archivo del repositorio
qs,Pontificia Universidad Catolica de Valparaiso,2024,,qs_puntaje_citas_por_academico_global,6.6,puntaje 0-100,"Citas por académico · QS global 2024, puntaje normalizado",KAI/QS/DatosQS/QS global/2024 QS World University Rankings 1.2 (For qs.com).xlsx,2026-09-25T04:18:50+00:00,archivo del repositorio
qs,Pontificia Universidad Catolica de Valparaiso,2024,,qs_puntaje_academicos_internacionales_global,10.4,puntaje 0-100,"Proporción de académicos internacionales · QS global 2024, puntaje normalizado",KAI/QS/DatosQS/QS global/2024 QS World University Rankings 1.2 (For qs.com).xlsx,2026-09-25T04:18:50+00:00,archivo del repositorio
qs,Pontificia Universidad Catolica de Valparaiso,2024,,qs_puntaje_estudiantes_internacionales_global,1.6,puntaje 0-100,"Proporción de estudiantes internacionales · QS global 2024, puntaje normalizado",KAI/QS/DatosQS/QS global/2024 QS World University Rankings 1.2 (For qs.com).xlsx,2026-09-25T04:18:50+00:00,archivo del repositorio
qs,Pontificia Universidad Catolica de Valparaiso,2024,,qs_puntaje_red_internacional_global,5.3,puntaje 0-100,"Red internacional de investigación · QS global 2024, puntaje normalizado",KAI/QS/DatosQS/QS global/2024 QS World University Rankings 1.2 (For qs.com).xlsx,2026-09-25T04:18:50+00:00,archivo del repositorio
qs,Pontificia Universidad Catolica de Valparaiso,2024,,qs_puntaje_empleabilidad_global,8.7,puntaje 0-100,"Resultados de empleabilidad · QS global 2024, puntaje normalizado",KAI/QS/DatosQS/QS global/2024 QS World University Rankings 1.2 (For qs.com).xlsx,2026-09-25T04:18:50+00:00,archivo del repositorio
qs,Pontificia Universidad Catolica de Valparaiso,2024,,qs_puntaje_sostenibilidad_global,1.8,puntaje 0-100,"Sostenibilidad · QS global 2024, puntaje normalizado",KAI/QS/DatosQS/QS global/2024 QS World University Rankings 1.2 (For qs.com).xlsx,2026-09-25T04:18:50+00:00,archivo del repositorio
qs,Universidad Tecnica Federico Santa Maria,2024,,qs_puntaje_reputacion_academica_global,10.0,puntaje 0-100,"Encuesta de reputación académica · QS global 2024, puntaje normalizado",KAI/QS/DatosQS/QS global/2024 QS World University Rankings 1.2 (For qs.com).xlsx,2026-09-25T04:18:50+00:00,archivo del repositorio
qs,Universidad Tecnica Federico Santa Maria,2024,,qs_puntaje_reputacion_empleadores_global,50.6,puntaje 0-100,"Encuesta de reputación entre empleadores · QS global 2024, puntaje normalizado",KAI/QS/DatosQS/QS global/2024 QS World University Rankings 1.2 (For qs.com).xlsx,2026-09-25T04:18:50+00:00,archivo del repositorio
qs,Universidad Tecnica Federico Santa Maria,2024,,qs_puntaje_ratio_academicos_global,3.7,puntaje 0-100,"Razón de académicos por estudiante · QS global 2024, puntaje normalizado",KAI/QS/DatosQS/QS global/2024 QS World University Rankings 1.2 (For qs.com).xlsx,2026-09-25T04:18:50+00:00,archivo del repositorio
qs,Universidad Tecnica Federico Santa Maria,2024,,qs_puntaje_citas_por_academico_global,5.9,puntaje 0-100,"Citas por académico · QS global 2024, puntaje normalizado",KAI/QS/DatosQS/QS global/2024 QS World University Rankings 1.2 (For qs.com).xlsx,2026-09-25T04:18:50+00:00,archivo del repositorio
qs,Universidad Tecnica Federico Santa Maria,2024,,qs_puntaje_academicos_internacionales_global,15.8,puntaje 0-100,"Proporción de académicos internacionales · QS global 2024, puntaje normalizado",KAI/QS/DatosQS/QS global/2024 QS World University Rankings 1.2 (For qs.com).xlsx,2026-09-25T04:18:50+00:00,archivo del repositorio
qs,Universidad Tecnica Federico Santa Maria,2024,,qs_puntaje_estudiantes_internacionales_global,1.9,puntaje 0-100,"Proporción de estudiantes internacionales · QS global 2024, puntaje normalizado",KAI/QS/DatosQS/QS global/2024 QS World University Rankings 1.2 (For qs.com).xlsx,2026-09-25T04:18:50+00:00,archivo del repositorio
qs,Universidad Tecnica Federico Santa Maria,2024,,qs_puntaje_red_internacional_global,9.5,puntaje 0-100,"Red internacional de investigación · QS global 2024, puntaje normalizado",KAI/QS/DatosQS/QS global/2024 QS World University Rankings 1.2 (For qs.com).xlsx,2026-09-25T04:18:50+00:00,archivo del repositorio
qs,Universidad Tecnica Federico Santa Maria,2024,,qs_puntaje_empleabilidad_global,10.1,puntaje 0-100,"Resultados de empleabilidad · QS global 2024, puntaje normalizado",KAI/QS/DatosQS/QS global/2024 QS World University Rankings 1.2 (For qs.com).xlsx,2026-09-25T04:18:50+00:00,archivo del repositorio
qs,Universidad Tecnica Federico Santa Maria,2024,,qs_puntaje_sostenibilidad_global,7.9,puntaje 0-100,"Sostenibilidad · QS global 2024, puntaje normalizado",KAI/QS/DatosQS/QS global/2024 QS World University Rankings 1.2 (For qs.com).xlsx,2026-09-25T04:18:50+00:00,archivo del repositorio
qs,Universidad de los Andes,2024,,qs_puntaje_reputacion_academica_global,15.0,puntaje 0-100,"Encuesta de reputación académica · QS global 2024, puntaje normalizado",KAI/QS/DatosQS/QS global/2024 QS World University Rankings 1.2 (For qs.com).xlsx,2026-09-25T04:18:50+00:00,archivo del repositorio
qs,Universidad de los Andes,2024,,qs_puntaje_reputacion_empleadores_global,24.5,puntaje 0-100,"Encuesta de reputación entre empleadores · QS global 2024, puntaje normalizado",KAI/QS/DatosQS/QS global/2024 QS World University Rankings 1.2 (For qs.com).xlsx,2026-09-25T04:18:50+00:00,archivo del repositorio
qs,Universidad de los Andes,2024,,qs_puntaje_ratio_academicos_global,9.0,puntaje 0-100,"Razón de académicos por estudiante · QS global 2024, puntaje normalizado",KAI/QS/DatosQS/QS global/2024 QS World University Rankings 1.2 (For qs.com).xlsx,2026-09-25T04:18:50+00:00,archivo del repositorio
qs,Universidad de los Andes,2024,,qs_puntaje_citas_por_academico_global,3.0,puntaje 0-100,"Citas por académico · QS global 2024, puntaje normalizado",KAI/QS/DatosQS/QS global/2024 QS World University Rankings 1.2 (For qs.com).xlsx,2026-09-25T04:18:50+00:00,archivo del repositorio
qs,Universidad de los Andes,2024,,qs_puntaje_academicos_internacionales_global,12.4,puntaje 0-100,"Proporción de académicos internacionales · QS global 2024, puntaje normalizado",KAI/QS/DatosQS/QS global/2024 QS World University Rankings 1.2 (For qs.com).xlsx,2026-09-25T04:18:50+00:00,archivo del repositorio
qs,Universidad de los Andes,2024,,qs_puntaje_estudiantes_internacionales_global,2.3,puntaje 0-100,"Proporción de estudiantes internacionales · QS global 2024, puntaje normalizado",KAI/QS/DatosQS/QS global/2024 QS World University Rankings 1.2 (For qs.com).xlsx,2026-09-25T04:18:50+00:00,archivo del repositorio
qs,Universidad de los Andes,2024,,qs_puntaje_red_internacional_global,1.2,puntaje 0-100,"Red internacional de investigación · QS global 2024, puntaje normalizado",KAI/QS/DatosQS/QS global/2024 QS World University Rankings 1.2 (For qs.com).xlsx,2026-09-25T04:18:50+00:00,archivo del repositorio
qs,Universidad de los Andes,2024,,qs_puntaje_empleabilidad_global,9.1,puntaje 0-100,"Resultados de empleabilidad · QS global 2024, puntaje normalizado",KAI/QS/DatosQS/QS global/2024 QS World University Rankings 1.2 (For qs.com).xlsx,2026-09-25T04:18:50+00:00,archivo del repositorio
qs,Universidad de los Andes,2024,,qs_puntaje_sostenibilidad_global,1.1,puntaje 0-100,"Sostenibilidad · QS global 2024, puntaje normalizado",KAI/QS/DatosQS/QS global/2024 QS World University Rankings 1.2 (For qs.com).xlsx,2026-09-25T04:18:50+00:00,archivo del repositorio
qs,Universidad Diego Portales,2024,,qs_puntaje_reputacion_academica_global,15.0,puntaje 0-100,"Encuesta de reputación académica · QS global 2024, puntaje normalizado",KAI/QS/DatosQS/QS global/2024 QS World University Rankings 1.2 (For qs.com).xlsx,2026-09-25T04:18:50+00:00,archivo del repositorio
qs,Universidad Diego Portales,2024,,qs_puntaje_reputacion_empleadores_global,22.2,puntaje 0-100,"Encuesta de reputación entre empleadores · QS global 2024, puntaje normalizado",KAI/QS/DatosQS/QS global/2024 QS World University Rankings 1.2 (For qs.com).xlsx,2026-09-25T04:18:50+00:00,archivo del repositorio
qs,Universidad Diego Portales,2024,,qs_puntaje_ratio_academicos_global,8.6,puntaje 0-100,"Razón de académicos por estudiante · QS global 2024, puntaje normalizado",KAI/QS/DatosQS/QS global/2024 QS World University Rankings 1.2 (For qs.com).xlsx,2026-09-25T04:18:50+00:00,archivo del repositorio
qs,Universidad Diego Portales,2024,,qs_puntaje_citas_por_academico_global,4.7,puntaje 0-100,"Citas por académico · QS global 2024, puntaje normalizado",KAI/QS/DatosQS/QS global/2024 QS World University Rankings 1.2 (For qs.com).xlsx,2026-09-25T04:18:50+00:00,archivo del repositorio
qs,Universidad Diego Portales,2024,,qs_puntaje_academicos_internacionales_global,14.3,puntaje 0-100,"Proporción de académicos internacionales · QS global 2024, puntaje normalizado",KAI/QS/DatosQS/QS global/2024 QS World University Rankings 1.2 (For qs.com).xlsx,2026-09-25T04:18:50+00:00,archivo del repositorio
qs,Universidad Diego Portales,2024,,qs_puntaje_estudiantes_internacionales_global,3.1,puntaje 0-100,"Proporción de estudiantes internacionales · QS global 2024, puntaje normalizado",KAI/QS/DatosQS/QS global/2024 QS World University Rankings 1.2 (For qs.com).xlsx,2026-09-25T04:18:50+00:00,archivo del repositorio
qs,Universidad Diego Portales,2024,,qs_puntaje_red_internacional_global,2.8,puntaje 0-100,"Red internacional de investigación · QS global 2024, puntaje normalizado",KAI/QS/DatosQS/QS global/2024 QS World University Rankings 1.2 (For qs.com).xlsx,2026-09-25T04:18:50+00:00,archivo del repositorio
qs,Universidad Diego Portales,2024,,qs_puntaje_empleabilidad_global,8.4,puntaje 0-100,"Resultados de empleabilidad · QS global 2024, puntaje normalizado",KAI/QS/DatosQS/QS global/2024 QS World University Rankings 1.2 (For qs.com).xlsx,2026-09-25T04:18:50+00:00,archivo del repositorio
qs,Universidad Diego Portales,2024,,qs_puntaje_sostenibilidad_global,1.2,puntaje 0-100,"Sostenibilidad · QS global 2024, puntaje normalizado",KAI/QS/DatosQS/QS global/2024 QS World University Rankings 1.2 (For qs.com).xlsx,2026-09-25T04:18:50+00:00,archivo del repositorio
qs,Universidad Andres Bello,2024,,qs_puntaje_reputacion_academica_global,11.0,puntaje 0-100,"Encuesta de reputación académica · QS global 2024, puntaje normalizado",KAI/QS/DatosQS/QS global/2024 QS World University Rankings 1.2 (For qs.com).xlsx,2026-09-25T04:18:50+00:00,archivo del repositorio
qs,Universidad Andres Bello,2024,,qs_puntaje_reputacion_empleadores_global,11.0,puntaje 0-100,"Encuesta de reputación entre empleadores · QS global 2024, puntaje normalizado",KAI/QS/DatosQS/QS global/2024 QS World University Rankings 1.2 (For qs.com).xlsx,2026-09-25T04:18:50+00:00,archivo del repositorio
qs,Universidad Andres Bello,2024,,qs_puntaje_ratio_academicos_global,6.2,puntaje 0-100,"Razón de académicos por estudiante · QS global 2024, puntaje normalizado",KAI/QS/DatosQS/QS global/2024 QS World University Rankings 1.2 (For qs.com).xlsx,2026-09-25T04:18:50+00:00,archivo del repositorio
qs,Universidad Andres Bello,2024,,qs_puntaje_citas_por_academico_global,2.5,puntaje 0-100,"Citas por académico · QS global 2024, puntaje normalizado",KAI/QS/DatosQS/QS global/2024 QS World University Rankings 1.2 (For qs.com).xlsx,2026-09-25T04:18:50+00:00,archivo del repositorio
qs,Universidad Andres Bello,2024,,qs_puntaje_academicos_internacionales_global,7.0,puntaje 0-100,"Proporción de académicos internacionales · QS global 2024, puntaje normalizado",KAI/QS/DatosQS/QS global/2024 QS World University Rankings 1.2 (For qs.com).xlsx,2026-09-25T04:18:50+00:00,archivo del repositorio
qs,Universidad Andres Bello,2024,,qs_puntaje_estudiantes_internacionales_global,1.5,puntaje 0-100,"Proporción de estudiantes internacionales · QS global 2024, puntaje normalizado",KAI/QS/DatosQS/QS global/2024 QS World University Rankings 1.2 (For qs.com).xlsx,2026-09-25T04:18:50+00:00,archivo del repositorio
qs,Universidad Andres Bello,2024,,qs_puntaje_red_internacional_global,7.5,puntaje 0-100,"Red internacional de investigación · QS global 2024, puntaje normalizado",KAI/QS/DatosQS/QS global/2024 QS World University Rankings 1.2 (For qs.com).xlsx,2026-09-25T04:18:50+00:00,archivo del repositorio
qs,Universidad Andres Bello,2024,,qs_puntaje_empleabilidad_global,8.5,puntaje 0-100,"Resultados de empleabilidad · QS global 2024, puntaje normalizado",KAI/QS/DatosQS/QS global/2024 QS World University Rankings 1.2 (For qs.com).xlsx,2026-09-25T04:18:50+00:00,archivo del repositorio
qs,Universidad Andres Bello,2024,,qs_puntaje_sostenibilidad_global,9.6,puntaje 0-100,"Sostenibilidad · QS global 2024, puntaje normalizado",KAI/QS/DatosQS/QS global/2024 QS World University Rankings 1.2 (For qs.com).xlsx,2026-09-25T04:18:50+00:00,archivo del repositorio
qs,Universidad Austral de Chile,2024,,qs_puntaje_reputacion_academica_global,15.6,puntaje 0-100,"Encuesta de reputación académica · QS global 2024, puntaje normalizado",KAI/QS/DatosQS/QS global/2024 QS World University Rankings 1.2 (For qs.com).xlsx,2026-09-25T04:18:50+00:00,archivo del repositorio
qs,Universidad Austral de Chile,2024,,qs_puntaje_reputacion_empleadores_global,10.7,puntaje 0-100,"Encuesta de reputación entre empleadores · QS global 2024, puntaje normalizado",KAI/QS/DatosQS/QS global/2024 QS World University Rankings 1.2 (For qs.com).xlsx,2026-09-25T04:18:50+00:00,archivo del repositorio
qs,Universidad Austral de Chile,2024,,qs_puntaje_ratio_academicos_global,3.5,puntaje 0-100,"Razón de académicos por estudiante · QS global 2024, puntaje normalizado",KAI/QS/DatosQS/QS global/2024 QS World University Rankings 1.2 (For qs.com).xlsx,2026-09-25T04:18:50+00:00,archivo del repositorio
qs,Universidad Austral de Chile,2024,,qs_puntaje_citas_por_academico_global,6.6,puntaje 0-100,"Citas por académico · QS global 2024, puntaje normalizado",KAI/QS/DatosQS/QS global/2024 QS World University Rankings 1.2 (For qs.com).xlsx,2026-09-25T04:18:50+00:00,archivo del repositorio
qs,Universidad Austral de Chile,2024,,qs_puntaje_academicos_internacionales_global,16.0,puntaje 0-100,"Proporción de académicos internacionales · QS global 2024, puntaje normalizado",KAI/QS/DatosQS/QS global/2024 QS World University Rankings 1.2 (For qs.com).xlsx,2026-09-25T04:18:50+00:00,archivo del repositorio
qs,Universidad Austral de Chile,2024,,qs_puntaje_estudiantes_internacionales_global,1.9,puntaje 0-100,"Proporción de estudiantes internacionales · QS global 2024, puntaje normalizado",KAI/QS/DatosQS/QS global/2024 QS World University Rankings 1.2 (For qs.com).xlsx,2026-09-25T04:18:50+00:00,archivo del repositorio
qs,Universidad Austral de Chile,2024,,qs_puntaje_red_internacional_global,7.6,puntaje 0-100,"Red internacional de investigación · QS global 2024, puntaje normalizado",KAI/QS/DatosQS/QS global/2024 QS World University Rankings 1.2 (For qs.com).xlsx,2026-09-25T04:18:50+00:00,archivo del repositorio
qs,Universidad Austral de Chile,2024,,qs_puntaje_empleabilidad_global,4.7,puntaje 0-100,"Resultados de empleabilidad · QS global 2024, puntaje normalizado",KAI/QS/DatosQS/QS global/2024 QS World University Rankings 1.2 (For qs.com).xlsx,2026-09-25T04:18:50+00:00,archivo del repositorio
qs,Universidad Austral de Chile,2024,,qs_puntaje_sostenibilidad_global,2.2,puntaje 0-100,"Sostenibilidad · QS global 2024, puntaje normalizado",KAI/QS/DatosQS/QS global/2024 QS World University Rankings 1.2 (For qs.com).xlsx,2026-09-25T04:18:50+00:00,archivo del repositorio
qs,Universidad de Talca,2024,,qs_puntaje_reputacion_academica_global,11.0,puntaje 0-100,"Encuesta de reputación académica · QS global 2024, puntaje normalizado",KAI/QS/DatosQS/QS global/2024 QS World University Rankings 1.2 (For qs.com).xlsx,2026-09-25T04:18:50+00:00,archivo del repositorio
qs,Universidad de Talca,2024,,qs_puntaje_reputacion_empleadores_global,8.6,puntaje 0-100,"Encuesta de reputación entre empleadores · QS global 2024, puntaje normalizado",KAI/QS/DatosQS/QS global/2024 QS World University Rankings 1.2 (For qs.com).xlsx,2026-09-25T04:18:50+00:00,archivo del repositorio
qs,Universidad de Talca,2024,,qs_puntaje_ratio_academicos_global,6.7,puntaje 0-100,"Razón de académicos por estudiante · QS global 2024, puntaje normalizado",KAI/QS/DatosQS/QS global/2024 QS World University Rankings 1.2 (For qs.com).xlsx,2026-09-25T04:18:50+00:00,archivo del repositorio
qs,Universidad de Talca,2024,,qs_puntaje_citas_por_academico_global,5.7,puntaje 0-100,"Citas por académico · QS global 2024, puntaje normalizado",KAI/QS/DatosQS/QS global/2024 QS World University Rankings 1.2 (For qs.com).xlsx,2026-09-25T04:18:50+00:00,archivo del repositorio
qs,Universidad de Talca,2024,,qs_puntaje_academicos_internacionales_global,22.5,puntaje 0-100,"Proporción de académicos internacionales · QS global 2024, puntaje normalizado",KAI/QS/DatosQS/QS global/2024 QS World University Rankings 1.2 (For qs.com).xlsx,2026-09-25T04:18:50+00:00,archivo del repositorio
qs,Universidad de Talca,2024,,qs_puntaje_estudiantes_internacionales_global,1.4,puntaje 0-100,"Proporción de estudiantes internacionales · QS global 2024, puntaje normalizado",KAI/QS/DatosQS/QS global/2024 QS World University Rankings 1.2 (For qs.com).xlsx,2026-09-25T04:18:50+00:00,archivo del repositorio
qs,Universidad de Talca,2024,,qs_puntaje_red_internacional_global,3.8,puntaje 0-100,"Red internacional de investigación · QS global 2024, puntaje normalizado",KAI/QS/DatosQS/QS global/2024 QS World University Rankings 1.2 (For qs.com).xlsx,2026-09-25T04:18:50+00:00,archivo del repositorio
qs,Universidad de Talca,2024,,qs_puntaje_empleabilidad_global,6.8,puntaje 0-100,"Resultados de empleabilidad · QS global 2024, puntaje normalizado",KAI/QS/DatosQS/QS global/2024 QS World University Rankings 1.2 (For qs.com).xlsx,2026-09-25T04:18:50+00:00,archivo del repositorio
qs,Universidad de Talca,2024,,qs_puntaje_sostenibilidad_global,7.0,puntaje 0-100,"Sostenibilidad · QS global 2024, puntaje normalizado",KAI/QS/DatosQS/QS global/2024 QS World University Rankings 1.2 (For qs.com).xlsx,2026-09-25T04:18:50+00:00,archivo del repositorio
qs,Universidad Alberto Hurtado,2024,,qs_puntaje_reputacion_academica_global,8.9,puntaje 0-100,"Encuesta de reputación académica · QS global 2024, puntaje normalizado",KAI/QS/DatosQS/QS global/2024 QS World University Rankings 1.2 (For qs.com).xlsx,2026-09-25T04:18:50+00:00,archivo del repositorio
qs,Universidad Alberto Hurtado,2024,,qs_puntaje_reputacion_empleadores_global,5.4,puntaje 0-100,"Encuesta de reputación entre empleadores · QS global 2024, puntaje normalizado",KAI/QS/DatosQS/QS global/2024 QS World University Rankings 1.2 (For qs.com).xlsx,2026-09-25T04:18:50+00:00,archivo del repositorio
qs,Universidad Alberto Hurtado,2024,,qs_puntaje_ratio_academicos_global,3.1,puntaje 0-100,"Razón de académicos por estudiante · QS global 2024, puntaje normalizado",KAI/QS/DatosQS/QS global/2024 QS World University Rankings 1.2 (For qs.com).xlsx,2026-09-25T04:18:50+00:00,archivo del repositorio
qs,Universidad Alberto Hurtado,2024,,qs_puntaje_citas_por_academico_global,2.9,puntaje 0-100,"Citas por académico · QS global 2024, puntaje normalizado",KAI/QS/DatosQS/QS global/2024 QS World University Rankings 1.2 (For qs.com).xlsx,2026-09-25T04:18:50+00:00,archivo del repositorio
qs,Universidad Alberto Hurtado,2024,,qs_puntaje_academicos_internacionales_global,14.2,puntaje 0-100,"Proporción de académicos internacionales · QS global 2024, puntaje normalizado",KAI/QS/DatosQS/QS global/2024 QS World University Rankings 1.2 (For qs.com).xlsx,2026-09-25T04:18:50+00:00,archivo del repositorio
qs,Universidad Alberto Hurtado,2024,,qs_puntaje_estudiantes_internacionales_global,1.8,puntaje 0-100,"Proporción de estudiantes internacionales · QS global 2024, puntaje normalizado",KAI/QS/DatosQS/QS global/2024 QS World University Rankings 1.2 (For qs.com).xlsx,2026-09-25T04:18:50+00:00,archivo del repositorio
qs,Universidad Alberto Hurtado,2024,,qs_puntaje_red_internacional_global,1.0,puntaje 0-100,"Red internacional de investigación · QS global 2024, puntaje normalizado",KAI/QS/DatosQS/QS global/2024 QS World University Rankings 1.2 (For qs.com).xlsx,2026-09-25T04:18:50+00:00,archivo del repositorio
qs,Universidad Alberto Hurtado,2024,,qs_puntaje_empleabilidad_global,7.8,puntaje 0-100,"Resultados de empleabilidad · QS global 2024, puntaje normalizado",KAI/QS/DatosQS/QS global/2024 QS World University Rankings 1.2 (For qs.com).xlsx,2026-09-25T04:18:50+00:00,archivo del repositorio
qs,Universidad Alberto Hurtado,2024,,qs_puntaje_sostenibilidad_global,1.0,puntaje 0-100,"Sostenibilidad · QS global 2024, puntaje normalizado",KAI/QS/DatosQS/QS global/2024 QS World University Rankings 1.2 (For qs.com).xlsx,2026-09-25T04:18:50+00:00,archivo del repositorio
qs,Universidad Bernardo O'Higgins,2024,,qs_puntaje_reputacion_academica_global,4.9,puntaje 0-100,"Encuesta de reputación académica · QS global 2024, puntaje normalizado",KAI/QS/DatosQS/QS global/2024 QS World University Rankings 1.2 (For qs.com).xlsx,2026-09-25T04:18:50+00:00,archivo del repositorio
qs,Universidad Bernardo O'Higgins,2024,,qs_puntaje_reputacion_empleadores_global,2.8,puntaje 0-100,"Encuesta de reputación entre empleadores · QS global 2024, puntaje normalizado",KAI/QS/DatosQS/QS global/2024 QS World University Rankings 1.2 (For qs.com).xlsx,2026-09-25T04:18:50+00:00,archivo del repositorio
qs,Universidad Bernardo O'Higgins,2024,,qs_puntaje_ratio_academicos_global,9.7,puntaje 0-100,"Razón de académicos por estudiante · QS global 2024, puntaje normalizado",KAI/QS/DatosQS/QS global/2024 QS World University Rankings 1.2 (For qs.com).xlsx,2026-09-25T04:18:50+00:00,archivo del repositorio
qs,Universidad Bernardo O'Higgins,2024,,qs_puntaje_citas_por_academico_global,2.0,puntaje 0-100,"Citas por académico · QS global 2024, puntaje normalizado",KAI/QS/DatosQS/QS global/2024 QS World University Rankings 1.2 (For qs.com).xlsx,2026-09-25T04:18:50+00:00,archivo del repositorio
qs,Universidad Bernardo O'Higgins,2024,,qs_puntaje_academicos_internacionales_global,12.2,puntaje 0-100,"Proporción de académicos internacionales · QS global 2024, puntaje normalizado",KAI/QS/DatosQS/QS global/2024 QS World University Rankings 1.2 (For qs.com).xlsx,2026-09-25T04:18:50+00:00,archivo del repositorio
qs,Universidad Bernardo O'Higgins,2024,,qs_puntaje_estudiantes_internacionales_global,2.0,puntaje 0-100,"Proporción de estudiantes internacionales · QS global 2024, puntaje normalizado",KAI/QS/DatosQS/QS global/2024 QS World University Rankings 1.2 (For qs.com).xlsx,2026-09-25T04:18:50+00:00,archivo del repositorio
qs,Universidad Bernardo O'Higgins,2024,,qs_puntaje_red_internacional_global,1.0,puntaje 0-100,"Red internacional de investigación · QS global 2024, puntaje normalizado",KAI/QS/DatosQS/QS global/2024 QS World University Rankings 1.2 (For qs.com).xlsx,2026-09-25T04:18:50+00:00,archivo del repositorio
qs,Universidad Bernardo O'Higgins,2024,,qs_puntaje_empleabilidad_global,8.3,puntaje 0-100,"Resultados de empleabilidad · QS global 2024, puntaje normalizado",KAI/QS/DatosQS/QS global/2024 QS World University Rankings 1.2 (For qs.com).xlsx,2026-09-25T04:18:50+00:00,archivo del repositorio
qs,Universidad Bernardo O'Higgins,2024,,qs_puntaje_sostenibilidad_global,1.2,puntaje 0-100,"Sostenibilidad · QS global 2024, puntaje normalizado",KAI/QS/DatosQS/QS global/2024 QS World University Rankings 1.2 (For qs.com).xlsx,2026-09-25T04:18:50+00:00,archivo del repositorio
qs,Universidad Catolica de Temuco,2024,,qs_puntaje_reputacion_academica_global,4.3,puntaje 0-100,"Encuesta de reputación académica · QS global 2024, puntaje normalizado",KAI/QS/DatosQS/QS global/2024 QS World University Rankings 1.2 (For qs.com).xlsx,2026-09-25T04:18:50+00:00,archivo del repositorio
qs,Universidad Catolica de Temuco,2024,,qs_puntaje_reputacion_empleadores_global,1.7,puntaje 0-100,"Encuesta de reputación entre empleadores · QS global 2024, puntaje normalizado",KAI/QS/DatosQS/QS global/2024 QS World University Rankings 1.2 (For qs.com).xlsx,2026-09-25T04:18:50+00:00,archivo del repositorio
qs,Universidad Catolica de Temuco,2024,,qs_puntaje_ratio_academicos_global,2.0,puntaje 0-100,"Razón de académicos por estudiante · QS global 2024, puntaje normalizado",KAI/QS/DatosQS/QS global/2024 QS World University Rankings 1.2 (For qs.com).xlsx,2026-09-25T04:18:50+00:00,archivo del repositorio
qs,Universidad Catolica de Temuco,2024,,qs_puntaje_citas_por_academico_global,4.6,puntaje 0-100,"Citas por académico · QS global 2024, puntaje normalizado",KAI/QS/DatosQS/QS global/2024 QS World University Rankings 1.2 (For qs.com).xlsx,2026-09-25T04:18:50+00:00,archivo del repositorio
qs,Universidad Catolica de Temuco,2024,,qs_puntaje_academicos_internacionales_global,36.3,puntaje 0-100,"Proporción de académicos internacionales · QS global 2024, puntaje normalizado",KAI/QS/DatosQS/QS global/2024 QS World University Rankings 1.2 (For qs.com).xlsx,2026-09-25T04:18:50+00:00,archivo del repositorio
qs,Universidad Catolica de Temuco,2024,,qs_puntaje_red_internacional_global,1.1,puntaje 0-100,"Red internacional de investigación · QS global 2024, puntaje normalizado",KAI/QS/DatosQS/QS global/2024 QS World University Rankings 1.2 (For qs.com).xlsx,2026-09-25T04:18:50+00:00,archivo del repositorio
qs,Universidad Catolica de Temuco,2024,,qs_puntaje_empleabilidad_global,4.1,puntaje 0-100,"Resultados de empleabilidad · QS global 2024, puntaje normalizado",KAI/QS/DatosQS/QS global/2024 QS World University Rankings 1.2 (For qs.com).xlsx,2026-09-25T04:18:50+00:00,archivo del repositorio
qs,Universidad Catolica de Temuco,2024,,qs_puntaje_sostenibilidad_global,1.0,puntaje 0-100,"Sostenibilidad · QS global 2024, puntaje normalizado",KAI/QS/DatosQS/QS global/2024 QS World University Rankings 1.2 (For qs.com).xlsx,2026-09-25T04:18:50+00:00,archivo del repositorio
qs,Universidad Catolica del Norte,2024,,qs_puntaje_reputacion_academica_global,4.9,puntaje 0-100,"Encuesta de reputación académica · QS global 2024, puntaje normalizado",KAI/QS/DatosQS/QS global/2024 QS World University Rankings 1.2 (For qs.com).xlsx,2026-09-25T04:18:50+00:00,archivo del repositorio
qs,Universidad Catolica del Norte,2024,,qs_puntaje_reputacion_empleadores_global,3.4,puntaje 0-100,"Encuesta de reputación entre empleadores · QS global 2024, puntaje normalizado",KAI/QS/DatosQS/QS global/2024 QS World University Rankings 1.2 (For qs.com).xlsx,2026-09-25T04:18:50+00:00,archivo del repositorio
qs,Universidad Catolica del Norte,2024,,qs_puntaje_ratio_academicos_global,7.0,puntaje 0-100,"Razón de académicos por estudiante · QS global 2024, puntaje normalizado",KAI/QS/DatosQS/QS global/2024 QS World University Rankings 1.2 (For qs.com).xlsx,2026-09-25T04:18:50+00:00,archivo del repositorio
qs,Universidad Catolica del Norte,2024,,qs_puntaje_citas_por_academico_global,5.8,puntaje 0-100,"Citas por académico · QS global 2024, puntaje normalizado",KAI/QS/DatosQS/QS global/2024 QS World University Rankings 1.2 (For qs.com).xlsx,2026-09-25T04:18:50+00:00,archivo del repositorio
qs,Universidad Catolica del Norte,2024,,qs_puntaje_academicos_internacionales_global,13.8,puntaje 0-100,"Proporción de académicos internacionales · QS global 2024, puntaje normalizado",KAI/QS/DatosQS/QS global/2024 QS World University Rankings 1.2 (For qs.com).xlsx,2026-09-25T04:18:50+00:00,archivo del repositorio
qs,Universidad Catolica del Norte,2024,,qs_puntaje_estudiantes_internacionales_global,2.8,puntaje 0-100,"Proporción de estudiantes internacionales · QS global 2024, puntaje normalizado",KAI/QS/DatosQS/QS global/2024 QS World University Rankings 1.2 (For qs.com).xlsx,2026-09-25T04:18:50+00:00,archivo del repositorio
qs,Universidad Catolica del Norte,2024,,qs_puntaje_red_internacional_global,4.4,puntaje 0-100,"Red internacional de investigación · QS global 2024, puntaje normalizado",KAI/QS/DatosQS/QS global/2024 QS World University Rankings 1.2 (For qs.com).xlsx,2026-09-25T04:18:50+00:00,archivo del repositorio
qs,Universidad Catolica del Norte,2024,,qs_puntaje_empleabilidad_global,4.1,puntaje 0-100,"Resultados de empleabilidad · QS global 2024, puntaje normalizado",KAI/QS/DatosQS/QS global/2024 QS World University Rankings 1.2 (For qs.com).xlsx,2026-09-25T04:18:50+00:00,archivo del repositorio
qs,Universidad Catolica del Norte,2024,,qs_puntaje_sostenibilidad_global,1.2,puntaje 0-100,"Sostenibilidad · QS global 2024, puntaje normalizado",KAI/QS/DatosQS/QS global/2024 QS World University Rankings 1.2 (For qs.com).xlsx,2026-09-25T04:18:50+00:00,archivo del repositorio
qs,Universidad de la Frontera,2024,,qs_puntaje_reputacion_academica_global,9.7,puntaje 0-100,"Encuesta de reputación académica · QS global 2024, puntaje normalizado",KAI/QS/DatosQS/QS global/2024 QS World University Rankings 1.2 (For qs.com).xlsx,2026-09-25T04:18:50+00:00,archivo del repositorio
qs,Universidad de la Frontera,2024,,qs_puntaje_reputacion_empleadores_global,4.4,puntaje 0-100,"Encuesta de reputación entre empleadores · QS global 2024, puntaje normalizado",KAI/QS/DatosQS/QS global/2024 QS World University Rankings 1.2 (For qs.com).xlsx,2026-09-25T04:18:50+00:00,archivo del repositorio
qs,Universidad de la Frontera,2024,,qs_puntaje_ratio_academicos_global,3.6,puntaje 0-100,"Razón de académicos por estudiante · QS global 2024, puntaje normalizado",KAI/QS/DatosQS/QS global/2024 QS World University Rankings 1.2 (For qs.com).xlsx,2026-09-25T04:18:50+00:00,archivo del repositorio
qs,Universidad de la Frontera,2024,,qs_puntaje_citas_por_academico_global,8.5,puntaje 0-100,"Citas por académico · QS global 2024, puntaje normalizado",KAI/QS/DatosQS/QS global/2024 QS World University Rankings 1.2 (For qs.com).xlsx,2026-09-25T04:18:50+00:00,archivo del repositorio
qs,Universidad de la Frontera,2024,,qs_puntaje_academicos_internacionales_global,6.6,puntaje 0-100,"Proporción de académicos internacionales · QS global 2024, puntaje normalizado",KAI/QS/DatosQS/QS global/2024 QS World University Rankings 1.2 (For qs.com).xlsx,2026-09-25T04:18:50+00:00,archivo del repositorio
qs,Universidad de la Frontera,2024,,qs_puntaje_estudiantes_internacionales_global,1.2,puntaje 0-100,"Proporción de estudiantes internacionales · QS global 2024, puntaje normalizado",KAI/QS/DatosQS/QS global/2024 QS World University Rankings 1.2 (For qs.com).xlsx,2026-09-25T04:18:50+00:00,archivo del repositorio
qs,Universidad de la Frontera,2024,,qs_puntaje_red_internacional_global,9.4,puntaje 0-100,"Red internacional de investigación · QS global 2024, puntaje normalizado",KAI/QS/DatosQS/QS global/2024 QS World University Rankings 1.2 (For qs.com).xlsx,2026-09-25T04:18:50+00:00,archivo del repositorio
qs,Universidad de la Frontera,2024,,qs_puntaje_empleabilidad_global,9.0,puntaje 0-100,"Resultados de empleabilidad · QS global 2024, puntaje normalizado",KAI/QS/DatosQS/QS global/2024 QS World University Rankings 1.2 (For qs.com).xlsx,2026-09-25T04:18:50+00:00,archivo del repositorio
qs,Universidad de la Frontera,2024,,qs_puntaje_sostenibilidad_global,2.1,puntaje 0-100,"Sostenibilidad · QS global 2024, puntaje normalizado",KAI/QS/DatosQS/QS global/2024 QS World University Rankings 1.2 (For qs.com).xlsx,2026-09-25T04:18:50+00:00,archivo del repositorio
qs,Universidad de Valparaiso,2024,,qs_puntaje_reputacion_academica_global,10.4,puntaje 0-100,"Encuesta de reputación académica · QS global 2024, puntaje normalizado",KAI/QS/DatosQS/QS global/2024 QS World University Rankings 1.2 (For qs.com).xlsx,2026-09-25T04:18:50+00:00,archivo del repositorio
qs,Universidad de Valparaiso,2024,,qs_puntaje_reputacion_empleadores_global,6.8,puntaje 0-100,"Encuesta de reputación entre empleadores · QS global 2024, puntaje normalizado",KAI/QS/DatosQS/QS global/2024 QS World University Rankings 1.2 (For qs.com).xlsx,2026-09-25T04:18:50+00:00,archivo del repositorio
qs,Universidad de Valparaiso,2024,,qs_puntaje_ratio_academicos_global,7.8,puntaje 0-100,"Razón de académicos por estudiante · QS global 2024, puntaje normalizado",KAI/QS/DatosQS/QS global/2024 QS World University Rankings 1.2 (For qs.com).xlsx,2026-09-25T04:18:50+00:00,archivo del repositorio
qs,Universidad de Valparaiso,2024,,qs_puntaje_citas_por_academico_global,3.5,puntaje 0-100,"Citas por académico · QS global 2024, puntaje normalizado",KAI/QS/DatosQS/QS global/2024 QS World University Rankings 1.2 (For qs.com).xlsx,2026-09-25T04:18:50+00:00,archivo del repositorio
qs,Universidad de Valparaiso,2024,,qs_puntaje_academicos_internacionales_global,7.2,puntaje 0-100,"Proporción de académicos internacionales · QS global 2024, puntaje normalizado",KAI/QS/DatosQS/QS global/2024 QS World University Rankings 1.2 (For qs.com).xlsx,2026-09-25T04:18:50+00:00,archivo del repositorio
qs,Universidad de Valparaiso,2024,,qs_puntaje_estudiantes_internacionales_global,1.8,puntaje 0-100,"Proporción de estudiantes internacionales · QS global 2024, puntaje normalizado",KAI/QS/DatosQS/QS global/2024 QS World University Rankings 1.2 (For qs.com).xlsx,2026-09-25T04:18:50+00:00,archivo del repositorio
qs,Universidad de Valparaiso,2024,,qs_puntaje_red_internacional_global,4.6,puntaje 0-100,"Red internacional de investigación · QS global 2024, puntaje normalizado",KAI/QS/DatosQS/QS global/2024 QS World University Rankings 1.2 (For qs.com).xlsx,2026-09-25T04:18:50+00:00,archivo del repositorio
qs,Universidad de Valparaiso,2024,,qs_puntaje_empleabilidad_global,8.5,puntaje 0-100,"Resultados de empleabilidad · QS global 2024, puntaje normalizado",KAI/QS/DatosQS/QS global/2024 QS World University Rankings 1.2 (For qs.com).xlsx,2026-09-25T04:18:50+00:00,archivo del repositorio
qs,Universidad de Valparaiso,2024,,qs_puntaje_sostenibilidad_global,6.3,puntaje 0-100,"Sostenibilidad · QS global 2024, puntaje normalizado",KAI/QS/DatosQS/QS global/2024 QS World University Rankings 1.2 (For qs.com).xlsx,2026-09-25T04:18:50+00:00,archivo del repositorio
qs,Universidad del Bio-Bio,2024,,qs_puntaje_reputacion_academica_global,8.6,puntaje 0-100,"Encuesta de reputación académica · QS global 2024, puntaje normalizado",KAI/QS/DatosQS/QS global/2024 QS World University Rankings 1.2 (For qs.com).xlsx,2026-09-25T04:18:50+00:00,archivo del repositorio
qs,Universidad del Bio-Bio,2024,,qs_puntaje_reputacion_empleadores_global,4.2,puntaje 0-100,"Encuesta de reputación entre empleadores · QS global 2024, puntaje normalizado",KAI/QS/DatosQS/QS global/2024 QS World University Rankings 1.2 (For qs.com).xlsx,2026-09-25T04:18:50+00:00,archivo del repositorio
qs,Universidad del Bio-Bio,2024,,qs_puntaje_ratio_academicos_global,2.9,puntaje 0-100,"Razón de académicos por estudiante · QS global 2024, puntaje normalizado",KAI/QS/DatosQS/QS global/2024 QS World University Rankings 1.2 (For qs.com).xlsx,2026-09-25T04:18:50+00:00,archivo del repositorio
qs,Universidad del Bio-Bio,2024,,qs_puntaje_citas_por_academico_global,3.8,puntaje 0-100,"Citas por académico · QS global 2024, puntaje normalizado",KAI/QS/DatosQS/QS global/2024 QS World University Rankings 1.2 (For qs.com).xlsx,2026-09-25T04:18:50+00:00,archivo del repositorio
qs,Universidad del Bio-Bio,2024,,qs_puntaje_academicos_internacionales_global,9.7,puntaje 0-100,"Proporción de académicos internacionales · QS global 2024, puntaje normalizado",KAI/QS/DatosQS/QS global/2024 QS World University Rankings 1.2 (For qs.com).xlsx,2026-09-25T04:18:50+00:00,archivo del repositorio
qs,Universidad del Bio-Bio,2024,,qs_puntaje_estudiantes_internacionales_global,1.4,puntaje 0-100,"Proporción de estudiantes internacionales · QS global 2024, puntaje normalizado",KAI/QS/DatosQS/QS global/2024 QS World University Rankings 1.2 (For qs.com).xlsx,2026-09-25T04:18:50+00:00,archivo del repositorio
qs,Universidad del Bio-Bio,2024,,qs_puntaje_red_internacional_global,1.4,puntaje 0-100,"Red internacional de investigación · QS global 2024, puntaje normalizado",KAI/QS/DatosQS/QS global/2024 QS World University Rankings 1.2 (For qs.com).xlsx,2026-09-25T04:18:50+00:00,archivo del repositorio
qs,Universidad del Bio-Bio,2024,,qs_puntaje_empleabilidad_global,4.1,puntaje 0-100,"Resultados de empleabilidad · QS global 2024, puntaje normalizado",KAI/QS/DatosQS/QS global/2024 QS World University Rankings 1.2 (For qs.com).xlsx,2026-09-25T04:18:50+00:00,archivo del repositorio
qs,Universidad del Bio-Bio,2024,,qs_puntaje_sostenibilidad_global,1.1,puntaje 0-100,"Sostenibilidad · QS global 2024, puntaje normalizado",KAI/QS/DatosQS/QS global/2024 QS World University Rankings 1.2 (For qs.com).xlsx,2026-09-25T04:18:50+00:00,archivo del repositorio
qs,Universidad del Desarrollo,2024,,qs_puntaje_reputacion_academica_global,6.6,puntaje 0-100,"Encuesta de reputación académica · QS global 2024, puntaje normalizado",KAI/QS/DatosQS/QS global/2024 QS World University Rankings 1.2 (For qs.com).xlsx,2026-09-25T04:18:50+00:00,archivo del repositorio
qs,Universidad del Desarrollo,2024,,qs_puntaje_reputacion_empleadores_global,14.6,puntaje 0-100,"Encuesta de reputación entre empleadores · QS global 2024, puntaje normalizado",KAI/QS/DatosQS/QS global/2024 QS World University Rankings 1.2 (For qs.com).xlsx,2026-09-25T04:18:50+00:00,archivo del repositorio
qs,Universidad del Desarrollo,2024,,qs_puntaje_ratio_academicos_global,12.9,puntaje 0-100,"Razón de académicos por estudiante · QS global 2024, puntaje normalizado",KAI/QS/DatosQS/QS global/2024 QS World University Rankings 1.2 (For qs.com).xlsx,2026-09-25T04:18:50+00:00,archivo del repositorio
qs,Universidad del Desarrollo,2024,,qs_puntaje_citas_por_academico_global,2.2,puntaje 0-100,"Citas por académico · QS global 2024, puntaje normalizado",KAI/QS/DatosQS/QS global/2024 QS World University Rankings 1.2 (For qs.com).xlsx,2026-09-25T04:18:50+00:00,archivo del repositorio
qs,Universidad del Desarrollo,2024,,qs_puntaje_academicos_internacionales_global,7.6,puntaje 0-100,"Proporción de académicos internacionales · QS global 2024, puntaje normalizado",KAI/QS/DatosQS/QS global/2024 QS World University Rankings 1.2 (For qs.com).xlsx,2026-09-25T04:18:50+00:00,archivo del repositorio
qs,Universidad del Desarrollo,2024,,qs_puntaje_estudiantes_internacionales_global,2.0,puntaje 0-100,"Proporción de estudiantes internacionales · QS global 2024, puntaje normalizado",KAI/QS/DatosQS/QS global/2024 QS World University Rankings 1.2 (For qs.com).xlsx,2026-09-25T04:18:50+00:00,archivo del repositorio
qs,Universidad del Desarrollo,2024,,qs_puntaje_red_internacional_global,1.1,puntaje 0-100,"Red internacional de investigación · QS global 2024, puntaje normalizado",KAI/QS/DatosQS/QS global/2024 QS World University Rankings 1.2 (For qs.com).xlsx,2026-09-25T04:18:50+00:00,archivo del repositorio
qs,Universidad del Desarrollo,2024,,qs_puntaje_empleabilidad_global,8.4,puntaje 0-100,"Resultados de empleabilidad · QS global 2024, puntaje normalizado",KAI/QS/DatosQS/QS global/2024 QS World University Rankings 1.2 (For qs.com).xlsx,2026-09-25T04:18:50+00:00,archivo del repositorio
qs,Universidad del Desarrollo,2024,,qs_puntaje_sostenibilidad_global,3.5,puntaje 0-100,"Sostenibilidad · QS global 2024, puntaje normalizado",KAI/QS/DatosQS/QS global/2024 QS World University Rankings 1.2 (For qs.com).xlsx,2026-09-25T04:18:50+00:00,archivo del repositorio
qs,Universidad Autonoma de Chile,2024,,qs_puntaje_reputacion_academica_global,5.5,puntaje 0-100,"Encuesta de reputación académica · QS global 2024, puntaje normalizado",KAI/QS/DatosQS/QS global/2024 QS World University Rankings 1.2 (For qs.com).xlsx,2026-09-25T04:18:50+00:00,archivo del repositorio
qs,Universidad Autonoma de Chile,2024,,qs_puntaje_reputacion_empleadores_global,2.2,puntaje 0-100,"Encuesta de reputación entre empleadores · QS global 2024, puntaje normalizado",KAI/QS/DatosQS/QS global/2024 QS World University Rankings 1.2 (For qs.com).xlsx,2026-09-25T04:18:50+00:00,archivo del repositorio
qs,Universidad Autonoma de Chile,2024,,qs_puntaje_ratio_academicos_global,4.9,puntaje 0-100,"Razón de académicos por estudiante · QS global 2024, puntaje normalizado",KAI/QS/DatosQS/QS global/2024 QS World University Rankings 1.2 (For qs.com).xlsx,2026-09-25T04:18:50+00:00,archivo del repositorio
qs,Universidad Autonoma de Chile,2024,,qs_puntaje_citas_por_academico_global,2.9,puntaje 0-100,"Citas por académico · QS global 2024, puntaje normalizado",KAI/QS/DatosQS/QS global/2024 QS World University Rankings 1.2 (For qs.com).xlsx,2026-09-25T04:18:50+00:00,archivo del repositorio
qs,Universidad Autonoma de Chile,2024,,qs_puntaje_academicos_internacionales_global,11.1,puntaje 0-100,"Proporción de académicos internacionales · QS global 2024, puntaje normalizado",KAI/QS/DatosQS/QS global/2024 QS World University Rankings 1.2 (For qs.com).xlsx,2026-09-25T04:18:50+00:00,archivo del repositorio
qs,Universidad Autonoma de Chile,2024,,qs_puntaje_estudiantes_internacionales_global,1.4,puntaje 0-100,"Proporción de estudiantes internacionales · QS global 2024, puntaje normalizado",KAI/QS/DatosQS/QS global/2024 QS World University Rankings 1.2 (For qs.com).xlsx,2026-09-25T04:18:50+00:00,archivo del repositorio
qs,Universidad Autonoma de Chile,2024,,qs_puntaje_red_internacional_global,1.9,puntaje 0-100,"Red internacional de investigación · QS global 2024, puntaje normalizado",KAI/QS/DatosQS/QS global/2024 QS World University Rankings 1.2 (For qs.com).xlsx,2026-09-25T04:18:50+00:00,archivo del repositorio
qs,Universidad Autonoma de Chile,2024,,qs_puntaje_empleabilidad_global,8.5,puntaje 0-100,"Resultados de empleabilidad · QS global 2024, puntaje normalizado",KAI/QS/DatosQS/QS global/2024 QS World University Rankings 1.2 (For qs.com).xlsx,2026-09-25T04:18:50+00:00,archivo del repositorio
qs,Universidad Autonoma de Chile,2024,,qs_puntaje_sostenibilidad_global,1.7,puntaje 0-100,"Sostenibilidad · QS global 2024, puntaje normalizado",KAI/QS/DatosQS/QS global/2024 QS World University Rankings 1.2 (For qs.com).xlsx,2026-09-25T04:18:50+00:00,archivo del repositorio
qs,Universidad Catolica de la Santisima Concepcion,2024,,qs_puntaje_reputacion_academica_global,3.7,puntaje 0-100,"Encuesta de reputación académica · QS global 2024, puntaje normalizado",KAI/QS/DatosQS/QS global/2024 QS World University Rankings 1.2 (For qs.com).xlsx,2026-09-25T04:18:50+00:00,archivo del repositorio
qs,Universidad Catolica de la Santisima Concepcion,2024,,qs_puntaje_reputacion_empleadores_global,2.4,puntaje 0-100,"Encuesta de reputación entre empleadores · QS global 2024, puntaje normalizado",KAI/QS/DatosQS/QS global/2024 QS World University Rankings 1.2 (For qs.com).xlsx,2026-09-25T04:18:50+00:00,archivo del repositorio
qs,Universidad Catolica de la Santisima Concepcion,2024,,qs_puntaje_ratio_academicos_global,8.6,puntaje 0-100,"Razón de académicos por estudiante · QS global 2024, puntaje normalizado",KAI/QS/DatosQS/QS global/2024 QS World University Rankings 1.2 (For qs.com).xlsx,2026-09-25T04:18:50+00:00,archivo del repositorio
qs,Universidad Catolica de la Santisima Concepcion,2024,,qs_puntaje_citas_por_academico_global,2.6,puntaje 0-100,"Citas por académico · QS global 2024, puntaje normalizado",KAI/QS/DatosQS/QS global/2024 QS World University Rankings 1.2 (For qs.com).xlsx,2026-09-25T04:18:50+00:00,archivo del repositorio
qs,Universidad Catolica de la Santisima Concepcion,2024,,qs_puntaje_academicos_internacionales_global,5.5,puntaje 0-100,"Proporción de académicos internacionales · QS global 2024, puntaje normalizado",KAI/QS/DatosQS/QS global/2024 QS World University Rankings 1.2 (For qs.com).xlsx,2026-09-25T04:18:50+00:00,archivo del repositorio
qs,Universidad Catolica de la Santisima Concepcion,2024,,qs_puntaje_estudiantes_internacionales_global,1.1,puntaje 0-100,"Proporción de estudiantes internacionales · QS global 2024, puntaje normalizado",KAI/QS/DatosQS/QS global/2024 QS World University Rankings 1.2 (For qs.com).xlsx,2026-09-25T04:18:50+00:00,archivo del repositorio
qs,Universidad Catolica de la Santisima Concepcion,2024,,qs_puntaje_red_internacional_global,1.2,puntaje 0-100,"Red internacional de investigación · QS global 2024, puntaje normalizado",KAI/QS/DatosQS/QS global/2024 QS World University Rankings 1.2 (For qs.com).xlsx,2026-09-25T04:18:50+00:00,archivo del repositorio
qs,Universidad Catolica de la Santisima Concepcion,2024,,qs_puntaje_empleabilidad_global,4.1,puntaje 0-100,"Resultados de empleabilidad · QS global 2024, puntaje normalizado",KAI/QS/DatosQS/QS global/2024 QS World University Rankings 1.2 (For qs.com).xlsx,2026-09-25T04:18:50+00:00,archivo del repositorio
qs,Universidad Catolica de la Santisima Concepcion,2024,,qs_puntaje_sostenibilidad_global,1.4,puntaje 0-100,"Sostenibilidad · QS global 2024, puntaje normalizado",KAI/QS/DatosQS/QS global/2024 QS World University Rankings 1.2 (For qs.com).xlsx,2026-09-25T04:18:50+00:00,archivo del repositorio
qs,Universidad Central de Chile,2024,,qs_puntaje_reputacion_academica_global,4.8,puntaje 0-100,"Encuesta de reputación académica · QS global 2024, puntaje normalizado",KAI/QS/DatosQS/QS global/2024 QS World University Rankings 1.2 (For qs.com).xlsx,2026-09-25T04:18:50+00:00,archivo del repositorio
qs,Universidad Central de Chile,2024,,qs_puntaje_reputacion_empleadores_global,3.2,puntaje 0-100,"Encuesta de reputación entre empleadores · QS global 2024, puntaje normalizado",KAI/QS/DatosQS/QS global/2024 QS World University Rankings 1.2 (For qs.com).xlsx,2026-09-25T04:18:50+00:00,archivo del repositorio
qs,Universidad Central de Chile,2024,,qs_puntaje_ratio_academicos_global,3.2,puntaje 0-100,"Razón de académicos por estudiante · QS global 2024, puntaje normalizado",KAI/QS/DatosQS/QS global/2024 QS World University Rankings 1.2 (For qs.com).xlsx,2026-09-25T04:18:50+00:00,archivo del repositorio
qs,Universidad Central de Chile,2024,,qs_puntaje_citas_por_academico_global,1.7,puntaje 0-100,"Citas por académico · QS global 2024, puntaje normalizado",KAI/QS/DatosQS/QS global/2024 QS World University Rankings 1.2 (For qs.com).xlsx,2026-09-25T04:18:50+00:00,archivo del repositorio
qs,Universidad Central de Chile,2024,,qs_puntaje_academicos_internacionales_global,4.2,puntaje 0-100,"Proporción de académicos internacionales · QS global 2024, puntaje normalizado",KAI/QS/DatosQS/QS global/2024 QS World University Rankings 1.2 (For qs.com).xlsx,2026-09-25T04:18:50+00:00,archivo del repositorio
qs,Universidad Central de Chile,2024,,qs_puntaje_estudiantes_internacionales_global,1.9,puntaje 0-100,"Proporción de estudiantes internacionales · QS global 2024, puntaje normalizado",KAI/QS/DatosQS/QS global/2024 QS World University Rankings 1.2 (For qs.com).xlsx,2026-09-25T04:18:50+00:00,archivo del repositorio
qs,Universidad Central de Chile,2024,,qs_puntaje_red_internacional_global,1.0,puntaje 0-100,"Red internacional de investigación · QS global 2024, puntaje normalizado",KAI/QS/DatosQS/QS global/2024 QS World University Rankings 1.2 (For qs.com).xlsx,2026-09-25T04:18:50+00:00,archivo del repositorio
qs,Universidad Central de Chile,2024,,qs_puntaje_empleabilidad_global,4.1,puntaje 0-100,"Resultados de empleabilidad · QS global 2024, puntaje normalizado",KAI/QS/DatosQS/QS global/2024 QS World University Rankings 1.2 (For qs.com).xlsx,2026-09-25T04:18:50+00:00,archivo del repositorio
qs,Universidad Central de Chile,2024,,qs_puntaje_sostenibilidad_global,1.0,puntaje 0-100,"Sostenibilidad · QS global 2024, puntaje normalizado",KAI/QS/DatosQS/QS global/2024 QS World University Rankings 1.2 (For qs.com).xlsx,2026-09-25T04:18:50+00:00,archivo del repositorio
qs,Universidad de La Serena,2024,,qs_puntaje_reputacion_academica_global,3.9,puntaje 0-100,"Encuesta de reputación académica · QS global 2024, puntaje normalizado",KAI/QS/DatosQS/QS global/2024 QS World University Rankings 1.2 (For qs.com).xlsx,2026-09-25T04:18:50+00:00,archivo del repositorio
qs,Universidad de La Serena,2024,,qs_puntaje_reputacion_empleadores_global,2.0,puntaje 0-100,"Encuesta de reputación entre empleadores · QS global 2024, puntaje normalizado",KAI/QS/DatosQS/QS global/2024 QS World University Rankings 1.2 (For qs.com).xlsx,2026-09-25T04:18:50+00:00,archivo del repositorio
qs,Universidad de La Serena,2024,,qs_puntaje_ratio_academicos_global,3.0,puntaje 0-100,"Razón de académicos por estudiante · QS global 2024, puntaje normalizado",KAI/QS/DatosQS/QS global/2024 QS World University Rankings 1.2 (For qs.com).xlsx,2026-09-25T04:18:50+00:00,archivo del repositorio
qs,Universidad de La Serena,2024,,qs_puntaje_citas_por_academico_global,7.3,puntaje 0-100,"Citas por académico · QS global 2024, puntaje normalizado",KAI/QS/DatosQS/QS global/2024 QS World University Rankings 1.2 (For qs.com).xlsx,2026-09-25T04:18:50+00:00,archivo del repositorio
qs,Universidad de La Serena,2024,,qs_puntaje_academicos_internacionales_global,4.7,puntaje 0-100,"Proporción de académicos internacionales · QS global 2024, puntaje normalizado",KAI/QS/DatosQS/QS global/2024 QS World University Rankings 1.2 (For qs.com).xlsx,2026-09-25T04:18:50+00:00,archivo del repositorio
qs,Universidad de La Serena,2024,,qs_puntaje_estudiantes_internacionales_global,1.3,puntaje 0-100,"Proporción de estudiantes internacionales · QS global 2024, puntaje normalizado",KAI/QS/DatosQS/QS global/2024 QS World University Rankings 1.2 (For qs.com).xlsx,2026-09-25T04:18:50+00:00,archivo del repositorio
qs,Universidad de La Serena,2024,,qs_puntaje_red_internacional_global,1.0,puntaje 0-100,"Red internacional de investigación · QS global 2024, puntaje normalizado",KAI/QS/DatosQS/QS global/2024 QS World University Rankings 1.2 (For qs.com).xlsx,2026-09-25T04:18:50+00:00,archivo del repositorio
qs,Universidad de La Serena,2024,,qs_puntaje_empleabilidad_global,7.7,puntaje 0-100,"Resultados de empleabilidad · QS global 2024, puntaje normalizado",KAI/QS/DatosQS/QS global/2024 QS World University Rankings 1.2 (For qs.com).xlsx,2026-09-25T04:18:50+00:00,archivo del repositorio
qs,Universidad de La Serena,2024,,qs_puntaje_sostenibilidad_global,1.2,puntaje 0-100,"Sostenibilidad · QS global 2024, puntaje normalizado",KAI/QS/DatosQS/QS global/2024 QS World University Rankings 1.2 (For qs.com).xlsx,2026-09-25T04:18:50+00:00,archivo del repositorio
qs,Universidad de Tarapaca,2024,,qs_puntaje_reputacion_academica_global,3.6,puntaje 0-100,"Encuesta de reputación académica · QS global 2024, puntaje normalizado",KAI/QS/DatosQS/QS global/2024 QS World University Rankings 1.2 (For qs.com).xlsx,2026-09-25T04:18:50+00:00,archivo del repositorio
qs,Universidad de Tarapaca,2024,,qs_puntaje_reputacion_empleadores_global,2.3,puntaje 0-100,"Encuesta de reputación entre empleadores · QS global 2024, puntaje normalizado",KAI/QS/DatosQS/QS global/2024 QS World University Rankings 1.2 (For qs.com).xlsx,2026-09-25T04:18:50+00:00,archivo del repositorio
qs,Universidad de Tarapaca,2024,,qs_puntaje_ratio_academicos_global,2.1,puntaje 0-100,"Razón de académicos por estudiante · QS global 2024, puntaje normalizado",KAI/QS/DatosQS/QS global/2024 QS World University Rankings 1.2 (For qs.com).xlsx,2026-09-25T04:18:50+00:00,archivo del repositorio
qs,Universidad de Tarapaca,2024,,qs_puntaje_citas_por_academico_global,8.0,puntaje 0-100,"Citas por académico · QS global 2024, puntaje normalizado",KAI/QS/DatosQS/QS global/2024 QS World University Rankings 1.2 (For qs.com).xlsx,2026-09-25T04:18:50+00:00,archivo del repositorio
qs,Universidad de Tarapaca,2024,,qs_puntaje_red_internacional_global,2.6,puntaje 0-100,"Red internacional de investigación · QS global 2024, puntaje normalizado",KAI/QS/DatosQS/QS global/2024 QS World University Rankings 1.2 (For qs.com).xlsx,2026-09-25T04:18:50+00:00,archivo del repositorio
qs,Universidad de Tarapaca,2024,,qs_puntaje_empleabilidad_global,4.1,puntaje 0-100,"Resultados de empleabilidad · QS global 2024, puntaje normalizado",KAI/QS/DatosQS/QS global/2024 QS World University Rankings 1.2 (For qs.com).xlsx,2026-09-25T04:18:50+00:00,archivo del repositorio
qs,Universidad de Tarapaca,2024,,qs_puntaje_sostenibilidad_global,1.0,puntaje 0-100,"Sostenibilidad · QS global 2024, puntaje normalizado",KAI/QS/DatosQS/QS global/2024 QS World University Rankings 1.2 (For qs.com).xlsx,2026-09-25T04:18:50+00:00,archivo del repositorio
qs,Pontificia Universidad Catolica de Chile,2025,,qs_puntaje_reputacion_academica_global,93.7,puntaje 0-100,"Encuesta de reputación académica · QS global 2025, puntaje normalizado",KAI/QS/DatosQS/QS global/2025 QS World University Rankings 2.2 (For qs.com).xlsx,2026-09-25T04:18:50+00:00,archivo del repositorio
qs,Pontificia Universidad Catolica de Chile,2025,,qs_puntaje_reputacion_empleadores_global,98.0,puntaje 0-100,"Encuesta de reputación entre empleadores · QS global 2025, puntaje normalizado",KAI/QS/DatosQS/QS global/2025 QS World University Rankings 2.2 (For qs.com).xlsx,2026-09-25T04:18:50+00:00,archivo del repositorio
qs,Pontificia Universidad Catolica de Chile,2025,,qs_puntaje_ratio_academicos_global,23.7,puntaje 0-100,"Razón de académicos por estudiante · QS global 2025, puntaje normalizado",KAI/QS/DatosQS/QS global/2025 QS World University Rankings 2.2 (For qs.com).xlsx,2026-09-25T04:18:50+00:00,archivo del repositorio
qs,Pontificia Universidad Catolica de Chile,2025,,qs_puntaje_citas_por_academico_global,8.8,puntaje 0-100,"Citas por académico · QS global 2025, puntaje normalizado",KAI/QS/DatosQS/QS global/2025 QS World University Rankings 2.2 (For qs.com).xlsx,2026-09-25T04:18:50+00:00,archivo del repositorio
qs,Pontificia Universidad Catolica de Chile,2025,,qs_puntaje_academicos_internacionales_global,26.0,puntaje 0-100,"Proporción de académicos internacionales · QS global 2025, puntaje normalizado",KAI/QS/DatosQS/QS global/2025 QS World University Rankings 2.2 (For qs.com).xlsx,2026-09-25T04:18:50+00:00,archivo del repositorio
qs,Pontificia Universidad Catolica de Chile,2025,,qs_puntaje_estudiantes_internacionales_global,3.7,puntaje 0-100,"Proporción de estudiantes internacionales · QS global 2025, puntaje normalizado",KAI/QS/DatosQS/QS global/2025 QS World University Rankings 2.2 (For qs.com).xlsx,2026-09-25T04:18:50+00:00,archivo del repositorio
qs,Pontificia Universidad Catolica de Chile,2025,,qs_puntaje_red_internacional_global,82.5,puntaje 0-100,"Red internacional de investigación · QS global 2025, puntaje normalizado",KAI/QS/DatosQS/QS global/2025 QS World University Rankings 2.2 (For qs.com).xlsx,2026-09-25T04:18:50+00:00,archivo del repositorio
qs,Pontificia Universidad Catolica de Chile,2025,,qs_puntaje_empleabilidad_global,99.9,puntaje 0-100,"Resultados de empleabilidad · QS global 2025, puntaje normalizado",KAI/QS/DatosQS/QS global/2025 QS World University Rankings 2.2 (For qs.com).xlsx,2026-09-25T04:18:50+00:00,archivo del repositorio
qs,Pontificia Universidad Catolica de Chile,2025,,qs_puntaje_sostenibilidad_global,79.3,puntaje 0-100,"Sostenibilidad · QS global 2025, puntaje normalizado",KAI/QS/DatosQS/QS global/2025 QS World University Rankings 2.2 (For qs.com).xlsx,2026-09-25T04:18:50+00:00,archivo del repositorio
qs,Pontificia Universidad Catolica de Chile,2025,,qs_puntaje_global_global,61.5,puntaje 0-100,"Puntaje global de la edición · QS global 2025, puntaje normalizado",KAI/QS/DatosQS/QS global/2025 QS World University Rankings 2.2 (For qs.com).xlsx,2026-09-25T04:18:50+00:00,archivo del repositorio
qs,Universidad de Chile,2025,,qs_puntaje_reputacion_academica_global,82.8,puntaje 0-100,"Encuesta de reputación académica · QS global 2025, puntaje normalizado",KAI/QS/DatosQS/QS global/2025 QS World University Rankings 2.2 (For qs.com).xlsx,2026-09-25T04:18:50+00:00,archivo del repositorio
qs,Universidad de Chile,2025,,qs_puntaje_reputacion_empleadores_global,90.0,puntaje 0-100,"Encuesta de reputación entre empleadores · QS global 2025, puntaje normalizado",KAI/QS/DatosQS/QS global/2025 QS World University Rankings 2.2 (For qs.com).xlsx,2026-09-25T04:18:50+00:00,archivo del repositorio
qs,Universidad de Chile,2025,,qs_puntaje_ratio_academicos_global,8.0,puntaje 0-100,"Razón de académicos por estudiante · QS global 2025, puntaje normalizado",KAI/QS/DatosQS/QS global/2025 QS World University Rankings 2.2 (For qs.com).xlsx,2026-09-25T04:18:50+00:00,archivo del repositorio
qs,Universidad de Chile,2025,,qs_puntaje_citas_por_academico_global,11.2,puntaje 0-100,"Citas por académico · QS global 2025, puntaje normalizado",KAI/QS/DatosQS/QS global/2025 QS World University Rankings 2.2 (For qs.com).xlsx,2026-09-25T04:18:50+00:00,archivo del repositorio
qs,Universidad de Chile,2025,,qs_puntaje_academicos_internacionales_global,8.5,puntaje 0-100,"Proporción de académicos internacionales · QS global 2025, puntaje normalizado",KAI/QS/DatosQS/QS global/2025 QS World University Rankings 2.2 (For qs.com).xlsx,2026-09-25T04:18:50+00:00,archivo del repositorio
qs,Universidad de Chile,2025,,qs_puntaje_estudiantes_internacionales_global,4.5,puntaje 0-100,"Proporción de estudiantes internacionales · QS global 2025, puntaje normalizado",KAI/QS/DatosQS/QS global/2025 QS World University Rankings 2.2 (For qs.com).xlsx,2026-09-25T04:18:50+00:00,archivo del repositorio
qs,Universidad de Chile,2025,,qs_puntaje_red_internacional_global,77.1,puntaje 0-100,"Red internacional de investigación · QS global 2025, puntaje normalizado",KAI/QS/DatosQS/QS global/2025 QS World University Rankings 2.2 (For qs.com).xlsx,2026-09-25T04:18:50+00:00,archivo del repositorio
qs,Universidad de Chile,2025,,qs_puntaje_empleabilidad_global,96.1,puntaje 0-100,"Resultados de empleabilidad · QS global 2025, puntaje normalizado",KAI/QS/DatosQS/QS global/2025 QS World University Rankings 2.2 (For qs.com).xlsx,2026-09-25T04:18:50+00:00,archivo del repositorio
qs,Universidad de Chile,2025,,qs_puntaje_sostenibilidad_global,64.1,puntaje 0-100,"Sostenibilidad · QS global 2025, puntaje normalizado",KAI/QS/DatosQS/QS global/2025 QS World University Rankings 2.2 (For qs.com).xlsx,2026-09-25T04:18:50+00:00,archivo del repositorio
qs,Universidad de Chile,2025,,qs_puntaje_global_global,53.7,puntaje 0-100,"Puntaje global de la edición · QS global 2025, puntaje normalizado",KAI/QS/DatosQS/QS global/2025 QS World University Rankings 2.2 (For qs.com).xlsx,2026-09-25T04:18:50+00:00,archivo del repositorio
qs,Universidad de Santiago de Chile,2025,,qs_puntaje_reputacion_academica_global,43.4,puntaje 0-100,"Encuesta de reputación académica · QS global 2025, puntaje normalizado",KAI/QS/DatosQS/QS global/2025 QS World University Rankings 2.2 (For qs.com).xlsx,2026-09-25T04:18:50+00:00,archivo del repositorio
qs,Universidad de Santiago de Chile,2025,,qs_puntaje_reputacion_empleadores_global,55.0,puntaje 0-100,"Encuesta de reputación entre empleadores · QS global 2025, puntaje normalizado",KAI/QS/DatosQS/QS global/2025 QS World University Rankings 2.2 (For qs.com).xlsx,2026-09-25T04:18:50+00:00,archivo del repositorio
qs,Universidad de Santiago de Chile,2025,,qs_puntaje_ratio_academicos_global,7.2,puntaje 0-100,"Razón de académicos por estudiante · QS global 2025, puntaje normalizado",KAI/QS/DatosQS/QS global/2025 QS World University Rankings 2.2 (For qs.com).xlsx,2026-09-25T04:18:50+00:00,archivo del repositorio
qs,Universidad de Santiago de Chile,2025,,qs_puntaje_citas_por_academico_global,4.2,puntaje 0-100,"Citas por académico · QS global 2025, puntaje normalizado",KAI/QS/DatosQS/QS global/2025 QS World University Rankings 2.2 (For qs.com).xlsx,2026-09-25T04:18:50+00:00,archivo del repositorio
qs,Universidad de Santiago de Chile,2025,,qs_puntaje_academicos_internacionales_global,6.3,puntaje 0-100,"Proporción de académicos internacionales · QS global 2025, puntaje normalizado",KAI/QS/DatosQS/QS global/2025 QS World University Rankings 2.2 (For qs.com).xlsx,2026-09-25T04:18:50+00:00,archivo del repositorio
qs,Universidad de Santiago de Chile,2025,,qs_puntaje_estudiantes_internacionales_global,2.2,puntaje 0-100,"Proporción de estudiantes internacionales · QS global 2025, puntaje normalizado",KAI/QS/DatosQS/QS global/2025 QS World University Rankings 2.2 (For qs.com).xlsx,2026-09-25T04:18:50+00:00,archivo del repositorio
qs,Universidad de Santiago de Chile,2025,,qs_puntaje_red_internacional_global,51.1,puntaje 0-100,"Red internacional de investigación · QS global 2025, puntaje normalizado",KAI/QS/DatosQS/QS global/2025 QS World University Rankings 2.2 (For qs.com).xlsx,2026-09-25T04:18:50+00:00,archivo del repositorio
qs,Universidad de Santiago de Chile,2025,,qs_puntaje_empleabilidad_global,12.7,puntaje 0-100,"Resultados de empleabilidad · QS global 2025, puntaje normalizado",KAI/QS/DatosQS/QS global/2025 QS World University Rankings 2.2 (For qs.com).xlsx,2026-09-25T04:18:50+00:00,archivo del repositorio
qs,Universidad de Santiago de Chile,2025,,qs_puntaje_sostenibilidad_global,11.2,puntaje 0-100,"Sostenibilidad · QS global 2025, puntaje normalizado",KAI/QS/DatosQS/QS global/2025 QS World University Rankings 2.2 (For qs.com).xlsx,2026-09-25T04:18:50+00:00,archivo del repositorio
qs,Universidad de Santiago de Chile,2025,,qs_puntaje_global_global,26.1,puntaje 0-100,"Puntaje global de la edición · QS global 2025, puntaje normalizado",KAI/QS/DatosQS/QS global/2025 QS World University Rankings 2.2 (For qs.com).xlsx,2026-09-25T04:18:50+00:00,archivo del repositorio
qs,Universidad Adolfo Ibanez,2025,,qs_puntaje_reputacion_academica_global,20.6,puntaje 0-100,"Encuesta de reputación académica · QS global 2025, puntaje normalizado",KAI/QS/DatosQS/QS global/2025 QS World University Rankings 2.2 (For qs.com).xlsx,2026-09-25T04:18:50+00:00,archivo del repositorio
qs,Universidad Adolfo Ibanez,2025,,qs_puntaje_reputacion_empleadores_global,57.0,puntaje 0-100,"Encuesta de reputación entre empleadores · QS global 2025, puntaje normalizado",KAI/QS/DatosQS/QS global/2025 QS World University Rankings 2.2 (For qs.com).xlsx,2026-09-25T04:18:50+00:00,archivo del repositorio
qs,Universidad Adolfo Ibanez,2025,,qs_puntaje_ratio_academicos_global,4.7,puntaje 0-100,"Razón de académicos por estudiante · QS global 2025, puntaje normalizado",KAI/QS/DatosQS/QS global/2025 QS World University Rankings 2.2 (For qs.com).xlsx,2026-09-25T04:18:50+00:00,archivo del repositorio
qs,Universidad Adolfo Ibanez,2025,,qs_puntaje_citas_por_academico_global,4.6,puntaje 0-100,"Citas por académico · QS global 2025, puntaje normalizado",KAI/QS/DatosQS/QS global/2025 QS World University Rankings 2.2 (For qs.com).xlsx,2026-09-25T04:18:50+00:00,archivo del repositorio
qs,Universidad Adolfo Ibanez,2025,,qs_puntaje_academicos_internacionales_global,36.9,puntaje 0-100,"Proporción de académicos internacionales · QS global 2025, puntaje normalizado",KAI/QS/DatosQS/QS global/2025 QS World University Rankings 2.2 (For qs.com).xlsx,2026-09-25T04:18:50+00:00,archivo del repositorio
qs,Universidad Adolfo Ibanez,2025,,qs_puntaje_estudiantes_internacionales_global,3.9,puntaje 0-100,"Proporción de estudiantes internacionales · QS global 2025, puntaje normalizado",KAI/QS/DatosQS/QS global/2025 QS World University Rankings 2.2 (For qs.com).xlsx,2026-09-25T04:18:50+00:00,archivo del repositorio
qs,Universidad Adolfo Ibanez,2025,,qs_puntaje_red_internacional_global,31.5,puntaje 0-100,"Red internacional de investigación · QS global 2025, puntaje normalizado",KAI/QS/DatosQS/QS global/2025 QS World University Rankings 2.2 (For qs.com).xlsx,2026-09-25T04:18:50+00:00,archivo del repositorio
qs,Universidad Adolfo Ibanez,2025,,qs_puntaje_empleabilidad_global,53.3,puntaje 0-100,"Resultados de empleabilidad · QS global 2025, puntaje normalizado",KAI/QS/DatosQS/QS global/2025 QS World University Rankings 2.2 (For qs.com).xlsx,2026-09-25T04:18:50+00:00,archivo del repositorio
qs,Universidad Adolfo Ibanez,2025,,qs_puntaje_sostenibilidad_global,2.0,puntaje 0-100,"Sostenibilidad · QS global 2025, puntaje normalizado",KAI/QS/DatosQS/QS global/2025 QS World University Rankings 2.2 (For qs.com).xlsx,2026-09-25T04:18:50+00:00,archivo del repositorio
qs,Universidad Adolfo Ibanez,2025,,qs_puntaje_global_global,21.4,puntaje 0-100,"Puntaje global de la edición · QS global 2025, puntaje normalizado",KAI/QS/DatosQS/QS global/2025 QS World University Rankings 2.2 (For qs.com).xlsx,2026-09-25T04:18:50+00:00,archivo del repositorio
qs,Universidad de Concepcion,2025,,qs_puntaje_reputacion_academica_global,26.2,puntaje 0-100,"Encuesta de reputación académica · QS global 2025, puntaje normalizado",KAI/QS/DatosQS/QS global/2025 QS World University Rankings 2.2 (For qs.com).xlsx,2026-09-25T04:18:50+00:00,archivo del repositorio
qs,Universidad de Concepcion,2025,,qs_puntaje_reputacion_empleadores_global,22.4,puntaje 0-100,"Encuesta de reputación entre empleadores · QS global 2025, puntaje normalizado",KAI/QS/DatosQS/QS global/2025 QS World University Rankings 2.2 (For qs.com).xlsx,2026-09-25T04:18:50+00:00,archivo del repositorio
qs,Universidad de Concepcion,2025,,qs_puntaje_ratio_academicos_global,14.8,puntaje 0-100,"Razón de académicos por estudiante · QS global 2025, puntaje normalizado",KAI/QS/DatosQS/QS global/2025 QS World University Rankings 2.2 (For qs.com).xlsx,2026-09-25T04:18:50+00:00,archivo del repositorio
qs,Universidad de Concepcion,2025,,qs_puntaje_citas_por_academico_global,6.7,puntaje 0-100,"Citas por académico · QS global 2025, puntaje normalizado",KAI/QS/DatosQS/QS global/2025 QS World University Rankings 2.2 (For qs.com).xlsx,2026-09-25T04:18:50+00:00,archivo del repositorio
qs,Universidad de Concepcion,2025,,qs_puntaje_academicos_internacionales_global,10.6,puntaje 0-100,"Proporción de académicos internacionales · QS global 2025, puntaje normalizado",KAI/QS/DatosQS/QS global/2025 QS World University Rankings 2.2 (For qs.com).xlsx,2026-09-25T04:18:50+00:00,archivo del repositorio
qs,Universidad de Concepcion,2025,,qs_puntaje_estudiantes_internacionales_global,1.7,puntaje 0-100,"Proporción de estudiantes internacionales · QS global 2025, puntaje normalizado",KAI/QS/DatosQS/QS global/2025 QS World University Rankings 2.2 (For qs.com).xlsx,2026-09-25T04:18:50+00:00,archivo del repositorio
qs,Universidad de Concepcion,2025,,qs_puntaje_red_internacional_global,61.1,puntaje 0-100,"Red internacional de investigación · QS global 2025, puntaje normalizado",KAI/QS/DatosQS/QS global/2025 QS World University Rankings 2.2 (For qs.com).xlsx,2026-09-25T04:18:50+00:00,archivo del repositorio
qs,Universidad de Concepcion,2025,,qs_puntaje_empleabilidad_global,12.5,puntaje 0-100,"Resultados de empleabilidad · QS global 2025, puntaje normalizado",KAI/QS/DatosQS/QS global/2025 QS World University Rankings 2.2 (For qs.com).xlsx,2026-09-25T04:18:50+00:00,archivo del repositorio
qs,Universidad de Concepcion,2025,,qs_puntaje_sostenibilidad_global,45.9,puntaje 0-100,"Sostenibilidad · QS global 2025, puntaje normalizado",KAI/QS/DatosQS/QS global/2025 QS World University Rankings 2.2 (For qs.com).xlsx,2026-09-25T04:18:50+00:00,archivo del repositorio
qs,Pontificia Universidad Catolica de Valparaiso,2025,,qs_puntaje_reputacion_academica_global,27.0,puntaje 0-100,"Encuesta de reputación académica · QS global 2025, puntaje normalizado",KAI/QS/DatosQS/QS global/2025 QS World University Rankings 2.2 (For qs.com).xlsx,2026-09-25T04:18:50+00:00,archivo del repositorio
qs,Pontificia Universidad Catolica de Valparaiso,2025,,qs_puntaje_reputacion_empleadores_global,24.4,puntaje 0-100,"Encuesta de reputación entre empleadores · QS global 2025, puntaje normalizado",KAI/QS/DatosQS/QS global/2025 QS World University Rankings 2.2 (For qs.com).xlsx,2026-09-25T04:18:50+00:00,archivo del repositorio
qs,Pontificia Universidad Catolica de Valparaiso,2025,,qs_puntaje_ratio_academicos_global,4.7,puntaje 0-100,"Razón de académicos por estudiante · QS global 2025, puntaje normalizado",KAI/QS/DatosQS/QS global/2025 QS World University Rankings 2.2 (For qs.com).xlsx,2026-09-25T04:18:50+00:00,archivo del repositorio
qs,Pontificia Universidad Catolica de Valparaiso,2025,,qs_puntaje_citas_por_academico_global,6.6,puntaje 0-100,"Citas por académico · QS global 2025, puntaje normalizado",KAI/QS/DatosQS/QS global/2025 QS World University Rankings 2.2 (For qs.com).xlsx,2026-09-25T04:18:50+00:00,archivo del repositorio
qs,Pontificia Universidad Catolica de Valparaiso,2025,,qs_puntaje_academicos_internacionales_global,11.3,puntaje 0-100,"Proporción de académicos internacionales · QS global 2025, puntaje normalizado",KAI/QS/DatosQS/QS global/2025 QS World University Rankings 2.2 (For qs.com).xlsx,2026-09-25T04:18:50+00:00,archivo del repositorio
qs,Pontificia Universidad Catolica de Valparaiso,2025,,qs_puntaje_estudiantes_internacionales_global,1.6,puntaje 0-100,"Proporción de estudiantes internacionales · QS global 2025, puntaje normalizado",KAI/QS/DatosQS/QS global/2025 QS World University Rankings 2.2 (For qs.com).xlsx,2026-09-25T04:18:50+00:00,archivo del repositorio
qs,Pontificia Universidad Catolica de Valparaiso,2025,,qs_puntaje_red_internacional_global,39.9,puntaje 0-100,"Red internacional de investigación · QS global 2025, puntaje normalizado",KAI/QS/DatosQS/QS global/2025 QS World University Rankings 2.2 (For qs.com).xlsx,2026-09-25T04:18:50+00:00,archivo del repositorio
qs,Pontificia Universidad Catolica de Valparaiso,2025,,qs_puntaje_empleabilidad_global,8.7,puntaje 0-100,"Resultados de empleabilidad · QS global 2025, puntaje normalizado",KAI/QS/DatosQS/QS global/2025 QS World University Rankings 2.2 (For qs.com).xlsx,2026-09-25T04:18:50+00:00,archivo del repositorio
qs,Pontificia Universidad Catolica de Valparaiso,2025,,qs_puntaje_sostenibilidad_global,1.6,puntaje 0-100,"Sostenibilidad · QS global 2025, puntaje normalizado",KAI/QS/DatosQS/QS global/2025 QS World University Rankings 2.2 (For qs.com).xlsx,2026-09-25T04:18:50+00:00,archivo del repositorio
qs,Universidad de los Andes,2025,,qs_puntaje_reputacion_academica_global,16.4,puntaje 0-100,"Encuesta de reputación académica · QS global 2025, puntaje normalizado",KAI/QS/DatosQS/QS global/2025 QS World University Rankings 2.2 (For qs.com).xlsx,2026-09-25T04:18:50+00:00,archivo del repositorio
qs,Universidad de los Andes,2025,,qs_puntaje_reputacion_empleadores_global,18.1,puntaje 0-100,"Encuesta de reputación entre empleadores · QS global 2025, puntaje normalizado",KAI/QS/DatosQS/QS global/2025 QS World University Rankings 2.2 (For qs.com).xlsx,2026-09-25T04:18:50+00:00,archivo del repositorio
qs,Universidad de los Andes,2025,,qs_puntaje_ratio_academicos_global,8.4,puntaje 0-100,"Razón de académicos por estudiante · QS global 2025, puntaje normalizado",KAI/QS/DatosQS/QS global/2025 QS World University Rankings 2.2 (For qs.com).xlsx,2026-09-25T04:18:50+00:00,archivo del repositorio
qs,Universidad de los Andes,2025,,qs_puntaje_citas_por_academico_global,2.8,puntaje 0-100,"Citas por académico · QS global 2025, puntaje normalizado",KAI/QS/DatosQS/QS global/2025 QS World University Rankings 2.2 (For qs.com).xlsx,2026-09-25T04:18:50+00:00,archivo del repositorio
qs,Universidad de los Andes,2025,,qs_puntaje_academicos_internacionales_global,12.2,puntaje 0-100,"Proporción de académicos internacionales · QS global 2025, puntaje normalizado",KAI/QS/DatosQS/QS global/2025 QS World University Rankings 2.2 (For qs.com).xlsx,2026-09-25T04:18:50+00:00,archivo del repositorio
qs,Universidad de los Andes,2025,,qs_puntaje_estudiantes_internacionales_global,2.0,puntaje 0-100,"Proporción de estudiantes internacionales · QS global 2025, puntaje normalizado",KAI/QS/DatosQS/QS global/2025 QS World University Rankings 2.2 (For qs.com).xlsx,2026-09-25T04:18:50+00:00,archivo del repositorio
qs,Universidad de los Andes,2025,,qs_puntaje_red_internacional_global,22.6,puntaje 0-100,"Red internacional de investigación · QS global 2025, puntaje normalizado",KAI/QS/DatosQS/QS global/2025 QS World University Rankings 2.2 (For qs.com).xlsx,2026-09-25T04:18:50+00:00,archivo del repositorio
qs,Universidad de los Andes,2025,,qs_puntaje_empleabilidad_global,38.6,puntaje 0-100,"Resultados de empleabilidad · QS global 2025, puntaje normalizado",KAI/QS/DatosQS/QS global/2025 QS World University Rankings 2.2 (For qs.com).xlsx,2026-09-25T04:18:50+00:00,archivo del repositorio
qs,Universidad de los Andes,2025,,qs_puntaje_sostenibilidad_global,1.2,puntaje 0-100,"Sostenibilidad · QS global 2025, puntaje normalizado",KAI/QS/DatosQS/QS global/2025 QS World University Rankings 2.2 (For qs.com).xlsx,2026-09-25T04:18:50+00:00,archivo del repositorio
qs,Universidad Tecnica Federico Santa Maria,2025,,qs_puntaje_reputacion_academica_global,9.8,puntaje 0-100,"Encuesta de reputación académica · QS global 2025, puntaje normalizado",KAI/QS/DatosQS/QS global/2025 QS World University Rankings 2.2 (For qs.com).xlsx,2026-09-25T04:18:50+00:00,archivo del repositorio
qs,Universidad Tecnica Federico Santa Maria,2025,,qs_puntaje_reputacion_empleadores_global,33.0,puntaje 0-100,"Encuesta de reputación entre empleadores · QS global 2025, puntaje normalizado",KAI/QS/DatosQS/QS global/2025 QS World University Rankings 2.2 (For qs.com).xlsx,2026-09-25T04:18:50+00:00,archivo del repositorio
qs,Universidad Tecnica Federico Santa Maria,2025,,qs_puntaje_ratio_academicos_global,3.2,puntaje 0-100,"Razón de académicos por estudiante · QS global 2025, puntaje normalizado",KAI/QS/DatosQS/QS global/2025 QS World University Rankings 2.2 (For qs.com).xlsx,2026-09-25T04:18:50+00:00,archivo del repositorio
qs,Universidad Tecnica Federico Santa Maria,2025,,qs_puntaje_citas_por_academico_global,5.0,puntaje 0-100,"Citas por académico · QS global 2025, puntaje normalizado",KAI/QS/DatosQS/QS global/2025 QS World University Rankings 2.2 (For qs.com).xlsx,2026-09-25T04:18:50+00:00,archivo del repositorio
qs,Universidad Tecnica Federico Santa Maria,2025,,qs_puntaje_academicos_internacionales_global,13.8,puntaje 0-100,"Proporción de académicos internacionales · QS global 2025, puntaje normalizado",KAI/QS/DatosQS/QS global/2025 QS World University Rankings 2.2 (For qs.com).xlsx,2026-09-25T04:18:50+00:00,archivo del repositorio
qs,Universidad Tecnica Federico Santa Maria,2025,,qs_puntaje_estudiantes_internacionales_global,1.6,puntaje 0-100,"Proporción de estudiantes internacionales · QS global 2025, puntaje normalizado",KAI/QS/DatosQS/QS global/2025 QS World University Rankings 2.2 (For qs.com).xlsx,2026-09-25T04:18:50+00:00,archivo del repositorio
qs,Universidad Tecnica Federico Santa Maria,2025,,qs_puntaje_red_internacional_global,41.6,puntaje 0-100,"Red internacional de investigación · QS global 2025, puntaje normalizado",KAI/QS/DatosQS/QS global/2025 QS World University Rankings 2.2 (For qs.com).xlsx,2026-09-25T04:18:50+00:00,archivo del repositorio
qs,Universidad Tecnica Federico Santa Maria,2025,,qs_puntaje_empleabilidad_global,13.1,puntaje 0-100,"Resultados de empleabilidad · QS global 2025, puntaje normalizado",KAI/QS/DatosQS/QS global/2025 QS World University Rankings 2.2 (For qs.com).xlsx,2026-09-25T04:18:50+00:00,archivo del repositorio
qs,Universidad Tecnica Federico Santa Maria,2025,,qs_puntaje_sostenibilidad_global,7.6,puntaje 0-100,"Sostenibilidad · QS global 2025, puntaje normalizado",KAI/QS/DatosQS/QS global/2025 QS World University Rankings 2.2 (For qs.com).xlsx,2026-09-25T04:18:50+00:00,archivo del repositorio
qs,Universidad Andres Bello,2025,,qs_puntaje_reputacion_academica_global,12.3,puntaje 0-100,"Encuesta de reputación académica · QS global 2025, puntaje normalizado",KAI/QS/DatosQS/QS global/2025 QS World University Rankings 2.2 (For qs.com).xlsx,2026-09-25T04:18:50+00:00,archivo del repositorio
qs,Universidad Andres Bello,2025,,qs_puntaje_reputacion_empleadores_global,7.4,puntaje 0-100,"Encuesta de reputación entre empleadores · QS global 2025, puntaje normalizado",KAI/QS/DatosQS/QS global/2025 QS World University Rankings 2.2 (For qs.com).xlsx,2026-09-25T04:18:50+00:00,archivo del repositorio
qs,Universidad Andres Bello,2025,,qs_puntaje_ratio_academicos_global,6.9,puntaje 0-100,"Razón de académicos por estudiante · QS global 2025, puntaje normalizado",KAI/QS/DatosQS/QS global/2025 QS World University Rankings 2.2 (For qs.com).xlsx,2026-09-25T04:18:50+00:00,archivo del repositorio
qs,Universidad Andres Bello,2025,,qs_puntaje_citas_por_academico_global,2.3,puntaje 0-100,"Citas por académico · QS global 2025, puntaje normalizado",KAI/QS/DatosQS/QS global/2025 QS World University Rankings 2.2 (For qs.com).xlsx,2026-09-25T04:18:50+00:00,archivo del repositorio
qs,Universidad Andres Bello,2025,,qs_puntaje_academicos_internacionales_global,7.1,puntaje 0-100,"Proporción de académicos internacionales · QS global 2025, puntaje normalizado",KAI/QS/DatosQS/QS global/2025 QS World University Rankings 2.2 (For qs.com).xlsx,2026-09-25T04:18:50+00:00,archivo del repositorio
qs,Universidad Andres Bello,2025,,qs_puntaje_estudiantes_internacionales_global,1.9,puntaje 0-100,"Proporción de estudiantes internacionales · QS global 2025, puntaje normalizado",KAI/QS/DatosQS/QS global/2025 QS World University Rankings 2.2 (For qs.com).xlsx,2026-09-25T04:18:50+00:00,archivo del repositorio
qs,Universidad Andres Bello,2025,,qs_puntaje_red_internacional_global,51.2,puntaje 0-100,"Red internacional de investigación · QS global 2025, puntaje normalizado",KAI/QS/DatosQS/QS global/2025 QS World University Rankings 2.2 (For qs.com).xlsx,2026-09-25T04:18:50+00:00,archivo del repositorio
qs,Universidad Andres Bello,2025,,qs_puntaje_empleabilidad_global,2.1,puntaje 0-100,"Resultados de empleabilidad · QS global 2025, puntaje normalizado",KAI/QS/DatosQS/QS global/2025 QS World University Rankings 2.2 (For qs.com).xlsx,2026-09-25T04:18:50+00:00,archivo del repositorio
qs,Universidad Andres Bello,2025,,qs_puntaje_sostenibilidad_global,4.0,puntaje 0-100,"Sostenibilidad · QS global 2025, puntaje normalizado",KAI/QS/DatosQS/QS global/2025 QS World University Rankings 2.2 (For qs.com).xlsx,2026-09-25T04:18:50+00:00,archivo del repositorio
qs,Universidad Austral de Chile,2025,,qs_puntaje_reputacion_academica_global,13.9,puntaje 0-100,"Encuesta de reputación académica · QS global 2025, puntaje normalizado",KAI/QS/DatosQS/QS global/2025 QS World University Rankings 2.2 (For qs.com).xlsx,2026-09-25T04:18:50+00:00,archivo del repositorio
qs,Universidad Austral de Chile,2025,,qs_puntaje_reputacion_empleadores_global,8.0,puntaje 0-100,"Encuesta de reputación entre empleadores · QS global 2025, puntaje normalizado",KAI/QS/DatosQS/QS global/2025 QS World University Rankings 2.2 (For qs.com).xlsx,2026-09-25T04:18:50+00:00,archivo del repositorio
qs,Universidad Austral de Chile,2025,,qs_puntaje_ratio_academicos_global,3.1,puntaje 0-100,"Razón de académicos por estudiante · QS global 2025, puntaje normalizado",KAI/QS/DatosQS/QS global/2025 QS World University Rankings 2.2 (For qs.com).xlsx,2026-09-25T04:18:50+00:00,archivo del repositorio
qs,Universidad Austral de Chile,2025,,qs_puntaje_citas_por_academico_global,7.3,puntaje 0-100,"Citas por académico · QS global 2025, puntaje normalizado",KAI/QS/DatosQS/QS global/2025 QS World University Rankings 2.2 (For qs.com).xlsx,2026-09-25T04:18:50+00:00,archivo del repositorio
qs,Universidad Austral de Chile,2025,,qs_puntaje_academicos_internacionales_global,15.6,puntaje 0-100,"Proporción de académicos internacionales · QS global 2025, puntaje normalizado",KAI/QS/DatosQS/QS global/2025 QS World University Rankings 2.2 (For qs.com).xlsx,2026-09-25T04:18:50+00:00,archivo del repositorio
qs,Universidad Austral de Chile,2025,,qs_puntaje_estudiantes_internacionales_global,1.6,puntaje 0-100,"Proporción de estudiantes internacionales · QS global 2025, puntaje normalizado",KAI/QS/DatosQS/QS global/2025 QS World University Rankings 2.2 (For qs.com).xlsx,2026-09-25T04:18:50+00:00,archivo del repositorio
qs,Universidad Austral de Chile,2025,,qs_puntaje_red_internacional_global,45.4,puntaje 0-100,"Red internacional de investigación · QS global 2025, puntaje normalizado",KAI/QS/DatosQS/QS global/2025 QS World University Rankings 2.2 (For qs.com).xlsx,2026-09-25T04:18:50+00:00,archivo del repositorio
qs,Universidad Austral de Chile,2025,,qs_puntaje_empleabilidad_global,3.5,puntaje 0-100,"Resultados de empleabilidad · QS global 2025, puntaje normalizado",KAI/QS/DatosQS/QS global/2025 QS World University Rankings 2.2 (For qs.com).xlsx,2026-09-25T04:18:50+00:00,archivo del repositorio
qs,Universidad Austral de Chile,2025,,qs_puntaje_sostenibilidad_global,5.6,puntaje 0-100,"Sostenibilidad · QS global 2025, puntaje normalizado",KAI/QS/DatosQS/QS global/2025 QS World University Rankings 2.2 (For qs.com).xlsx,2026-09-25T04:18:50+00:00,archivo del repositorio
qs,Universidad de la Frontera,2025,,qs_puntaje_reputacion_academica_global,10.3,puntaje 0-100,"Encuesta de reputación académica · QS global 2025, puntaje normalizado",KAI/QS/DatosQS/QS global/2025 QS World University Rankings 2.2 (For qs.com).xlsx,2026-09-25T04:18:50+00:00,archivo del repositorio
qs,Universidad de la Frontera,2025,,qs_puntaje_reputacion_empleadores_global,3.0,puntaje 0-100,"Encuesta de reputación entre empleadores · QS global 2025, puntaje normalizado",KAI/QS/DatosQS/QS global/2025 QS World University Rankings 2.2 (For qs.com).xlsx,2026-09-25T04:18:50+00:00,archivo del repositorio
qs,Universidad de la Frontera,2025,,qs_puntaje_ratio_academicos_global,4.1,puntaje 0-100,"Razón de académicos por estudiante · QS global 2025, puntaje normalizado",KAI/QS/DatosQS/QS global/2025 QS World University Rankings 2.2 (For qs.com).xlsx,2026-09-25T04:18:50+00:00,archivo del repositorio
qs,Universidad de la Frontera,2025,,qs_puntaje_citas_por_academico_global,9.3,puntaje 0-100,"Citas por académico · QS global 2025, puntaje normalizado",KAI/QS/DatosQS/QS global/2025 QS World University Rankings 2.2 (For qs.com).xlsx,2026-09-25T04:18:50+00:00,archivo del repositorio
qs,Universidad de la Frontera,2025,,qs_puntaje_academicos_internacionales_global,6.0,puntaje 0-100,"Proporción de académicos internacionales · QS global 2025, puntaje normalizado",KAI/QS/DatosQS/QS global/2025 QS World University Rankings 2.2 (For qs.com).xlsx,2026-09-25T04:18:50+00:00,archivo del repositorio
qs,Universidad de la Frontera,2025,,qs_puntaje_estudiantes_internacionales_global,1.2,puntaje 0-100,"Proporción de estudiantes internacionales · QS global 2025, puntaje normalizado",KAI/QS/DatosQS/QS global/2025 QS World University Rankings 2.2 (For qs.com).xlsx,2026-09-25T04:18:50+00:00,archivo del repositorio
qs,Universidad de la Frontera,2025,,qs_puntaje_red_internacional_global,53.3,puntaje 0-100,"Red internacional de investigación · QS global 2025, puntaje normalizado",KAI/QS/DatosQS/QS global/2025 QS World University Rankings 2.2 (For qs.com).xlsx,2026-09-25T04:18:50+00:00,archivo del repositorio
qs,Universidad de la Frontera,2025,,qs_puntaje_empleabilidad_global,2.3,puntaje 0-100,"Resultados de empleabilidad · QS global 2025, puntaje normalizado",KAI/QS/DatosQS/QS global/2025 QS World University Rankings 2.2 (For qs.com).xlsx,2026-09-25T04:18:50+00:00,archivo del repositorio
qs,Universidad de la Frontera,2025,,qs_puntaje_sostenibilidad_global,1.5,puntaje 0-100,"Sostenibilidad · QS global 2025, puntaje normalizado",KAI/QS/DatosQS/QS global/2025 QS World University Rankings 2.2 (For qs.com).xlsx,2026-09-25T04:18:50+00:00,archivo del repositorio
qs,Universidad de Talca,2025,,qs_puntaje_reputacion_academica_global,10.8,puntaje 0-100,"Encuesta de reputación académica · QS global 2025, puntaje normalizado",KAI/QS/DatosQS/QS global/2025 QS World University Rankings 2.2 (For qs.com).xlsx,2026-09-25T04:18:50+00:00,archivo del repositorio
qs,Universidad de Talca,2025,,qs_puntaje_reputacion_empleadores_global,5.6,puntaje 0-100,"Encuesta de reputación entre empleadores · QS global 2025, puntaje normalizado",KAI/QS/DatosQS/QS global/2025 QS World University Rankings 2.2 (For qs.com).xlsx,2026-09-25T04:18:50+00:00,archivo del repositorio
qs,Universidad de Talca,2025,,qs_puntaje_ratio_academicos_global,6.4,puntaje 0-100,"Razón de académicos por estudiante · QS global 2025, puntaje normalizado",KAI/QS/DatosQS/QS global/2025 QS World University Rankings 2.2 (For qs.com).xlsx,2026-09-25T04:18:50+00:00,archivo del repositorio
qs,Universidad de Talca,2025,,qs_puntaje_citas_por_academico_global,6.2,puntaje 0-100,"Citas por académico · QS global 2025, puntaje normalizado",KAI/QS/DatosQS/QS global/2025 QS World University Rankings 2.2 (For qs.com).xlsx,2026-09-25T04:18:50+00:00,archivo del repositorio
qs,Universidad de Talca,2025,,qs_puntaje_academicos_internacionales_global,21.4,puntaje 0-100,"Proporción de académicos internacionales · QS global 2025, puntaje normalizado",KAI/QS/DatosQS/QS global/2025 QS World University Rankings 2.2 (For qs.com).xlsx,2026-09-25T04:18:50+00:00,archivo del repositorio
qs,Universidad de Talca,2025,,qs_puntaje_estudiantes_internacionales_global,1.4,puntaje 0-100,"Proporción de estudiantes internacionales · QS global 2025, puntaje normalizado",KAI/QS/DatosQS/QS global/2025 QS World University Rankings 2.2 (For qs.com).xlsx,2026-09-25T04:18:50+00:00,archivo del repositorio
qs,Universidad de Talca,2025,,qs_puntaje_red_internacional_global,35.7,puntaje 0-100,"Red internacional de investigación · QS global 2025, puntaje normalizado",KAI/QS/DatosQS/QS global/2025 QS World University Rankings 2.2 (For qs.com).xlsx,2026-09-25T04:18:50+00:00,archivo del repositorio
qs,Universidad de Talca,2025,,qs_puntaje_empleabilidad_global,2.1,puntaje 0-100,"Resultados de empleabilidad · QS global 2025, puntaje normalizado",KAI/QS/DatosQS/QS global/2025 QS World University Rankings 2.2 (For qs.com).xlsx,2026-09-25T04:18:50+00:00,archivo del repositorio
qs,Universidad de Talca,2025,,qs_puntaje_sostenibilidad_global,1.3,puntaje 0-100,"Sostenibilidad · QS global 2025, puntaje normalizado",KAI/QS/DatosQS/QS global/2025 QS World University Rankings 2.2 (For qs.com).xlsx,2026-09-25T04:18:50+00:00,archivo del repositorio
qs,Universidad Diego Portales,2025,,qs_puntaje_reputacion_academica_global,14.7,puntaje 0-100,"Encuesta de reputación académica · QS global 2025, puntaje normalizado",KAI/QS/DatosQS/QS global/2025 QS World University Rankings 2.2 (For qs.com).xlsx,2026-09-25T04:18:50+00:00,archivo del repositorio
qs,Universidad Diego Portales,2025,,qs_puntaje_reputacion_empleadores_global,14.9,puntaje 0-100,"Encuesta de reputación entre empleadores · QS global 2025, puntaje normalizado",KAI/QS/DatosQS/QS global/2025 QS World University Rankings 2.2 (For qs.com).xlsx,2026-09-25T04:18:50+00:00,archivo del repositorio
qs,Universidad Diego Portales,2025,,qs_puntaje_ratio_academicos_global,8.6,puntaje 0-100,"Razón de académicos por estudiante · QS global 2025, puntaje normalizado",KAI/QS/DatosQS/QS global/2025 QS World University Rankings 2.2 (For qs.com).xlsx,2026-09-25T04:18:50+00:00,archivo del repositorio
qs,Universidad Diego Portales,2025,,qs_puntaje_citas_por_academico_global,3.7,puntaje 0-100,"Citas por académico · QS global 2025, puntaje normalizado",KAI/QS/DatosQS/QS global/2025 QS World University Rankings 2.2 (For qs.com).xlsx,2026-09-25T04:18:50+00:00,archivo del repositorio
qs,Universidad Diego Portales,2025,,qs_puntaje_academicos_internacionales_global,13.1,puntaje 0-100,"Proporción de académicos internacionales · QS global 2025, puntaje normalizado",KAI/QS/DatosQS/QS global/2025 QS World University Rankings 2.2 (For qs.com).xlsx,2026-09-25T04:18:50+00:00,archivo del repositorio
qs,Universidad Diego Portales,2025,,qs_puntaje_estudiantes_internacionales_global,2.9,puntaje 0-100,"Proporción de estudiantes internacionales · QS global 2025, puntaje normalizado",KAI/QS/DatosQS/QS global/2025 QS World University Rankings 2.2 (For qs.com).xlsx,2026-09-25T04:18:50+00:00,archivo del repositorio
qs,Universidad Diego Portales,2025,,qs_puntaje_red_internacional_global,39.6,puntaje 0-100,"Red internacional de investigación · QS global 2025, puntaje normalizado",KAI/QS/DatosQS/QS global/2025 QS World University Rankings 2.2 (For qs.com).xlsx,2026-09-25T04:18:50+00:00,archivo del repositorio
qs,Universidad Diego Portales,2025,,qs_puntaje_empleabilidad_global,6.2,puntaje 0-100,"Resultados de empleabilidad · QS global 2025, puntaje normalizado",KAI/QS/DatosQS/QS global/2025 QS World University Rankings 2.2 (For qs.com).xlsx,2026-09-25T04:18:50+00:00,archivo del repositorio
qs,Universidad Diego Portales,2025,,qs_puntaje_sostenibilidad_global,2.3,puntaje 0-100,"Sostenibilidad · QS global 2025, puntaje normalizado",KAI/QS/DatosQS/QS global/2025 QS World University Rankings 2.2 (For qs.com).xlsx,2026-09-25T04:18:50+00:00,archivo del repositorio
qs,Universidad Catolica del Norte,2025,,qs_puntaje_reputacion_academica_global,4.5,puntaje 0-100,"Encuesta de reputación académica · QS global 2025, puntaje normalizado",KAI/QS/DatosQS/QS global/2025 QS World University Rankings 2.2 (For qs.com).xlsx,2026-09-25T04:18:50+00:00,archivo del repositorio
qs,Universidad Catolica del Norte,2025,,qs_puntaje_reputacion_empleadores_global,2.3,puntaje 0-100,"Encuesta de reputación entre empleadores · QS global 2025, puntaje normalizado",KAI/QS/DatosQS/QS global/2025 QS World University Rankings 2.2 (For qs.com).xlsx,2026-09-25T04:18:50+00:00,archivo del repositorio
qs,Universidad Catolica del Norte,2025,,qs_puntaje_ratio_academicos_global,6.7,puntaje 0-100,"Razón de académicos por estudiante · QS global 2025, puntaje normalizado",KAI/QS/DatosQS/QS global/2025 QS World University Rankings 2.2 (For qs.com).xlsx,2026-09-25T04:18:50+00:00,archivo del repositorio
qs,Universidad Catolica del Norte,2025,,qs_puntaje_citas_por_academico_global,5.9,puntaje 0-100,"Citas por académico · QS global 2025, puntaje normalizado",KAI/QS/DatosQS/QS global/2025 QS World University Rankings 2.2 (For qs.com).xlsx,2026-09-25T04:18:50+00:00,archivo del repositorio
qs,Universidad Catolica del Norte,2025,,qs_puntaje_academicos_internacionales_global,13.5,puntaje 0-100,"Proporción de académicos internacionales · QS global 2025, puntaje normalizado",KAI/QS/DatosQS/QS global/2025 QS World University Rankings 2.2 (For qs.com).xlsx,2026-09-25T04:18:50+00:00,archivo del repositorio
qs,Universidad Catolica del Norte,2025,,qs_puntaje_estudiantes_internacionales_global,3.8,puntaje 0-100,"Proporción de estudiantes internacionales · QS global 2025, puntaje normalizado",KAI/QS/DatosQS/QS global/2025 QS World University Rankings 2.2 (For qs.com).xlsx,2026-09-25T04:18:50+00:00,archivo del repositorio
qs,Universidad Catolica del Norte,2025,,qs_puntaje_red_internacional_global,46.2,puntaje 0-100,"Red internacional de investigación · QS global 2025, puntaje normalizado",KAI/QS/DatosQS/QS global/2025 QS World University Rankings 2.2 (For qs.com).xlsx,2026-09-25T04:18:50+00:00,archivo del repositorio
qs,Universidad Catolica del Norte,2025,,qs_puntaje_empleabilidad_global,2.0,puntaje 0-100,"Resultados de empleabilidad · QS global 2025, puntaje normalizado",KAI/QS/DatosQS/QS global/2025 QS World University Rankings 2.2 (For qs.com).xlsx,2026-09-25T04:18:50+00:00,archivo del repositorio
qs,Universidad Catolica del Norte,2025,,qs_puntaje_sostenibilidad_global,8.5,puntaje 0-100,"Sostenibilidad · QS global 2025, puntaje normalizado",KAI/QS/DatosQS/QS global/2025 QS World University Rankings 2.2 (For qs.com).xlsx,2026-09-25T04:18:50+00:00,archivo del repositorio
qs,Universidad de Tarapaca,2025,,qs_puntaje_reputacion_academica_global,3.5,puntaje 0-100,"Encuesta de reputación académica · QS global 2025, puntaje normalizado",KAI/QS/DatosQS/QS global/2025 QS World University Rankings 2.2 (For qs.com).xlsx,2026-09-25T04:18:50+00:00,archivo del repositorio
qs,Universidad de Tarapaca,2025,,qs_puntaje_reputacion_empleadores_global,1.6,puntaje 0-100,"Encuesta de reputación entre empleadores · QS global 2025, puntaje normalizado",KAI/QS/DatosQS/QS global/2025 QS World University Rankings 2.2 (For qs.com).xlsx,2026-09-25T04:18:50+00:00,archivo del repositorio
qs,Universidad de Tarapaca,2025,,qs_puntaje_ratio_academicos_global,2.4,puntaje 0-100,"Razón de académicos por estudiante · QS global 2025, puntaje normalizado",KAI/QS/DatosQS/QS global/2025 QS World University Rankings 2.2 (For qs.com).xlsx,2026-09-25T04:18:50+00:00,archivo del repositorio
qs,Universidad de Tarapaca,2025,,qs_puntaje_citas_por_academico_global,9.8,puntaje 0-100,"Citas por académico · QS global 2025, puntaje normalizado",KAI/QS/DatosQS/QS global/2025 QS World University Rankings 2.2 (For qs.com).xlsx,2026-09-25T04:18:50+00:00,archivo del repositorio
qs,Universidad de Tarapaca,2025,,qs_puntaje_red_internacional_global,41.7,puntaje 0-100,"Red internacional de investigación · QS global 2025, puntaje normalizado",KAI/QS/DatosQS/QS global/2025 QS World University Rankings 2.2 (For qs.com).xlsx,2026-09-25T04:18:50+00:00,archivo del repositorio
qs,Universidad de Tarapaca,2025,,qs_puntaje_empleabilidad_global,2.1,puntaje 0-100,"Resultados de empleabilidad · QS global 2025, puntaje normalizado",KAI/QS/DatosQS/QS global/2025 QS World University Rankings 2.2 (For qs.com).xlsx,2026-09-25T04:18:50+00:00,archivo del repositorio
qs,Universidad de Tarapaca,2025,,qs_puntaje_sostenibilidad_global,1.0,puntaje 0-100,"Sostenibilidad · QS global 2025, puntaje normalizado",KAI/QS/DatosQS/QS global/2025 QS World University Rankings 2.2 (For qs.com).xlsx,2026-09-25T04:18:50+00:00,archivo del repositorio
qs,Universidad de Valparaiso,2025,,qs_puntaje_reputacion_academica_global,10.9,puntaje 0-100,"Encuesta de reputación académica · QS global 2025, puntaje normalizado",KAI/QS/DatosQS/QS global/2025 QS World University Rankings 2.2 (For qs.com).xlsx,2026-09-25T04:18:50+00:00,archivo del repositorio
qs,Universidad de Valparaiso,2025,,qs_puntaje_reputacion_empleadores_global,4.0,puntaje 0-100,"Encuesta de reputación entre empleadores · QS global 2025, puntaje normalizado",KAI/QS/DatosQS/QS global/2025 QS World University Rankings 2.2 (For qs.com).xlsx,2026-09-25T04:18:50+00:00,archivo del repositorio
qs,Universidad de Valparaiso,2025,,qs_puntaje_ratio_academicos_global,8.5,puntaje 0-100,"Razón de académicos por estudiante · QS global 2025, puntaje normalizado",KAI/QS/DatosQS/QS global/2025 QS World University Rankings 2.2 (For qs.com).xlsx,2026-09-25T04:18:50+00:00,archivo del repositorio
qs,Universidad de Valparaiso,2025,,qs_puntaje_citas_por_academico_global,2.9,puntaje 0-100,"Citas por académico · QS global 2025, puntaje normalizado",KAI/QS/DatosQS/QS global/2025 QS World University Rankings 2.2 (For qs.com).xlsx,2026-09-25T04:18:50+00:00,archivo del repositorio
qs,Universidad de Valparaiso,2025,,qs_puntaje_academicos_internacionales_global,6.3,puntaje 0-100,"Proporción de académicos internacionales · QS global 2025, puntaje normalizado",KAI/QS/DatosQS/QS global/2025 QS World University Rankings 2.2 (For qs.com).xlsx,2026-09-25T04:18:50+00:00,archivo del repositorio
qs,Universidad de Valparaiso,2025,,qs_puntaje_estudiantes_internacionales_global,1.8,puntaje 0-100,"Proporción de estudiantes internacionales · QS global 2025, puntaje normalizado",KAI/QS/DatosQS/QS global/2025 QS World University Rankings 2.2 (For qs.com).xlsx,2026-09-25T04:18:50+00:00,archivo del repositorio
qs,Universidad de Valparaiso,2025,,qs_puntaje_red_internacional_global,39.7,puntaje 0-100,"Red internacional de investigación · QS global 2025, puntaje normalizado",KAI/QS/DatosQS/QS global/2025 QS World University Rankings 2.2 (For qs.com).xlsx,2026-09-25T04:18:50+00:00,archivo del repositorio
qs,Universidad de Valparaiso,2025,,qs_puntaje_empleabilidad_global,2.2,puntaje 0-100,"Resultados de empleabilidad · QS global 2025, puntaje normalizado",KAI/QS/DatosQS/QS global/2025 QS World University Rankings 2.2 (For qs.com).xlsx,2026-09-25T04:18:50+00:00,archivo del repositorio
qs,Universidad de Valparaiso,2025,,qs_puntaje_sostenibilidad_global,4.0,puntaje 0-100,"Sostenibilidad · QS global 2025, puntaje normalizado",KAI/QS/DatosQS/QS global/2025 QS World University Rankings 2.2 (For qs.com).xlsx,2026-09-25T04:18:50+00:00,archivo del repositorio
qs,Universidad del Bio-Bio,2025,,qs_puntaje_reputacion_academica_global,8.0,puntaje 0-100,"Encuesta de reputación académica · QS global 2025, puntaje normalizado",KAI/QS/DatosQS/QS global/2025 QS World University Rankings 2.2 (For qs.com).xlsx,2026-09-25T04:18:50+00:00,archivo del repositorio
qs,Universidad del Bio-Bio,2025,,qs_puntaje_reputacion_empleadores_global,3.0,puntaje 0-100,"Encuesta de reputación entre empleadores · QS global 2025, puntaje normalizado",KAI/QS/DatosQS/QS global/2025 QS World University Rankings 2.2 (For qs.com).xlsx,2026-09-25T04:18:50+00:00,archivo del repositorio
qs,Universidad del Bio-Bio,2025,,qs_puntaje_ratio_academicos_global,3.2,puntaje 0-100,"Razón de académicos por estudiante · QS global 2025, puntaje normalizado",KAI/QS/DatosQS/QS global/2025 QS World University Rankings 2.2 (For qs.com).xlsx,2026-09-25T04:18:50+00:00,archivo del repositorio
qs,Universidad del Bio-Bio,2025,,qs_puntaje_citas_por_academico_global,4.0,puntaje 0-100,"Citas por académico · QS global 2025, puntaje normalizado",KAI/QS/DatosQS/QS global/2025 QS World University Rankings 2.2 (For qs.com).xlsx,2026-09-25T04:18:50+00:00,archivo del repositorio
qs,Universidad del Bio-Bio,2025,,qs_puntaje_academicos_internacionales_global,8.7,puntaje 0-100,"Proporción de académicos internacionales · QS global 2025, puntaje normalizado",KAI/QS/DatosQS/QS global/2025 QS World University Rankings 2.2 (For qs.com).xlsx,2026-09-25T04:18:50+00:00,archivo del repositorio
qs,Universidad del Bio-Bio,2025,,qs_puntaje_estudiantes_internacionales_global,1.4,puntaje 0-100,"Proporción de estudiantes internacionales · QS global 2025, puntaje normalizado",KAI/QS/DatosQS/QS global/2025 QS World University Rankings 2.2 (For qs.com).xlsx,2026-09-25T04:18:50+00:00,archivo del repositorio
qs,Universidad del Bio-Bio,2025,,qs_puntaje_red_internacional_global,30.3,puntaje 0-100,"Red internacional de investigación · QS global 2025, puntaje normalizado",KAI/QS/DatosQS/QS global/2025 QS World University Rankings 2.2 (For qs.com).xlsx,2026-09-25T04:18:50+00:00,archivo del repositorio
qs,Universidad del Bio-Bio,2025,,qs_puntaje_empleabilidad_global,2.0,puntaje 0-100,"Resultados de empleabilidad · QS global 2025, puntaje normalizado",KAI/QS/DatosQS/QS global/2025 QS World University Rankings 2.2 (For qs.com).xlsx,2026-09-25T04:18:50+00:00,archivo del repositorio
qs,Universidad del Bio-Bio,2025,,qs_puntaje_sostenibilidad_global,1.0,puntaje 0-100,"Sostenibilidad · QS global 2025, puntaje normalizado",KAI/QS/DatosQS/QS global/2025 QS World University Rankings 2.2 (For qs.com).xlsx,2026-09-25T04:18:50+00:00,archivo del repositorio
qs,Universidad del Desarrollo,2025,,qs_puntaje_reputacion_academica_global,7.2,puntaje 0-100,"Encuesta de reputación académica · QS global 2025, puntaje normalizado",KAI/QS/DatosQS/QS global/2025 QS World University Rankings 2.2 (For qs.com).xlsx,2026-09-25T04:18:50+00:00,archivo del repositorio
qs,Universidad del Desarrollo,2025,,qs_puntaje_reputacion_empleadores_global,8.6,puntaje 0-100,"Encuesta de reputación entre empleadores · QS global 2025, puntaje normalizado",KAI/QS/DatosQS/QS global/2025 QS World University Rankings 2.2 (For qs.com).xlsx,2026-09-25T04:18:50+00:00,archivo del repositorio
qs,Universidad del Desarrollo,2025,,qs_puntaje_ratio_academicos_global,11.7,puntaje 0-100,"Razón de académicos por estudiante · QS global 2025, puntaje normalizado",KAI/QS/DatosQS/QS global/2025 QS World University Rankings 2.2 (For qs.com).xlsx,2026-09-25T04:18:50+00:00,archivo del repositorio
qs,Universidad del Desarrollo,2025,,qs_puntaje_citas_por_academico_global,2.3,puntaje 0-100,"Citas por académico · QS global 2025, puntaje normalizado",KAI/QS/DatosQS/QS global/2025 QS World University Rankings 2.2 (For qs.com).xlsx,2026-09-25T04:18:50+00:00,archivo del repositorio
qs,Universidad del Desarrollo,2025,,qs_puntaje_academicos_internacionales_global,7.3,puntaje 0-100,"Proporción de académicos internacionales · QS global 2025, puntaje normalizado",KAI/QS/DatosQS/QS global/2025 QS World University Rankings 2.2 (For qs.com).xlsx,2026-09-25T04:18:50+00:00,archivo del repositorio
qs,Universidad del Desarrollo,2025,,qs_puntaje_estudiantes_internacionales_global,2.0,puntaje 0-100,"Proporción de estudiantes internacionales · QS global 2025, puntaje normalizado",KAI/QS/DatosQS/QS global/2025 QS World University Rankings 2.2 (For qs.com).xlsx,2026-09-25T04:18:50+00:00,archivo del repositorio
qs,Universidad del Desarrollo,2025,,qs_puntaje_red_internacional_global,14.7,puntaje 0-100,"Red internacional de investigación · QS global 2025, puntaje normalizado",KAI/QS/DatosQS/QS global/2025 QS World University Rankings 2.2 (For qs.com).xlsx,2026-09-25T04:18:50+00:00,archivo del repositorio
qs,Universidad del Desarrollo,2025,,qs_puntaje_empleabilidad_global,4.9,puntaje 0-100,"Resultados de empleabilidad · QS global 2025, puntaje normalizado",KAI/QS/DatosQS/QS global/2025 QS World University Rankings 2.2 (For qs.com).xlsx,2026-09-25T04:18:50+00:00,archivo del repositorio
qs,Universidad del Desarrollo,2025,,qs_puntaje_sostenibilidad_global,5.1,puntaje 0-100,"Sostenibilidad · QS global 2025, puntaje normalizado",KAI/QS/DatosQS/QS global/2025 QS World University Rankings 2.2 (For qs.com).xlsx,2026-09-25T04:18:50+00:00,archivo del repositorio
qs,Universidad Alberto Hurtado,2025,,qs_puntaje_reputacion_academica_global,8.6,puntaje 0-100,"Encuesta de reputación académica · QS global 2025, puntaje normalizado",KAI/QS/DatosQS/QS global/2025 QS World University Rankings 2.2 (For qs.com).xlsx,2026-09-25T04:18:50+00:00,archivo del repositorio
qs,Universidad Alberto Hurtado,2025,,qs_puntaje_reputacion_empleadores_global,4.2,puntaje 0-100,"Encuesta de reputación entre empleadores · QS global 2025, puntaje normalizado",KAI/QS/DatosQS/QS global/2025 QS World University Rankings 2.2 (For qs.com).xlsx,2026-09-25T04:18:50+00:00,archivo del repositorio
qs,Universidad Alberto Hurtado,2025,,qs_puntaje_ratio_academicos_global,3.1,puntaje 0-100,"Razón de académicos por estudiante · QS global 2025, puntaje normalizado",KAI/QS/DatosQS/QS global/2025 QS World University Rankings 2.2 (For qs.com).xlsx,2026-09-25T04:18:50+00:00,archivo del repositorio
qs,Universidad Alberto Hurtado,2025,,qs_puntaje_citas_por_academico_global,2.8,puntaje 0-100,"Citas por académico · QS global 2025, puntaje normalizado",KAI/QS/DatosQS/QS global/2025 QS World University Rankings 2.2 (For qs.com).xlsx,2026-09-25T04:18:50+00:00,archivo del repositorio
qs,Universidad Alberto Hurtado,2025,,qs_puntaje_academicos_internacionales_global,12.7,puntaje 0-100,"Proporción de académicos internacionales · QS global 2025, puntaje normalizado",KAI/QS/DatosQS/QS global/2025 QS World University Rankings 2.2 (For qs.com).xlsx,2026-09-25T04:18:50+00:00,archivo del repositorio
qs,Universidad Alberto Hurtado,2025,,qs_puntaje_estudiantes_internacionales_global,1.7,puntaje 0-100,"Proporción de estudiantes internacionales · QS global 2025, puntaje normalizado",KAI/QS/DatosQS/QS global/2025 QS World University Rankings 2.2 (For qs.com).xlsx,2026-09-25T04:18:50+00:00,archivo del repositorio
qs,Universidad Alberto Hurtado,2025,,qs_puntaje_red_internacional_global,8.2,puntaje 0-100,"Red internacional de investigación · QS global 2025, puntaje normalizado",KAI/QS/DatosQS/QS global/2025 QS World University Rankings 2.2 (For qs.com).xlsx,2026-09-25T04:18:50+00:00,archivo del repositorio
qs,Universidad Alberto Hurtado,2025,,qs_puntaje_empleabilidad_global,2.2,puntaje 0-100,"Resultados de empleabilidad · QS global 2025, puntaje normalizado",KAI/QS/DatosQS/QS global/2025 QS World University Rankings 2.2 (For qs.com).xlsx,2026-09-25T04:18:50+00:00,archivo del repositorio
qs,Universidad Alberto Hurtado,2025,,qs_puntaje_sostenibilidad_global,1.0,puntaje 0-100,"Sostenibilidad · QS global 2025, puntaje normalizado",KAI/QS/DatosQS/QS global/2025 QS World University Rankings 2.2 (For qs.com).xlsx,2026-09-25T04:18:50+00:00,archivo del repositorio
qs,Universidad Autonoma de Chile,2025,,qs_puntaje_reputacion_academica_global,5.3,puntaje 0-100,"Encuesta de reputación académica · QS global 2025, puntaje normalizado",KAI/QS/DatosQS/QS global/2025 QS World University Rankings 2.2 (For qs.com).xlsx,2026-09-25T04:18:50+00:00,archivo del repositorio
qs,Universidad Autonoma de Chile,2025,,qs_puntaje_reputacion_empleadores_global,2.0,puntaje 0-100,"Encuesta de reputación entre empleadores · QS global 2025, puntaje normalizado",KAI/QS/DatosQS/QS global/2025 QS World University Rankings 2.2 (For qs.com).xlsx,2026-09-25T04:18:50+00:00,archivo del repositorio
qs,Universidad Autonoma de Chile,2025,,qs_puntaje_ratio_academicos_global,4.2,puntaje 0-100,"Razón de académicos por estudiante · QS global 2025, puntaje normalizado",KAI/QS/DatosQS/QS global/2025 QS World University Rankings 2.2 (For qs.com).xlsx,2026-09-25T04:18:50+00:00,archivo del repositorio
qs,Universidad Autonoma de Chile,2025,,qs_puntaje_citas_por_academico_global,3.1,puntaje 0-100,"Citas por académico · QS global 2025, puntaje normalizado",KAI/QS/DatosQS/QS global/2025 QS World University Rankings 2.2 (For qs.com).xlsx,2026-09-25T04:18:50+00:00,archivo del repositorio
qs,Universidad Autonoma de Chile,2025,,qs_puntaje_academicos_internacionales_global,12.4,puntaje 0-100,"Proporción de académicos internacionales · QS global 2025, puntaje normalizado",KAI/QS/DatosQS/QS global/2025 QS World University Rankings 2.2 (For qs.com).xlsx,2026-09-25T04:18:50+00:00,archivo del repositorio
qs,Universidad Autonoma de Chile,2025,,qs_puntaje_estudiantes_internacionales_global,1.4,puntaje 0-100,"Proporción de estudiantes internacionales · QS global 2025, puntaje normalizado",KAI/QS/DatosQS/QS global/2025 QS World University Rankings 2.2 (For qs.com).xlsx,2026-09-25T04:18:50+00:00,archivo del repositorio
qs,Universidad Autonoma de Chile,2025,,qs_puntaje_red_internacional_global,32.6,puntaje 0-100,"Red internacional de investigación · QS global 2025, puntaje normalizado",KAI/QS/DatosQS/QS global/2025 QS World University Rankings 2.2 (For qs.com).xlsx,2026-09-25T04:18:50+00:00,archivo del repositorio
qs,Universidad Autonoma de Chile,2025,,qs_puntaje_empleabilidad_global,2.1,puntaje 0-100,"Resultados de empleabilidad · QS global 2025, puntaje normalizado",KAI/QS/DatosQS/QS global/2025 QS World University Rankings 2.2 (For qs.com).xlsx,2026-09-25T04:18:50+00:00,archivo del repositorio
qs,Universidad Autonoma de Chile,2025,,qs_puntaje_sostenibilidad_global,2.8,puntaje 0-100,"Sostenibilidad · QS global 2025, puntaje normalizado",KAI/QS/DatosQS/QS global/2025 QS World University Rankings 2.2 (For qs.com).xlsx,2026-09-25T04:18:50+00:00,archivo del repositorio
qs,Universidad Bernardo O'Higgins,2025,,qs_puntaje_reputacion_academica_global,4.6,puntaje 0-100,"Encuesta de reputación académica · QS global 2025, puntaje normalizado",KAI/QS/DatosQS/QS global/2025 QS World University Rankings 2.2 (For qs.com).xlsx,2026-09-25T04:18:50+00:00,archivo del repositorio
qs,Universidad Bernardo O'Higgins,2025,,qs_puntaje_reputacion_empleadores_global,4.3,puntaje 0-100,"Encuesta de reputación entre empleadores · QS global 2025, puntaje normalizado",KAI/QS/DatosQS/QS global/2025 QS World University Rankings 2.2 (For qs.com).xlsx,2026-09-25T04:18:50+00:00,archivo del repositorio
qs,Universidad Bernardo O'Higgins,2025,,qs_puntaje_ratio_academicos_global,9.9,puntaje 0-100,"Razón de académicos por estudiante · QS global 2025, puntaje normalizado",KAI/QS/DatosQS/QS global/2025 QS World University Rankings 2.2 (For qs.com).xlsx,2026-09-25T04:18:50+00:00,archivo del repositorio
qs,Universidad Bernardo O'Higgins,2025,,qs_puntaje_citas_por_academico_global,2.0,puntaje 0-100,"Citas por académico · QS global 2025, puntaje normalizado",KAI/QS/DatosQS/QS global/2025 QS World University Rankings 2.2 (For qs.com).xlsx,2026-09-25T04:18:50+00:00,archivo del repositorio
qs,Universidad Bernardo O'Higgins,2025,,qs_puntaje_academicos_internacionales_global,13.3,puntaje 0-100,"Proporción de académicos internacionales · QS global 2025, puntaje normalizado",KAI/QS/DatosQS/QS global/2025 QS World University Rankings 2.2 (For qs.com).xlsx,2026-09-25T04:18:50+00:00,archivo del repositorio
qs,Universidad Bernardo O'Higgins,2025,,qs_puntaje_estudiantes_internacionales_global,2.1,puntaje 0-100,"Proporción de estudiantes internacionales · QS global 2025, puntaje normalizado",KAI/QS/DatosQS/QS global/2025 QS World University Rankings 2.2 (For qs.com).xlsx,2026-09-25T04:18:50+00:00,archivo del repositorio
qs,Universidad Bernardo O'Higgins,2025,,qs_puntaje_red_internacional_global,13.1,puntaje 0-100,"Red internacional de investigación · QS global 2025, puntaje normalizado",KAI/QS/DatosQS/QS global/2025 QS World University Rankings 2.2 (For qs.com).xlsx,2026-09-25T04:18:50+00:00,archivo del repositorio
qs,Universidad Bernardo O'Higgins,2025,,qs_puntaje_empleabilidad_global,2.2,puntaje 0-100,"Resultados de empleabilidad · QS global 2025, puntaje normalizado",KAI/QS/DatosQS/QS global/2025 QS World University Rankings 2.2 (For qs.com).xlsx,2026-09-25T04:18:50+00:00,archivo del repositorio
qs,Universidad Bernardo O'Higgins,2025,,qs_puntaje_sostenibilidad_global,1.0,puntaje 0-100,"Sostenibilidad · QS global 2025, puntaje normalizado",KAI/QS/DatosQS/QS global/2025 QS World University Rankings 2.2 (For qs.com).xlsx,2026-09-25T04:18:50+00:00,archivo del repositorio
qs,Universidad Catolica de la Santisima Concepcion,2025,,qs_puntaje_reputacion_academica_global,3.4,puntaje 0-100,"Encuesta de reputación académica · QS global 2025, puntaje normalizado",KAI/QS/DatosQS/QS global/2025 QS World University Rankings 2.2 (For qs.com).xlsx,2026-09-25T04:18:50+00:00,archivo del repositorio
qs,Universidad Catolica de la Santisima Concepcion,2025,,qs_puntaje_reputacion_empleadores_global,2.1,puntaje 0-100,"Encuesta de reputación entre empleadores · QS global 2025, puntaje normalizado",KAI/QS/DatosQS/QS global/2025 QS World University Rankings 2.2 (For qs.com).xlsx,2026-09-25T04:18:50+00:00,archivo del repositorio
qs,Universidad Catolica de la Santisima Concepcion,2025,,qs_puntaje_ratio_academicos_global,8.2,puntaje 0-100,"Razón de académicos por estudiante · QS global 2025, puntaje normalizado",KAI/QS/DatosQS/QS global/2025 QS World University Rankings 2.2 (For qs.com).xlsx,2026-09-25T04:18:50+00:00,archivo del repositorio
qs,Universidad Catolica de la Santisima Concepcion,2025,,qs_puntaje_citas_por_academico_global,2.8,puntaje 0-100,"Citas por académico · QS global 2025, puntaje normalizado",KAI/QS/DatosQS/QS global/2025 QS World University Rankings 2.2 (For qs.com).xlsx,2026-09-25T04:18:50+00:00,archivo del repositorio
qs,Universidad Catolica de la Santisima Concepcion,2025,,qs_puntaje_academicos_internacionales_global,5.2,puntaje 0-100,"Proporción de académicos internacionales · QS global 2025, puntaje normalizado",KAI/QS/DatosQS/QS global/2025 QS World University Rankings 2.2 (For qs.com).xlsx,2026-09-25T04:18:50+00:00,archivo del repositorio
qs,Universidad Catolica de la Santisima Concepcion,2025,,qs_puntaje_estudiantes_internacionales_global,1.1,puntaje 0-100,"Proporción de estudiantes internacionales · QS global 2025, puntaje normalizado",KAI/QS/DatosQS/QS global/2025 QS World University Rankings 2.2 (For qs.com).xlsx,2026-09-25T04:18:50+00:00,archivo del repositorio
qs,Universidad Catolica de la Santisima Concepcion,2025,,qs_puntaje_red_internacional_global,28.3,puntaje 0-100,"Red internacional de investigación · QS global 2025, puntaje normalizado",KAI/QS/DatosQS/QS global/2025 QS World University Rankings 2.2 (For qs.com).xlsx,2026-09-25T04:18:50+00:00,archivo del repositorio
qs,Universidad Catolica de la Santisima Concepcion,2025,,qs_puntaje_empleabilidad_global,2.0,puntaje 0-100,"Resultados de empleabilidad · QS global 2025, puntaje normalizado",KAI/QS/DatosQS/QS global/2025 QS World University Rankings 2.2 (For qs.com).xlsx,2026-09-25T04:18:50+00:00,archivo del repositorio
qs,Universidad Catolica de la Santisima Concepcion,2025,,qs_puntaje_sostenibilidad_global,1.2,puntaje 0-100,"Sostenibilidad · QS global 2025, puntaje normalizado",KAI/QS/DatosQS/QS global/2025 QS World University Rankings 2.2 (For qs.com).xlsx,2026-09-25T04:18:50+00:00,archivo del repositorio
qs,Universidad Catolica de Temuco,2025,,qs_puntaje_reputacion_academica_global,4.1,puntaje 0-100,"Encuesta de reputación académica · QS global 2025, puntaje normalizado",KAI/QS/DatosQS/QS global/2025 QS World University Rankings 2.2 (For qs.com).xlsx,2026-09-25T04:18:50+00:00,archivo del repositorio
qs,Universidad Catolica de Temuco,2025,,qs_puntaje_reputacion_empleadores_global,1.4,puntaje 0-100,"Encuesta de reputación entre empleadores · QS global 2025, puntaje normalizado",KAI/QS/DatosQS/QS global/2025 QS World University Rankings 2.2 (For qs.com).xlsx,2026-09-25T04:18:50+00:00,archivo del repositorio
qs,Universidad Catolica de Temuco,2025,,qs_puntaje_ratio_academicos_global,2.0,puntaje 0-100,"Razón de académicos por estudiante · QS global 2025, puntaje normalizado",KAI/QS/DatosQS/QS global/2025 QS World University Rankings 2.2 (For qs.com).xlsx,2026-09-25T04:18:50+00:00,archivo del repositorio
qs,Universidad Catolica de Temuco,2025,,qs_puntaje_citas_por_academico_global,4.8,puntaje 0-100,"Citas por académico · QS global 2025, puntaje normalizado",KAI/QS/DatosQS/QS global/2025 QS World University Rankings 2.2 (For qs.com).xlsx,2026-09-25T04:18:50+00:00,archivo del repositorio
qs,Universidad Catolica de Temuco,2025,,qs_puntaje_academicos_internacionales_global,35.1,puntaje 0-100,"Proporción de académicos internacionales · QS global 2025, puntaje normalizado",KAI/QS/DatosQS/QS global/2025 QS World University Rankings 2.2 (For qs.com).xlsx,2026-09-25T04:18:50+00:00,archivo del repositorio
qs,Universidad Catolica de Temuco,2025,,qs_puntaje_red_internacional_global,14.3,puntaje 0-100,"Red internacional de investigación · QS global 2025, puntaje normalizado",KAI/QS/DatosQS/QS global/2025 QS World University Rankings 2.2 (For qs.com).xlsx,2026-09-25T04:18:50+00:00,archivo del repositorio
qs,Universidad Catolica de Temuco,2025,,qs_puntaje_empleabilidad_global,2.0,puntaje 0-100,"Resultados de empleabilidad · QS global 2025, puntaje normalizado",KAI/QS/DatosQS/QS global/2025 QS World University Rankings 2.2 (For qs.com).xlsx,2026-09-25T04:18:50+00:00,archivo del repositorio
qs,Universidad Catolica de Temuco,2025,,qs_puntaje_sostenibilidad_global,1.1,puntaje 0-100,"Sostenibilidad · QS global 2025, puntaje normalizado",KAI/QS/DatosQS/QS global/2025 QS World University Rankings 2.2 (For qs.com).xlsx,2026-09-25T04:18:50+00:00,archivo del repositorio
qs,Universidad Central de Chile,2025,,qs_puntaje_reputacion_academica_global,4.4,puntaje 0-100,"Encuesta de reputación académica · QS global 2025, puntaje normalizado",KAI/QS/DatosQS/QS global/2025 QS World University Rankings 2.2 (For qs.com).xlsx,2026-09-25T04:18:50+00:00,archivo del repositorio
qs,Universidad Central de Chile,2025,,qs_puntaje_reputacion_empleadores_global,2.4,puntaje 0-100,"Encuesta de reputación entre empleadores · QS global 2025, puntaje normalizado",KAI/QS/DatosQS/QS global/2025 QS World University Rankings 2.2 (For qs.com).xlsx,2026-09-25T04:18:50+00:00,archivo del repositorio
qs,Universidad Central de Chile,2025,,qs_puntaje_ratio_academicos_global,3.0,puntaje 0-100,"Razón de académicos por estudiante · QS global 2025, puntaje normalizado",KAI/QS/DatosQS/QS global/2025 QS World University Rankings 2.2 (For qs.com).xlsx,2026-09-25T04:18:50+00:00,archivo del repositorio
qs,Universidad Central de Chile,2025,,qs_puntaje_citas_por_academico_global,1.7,puntaje 0-100,"Citas por académico · QS global 2025, puntaje normalizado",KAI/QS/DatosQS/QS global/2025 QS World University Rankings 2.2 (For qs.com).xlsx,2026-09-25T04:18:50+00:00,archivo del repositorio
qs,Universidad Central de Chile,2025,,qs_puntaje_academicos_internacionales_global,4.6,puntaje 0-100,"Proporción de académicos internacionales · QS global 2025, puntaje normalizado",KAI/QS/DatosQS/QS global/2025 QS World University Rankings 2.2 (For qs.com).xlsx,2026-09-25T04:18:50+00:00,archivo del repositorio
qs,Universidad Central de Chile,2025,,qs_puntaje_estudiantes_internacionales_global,1.8,puntaje 0-100,"Proporción de estudiantes internacionales · QS global 2025, puntaje normalizado",KAI/QS/DatosQS/QS global/2025 QS World University Rankings 2.2 (For qs.com).xlsx,2026-09-25T04:18:50+00:00,archivo del repositorio
qs,Universidad Central de Chile,2025,,qs_puntaje_red_internacional_global,9.4,puntaje 0-100,"Red internacional de investigación · QS global 2025, puntaje normalizado",KAI/QS/DatosQS/QS global/2025 QS World University Rankings 2.2 (For qs.com).xlsx,2026-09-25T04:18:50+00:00,archivo del repositorio
qs,Universidad Central de Chile,2025,,qs_puntaje_empleabilidad_global,2.0,puntaje 0-100,"Resultados de empleabilidad · QS global 2025, puntaje normalizado",KAI/QS/DatosQS/QS global/2025 QS World University Rankings 2.2 (For qs.com).xlsx,2026-09-25T04:18:50+00:00,archivo del repositorio
qs,Universidad Central de Chile,2025,,qs_puntaje_sostenibilidad_global,1.0,puntaje 0-100,"Sostenibilidad · QS global 2025, puntaje normalizado",KAI/QS/DatosQS/QS global/2025 QS World University Rankings 2.2 (For qs.com).xlsx,2026-09-25T04:18:50+00:00,archivo del repositorio
qs,Universidad de La Serena,2025,,qs_puntaje_reputacion_academica_global,4.0,puntaje 0-100,"Encuesta de reputación académica · QS global 2025, puntaje normalizado",KAI/QS/DatosQS/QS global/2025 QS World University Rankings 2.2 (For qs.com).xlsx,2026-09-25T04:18:50+00:00,archivo del repositorio
qs,Universidad de La Serena,2025,,qs_puntaje_reputacion_empleadores_global,2.6,puntaje 0-100,"Encuesta de reputación entre empleadores · QS global 2025, puntaje normalizado",KAI/QS/DatosQS/QS global/2025 QS World University Rankings 2.2 (For qs.com).xlsx,2026-09-25T04:18:50+00:00,archivo del repositorio
qs,Universidad de La Serena,2025,,qs_puntaje_ratio_academicos_global,3.3,puntaje 0-100,"Razón de académicos por estudiante · QS global 2025, puntaje normalizado",KAI/QS/DatosQS/QS global/2025 QS World University Rankings 2.2 (For qs.com).xlsx,2026-09-25T04:18:50+00:00,archivo del repositorio
qs,Universidad de La Serena,2025,,qs_puntaje_citas_por_academico_global,5.6,puntaje 0-100,"Citas por académico · QS global 2025, puntaje normalizado",KAI/QS/DatosQS/QS global/2025 QS World University Rankings 2.2 (For qs.com).xlsx,2026-09-25T04:18:50+00:00,archivo del repositorio
qs,Universidad de La Serena,2025,,qs_puntaje_academicos_internacionales_global,4.4,puntaje 0-100,"Proporción de académicos internacionales · QS global 2025, puntaje normalizado",KAI/QS/DatosQS/QS global/2025 QS World University Rankings 2.2 (For qs.com).xlsx,2026-09-25T04:18:50+00:00,archivo del repositorio
qs,Universidad de La Serena,2025,,qs_puntaje_estudiantes_internacionales_global,1.3,puntaje 0-100,"Proporción de estudiantes internacionales · QS global 2025, puntaje normalizado",KAI/QS/DatosQS/QS global/2025 QS World University Rankings 2.2 (For qs.com).xlsx,2026-09-25T04:18:50+00:00,archivo del repositorio
qs,Universidad de La Serena,2025,,qs_puntaje_red_internacional_global,14.7,puntaje 0-100,"Red internacional de investigación · QS global 2025, puntaje normalizado",KAI/QS/DatosQS/QS global/2025 QS World University Rankings 2.2 (For qs.com).xlsx,2026-09-25T04:18:50+00:00,archivo del repositorio
qs,Universidad de La Serena,2025,,qs_puntaje_empleabilidad_global,2.1,puntaje 0-100,"Resultados de empleabilidad · QS global 2025, puntaje normalizado",KAI/QS/DatosQS/QS global/2025 QS World University Rankings 2.2 (For qs.com).xlsx,2026-09-25T04:18:50+00:00,archivo del repositorio
qs,Universidad de La Serena,2025,,qs_puntaje_sostenibilidad_global,1.1,puntaje 0-100,"Sostenibilidad · QS global 2025, puntaje normalizado",KAI/QS/DatosQS/QS global/2025 QS World University Rankings 2.2 (For qs.com).xlsx,2026-09-25T04:18:50+00:00,archivo del repositorio
qs,Pontificia Universidad Catolica de Chile,2026,,qs_puntaje_reputacion_academica_global,98.0,puntaje 0-100,"Encuesta de reputación académica · QS global 2026, puntaje normalizado",KAI/QS/DatosQS/QS global/2026 QS World University Rankings 1.3 (For qs.com).xlsx,2026-09-25T04:18:50+00:00,archivo del repositorio
qs,Pontificia Universidad Catolica de Chile,2026,,qs_puntaje_reputacion_empleadores_global,98.6,puntaje 0-100,"Encuesta de reputación entre empleadores · QS global 2026, puntaje normalizado",KAI/QS/DatosQS/QS global/2026 QS World University Rankings 1.3 (For qs.com).xlsx,2026-09-25T04:18:50+00:00,archivo del repositorio
qs,Pontificia Universidad Catolica de Chile,2026,,qs_puntaje_ratio_academicos_global,35.1,puntaje 0-100,"Razón de académicos por estudiante · QS global 2026, puntaje normalizado",KAI/QS/DatosQS/QS global/2026 QS World University Rankings 1.3 (For qs.com).xlsx,2026-09-25T04:18:50+00:00,archivo del repositorio
qs,Pontificia Universidad Catolica de Chile,2026,,qs_puntaje_citas_por_academico_global,14.2,puntaje 0-100,"Citas por académico · QS global 2026, puntaje normalizado",KAI/QS/DatosQS/QS global/2026 QS World University Rankings 1.3 (For qs.com).xlsx,2026-09-25T04:18:50+00:00,archivo del repositorio
qs,Pontificia Universidad Catolica de Chile,2026,,qs_puntaje_academicos_internacionales_global,42.0,puntaje 0-100,"Proporción de académicos internacionales · QS global 2026, puntaje normalizado",KAI/QS/DatosQS/QS global/2026 QS World University Rankings 1.3 (For qs.com).xlsx,2026-09-25T04:18:50+00:00,archivo del repositorio
qs,Pontificia Universidad Catolica de Chile,2026,,qs_puntaje_estudiantes_internacionales_global,7.8,puntaje 0-100,"Proporción de estudiantes internacionales · QS global 2026, puntaje normalizado",KAI/QS/DatosQS/QS global/2026 QS World University Rankings 1.3 (For qs.com).xlsx,2026-09-25T04:18:50+00:00,archivo del repositorio
qs,Pontificia Universidad Catolica de Chile,2026,,qs_puntaje_diversidad_internacional_global,11.9,puntaje 0-100,"Diversidad de estudiantes internacionales · QS global 2026, puntaje normalizado",KAI/QS/DatosQS/QS global/2026 QS World University Rankings 1.3 (For qs.com).xlsx,2026-09-25T04:18:50+00:00,archivo del repositorio
qs,Pontificia Universidad Catolica de Chile,2026,,qs_puntaje_red_internacional_global,81.2,puntaje 0-100,"Red internacional de investigación · QS global 2026, puntaje normalizado",KAI/QS/DatosQS/QS global/2026 QS World University Rankings 1.3 (For qs.com).xlsx,2026-09-25T04:18:50+00:00,archivo del repositorio
qs,Pontificia Universidad Catolica de Chile,2026,,qs_puntaje_empleabilidad_global,99.9,puntaje 0-100,"Resultados de empleabilidad · QS global 2026, puntaje normalizado",KAI/QS/DatosQS/QS global/2026 QS World University Rankings 1.3 (For qs.com).xlsx,2026-09-25T04:18:50+00:00,archivo del repositorio
qs,Pontificia Universidad Catolica de Chile,2026,,qs_puntaje_sostenibilidad_global,80.0,puntaje 0-100,"Sostenibilidad · QS global 2026, puntaje normalizado",KAI/QS/DatosQS/QS global/2026 QS World University Rankings 1.3 (For qs.com).xlsx,2026-09-25T04:18:50+00:00,archivo del repositorio
qs,Pontificia Universidad Catolica de Chile,2026,,qs_puntaje_global_global,66.1,puntaje 0-100,"Puntaje global de la edición · QS global 2026, puntaje normalizado",KAI/QS/DatosQS/QS global/2026 QS World University Rankings 1.3 (For qs.com).xlsx,2026-09-25T04:18:50+00:00,archivo del repositorio
qs,Universidad de Chile,2026,,qs_puntaje_reputacion_academica_global,91.9,puntaje 0-100,"Encuesta de reputación académica · QS global 2026, puntaje normalizado",KAI/QS/DatosQS/QS global/2026 QS World University Rankings 1.3 (For qs.com).xlsx,2026-09-25T04:18:50+00:00,archivo del repositorio
qs,Universidad de Chile,2026,,qs_puntaje_reputacion_empleadores_global,92.0,puntaje 0-100,"Encuesta de reputación entre empleadores · QS global 2026, puntaje normalizado",KAI/QS/DatosQS/QS global/2026 QS World University Rankings 1.3 (For qs.com).xlsx,2026-09-25T04:18:50+00:00,archivo del repositorio
qs,Universidad de Chile,2026,,qs_puntaje_ratio_academicos_global,10.9,puntaje 0-100,"Razón de académicos por estudiante · QS global 2026, puntaje normalizado",KAI/QS/DatosQS/QS global/2026 QS World University Rankings 1.3 (For qs.com).xlsx,2026-09-25T04:18:50+00:00,archivo del repositorio
qs,Universidad de Chile,2026,,qs_puntaje_citas_por_academico_global,18.2,puntaje 0-100,"Citas por académico · QS global 2026, puntaje normalizado",KAI/QS/DatosQS/QS global/2026 QS World University Rankings 1.3 (For qs.com).xlsx,2026-09-25T04:18:50+00:00,archivo del repositorio
qs,Universidad de Chile,2026,,qs_puntaje_academicos_internacionales_global,12.2,puntaje 0-100,"Proporción de académicos internacionales · QS global 2026, puntaje normalizado",KAI/QS/DatosQS/QS global/2026 QS World University Rankings 1.3 (For qs.com).xlsx,2026-09-25T04:18:50+00:00,archivo del repositorio
qs,Universidad de Chile,2026,,qs_puntaje_estudiantes_internacionales_global,8.1,puntaje 0-100,"Proporción de estudiantes internacionales · QS global 2026, puntaje normalizado",KAI/QS/DatosQS/QS global/2026 QS World University Rankings 1.3 (For qs.com).xlsx,2026-09-25T04:18:50+00:00,archivo del repositorio
qs,Universidad de Chile,2026,,qs_puntaje_diversidad_internacional_global,13.1,puntaje 0-100,"Diversidad de estudiantes internacionales · QS global 2026, puntaje normalizado",KAI/QS/DatosQS/QS global/2026 QS World University Rankings 1.3 (For qs.com).xlsx,2026-09-25T04:18:50+00:00,archivo del repositorio
qs,Universidad de Chile,2026,,qs_puntaje_red_internacional_global,77.9,puntaje 0-100,"Red internacional de investigación · QS global 2026, puntaje normalizado",KAI/QS/DatosQS/QS global/2026 QS World University Rankings 1.3 (For qs.com).xlsx,2026-09-25T04:18:50+00:00,archivo del repositorio
qs,Universidad de Chile,2026,,qs_puntaje_empleabilidad_global,97.6,puntaje 0-100,"Resultados de empleabilidad · QS global 2026, puntaje normalizado",KAI/QS/DatosQS/QS global/2026 QS World University Rankings 1.3 (For qs.com).xlsx,2026-09-25T04:18:50+00:00,archivo del repositorio
qs,Universidad de Chile,2026,,qs_puntaje_sostenibilidad_global,69.5,puntaje 0-100,"Sostenibilidad · QS global 2026, puntaje normalizado",KAI/QS/DatosQS/QS global/2026 QS World University Rankings 1.3 (For qs.com).xlsx,2026-09-25T04:18:50+00:00,archivo del repositorio
qs,Universidad de Chile,2026,,qs_puntaje_global_global,59.1,puntaje 0-100,"Puntaje global de la edición · QS global 2026, puntaje normalizado",KAI/QS/DatosQS/QS global/2026 QS World University Rankings 1.3 (For qs.com).xlsx,2026-09-25T04:18:50+00:00,archivo del repositorio
qs,Universidad de Santiago de Chile,2026,,qs_puntaje_reputacion_academica_global,50.4,puntaje 0-100,"Encuesta de reputación académica · QS global 2026, puntaje normalizado",KAI/QS/DatosQS/QS global/2026 QS World University Rankings 1.3 (For qs.com).xlsx,2026-09-25T04:18:50+00:00,archivo del repositorio
qs,Universidad de Santiago de Chile,2026,,qs_puntaje_reputacion_empleadores_global,59.9,puntaje 0-100,"Encuesta de reputación entre empleadores · QS global 2026, puntaje normalizado",KAI/QS/DatosQS/QS global/2026 QS World University Rankings 1.3 (For qs.com).xlsx,2026-09-25T04:18:50+00:00,archivo del repositorio
qs,Universidad de Santiago de Chile,2026,,qs_puntaje_ratio_academicos_global,11.4,puntaje 0-100,"Razón de académicos por estudiante · QS global 2026, puntaje normalizado",KAI/QS/DatosQS/QS global/2026 QS World University Rankings 1.3 (For qs.com).xlsx,2026-09-25T04:18:50+00:00,archivo del repositorio
qs,Universidad de Santiago de Chile,2026,,qs_puntaje_citas_por_academico_global,7.8,puntaje 0-100,"Citas por académico · QS global 2026, puntaje normalizado",KAI/QS/DatosQS/QS global/2026 QS World University Rankings 1.3 (For qs.com).xlsx,2026-09-25T04:18:50+00:00,archivo del repositorio
qs,Universidad de Santiago de Chile,2026,,qs_puntaje_academicos_internacionales_global,10.6,puntaje 0-100,"Proporción de académicos internacionales · QS global 2026, puntaje normalizado",KAI/QS/DatosQS/QS global/2026 QS World University Rankings 1.3 (For qs.com).xlsx,2026-09-25T04:18:50+00:00,archivo del repositorio
qs,Universidad de Santiago de Chile,2026,,qs_puntaje_estudiantes_internacionales_global,3.8,puntaje 0-100,"Proporción de estudiantes internacionales · QS global 2026, puntaje normalizado",KAI/QS/DatosQS/QS global/2026 QS World University Rankings 1.3 (For qs.com).xlsx,2026-09-25T04:18:50+00:00,archivo del repositorio
qs,Universidad de Santiago de Chile,2026,,qs_puntaje_diversidad_internacional_global,8.0,puntaje 0-100,"Diversidad de estudiantes internacionales · QS global 2026, puntaje normalizado",KAI/QS/DatosQS/QS global/2026 QS World University Rankings 1.3 (For qs.com).xlsx,2026-09-25T04:18:50+00:00,archivo del repositorio
qs,Universidad de Santiago de Chile,2026,,qs_puntaje_red_internacional_global,53.9,puntaje 0-100,"Red internacional de investigación · QS global 2026, puntaje normalizado",KAI/QS/DatosQS/QS global/2026 QS World University Rankings 1.3 (For qs.com).xlsx,2026-09-25T04:18:50+00:00,archivo del repositorio
qs,Universidad de Santiago de Chile,2026,,qs_puntaje_empleabilidad_global,17.5,puntaje 0-100,"Resultados de empleabilidad · QS global 2026, puntaje normalizado",KAI/QS/DatosQS/QS global/2026 QS World University Rankings 1.3 (For qs.com).xlsx,2026-09-25T04:18:50+00:00,archivo del repositorio
qs,Universidad de Santiago de Chile,2026,,qs_puntaje_sostenibilidad_global,53.7,puntaje 0-100,"Sostenibilidad · QS global 2026, puntaje normalizado",KAI/QS/DatosQS/QS global/2026 QS World University Rankings 1.3 (For qs.com).xlsx,2026-09-25T04:18:50+00:00,archivo del repositorio
qs,Universidad de Santiago de Chile,2026,,qs_puntaje_global_global,32.7,puntaje 0-100,"Puntaje global de la edición · QS global 2026, puntaje normalizado",KAI/QS/DatosQS/QS global/2026 QS World University Rankings 1.3 (For qs.com).xlsx,2026-09-25T04:18:50+00:00,archivo del repositorio
qs,Universidad Adolfo Ibanez,2026,,qs_puntaje_reputacion_academica_global,28.7,puntaje 0-100,"Encuesta de reputación académica · QS global 2026, puntaje normalizado",KAI/QS/DatosQS/QS global/2026 QS World University Rankings 1.3 (For qs.com).xlsx,2026-09-25T04:18:50+00:00,archivo del repositorio
qs,Universidad Adolfo Ibanez,2026,,qs_puntaje_reputacion_empleadores_global,63.3,puntaje 0-100,"Encuesta de reputación entre empleadores · QS global 2026, puntaje normalizado",KAI/QS/DatosQS/QS global/2026 QS World University Rankings 1.3 (For qs.com).xlsx,2026-09-25T04:18:50+00:00,archivo del repositorio
qs,Universidad Adolfo Ibanez,2026,,qs_puntaje_ratio_academicos_global,7.6,puntaje 0-100,"Razón de académicos por estudiante · QS global 2026, puntaje normalizado",KAI/QS/DatosQS/QS global/2026 QS World University Rankings 1.3 (For qs.com).xlsx,2026-09-25T04:18:50+00:00,archivo del repositorio
qs,Universidad Adolfo Ibanez,2026,,qs_puntaje_citas_por_academico_global,9.1,puntaje 0-100,"Citas por académico · QS global 2026, puntaje normalizado",KAI/QS/DatosQS/QS global/2026 QS World University Rankings 1.3 (For qs.com).xlsx,2026-09-25T04:18:50+00:00,archivo del repositorio
qs,Universidad Adolfo Ibanez,2026,,qs_puntaje_academicos_internacionales_global,46.4,puntaje 0-100,"Proporción de académicos internacionales · QS global 2026, puntaje normalizado",KAI/QS/DatosQS/QS global/2026 QS World University Rankings 1.3 (For qs.com).xlsx,2026-09-25T04:18:50+00:00,archivo del repositorio
qs,Universidad Adolfo Ibanez,2026,,qs_puntaje_estudiantes_internacionales_global,8.0,puntaje 0-100,"Proporción de estudiantes internacionales · QS global 2026, puntaje normalizado",KAI/QS/DatosQS/QS global/2026 QS World University Rankings 1.3 (For qs.com).xlsx,2026-09-25T04:18:50+00:00,archivo del repositorio
qs,Universidad Adolfo Ibanez,2026,,qs_puntaje_diversidad_internacional_global,11.7,puntaje 0-100,"Diversidad de estudiantes internacionales · QS global 2026, puntaje normalizado",KAI/QS/DatosQS/QS global/2026 QS World University Rankings 1.3 (For qs.com).xlsx,2026-09-25T04:18:50+00:00,archivo del repositorio
qs,Universidad Adolfo Ibanez,2026,,qs_puntaje_red_internacional_global,34.4,puntaje 0-100,"Red internacional de investigación · QS global 2026, puntaje normalizado",KAI/QS/DatosQS/QS global/2026 QS World University Rankings 1.3 (For qs.com).xlsx,2026-09-25T04:18:50+00:00,archivo del repositorio
qs,Universidad Adolfo Ibanez,2026,,qs_puntaje_empleabilidad_global,60.7,puntaje 0-100,"Resultados de empleabilidad · QS global 2026, puntaje normalizado",KAI/QS/DatosQS/QS global/2026 QS World University Rankings 1.3 (For qs.com).xlsx,2026-09-25T04:18:50+00:00,archivo del repositorio
qs,Universidad Adolfo Ibanez,2026,,qs_puntaje_sostenibilidad_global,40.0,puntaje 0-100,"Sostenibilidad · QS global 2026, puntaje normalizado",KAI/QS/DatosQS/QS global/2026 QS World University Rankings 1.3 (For qs.com).xlsx,2026-09-25T04:18:50+00:00,archivo del repositorio
qs,Universidad Adolfo Ibanez,2026,,qs_puntaje_global_global,29.0,puntaje 0-100,"Puntaje global de la edición · QS global 2026, puntaje normalizado",KAI/QS/DatosQS/QS global/2026 QS World University Rankings 1.3 (For qs.com).xlsx,2026-09-25T04:18:50+00:00,archivo del repositorio
qs,Universidad de Concepcion,2026,,qs_puntaje_reputacion_academica_global,36.8,puntaje 0-100,"Encuesta de reputación académica · QS global 2026, puntaje normalizado",KAI/QS/DatosQS/QS global/2026 QS World University Rankings 1.3 (For qs.com).xlsx,2026-09-25T04:18:50+00:00,archivo del repositorio
qs,Universidad de Concepcion,2026,,qs_puntaje_reputacion_empleadores_global,34.0,puntaje 0-100,"Encuesta de reputación entre empleadores · QS global 2026, puntaje normalizado",KAI/QS/DatosQS/QS global/2026 QS World University Rankings 1.3 (For qs.com).xlsx,2026-09-25T04:18:50+00:00,archivo del repositorio
qs,Universidad de Concepcion,2026,,qs_puntaje_ratio_academicos_global,20.2,puntaje 0-100,"Razón de académicos por estudiante · QS global 2026, puntaje normalizado",KAI/QS/DatosQS/QS global/2026 QS World University Rankings 1.3 (For qs.com).xlsx,2026-09-25T04:18:50+00:00,archivo del repositorio
qs,Universidad de Concepcion,2026,,qs_puntaje_citas_por_academico_global,12.3,puntaje 0-100,"Citas por académico · QS global 2026, puntaje normalizado",KAI/QS/DatosQS/QS global/2026 QS World University Rankings 1.3 (For qs.com).xlsx,2026-09-25T04:18:50+00:00,archivo del repositorio
qs,Universidad de Concepcion,2026,,qs_puntaje_academicos_internacionales_global,14.5,puntaje 0-100,"Proporción de académicos internacionales · QS global 2026, puntaje normalizado",KAI/QS/DatosQS/QS global/2026 QS World University Rankings 1.3 (For qs.com).xlsx,2026-09-25T04:18:50+00:00,archivo del repositorio
qs,Universidad de Concepcion,2026,,qs_puntaje_estudiantes_internacionales_global,2.6,puntaje 0-100,"Proporción de estudiantes internacionales · QS global 2026, puntaje normalizado",KAI/QS/DatosQS/QS global/2026 QS World University Rankings 1.3 (For qs.com).xlsx,2026-09-25T04:18:50+00:00,archivo del repositorio
qs,Universidad de Concepcion,2026,,qs_puntaje_diversidad_internacional_global,6.9,puntaje 0-100,"Diversidad de estudiantes internacionales · QS global 2026, puntaje normalizado",KAI/QS/DatosQS/QS global/2026 QS World University Rankings 1.3 (For qs.com).xlsx,2026-09-25T04:18:50+00:00,archivo del repositorio
qs,Universidad de Concepcion,2026,,qs_puntaje_red_internacional_global,64.1,puntaje 0-100,"Red internacional de investigación · QS global 2026, puntaje normalizado",KAI/QS/DatosQS/QS global/2026 QS World University Rankings 1.3 (For qs.com).xlsx,2026-09-25T04:18:50+00:00,archivo del repositorio
qs,Universidad de Concepcion,2026,,qs_puntaje_empleabilidad_global,16.9,puntaje 0-100,"Resultados de empleabilidad · QS global 2026, puntaje normalizado",KAI/QS/DatosQS/QS global/2026 QS World University Rankings 1.3 (For qs.com).xlsx,2026-09-25T04:18:50+00:00,archivo del repositorio
qs,Universidad de Concepcion,2026,,qs_puntaje_sostenibilidad_global,69.5,puntaje 0-100,"Sostenibilidad · QS global 2026, puntaje normalizado",KAI/QS/DatosQS/QS global/2026 QS World University Rankings 1.3 (For qs.com).xlsx,2026-09-25T04:18:50+00:00,archivo del repositorio
qs,Universidad de Concepcion,2026,,qs_puntaje_global_global,27.8,puntaje 0-100,"Puntaje global de la edición · QS global 2026, puntaje normalizado",KAI/QS/DatosQS/QS global/2026 QS World University Rankings 1.3 (For qs.com).xlsx,2026-09-25T04:18:50+00:00,archivo del repositorio
qs,Pontificia Universidad Catolica de Valparaiso,2026,,qs_puntaje_reputacion_academica_global,36.4,puntaje 0-100,"Encuesta de reputación académica · QS global 2026, puntaje normalizado",KAI/QS/DatosQS/QS global/2026 QS World University Rankings 1.3 (For qs.com).xlsx,2026-09-25T04:18:51+00:00,archivo del repositorio
qs,Pontificia Universidad Catolica de Valparaiso,2026,,qs_puntaje_reputacion_empleadores_global,29.0,puntaje 0-100,"Encuesta de reputación entre empleadores · QS global 2026, puntaje normalizado",KAI/QS/DatosQS/QS global/2026 QS World University Rankings 1.3 (For qs.com).xlsx,2026-09-25T04:18:51+00:00,archivo del repositorio
qs,Pontificia Universidad Catolica de Valparaiso,2026,,qs_puntaje_ratio_academicos_global,6.8,puntaje 0-100,"Razón de académicos por estudiante · QS global 2026, puntaje normalizado",KAI/QS/DatosQS/QS global/2026 QS World University Rankings 1.3 (For qs.com).xlsx,2026-09-25T04:18:51+00:00,archivo del repositorio
qs,Pontificia Universidad Catolica de Valparaiso,2026,,qs_puntaje_citas_por_academico_global,13.2,puntaje 0-100,"Citas por académico · QS global 2026, puntaje normalizado",KAI/QS/DatosQS/QS global/2026 QS World University Rankings 1.3 (For qs.com).xlsx,2026-09-25T04:18:51+00:00,archivo del repositorio
qs,Pontificia Universidad Catolica de Valparaiso,2026,,qs_puntaje_academicos_internacionales_global,15.1,puntaje 0-100,"Proporción de académicos internacionales · QS global 2026, puntaje normalizado",KAI/QS/DatosQS/QS global/2026 QS World University Rankings 1.3 (For qs.com).xlsx,2026-09-25T04:18:51+00:00,archivo del repositorio
qs,Pontificia Universidad Catolica de Valparaiso,2026,,qs_puntaje_estudiantes_internacionales_global,2.6,puntaje 0-100,"Proporción de estudiantes internacionales · QS global 2026, puntaje normalizado",KAI/QS/DatosQS/QS global/2026 QS World University Rankings 1.3 (For qs.com).xlsx,2026-09-25T04:18:51+00:00,archivo del repositorio
qs,Pontificia Universidad Catolica de Valparaiso,2026,,qs_puntaje_diversidad_internacional_global,2.2,puntaje 0-100,"Diversidad de estudiantes internacionales · QS global 2026, puntaje normalizado",KAI/QS/DatosQS/QS global/2026 QS World University Rankings 1.3 (For qs.com).xlsx,2026-09-25T04:18:51+00:00,archivo del repositorio
qs,Pontificia Universidad Catolica de Valparaiso,2026,,qs_puntaje_red_internacional_global,43.3,puntaje 0-100,"Red internacional de investigación · QS global 2026, puntaje normalizado",KAI/QS/DatosQS/QS global/2026 QS World University Rankings 1.3 (For qs.com).xlsx,2026-09-25T04:18:51+00:00,archivo del repositorio
qs,Pontificia Universidad Catolica de Valparaiso,2026,,qs_puntaje_empleabilidad_global,12.2,puntaje 0-100,"Resultados de empleabilidad · QS global 2026, puntaje normalizado",KAI/QS/DatosQS/QS global/2026 QS World University Rankings 1.3 (For qs.com).xlsx,2026-09-25T04:18:51+00:00,archivo del repositorio
qs,Pontificia Universidad Catolica de Valparaiso,2026,,qs_puntaje_sostenibilidad_global,36.9,puntaje 0-100,"Sostenibilidad · QS global 2026, puntaje normalizado",KAI/QS/DatosQS/QS global/2026 QS World University Rankings 1.3 (For qs.com).xlsx,2026-09-25T04:18:51+00:00,archivo del repositorio
qs,Universidad de los Andes,2026,,qs_puntaje_reputacion_academica_global,25.3,puntaje 0-100,"Encuesta de reputación académica · QS global 2026, puntaje normalizado",KAI/QS/DatosQS/QS global/2026 QS World University Rankings 1.3 (For qs.com).xlsx,2026-09-25T04:18:51+00:00,archivo del repositorio
qs,Universidad de los Andes,2026,,qs_puntaje_reputacion_empleadores_global,36.5,puntaje 0-100,"Encuesta de reputación entre empleadores · QS global 2026, puntaje normalizado",KAI/QS/DatosQS/QS global/2026 QS World University Rankings 1.3 (For qs.com).xlsx,2026-09-25T04:18:51+00:00,archivo del repositorio
qs,Universidad de los Andes,2026,,qs_puntaje_ratio_academicos_global,13.4,puntaje 0-100,"Razón de académicos por estudiante · QS global 2026, puntaje normalizado",KAI/QS/DatosQS/QS global/2026 QS World University Rankings 1.3 (For qs.com).xlsx,2026-09-25T04:18:51+00:00,archivo del repositorio
qs,Universidad de los Andes,2026,,qs_puntaje_citas_por_academico_global,4.7,puntaje 0-100,"Citas por académico · QS global 2026, puntaje normalizado",KAI/QS/DatosQS/QS global/2026 QS World University Rankings 1.3 (For qs.com).xlsx,2026-09-25T04:18:51+00:00,archivo del repositorio
qs,Universidad de los Andes,2026,,qs_puntaje_academicos_internacionales_global,15.1,puntaje 0-100,"Proporción de académicos internacionales · QS global 2026, puntaje normalizado",KAI/QS/DatosQS/QS global/2026 QS World University Rankings 1.3 (For qs.com).xlsx,2026-09-25T04:18:51+00:00,archivo del repositorio
qs,Universidad de los Andes,2026,,qs_puntaje_estudiantes_internacionales_global,3.5,puntaje 0-100,"Proporción de estudiantes internacionales · QS global 2026, puntaje normalizado",KAI/QS/DatosQS/QS global/2026 QS World University Rankings 1.3 (For qs.com).xlsx,2026-09-25T04:18:51+00:00,archivo del repositorio
qs,Universidad de los Andes,2026,,qs_puntaje_diversidad_internacional_global,7.7,puntaje 0-100,"Diversidad de estudiantes internacionales · QS global 2026, puntaje normalizado",KAI/QS/DatosQS/QS global/2026 QS World University Rankings 1.3 (For qs.com).xlsx,2026-09-25T04:18:51+00:00,archivo del repositorio
qs,Universidad de los Andes,2026,,qs_puntaje_red_internacional_global,17.9,puntaje 0-100,"Red internacional de investigación · QS global 2026, puntaje normalizado",KAI/QS/DatosQS/QS global/2026 QS World University Rankings 1.3 (For qs.com).xlsx,2026-09-25T04:18:51+00:00,archivo del repositorio
qs,Universidad de los Andes,2026,,qs_puntaje_empleabilidad_global,45.2,puntaje 0-100,"Resultados de empleabilidad · QS global 2026, puntaje normalizado",KAI/QS/DatosQS/QS global/2026 QS World University Rankings 1.3 (For qs.com).xlsx,2026-09-25T04:18:51+00:00,archivo del repositorio
qs,Universidad de los Andes,2026,,qs_puntaje_sostenibilidad_global,28.9,puntaje 0-100,"Sostenibilidad · QS global 2026, puntaje normalizado",KAI/QS/DatosQS/QS global/2026 QS World University Rankings 1.3 (For qs.com).xlsx,2026-09-25T04:18:51+00:00,archivo del repositorio
qs,Universidad Andres Bello,2026,,qs_puntaje_reputacion_academica_global,19.5,puntaje 0-100,"Encuesta de reputación académica · QS global 2026, puntaje normalizado",KAI/QS/DatosQS/QS global/2026 QS World University Rankings 1.3 (For qs.com).xlsx,2026-09-25T04:18:51+00:00,archivo del repositorio
qs,Universidad Andres Bello,2026,,qs_puntaje_reputacion_empleadores_global,16.4,puntaje 0-100,"Encuesta de reputación entre empleadores · QS global 2026, puntaje normalizado",KAI/QS/DatosQS/QS global/2026 QS World University Rankings 1.3 (For qs.com).xlsx,2026-09-25T04:18:51+00:00,archivo del repositorio
qs,Universidad Andres Bello,2026,,qs_puntaje_ratio_academicos_global,11.1,puntaje 0-100,"Razón de académicos por estudiante · QS global 2026, puntaje normalizado",KAI/QS/DatosQS/QS global/2026 QS World University Rankings 1.3 (For qs.com).xlsx,2026-09-25T04:18:51+00:00,archivo del repositorio
qs,Universidad Andres Bello,2026,,qs_puntaje_citas_por_academico_global,3.9,puntaje 0-100,"Citas por académico · QS global 2026, puntaje normalizado",KAI/QS/DatosQS/QS global/2026 QS World University Rankings 1.3 (For qs.com).xlsx,2026-09-25T04:18:51+00:00,archivo del repositorio
qs,Universidad Andres Bello,2026,,qs_puntaje_academicos_internacionales_global,9.6,puntaje 0-100,"Proporción de académicos internacionales · QS global 2026, puntaje normalizado",KAI/QS/DatosQS/QS global/2026 QS World University Rankings 1.3 (For qs.com).xlsx,2026-09-25T04:18:51+00:00,archivo del repositorio
qs,Universidad Andres Bello,2026,,qs_puntaje_estudiantes_internacionales_global,3.8,puntaje 0-100,"Proporción de estudiantes internacionales · QS global 2026, puntaje normalizado",KAI/QS/DatosQS/QS global/2026 QS World University Rankings 1.3 (For qs.com).xlsx,2026-09-25T04:18:51+00:00,archivo del repositorio
qs,Universidad Andres Bello,2026,,qs_puntaje_diversidad_internacional_global,8.2,puntaje 0-100,"Diversidad de estudiantes internacionales · QS global 2026, puntaje normalizado",KAI/QS/DatosQS/QS global/2026 QS World University Rankings 1.3 (For qs.com).xlsx,2026-09-25T04:18:51+00:00,archivo del repositorio
qs,Universidad Andres Bello,2026,,qs_puntaje_red_internacional_global,60.9,puntaje 0-100,"Red internacional de investigación · QS global 2026, puntaje normalizado",KAI/QS/DatosQS/QS global/2026 QS World University Rankings 1.3 (For qs.com).xlsx,2026-09-25T04:18:51+00:00,archivo del repositorio
qs,Universidad Andres Bello,2026,,qs_puntaje_empleabilidad_global,2.5,puntaje 0-100,"Resultados de empleabilidad · QS global 2026, puntaje normalizado",KAI/QS/DatosQS/QS global/2026 QS World University Rankings 1.3 (For qs.com).xlsx,2026-09-25T04:18:51+00:00,archivo del repositorio
qs,Universidad Andres Bello,2026,,qs_puntaje_sostenibilidad_global,56.9,puntaje 0-100,"Sostenibilidad · QS global 2026, puntaje normalizado",KAI/QS/DatosQS/QS global/2026 QS World University Rankings 1.3 (For qs.com).xlsx,2026-09-25T04:18:51+00:00,archivo del repositorio
qs,Universidad Austral de Chile,2026,,qs_puntaje_reputacion_academica_global,19.3,puntaje 0-100,"Encuesta de reputación académica · QS global 2026, puntaje normalizado",KAI/QS/DatosQS/QS global/2026 QS World University Rankings 1.3 (For qs.com).xlsx,2026-09-25T04:18:51+00:00,archivo del repositorio
qs,Universidad Austral de Chile,2026,,qs_puntaje_reputacion_empleadores_global,15.4,puntaje 0-100,"Encuesta de reputación entre empleadores · QS global 2026, puntaje normalizado",KAI/QS/DatosQS/QS global/2026 QS World University Rankings 1.3 (For qs.com).xlsx,2026-09-25T04:18:51+00:00,archivo del repositorio
qs,Universidad Austral de Chile,2026,,qs_puntaje_ratio_academicos_global,4.1,puntaje 0-100,"Razón de académicos por estudiante · QS global 2026, puntaje normalizado",KAI/QS/DatosQS/QS global/2026 QS World University Rankings 1.3 (For qs.com).xlsx,2026-09-25T04:18:51+00:00,archivo del repositorio
qs,Universidad Austral de Chile,2026,,qs_puntaje_citas_por_academico_global,14.3,puntaje 0-100,"Citas por académico · QS global 2026, puntaje normalizado",KAI/QS/DatosQS/QS global/2026 QS World University Rankings 1.3 (For qs.com).xlsx,2026-09-25T04:18:51+00:00,archivo del repositorio
qs,Universidad Austral de Chile,2026,,qs_puntaje_academicos_internacionales_global,20.5,puntaje 0-100,"Proporción de académicos internacionales · QS global 2026, puntaje normalizado",KAI/QS/DatosQS/QS global/2026 QS World University Rankings 1.3 (For qs.com).xlsx,2026-09-25T04:18:51+00:00,archivo del repositorio
qs,Universidad Austral de Chile,2026,,qs_puntaje_estudiantes_internacionales_global,2.5,puntaje 0-100,"Proporción de estudiantes internacionales · QS global 2026, puntaje normalizado",KAI/QS/DatosQS/QS global/2026 QS World University Rankings 1.3 (For qs.com).xlsx,2026-09-25T04:18:51+00:00,archivo del repositorio
qs,Universidad Austral de Chile,2026,,qs_puntaje_diversidad_internacional_global,6.8,puntaje 0-100,"Diversidad de estudiantes internacionales · QS global 2026, puntaje normalizado",KAI/QS/DatosQS/QS global/2026 QS World University Rankings 1.3 (For qs.com).xlsx,2026-09-25T04:18:51+00:00,archivo del repositorio
qs,Universidad Austral de Chile,2026,,qs_puntaje_red_internacional_global,45.8,puntaje 0-100,"Red internacional de investigación · QS global 2026, puntaje normalizado",KAI/QS/DatosQS/QS global/2026 QS World University Rankings 1.3 (For qs.com).xlsx,2026-09-25T04:18:51+00:00,archivo del repositorio
qs,Universidad Austral de Chile,2026,,qs_puntaje_empleabilidad_global,4.8,puntaje 0-100,"Resultados de empleabilidad · QS global 2026, puntaje normalizado",KAI/QS/DatosQS/QS global/2026 QS World University Rankings 1.3 (For qs.com).xlsx,2026-09-25T04:18:51+00:00,archivo del repositorio
qs,Universidad Austral de Chile,2026,,qs_puntaje_sostenibilidad_global,44.0,puntaje 0-100,"Sostenibilidad · QS global 2026, puntaje normalizado",KAI/QS/DatosQS/QS global/2026 QS World University Rankings 1.3 (For qs.com).xlsx,2026-09-25T04:18:51+00:00,archivo del repositorio
qs,Universidad de Talca,2026,,qs_puntaje_reputacion_academica_global,14.4,puntaje 0-100,"Encuesta de reputación académica · QS global 2026, puntaje normalizado",KAI/QS/DatosQS/QS global/2026 QS World University Rankings 1.3 (For qs.com).xlsx,2026-09-25T04:18:51+00:00,archivo del repositorio
qs,Universidad de Talca,2026,,qs_puntaje_reputacion_empleadores_global,11.7,puntaje 0-100,"Encuesta de reputación entre empleadores · QS global 2026, puntaje normalizado",KAI/QS/DatosQS/QS global/2026 QS World University Rankings 1.3 (For qs.com).xlsx,2026-09-25T04:18:51+00:00,archivo del repositorio
qs,Universidad de Talca,2026,,qs_puntaje_ratio_academicos_global,9.1,puntaje 0-100,"Razón de académicos por estudiante · QS global 2026, puntaje normalizado",KAI/QS/DatosQS/QS global/2026 QS World University Rankings 1.3 (For qs.com).xlsx,2026-09-25T04:18:51+00:00,archivo del repositorio
qs,Universidad de Talca,2026,,qs_puntaje_citas_por_academico_global,13.2,puntaje 0-100,"Citas por académico · QS global 2026, puntaje normalizado",KAI/QS/DatosQS/QS global/2026 QS World University Rankings 1.3 (For qs.com).xlsx,2026-09-25T04:18:51+00:00,archivo del repositorio
qs,Universidad de Talca,2026,,qs_puntaje_academicos_internacionales_global,27.4,puntaje 0-100,"Proporción de académicos internacionales · QS global 2026, puntaje normalizado",KAI/QS/DatosQS/QS global/2026 QS World University Rankings 1.3 (For qs.com).xlsx,2026-09-25T04:18:51+00:00,archivo del repositorio
qs,Universidad de Talca,2026,,qs_puntaje_estudiantes_internacionales_global,1.9,puntaje 0-100,"Proporción de estudiantes internacionales · QS global 2026, puntaje normalizado",KAI/QS/DatosQS/QS global/2026 QS World University Rankings 1.3 (For qs.com).xlsx,2026-09-25T04:18:51+00:00,archivo del repositorio
qs,Universidad de Talca,2026,,qs_puntaje_diversidad_internacional_global,1.7,puntaje 0-100,"Diversidad de estudiantes internacionales · QS global 2026, puntaje normalizado",KAI/QS/DatosQS/QS global/2026 QS World University Rankings 1.3 (For qs.com).xlsx,2026-09-25T04:18:51+00:00,archivo del repositorio
qs,Universidad de Talca,2026,,qs_puntaje_red_internacional_global,46.4,puntaje 0-100,"Red internacional de investigación · QS global 2026, puntaje normalizado",KAI/QS/DatosQS/QS global/2026 QS World University Rankings 1.3 (For qs.com).xlsx,2026-09-25T04:18:51+00:00,archivo del repositorio
qs,Universidad de Talca,2026,,qs_puntaje_empleabilidad_global,2.5,puntaje 0-100,"Resultados de empleabilidad · QS global 2026, puntaje normalizado",KAI/QS/DatosQS/QS global/2026 QS World University Rankings 1.3 (For qs.com).xlsx,2026-09-25T04:18:51+00:00,archivo del repositorio
qs,Universidad de Talca,2026,,qs_puntaje_sostenibilidad_global,29.4,puntaje 0-100,"Sostenibilidad · QS global 2026, puntaje normalizado",KAI/QS/DatosQS/QS global/2026 QS World University Rankings 1.3 (For qs.com).xlsx,2026-09-25T04:18:51+00:00,archivo del repositorio
qs,Universidad Diego Portales,2026,,qs_puntaje_reputacion_academica_global,19.0,puntaje 0-100,"Encuesta de reputación académica · QS global 2026, puntaje normalizado",KAI/QS/DatosQS/QS global/2026 QS World University Rankings 1.3 (For qs.com).xlsx,2026-09-25T04:18:51+00:00,archivo del repositorio
qs,Universidad Diego Portales,2026,,qs_puntaje_reputacion_empleadores_global,25.8,puntaje 0-100,"Encuesta de reputación entre empleadores · QS global 2026, puntaje normalizado",KAI/QS/DatosQS/QS global/2026 QS World University Rankings 1.3 (For qs.com).xlsx,2026-09-25T04:18:51+00:00,archivo del repositorio
qs,Universidad Diego Portales,2026,,qs_puntaje_ratio_academicos_global,11.9,puntaje 0-100,"Razón de académicos por estudiante · QS global 2026, puntaje normalizado",KAI/QS/DatosQS/QS global/2026 QS World University Rankings 1.3 (For qs.com).xlsx,2026-09-25T04:18:51+00:00,archivo del repositorio
qs,Universidad Diego Portales,2026,,qs_puntaje_citas_por_academico_global,5.5,puntaje 0-100,"Citas por académico · QS global 2026, puntaje normalizado",KAI/QS/DatosQS/QS global/2026 QS World University Rankings 1.3 (For qs.com).xlsx,2026-09-25T04:18:51+00:00,archivo del repositorio
qs,Universidad Diego Portales,2026,,qs_puntaje_academicos_internacionales_global,17.5,puntaje 0-100,"Proporción de académicos internacionales · QS global 2026, puntaje normalizado",KAI/QS/DatosQS/QS global/2026 QS World University Rankings 1.3 (For qs.com).xlsx,2026-09-25T04:18:51+00:00,archivo del repositorio
qs,Universidad Diego Portales,2026,,qs_puntaje_estudiantes_internacionales_global,6.3,puntaje 0-100,"Proporción de estudiantes internacionales · QS global 2026, puntaje normalizado",KAI/QS/DatosQS/QS global/2026 QS World University Rankings 1.3 (For qs.com).xlsx,2026-09-25T04:18:51+00:00,archivo del repositorio
qs,Universidad Diego Portales,2026,,qs_puntaje_diversidad_internacional_global,4.9,puntaje 0-100,"Diversidad de estudiantes internacionales · QS global 2026, puntaje normalizado",KAI/QS/DatosQS/QS global/2026 QS World University Rankings 1.3 (For qs.com).xlsx,2026-09-25T04:18:51+00:00,archivo del repositorio
qs,Universidad Diego Portales,2026,,qs_puntaje_red_internacional_global,37.1,puntaje 0-100,"Red internacional de investigación · QS global 2026, puntaje normalizado",KAI/QS/DatosQS/QS global/2026 QS World University Rankings 1.3 (For qs.com).xlsx,2026-09-25T04:18:51+00:00,archivo del repositorio
qs,Universidad Diego Portales,2026,,qs_puntaje_empleabilidad_global,8.8,puntaje 0-100,"Resultados de empleabilidad · QS global 2026, puntaje normalizado",KAI/QS/DatosQS/QS global/2026 QS World University Rankings 1.3 (For qs.com).xlsx,2026-09-25T04:18:51+00:00,archivo del repositorio
qs,Universidad Diego Portales,2026,,qs_puntaje_sostenibilidad_global,36.4,puntaje 0-100,"Sostenibilidad · QS global 2026, puntaje normalizado",KAI/QS/DatosQS/QS global/2026 QS World University Rankings 1.3 (For qs.com).xlsx,2026-09-25T04:18:51+00:00,archivo del repositorio
qs,Universidad Tecnica Federico Santa Maria,2026,,qs_puntaje_reputacion_academica_global,13.3,puntaje 0-100,"Encuesta de reputación académica · QS global 2026, puntaje normalizado",KAI/QS/DatosQS/QS global/2026 QS World University Rankings 1.3 (For qs.com).xlsx,2026-09-25T04:18:51+00:00,archivo del repositorio
qs,Universidad Tecnica Federico Santa Maria,2026,,qs_puntaje_reputacion_empleadores_global,37.5,puntaje 0-100,"Encuesta de reputación entre empleadores · QS global 2026, puntaje normalizado",KAI/QS/DatosQS/QS global/2026 QS World University Rankings 1.3 (For qs.com).xlsx,2026-09-25T04:18:51+00:00,archivo del repositorio
qs,Universidad Tecnica Federico Santa Maria,2026,,qs_puntaje_ratio_academicos_global,4.7,puntaje 0-100,"Razón de académicos por estudiante · QS global 2026, puntaje normalizado",KAI/QS/DatosQS/QS global/2026 QS World University Rankings 1.3 (For qs.com).xlsx,2026-09-25T04:18:51+00:00,archivo del repositorio
qs,Universidad Tecnica Federico Santa Maria,2026,,qs_puntaje_citas_por_academico_global,8.3,puntaje 0-100,"Citas por académico · QS global 2026, puntaje normalizado",KAI/QS/DatosQS/QS global/2026 QS World University Rankings 1.3 (For qs.com).xlsx,2026-09-25T04:18:51+00:00,archivo del repositorio
qs,Universidad Tecnica Federico Santa Maria,2026,,qs_puntaje_academicos_internacionales_global,19.0,puntaje 0-100,"Proporción de académicos internacionales · QS global 2026, puntaje normalizado",KAI/QS/DatosQS/QS global/2026 QS World University Rankings 1.3 (For qs.com).xlsx,2026-09-25T04:18:51+00:00,archivo del repositorio
qs,Universidad Tecnica Federico Santa Maria,2026,,qs_puntaje_estudiantes_internacionales_global,1.8,puntaje 0-100,"Proporción de estudiantes internacionales · QS global 2026, puntaje normalizado",KAI/QS/DatosQS/QS global/2026 QS World University Rankings 1.3 (For qs.com).xlsx,2026-09-25T04:18:51+00:00,archivo del repositorio
qs,Universidad Tecnica Federico Santa Maria,2026,,qs_puntaje_diversidad_internacional_global,1.6,puntaje 0-100,"Diversidad de estudiantes internacionales · QS global 2026, puntaje normalizado",KAI/QS/DatosQS/QS global/2026 QS World University Rankings 1.3 (For qs.com).xlsx,2026-09-25T04:18:51+00:00,archivo del repositorio
qs,Universidad Tecnica Federico Santa Maria,2026,,qs_puntaje_red_internacional_global,46.3,puntaje 0-100,"Red internacional de investigación · QS global 2026, puntaje normalizado",KAI/QS/DatosQS/QS global/2026 QS World University Rankings 1.3 (For qs.com).xlsx,2026-09-25T04:18:51+00:00,archivo del repositorio
qs,Universidad Tecnica Federico Santa Maria,2026,,qs_puntaje_empleabilidad_global,17.7,puntaje 0-100,"Resultados de empleabilidad · QS global 2026, puntaje normalizado",KAI/QS/DatosQS/QS global/2026 QS World University Rankings 1.3 (For qs.com).xlsx,2026-09-25T04:18:51+00:00,archivo del repositorio
qs,Universidad Tecnica Federico Santa Maria,2026,,qs_puntaje_sostenibilidad_global,42.7,puntaje 0-100,"Sostenibilidad · QS global 2026, puntaje normalizado",KAI/QS/DatosQS/QS global/2026 QS World University Rankings 1.3 (For qs.com).xlsx,2026-09-25T04:18:51+00:00,archivo del repositorio
qs,Universidad Catolica del Norte,2026,,qs_puntaje_reputacion_academica_global,5.7,puntaje 0-100,"Encuesta de reputación académica · QS global 2026, puntaje normalizado",KAI/QS/DatosQS/QS global/2026 QS World University Rankings 1.3 (For qs.com).xlsx,2026-09-25T04:18:51+00:00,archivo del repositorio
qs,Universidad Catolica del Norte,2026,,qs_puntaje_reputacion_empleadores_global,5.0,puntaje 0-100,"Encuesta de reputación entre empleadores · QS global 2026, puntaje normalizado",KAI/QS/DatosQS/QS global/2026 QS World University Rankings 1.3 (For qs.com).xlsx,2026-09-25T04:18:51+00:00,archivo del repositorio
qs,Universidad Catolica del Norte,2026,,qs_puntaje_ratio_academicos_global,10.9,puntaje 0-100,"Razón de académicos por estudiante · QS global 2026, puntaje normalizado",KAI/QS/DatosQS/QS global/2026 QS World University Rankings 1.3 (For qs.com).xlsx,2026-09-25T04:18:51+00:00,archivo del repositorio
qs,Universidad Catolica del Norte,2026,,qs_puntaje_citas_por_academico_global,9.3,puntaje 0-100,"Citas por académico · QS global 2026, puntaje normalizado",KAI/QS/DatosQS/QS global/2026 QS World University Rankings 1.3 (For qs.com).xlsx,2026-09-25T04:18:51+00:00,archivo del repositorio
qs,Universidad Catolica del Norte,2026,,qs_puntaje_academicos_internacionales_global,21.9,puntaje 0-100,"Proporción de académicos internacionales · QS global 2026, puntaje normalizado",KAI/QS/DatosQS/QS global/2026 QS World University Rankings 1.3 (For qs.com).xlsx,2026-09-25T04:18:51+00:00,archivo del repositorio
qs,Universidad Catolica del Norte,2026,,qs_puntaje_estudiantes_internacionales_global,8.5,puntaje 0-100,"Proporción de estudiantes internacionales · QS global 2026, puntaje normalizado",KAI/QS/DatosQS/QS global/2026 QS World University Rankings 1.3 (For qs.com).xlsx,2026-09-25T04:18:51+00:00,archivo del repositorio
qs,Universidad Catolica del Norte,2026,,qs_puntaje_diversidad_internacional_global,6.5,puntaje 0-100,"Diversidad de estudiantes internacionales · QS global 2026, puntaje normalizado",KAI/QS/DatosQS/QS global/2026 QS World University Rankings 1.3 (For qs.com).xlsx,2026-09-25T04:18:51+00:00,archivo del repositorio
qs,Universidad Catolica del Norte,2026,,qs_puntaje_red_internacional_global,45.0,puntaje 0-100,"Red internacional de investigación · QS global 2026, puntaje normalizado",KAI/QS/DatosQS/QS global/2026 QS World University Rankings 1.3 (For qs.com).xlsx,2026-09-25T04:18:51+00:00,archivo del repositorio
qs,Universidad Catolica del Norte,2026,,qs_puntaje_empleabilidad_global,2.5,puntaje 0-100,"Resultados de empleabilidad · QS global 2026, puntaje normalizado",KAI/QS/DatosQS/QS global/2026 QS World University Rankings 1.3 (For qs.com).xlsx,2026-09-25T04:18:51+00:00,archivo del repositorio
qs,Universidad Catolica del Norte,2026,,qs_puntaje_sostenibilidad_global,53.0,puntaje 0-100,"Sostenibilidad · QS global 2026, puntaje normalizado",KAI/QS/DatosQS/QS global/2026 QS World University Rankings 1.3 (For qs.com).xlsx,2026-09-25T04:18:51+00:00,archivo del repositorio
qs,Universidad de la Frontera,2026,,qs_puntaje_reputacion_academica_global,14.4,puntaje 0-100,"Encuesta de reputación académica · QS global 2026, puntaje normalizado",KAI/QS/DatosQS/QS global/2026 QS World University Rankings 1.3 (For qs.com).xlsx,2026-09-25T04:18:51+00:00,archivo del repositorio
qs,Universidad de la Frontera,2026,,qs_puntaje_reputacion_empleadores_global,7.5,puntaje 0-100,"Encuesta de reputación entre empleadores · QS global 2026, puntaje normalizado",KAI/QS/DatosQS/QS global/2026 QS World University Rankings 1.3 (For qs.com).xlsx,2026-09-25T04:18:51+00:00,archivo del repositorio
qs,Universidad de la Frontera,2026,,qs_puntaje_ratio_academicos_global,6.5,puntaje 0-100,"Razón de académicos por estudiante · QS global 2026, puntaje normalizado",KAI/QS/DatosQS/QS global/2026 QS World University Rankings 1.3 (For qs.com).xlsx,2026-09-25T04:18:51+00:00,archivo del repositorio
qs,Universidad de la Frontera,2026,,qs_puntaje_citas_por_academico_global,19.2,puntaje 0-100,"Citas por académico · QS global 2026, puntaje normalizado",KAI/QS/DatosQS/QS global/2026 QS World University Rankings 1.3 (For qs.com).xlsx,2026-09-25T04:18:51+00:00,archivo del repositorio
qs,Universidad de la Frontera,2026,,qs_puntaje_academicos_internacionales_global,3.1,puntaje 0-100,"Proporción de académicos internacionales · QS global 2026, puntaje normalizado",KAI/QS/DatosQS/QS global/2026 QS World University Rankings 1.3 (For qs.com).xlsx,2026-09-25T04:18:51+00:00,archivo del repositorio
qs,Universidad de la Frontera,2026,,qs_puntaje_estudiantes_internacionales_global,1.7,puntaje 0-100,"Proporción de estudiantes internacionales · QS global 2026, puntaje normalizado",KAI/QS/DatosQS/QS global/2026 QS World University Rankings 1.3 (For qs.com).xlsx,2026-09-25T04:18:51+00:00,archivo del repositorio
qs,Universidad de la Frontera,2026,,qs_puntaje_diversidad_internacional_global,1.5,puntaje 0-100,"Diversidad de estudiantes internacionales · QS global 2026, puntaje normalizado",KAI/QS/DatosQS/QS global/2026 QS World University Rankings 1.3 (For qs.com).xlsx,2026-09-25T04:18:51+00:00,archivo del repositorio
qs,Universidad de la Frontera,2026,,qs_puntaje_red_internacional_global,44.0,puntaje 0-100,"Red internacional de investigación · QS global 2026, puntaje normalizado",KAI/QS/DatosQS/QS global/2026 QS World University Rankings 1.3 (For qs.com).xlsx,2026-09-25T04:18:51+00:00,archivo del repositorio
qs,Universidad de la Frontera,2026,,qs_puntaje_empleabilidad_global,2.7,puntaje 0-100,"Resultados de empleabilidad · QS global 2026, puntaje normalizado",KAI/QS/DatosQS/QS global/2026 QS World University Rankings 1.3 (For qs.com).xlsx,2026-09-25T04:18:51+00:00,archivo del repositorio
qs,Universidad de la Frontera,2026,,qs_puntaje_sostenibilidad_global,32.3,puntaje 0-100,"Sostenibilidad · QS global 2026, puntaje normalizado",KAI/QS/DatosQS/QS global/2026 QS World University Rankings 1.3 (For qs.com).xlsx,2026-09-25T04:18:51+00:00,archivo del repositorio
qs,Universidad de Valparaiso,2026,,qs_puntaje_reputacion_academica_global,15.5,puntaje 0-100,"Encuesta de reputación académica · QS global 2026, puntaje normalizado",KAI/QS/DatosQS/QS global/2026 QS World University Rankings 1.3 (For qs.com).xlsx,2026-09-25T04:18:51+00:00,archivo del repositorio
qs,Universidad de Valparaiso,2026,,qs_puntaje_reputacion_empleadores_global,8.4,puntaje 0-100,"Encuesta de reputación entre empleadores · QS global 2026, puntaje normalizado",KAI/QS/DatosQS/QS global/2026 QS World University Rankings 1.3 (For qs.com).xlsx,2026-09-25T04:18:51+00:00,archivo del repositorio
qs,Universidad de Valparaiso,2026,,qs_puntaje_ratio_academicos_global,12.8,puntaje 0-100,"Razón de académicos por estudiante · QS global 2026, puntaje normalizado",KAI/QS/DatosQS/QS global/2026 QS World University Rankings 1.3 (For qs.com).xlsx,2026-09-25T04:18:51+00:00,archivo del repositorio
qs,Universidad de Valparaiso,2026,,qs_puntaje_citas_por_academico_global,5.0,puntaje 0-100,"Citas por académico · QS global 2026, puntaje normalizado",KAI/QS/DatosQS/QS global/2026 QS World University Rankings 1.3 (For qs.com).xlsx,2026-09-25T04:18:51+00:00,archivo del repositorio
qs,Universidad de Valparaiso,2026,,qs_puntaje_academicos_internacionales_global,8.6,puntaje 0-100,"Proporción de académicos internacionales · QS global 2026, puntaje normalizado",KAI/QS/DatosQS/QS global/2026 QS World University Rankings 1.3 (For qs.com).xlsx,2026-09-25T04:18:51+00:00,archivo del repositorio
qs,Universidad de Valparaiso,2026,,qs_puntaje_estudiantes_internacionales_global,2.9,puntaje 0-100,"Proporción de estudiantes internacionales · QS global 2026, puntaje normalizado",KAI/QS/DatosQS/QS global/2026 QS World University Rankings 1.3 (For qs.com).xlsx,2026-09-25T04:18:51+00:00,archivo del repositorio
qs,Universidad de Valparaiso,2026,,qs_puntaje_diversidad_internacional_global,2.4,puntaje 0-100,"Diversidad de estudiantes internacionales · QS global 2026, puntaje normalizado",KAI/QS/DatosQS/QS global/2026 QS World University Rankings 1.3 (For qs.com).xlsx,2026-09-25T04:18:51+00:00,archivo del repositorio
qs,Universidad de Valparaiso,2026,,qs_puntaje_red_internacional_global,34.3,puntaje 0-100,"Red internacional de investigación · QS global 2026, puntaje normalizado",KAI/QS/DatosQS/QS global/2026 QS World University Rankings 1.3 (For qs.com).xlsx,2026-09-25T04:18:51+00:00,archivo del repositorio
qs,Universidad de Valparaiso,2026,,qs_puntaje_empleabilidad_global,4.8,puntaje 0-100,"Resultados de empleabilidad · QS global 2026, puntaje normalizado",KAI/QS/DatosQS/QS global/2026 QS World University Rankings 1.3 (For qs.com).xlsx,2026-09-25T04:18:51+00:00,archivo del repositorio
qs,Universidad de Valparaiso,2026,,qs_puntaje_sostenibilidad_global,39.7,puntaje 0-100,"Sostenibilidad · QS global 2026, puntaje normalizado",KAI/QS/DatosQS/QS global/2026 QS World University Rankings 1.3 (For qs.com).xlsx,2026-09-25T04:18:51+00:00,archivo del repositorio
qs,Universidad del Desarrollo,2026,,qs_puntaje_reputacion_academica_global,11.8,puntaje 0-100,"Encuesta de reputación académica · QS global 2026, puntaje normalizado",KAI/QS/DatosQS/QS global/2026 QS World University Rankings 1.3 (For qs.com).xlsx,2026-09-25T04:18:51+00:00,archivo del repositorio
qs,Universidad del Desarrollo,2026,,qs_puntaje_reputacion_empleadores_global,15.7,puntaje 0-100,"Encuesta de reputación entre empleadores · QS global 2026, puntaje normalizado",KAI/QS/DatosQS/QS global/2026 QS World University Rankings 1.3 (For qs.com).xlsx,2026-09-25T04:18:51+00:00,archivo del repositorio
qs,Universidad del Desarrollo,2026,,qs_puntaje_ratio_academicos_global,15.7,puntaje 0-100,"Razón de académicos por estudiante · QS global 2026, puntaje normalizado",KAI/QS/DatosQS/QS global/2026 QS World University Rankings 1.3 (For qs.com).xlsx,2026-09-25T04:18:51+00:00,archivo del repositorio
qs,Universidad del Desarrollo,2026,,qs_puntaje_citas_por_academico_global,4.0,puntaje 0-100,"Citas por académico · QS global 2026, puntaje normalizado",KAI/QS/DatosQS/QS global/2026 QS World University Rankings 1.3 (For qs.com).xlsx,2026-09-25T04:18:51+00:00,archivo del repositorio
qs,Universidad del Desarrollo,2026,,qs_puntaje_academicos_internacionales_global,10.6,puntaje 0-100,"Proporción de académicos internacionales · QS global 2026, puntaje normalizado",KAI/QS/DatosQS/QS global/2026 QS World University Rankings 1.3 (For qs.com).xlsx,2026-09-25T04:18:51+00:00,archivo del repositorio
qs,Universidad del Desarrollo,2026,,qs_puntaje_estudiantes_internacionales_global,3.3,puntaje 0-100,"Proporción de estudiantes internacionales · QS global 2026, puntaje normalizado",KAI/QS/DatosQS/QS global/2026 QS World University Rankings 1.3 (For qs.com).xlsx,2026-09-25T04:18:51+00:00,archivo del repositorio
qs,Universidad del Desarrollo,2026,,qs_puntaje_diversidad_internacional_global,7.6,puntaje 0-100,"Diversidad de estudiantes internacionales · QS global 2026, puntaje normalizado",KAI/QS/DatosQS/QS global/2026 QS World University Rankings 1.3 (For qs.com).xlsx,2026-09-25T04:18:51+00:00,archivo del repositorio
qs,Universidad del Desarrollo,2026,,qs_puntaje_red_internacional_global,18.3,puntaje 0-100,"Red internacional de investigación · QS global 2026, puntaje normalizado",KAI/QS/DatosQS/QS global/2026 QS World University Rankings 1.3 (For qs.com).xlsx,2026-09-25T04:18:51+00:00,archivo del repositorio
qs,Universidad del Desarrollo,2026,,qs_puntaje_empleabilidad_global,6.8,puntaje 0-100,"Resultados de empleabilidad · QS global 2026, puntaje normalizado",KAI/QS/DatosQS/QS global/2026 QS World University Rankings 1.3 (For qs.com).xlsx,2026-09-25T04:18:51+00:00,archivo del repositorio
qs,Universidad del Desarrollo,2026,,qs_puntaje_sostenibilidad_global,47.5,puntaje 0-100,"Sostenibilidad · QS global 2026, puntaje normalizado",KAI/QS/DatosQS/QS global/2026 QS World University Rankings 1.3 (For qs.com).xlsx,2026-09-25T04:18:51+00:00,archivo del repositorio
qs,Universidad Autonoma de Chile,2026,,qs_puntaje_reputacion_academica_global,7.9,puntaje 0-100,"Encuesta de reputación académica · QS global 2026, puntaje normalizado",KAI/QS/DatosQS/QS global/2026 QS World University Rankings 1.3 (For qs.com).xlsx,2026-09-25T04:18:51+00:00,archivo del repositorio
qs,Universidad Autonoma de Chile,2026,,qs_puntaje_reputacion_empleadores_global,4.7,puntaje 0-100,"Encuesta de reputación entre empleadores · QS global 2026, puntaje normalizado",KAI/QS/DatosQS/QS global/2026 QS World University Rankings 1.3 (For qs.com).xlsx,2026-09-25T04:18:51+00:00,archivo del repositorio
qs,Universidad Autonoma de Chile,2026,,qs_puntaje_ratio_academicos_global,6.2,puntaje 0-100,"Razón de académicos por estudiante · QS global 2026, puntaje normalizado",KAI/QS/DatosQS/QS global/2026 QS World University Rankings 1.3 (For qs.com).xlsx,2026-09-25T04:18:51+00:00,archivo del repositorio
qs,Universidad Autonoma de Chile,2026,,qs_puntaje_citas_por_academico_global,6.2,puntaje 0-100,"Citas por académico · QS global 2026, puntaje normalizado",KAI/QS/DatosQS/QS global/2026 QS World University Rankings 1.3 (For qs.com).xlsx,2026-09-25T04:18:51+00:00,archivo del repositorio
qs,Universidad Autonoma de Chile,2026,,qs_puntaje_academicos_internacionales_global,15.6,puntaje 0-100,"Proporción de académicos internacionales · QS global 2026, puntaje normalizado",KAI/QS/DatosQS/QS global/2026 QS World University Rankings 1.3 (For qs.com).xlsx,2026-09-25T04:18:51+00:00,archivo del repositorio
qs,Universidad Autonoma de Chile,2026,,qs_puntaje_estudiantes_internacionales_global,1.7,puntaje 0-100,"Proporción de estudiantes internacionales · QS global 2026, puntaje normalizado",KAI/QS/DatosQS/QS global/2026 QS World University Rankings 1.3 (For qs.com).xlsx,2026-09-25T04:18:51+00:00,archivo del repositorio
qs,Universidad Autonoma de Chile,2026,,qs_puntaje_diversidad_internacional_global,1.5,puntaje 0-100,"Diversidad de estudiantes internacionales · QS global 2026, puntaje normalizado",KAI/QS/DatosQS/QS global/2026 QS World University Rankings 1.3 (For qs.com).xlsx,2026-09-25T04:18:51+00:00,archivo del repositorio
qs,Universidad Autonoma de Chile,2026,,qs_puntaje_red_internacional_global,38.9,puntaje 0-100,"Red internacional de investigación · QS global 2026, puntaje normalizado",KAI/QS/DatosQS/QS global/2026 QS World University Rankings 1.3 (For qs.com).xlsx,2026-09-25T04:18:51+00:00,archivo del repositorio
qs,Universidad Autonoma de Chile,2026,,qs_puntaje_empleabilidad_global,2.5,puntaje 0-100,"Resultados de empleabilidad · QS global 2026, puntaje normalizado",KAI/QS/DatosQS/QS global/2026 QS World University Rankings 1.3 (For qs.com).xlsx,2026-09-25T04:18:51+00:00,archivo del repositorio
qs,Universidad Autonoma de Chile,2026,,qs_puntaje_sostenibilidad_global,35.9,puntaje 0-100,"Sostenibilidad · QS global 2026, puntaje normalizado",KAI/QS/DatosQS/QS global/2026 QS World University Rankings 1.3 (For qs.com).xlsx,2026-09-25T04:18:51+00:00,archivo del repositorio
qs,Universidad Catolica de Temuco,2026,,qs_puntaje_reputacion_academica_global,5.4,puntaje 0-100,"Encuesta de reputación académica · QS global 2026, puntaje normalizado",KAI/QS/DatosQS/QS global/2026 QS World University Rankings 1.3 (For qs.com).xlsx,2026-09-25T04:18:51+00:00,archivo del repositorio
qs,Universidad Catolica de Temuco,2026,,qs_puntaje_reputacion_empleadores_global,2.5,puntaje 0-100,"Encuesta de reputación entre empleadores · QS global 2026, puntaje normalizado",KAI/QS/DatosQS/QS global/2026 QS World University Rankings 1.3 (For qs.com).xlsx,2026-09-25T04:18:51+00:00,archivo del repositorio
qs,Universidad Catolica de Temuco,2026,,qs_puntaje_ratio_academicos_global,2.7,puntaje 0-100,"Razón de académicos por estudiante · QS global 2026, puntaje normalizado",KAI/QS/DatosQS/QS global/2026 QS World University Rankings 1.3 (For qs.com).xlsx,2026-09-25T04:18:51+00:00,archivo del repositorio
qs,Universidad Catolica de Temuco,2026,,qs_puntaje_citas_por_academico_global,9.7,puntaje 0-100,"Citas por académico · QS global 2026, puntaje normalizado",KAI/QS/DatosQS/QS global/2026 QS World University Rankings 1.3 (For qs.com).xlsx,2026-09-25T04:18:51+00:00,archivo del repositorio
qs,Universidad Catolica de Temuco,2026,,qs_puntaje_academicos_internacionales_global,49.7,puntaje 0-100,"Proporción de académicos internacionales · QS global 2026, puntaje normalizado",KAI/QS/DatosQS/QS global/2026 QS World University Rankings 1.3 (For qs.com).xlsx,2026-09-25T04:18:51+00:00,archivo del repositorio
qs,Universidad Catolica de Temuco,2026,,qs_puntaje_estudiantes_internacionales_global,1.4,puntaje 0-100,"Proporción de estudiantes internacionales · QS global 2026, puntaje normalizado",KAI/QS/DatosQS/QS global/2026 QS World University Rankings 1.3 (For qs.com).xlsx,2026-09-25T04:18:51+00:00,archivo del repositorio
qs,Universidad Catolica de Temuco,2026,,qs_puntaje_diversidad_internacional_global,1.3,puntaje 0-100,"Diversidad de estudiantes internacionales · QS global 2026, puntaje normalizado",KAI/QS/DatosQS/QS global/2026 QS World University Rankings 1.3 (For qs.com).xlsx,2026-09-25T04:18:51+00:00,archivo del repositorio
qs,Universidad Catolica de Temuco,2026,,qs_puntaje_red_internacional_global,21.9,puntaje 0-100,"Red internacional de investigación · QS global 2026, puntaje normalizado",KAI/QS/DatosQS/QS global/2026 QS World University Rankings 1.3 (For qs.com).xlsx,2026-09-25T04:18:51+00:00,archivo del repositorio
qs,Universidad Catolica de Temuco,2026,,qs_puntaje_empleabilidad_global,2.5,puntaje 0-100,"Resultados de empleabilidad · QS global 2026, puntaje normalizado",KAI/QS/DatosQS/QS global/2026 QS World University Rankings 1.3 (For qs.com).xlsx,2026-09-25T04:18:51+00:00,archivo del repositorio
qs,Universidad Catolica de Temuco,2026,,qs_puntaje_sostenibilidad_global,26.7,puntaje 0-100,"Sostenibilidad · QS global 2026, puntaje normalizado",KAI/QS/DatosQS/QS global/2026 QS World University Rankings 1.3 (For qs.com).xlsx,2026-09-25T04:18:51+00:00,archivo del repositorio
qs,Universidad de Tarapaca,2026,,qs_puntaje_reputacion_academica_global,4.1,puntaje 0-100,"Encuesta de reputación académica · QS global 2026, puntaje normalizado",KAI/QS/DatosQS/QS global/2026 QS World University Rankings 1.3 (For qs.com).xlsx,2026-09-25T04:18:51+00:00,archivo del repositorio
qs,Universidad de Tarapaca,2026,,qs_puntaje_reputacion_empleadores_global,2.1,puntaje 0-100,"Encuesta de reputación entre empleadores · QS global 2026, puntaje normalizado",KAI/QS/DatosQS/QS global/2026 QS World University Rankings 1.3 (For qs.com).xlsx,2026-09-25T04:18:51+00:00,archivo del repositorio
qs,Universidad de Tarapaca,2026,,qs_puntaje_ratio_academicos_global,4.4,puntaje 0-100,"Razón de académicos por estudiante · QS global 2026, puntaje normalizado",KAI/QS/DatosQS/QS global/2026 QS World University Rankings 1.3 (For qs.com).xlsx,2026-09-25T04:18:51+00:00,archivo del repositorio
qs,Universidad de Tarapaca,2026,,qs_puntaje_citas_por_academico_global,20.4,puntaje 0-100,"Citas por académico · QS global 2026, puntaje normalizado",KAI/QS/DatosQS/QS global/2026 QS World University Rankings 1.3 (For qs.com).xlsx,2026-09-25T04:18:51+00:00,archivo del repositorio
qs,Universidad de Tarapaca,2026,,qs_puntaje_academicos_internacionales_global,17.7,puntaje 0-100,"Proporción de académicos internacionales · QS global 2026, puntaje normalizado",KAI/QS/DatosQS/QS global/2026 QS World University Rankings 1.3 (For qs.com).xlsx,2026-09-25T04:18:51+00:00,archivo del repositorio
qs,Universidad de Tarapaca,2026,,qs_puntaje_red_internacional_global,49.6,puntaje 0-100,"Red internacional de investigación · QS global 2026, puntaje normalizado",KAI/QS/DatosQS/QS global/2026 QS World University Rankings 1.3 (For qs.com).xlsx,2026-09-25T04:18:51+00:00,archivo del repositorio
qs,Universidad de Tarapaca,2026,,qs_puntaje_empleabilidad_global,2.5,puntaje 0-100,"Resultados de empleabilidad · QS global 2026, puntaje normalizado",KAI/QS/DatosQS/QS global/2026 QS World University Rankings 1.3 (For qs.com).xlsx,2026-09-25T04:18:51+00:00,archivo del repositorio
qs,Universidad de Tarapaca,2026,,qs_puntaje_sostenibilidad_global,21.0,puntaje 0-100,"Sostenibilidad · QS global 2026, puntaje normalizado",KAI/QS/DatosQS/QS global/2026 QS World University Rankings 1.3 (For qs.com).xlsx,2026-09-25T04:18:51+00:00,archivo del repositorio
qs,Universidad del Bio-Bio,2026,,qs_puntaje_reputacion_academica_global,11.6,puntaje 0-100,"Encuesta de reputación académica · QS global 2026, puntaje normalizado",KAI/QS/DatosQS/QS global/2026 QS World University Rankings 1.3 (For qs.com).xlsx,2026-09-25T04:18:51+00:00,archivo del repositorio
qs,Universidad del Bio-Bio,2026,,qs_puntaje_reputacion_empleadores_global,5.0,puntaje 0-100,"Encuesta de reputación entre empleadores · QS global 2026, puntaje normalizado",KAI/QS/DatosQS/QS global/2026 QS World University Rankings 1.3 (For qs.com).xlsx,2026-09-25T04:18:51+00:00,archivo del repositorio
qs,Universidad del Bio-Bio,2026,,qs_puntaje_ratio_academicos_global,4.9,puntaje 0-100,"Razón de académicos por estudiante · QS global 2026, puntaje normalizado",KAI/QS/DatosQS/QS global/2026 QS World University Rankings 1.3 (For qs.com).xlsx,2026-09-25T04:18:51+00:00,archivo del repositorio
qs,Universidad del Bio-Bio,2026,,qs_puntaje_citas_por_academico_global,8.6,puntaje 0-100,"Citas por académico · QS global 2026, puntaje normalizado",KAI/QS/DatosQS/QS global/2026 QS World University Rankings 1.3 (For qs.com).xlsx,2026-09-25T04:18:51+00:00,archivo del repositorio
qs,Universidad del Bio-Bio,2026,,qs_puntaje_academicos_internacionales_global,11.8,puntaje 0-100,"Proporción de académicos internacionales · QS global 2026, puntaje normalizado",KAI/QS/DatosQS/QS global/2026 QS World University Rankings 1.3 (For qs.com).xlsx,2026-09-25T04:18:51+00:00,archivo del repositorio
qs,Universidad del Bio-Bio,2026,,qs_puntaje_estudiantes_internacionales_global,1.9,puntaje 0-100,"Proporción de estudiantes internacionales · QS global 2026, puntaje normalizado",KAI/QS/DatosQS/QS global/2026 QS World University Rankings 1.3 (For qs.com).xlsx,2026-09-25T04:18:51+00:00,archivo del repositorio
qs,Universidad del Bio-Bio,2026,,qs_puntaje_diversidad_internacional_global,1.6,puntaje 0-100,"Diversidad de estudiantes internacionales · QS global 2026, puntaje normalizado",KAI/QS/DatosQS/QS global/2026 QS World University Rankings 1.3 (For qs.com).xlsx,2026-09-25T04:18:51+00:00,archivo del repositorio
qs,Universidad del Bio-Bio,2026,,qs_puntaje_red_internacional_global,32.1,puntaje 0-100,"Red internacional de investigación · QS global 2026, puntaje normalizado",KAI/QS/DatosQS/QS global/2026 QS World University Rankings 1.3 (For qs.com).xlsx,2026-09-25T04:18:51+00:00,archivo del repositorio
qs,Universidad del Bio-Bio,2026,,qs_puntaje_empleabilidad_global,2.5,puntaje 0-100,"Resultados de empleabilidad · QS global 2026, puntaje normalizado",KAI/QS/DatosQS/QS global/2026 QS World University Rankings 1.3 (For qs.com).xlsx,2026-09-25T04:18:51+00:00,archivo del repositorio
qs,Universidad del Bio-Bio,2026,,qs_puntaje_sostenibilidad_global,24.0,puntaje 0-100,"Sostenibilidad · QS global 2026, puntaje normalizado",KAI/QS/DatosQS/QS global/2026 QS World University Rankings 1.3 (For qs.com).xlsx,2026-09-25T04:18:51+00:00,archivo del repositorio
qs,Pontificia Universidad Catolica de Chile,2027,,qs_puntaje_reputacion_academica_global,98.1,puntaje 0-100,"Encuesta de reputación académica · QS global 2027, puntaje normalizado",KAI/QS/DatosQS/QS global/2027 QS World University Rankings 1.1 (For qs.com).xlsx,2026-09-25T04:18:51+00:00,archivo del repositorio
qs,Pontificia Universidad Catolica de Chile,2027,,qs_puntaje_reputacion_empleadores_global,96.6,puntaje 0-100,"Encuesta de reputación entre empleadores · QS global 2027, puntaje normalizado",KAI/QS/DatosQS/QS global/2027 QS World University Rankings 1.1 (For qs.com).xlsx,2026-09-25T04:18:51+00:00,archivo del repositorio
qs,Pontificia Universidad Catolica de Chile,2027,,qs_puntaje_ratio_academicos_global,38.3,puntaje 0-100,"Razón de académicos por estudiante · QS global 2027, puntaje normalizado",KAI/QS/DatosQS/QS global/2027 QS World University Rankings 1.1 (For qs.com).xlsx,2026-09-25T04:18:51+00:00,archivo del repositorio
qs,Pontificia Universidad Catolica de Chile,2027,,qs_puntaje_citas_por_academico_global,13.0,puntaje 0-100,"Citas por académico · QS global 2027, puntaje normalizado",KAI/QS/DatosQS/QS global/2027 QS World University Rankings 1.1 (For qs.com).xlsx,2026-09-25T04:18:51+00:00,archivo del repositorio
qs,Pontificia Universidad Catolica de Chile,2027,,qs_puntaje_academicos_internacionales_global,38.9,puntaje 0-100,"Proporción de académicos internacionales · QS global 2027, puntaje normalizado",KAI/QS/DatosQS/QS global/2027 QS World University Rankings 1.1 (For qs.com).xlsx,2026-09-25T04:18:51+00:00,archivo del repositorio
qs,Pontificia Universidad Catolica de Chile,2027,,qs_puntaje_estudiantes_internacionales_global,7.1,puntaje 0-100,"Proporción de estudiantes internacionales · QS global 2027, puntaje normalizado",KAI/QS/DatosQS/QS global/2027 QS World University Rankings 1.1 (For qs.com).xlsx,2026-09-25T04:18:51+00:00,archivo del repositorio
qs,Pontificia Universidad Catolica de Chile,2027,,qs_puntaje_red_internacional_global,79.7,puntaje 0-100,"Red internacional de investigación · QS global 2027, puntaje normalizado",KAI/QS/DatosQS/QS global/2027 QS World University Rankings 1.1 (For qs.com).xlsx,2026-09-25T04:18:51+00:00,archivo del repositorio
qs,Pontificia Universidad Catolica de Chile,2027,,qs_puntaje_empleabilidad_global,99.8,puntaje 0-100,"Resultados de empleabilidad · QS global 2027, puntaje normalizado",KAI/QS/DatosQS/QS global/2027 QS World University Rankings 1.1 (For qs.com).xlsx,2026-09-25T04:18:51+00:00,archivo del repositorio
qs,Pontificia Universidad Catolica de Chile,2027,,qs_puntaje_sostenibilidad_global,80.9,puntaje 0-100,"Sostenibilidad · QS global 2027, puntaje normalizado",KAI/QS/DatosQS/QS global/2027 QS World University Rankings 1.1 (For qs.com).xlsx,2026-09-25T04:18:51+00:00,archivo del repositorio
qs,Pontificia Universidad Catolica de Chile,2027,,qs_puntaje_global_global,65.6,puntaje 0-100,"Puntaje global de la edición · QS global 2027, puntaje normalizado",KAI/QS/DatosQS/QS global/2027 QS World University Rankings 1.1 (For qs.com).xlsx,2026-09-25T04:18:51+00:00,archivo del repositorio
qs,Universidad de Chile,2027,,qs_puntaje_reputacion_academica_global,92.0,puntaje 0-100,"Encuesta de reputación académica · QS global 2027, puntaje normalizado",KAI/QS/DatosQS/QS global/2027 QS World University Rankings 1.1 (For qs.com).xlsx,2026-09-25T04:18:51+00:00,archivo del repositorio
qs,Universidad de Chile,2027,,qs_puntaje_reputacion_empleadores_global,85.1,puntaje 0-100,"Encuesta de reputación entre empleadores · QS global 2027, puntaje normalizado",KAI/QS/DatosQS/QS global/2027 QS World University Rankings 1.1 (For qs.com).xlsx,2026-09-25T04:18:51+00:00,archivo del repositorio
qs,Universidad de Chile,2027,,qs_puntaje_ratio_academicos_global,9.9,puntaje 0-100,"Razón de académicos por estudiante · QS global 2027, puntaje normalizado",KAI/QS/DatosQS/QS global/2027 QS World University Rankings 1.1 (For qs.com).xlsx,2026-09-25T04:18:51+00:00,archivo del repositorio
qs,Universidad de Chile,2027,,qs_puntaje_citas_por_academico_global,16.0,puntaje 0-100,"Citas por académico · QS global 2027, puntaje normalizado",KAI/QS/DatosQS/QS global/2027 QS World University Rankings 1.1 (For qs.com).xlsx,2026-09-25T04:18:51+00:00,archivo del repositorio
qs,Universidad de Chile,2027,,qs_puntaje_academicos_internacionales_global,10.6,puntaje 0-100,"Proporción de académicos internacionales · QS global 2027, puntaje normalizado",KAI/QS/DatosQS/QS global/2027 QS World University Rankings 1.1 (For qs.com).xlsx,2026-09-25T04:18:51+00:00,archivo del repositorio
qs,Universidad de Chile,2027,,qs_puntaje_estudiantes_internacionales_global,8.2,puntaje 0-100,"Proporción de estudiantes internacionales · QS global 2027, puntaje normalizado",KAI/QS/DatosQS/QS global/2027 QS World University Rankings 1.1 (For qs.com).xlsx,2026-09-25T04:18:51+00:00,archivo del repositorio
qs,Universidad de Chile,2027,,qs_puntaje_red_internacional_global,76.8,puntaje 0-100,"Red internacional de investigación · QS global 2027, puntaje normalizado",KAI/QS/DatosQS/QS global/2027 QS World University Rankings 1.1 (For qs.com).xlsx,2026-09-25T04:18:51+00:00,archivo del repositorio
qs,Universidad de Chile,2027,,qs_puntaje_empleabilidad_global,95.7,puntaje 0-100,"Resultados de empleabilidad · QS global 2027, puntaje normalizado",KAI/QS/DatosQS/QS global/2027 QS World University Rankings 1.1 (For qs.com).xlsx,2026-09-25T04:18:51+00:00,archivo del repositorio
qs,Universidad de Chile,2027,,qs_puntaje_sostenibilidad_global,66.4,puntaje 0-100,"Sostenibilidad · QS global 2027, puntaje normalizado",KAI/QS/DatosQS/QS global/2027 QS World University Rankings 1.1 (For qs.com).xlsx,2026-09-25T04:18:51+00:00,archivo del repositorio
qs,Universidad de Chile,2027,,qs_puntaje_global_global,57.1,puntaje 0-100,"Puntaje global de la edición · QS global 2027, puntaje normalizado",KAI/QS/DatosQS/QS global/2027 QS World University Rankings 1.1 (For qs.com).xlsx,2026-09-25T04:18:51+00:00,archivo del repositorio
qs,Universidad de Santiago de Chile,2027,,qs_puntaje_reputacion_academica_global,46.6,puntaje 0-100,"Encuesta de reputación académica · QS global 2027, puntaje normalizado",KAI/QS/DatosQS/QS global/2027 QS World University Rankings 1.1 (For qs.com).xlsx,2026-09-25T04:18:51+00:00,archivo del repositorio
qs,Universidad de Santiago de Chile,2027,,qs_puntaje_reputacion_empleadores_global,46.5,puntaje 0-100,"Encuesta de reputación entre empleadores · QS global 2027, puntaje normalizado",KAI/QS/DatosQS/QS global/2027 QS World University Rankings 1.1 (For qs.com).xlsx,2026-09-25T04:18:51+00:00,archivo del repositorio
qs,Universidad de Santiago de Chile,2027,,qs_puntaje_ratio_academicos_global,11.7,puntaje 0-100,"Razón de académicos por estudiante · QS global 2027, puntaje normalizado",KAI/QS/DatosQS/QS global/2027 QS World University Rankings 1.1 (For qs.com).xlsx,2026-09-25T04:18:51+00:00,archivo del repositorio
qs,Universidad de Santiago de Chile,2027,,qs_puntaje_citas_por_academico_global,6.9,puntaje 0-100,"Citas por académico · QS global 2027, puntaje normalizado",KAI/QS/DatosQS/QS global/2027 QS World University Rankings 1.1 (For qs.com).xlsx,2026-09-25T04:18:51+00:00,archivo del repositorio
qs,Universidad de Santiago de Chile,2027,,qs_puntaje_academicos_internacionales_global,9.8,puntaje 0-100,"Proporción de académicos internacionales · QS global 2027, puntaje normalizado",KAI/QS/DatosQS/QS global/2027 QS World University Rankings 1.1 (For qs.com).xlsx,2026-09-25T04:18:51+00:00,archivo del repositorio
qs,Universidad de Santiago de Chile,2027,,qs_puntaje_estudiantes_internacionales_global,5.3,puntaje 0-100,"Proporción de estudiantes internacionales · QS global 2027, puntaje normalizado",KAI/QS/DatosQS/QS global/2027 QS World University Rankings 1.1 (For qs.com).xlsx,2026-09-25T04:18:51+00:00,archivo del repositorio
qs,Universidad de Santiago de Chile,2027,,qs_puntaje_red_internacional_global,60.0,puntaje 0-100,"Red internacional de investigación · QS global 2027, puntaje normalizado",KAI/QS/DatosQS/QS global/2027 QS World University Rankings 1.1 (For qs.com).xlsx,2026-09-25T04:18:51+00:00,archivo del repositorio
qs,Universidad de Santiago de Chile,2027,,qs_puntaje_empleabilidad_global,16.1,puntaje 0-100,"Resultados de empleabilidad · QS global 2027, puntaje normalizado",KAI/QS/DatosQS/QS global/2027 QS World University Rankings 1.1 (For qs.com).xlsx,2026-09-25T04:18:51+00:00,archivo del repositorio
qs,Universidad de Santiago de Chile,2027,,qs_puntaje_sostenibilidad_global,58.6,puntaje 0-100,"Sostenibilidad · QS global 2027, puntaje normalizado",KAI/QS/DatosQS/QS global/2027 QS World University Rankings 1.1 (For qs.com).xlsx,2026-09-25T04:18:51+00:00,archivo del repositorio
qs,Universidad de Santiago de Chile,2027,,qs_puntaje_global_global,29.8,puntaje 0-100,"Puntaje global de la edición · QS global 2027, puntaje normalizado",KAI/QS/DatosQS/QS global/2027 QS World University Rankings 1.1 (For qs.com).xlsx,2026-09-25T04:18:51+00:00,archivo del repositorio
qs,Universidad Adolfo Ibanez,2027,,qs_puntaje_reputacion_academica_global,25.0,puntaje 0-100,"Encuesta de reputación académica · QS global 2027, puntaje normalizado",KAI/QS/DatosQS/QS global/2027 QS World University Rankings 1.1 (For qs.com).xlsx,2026-09-25T04:18:51+00:00,archivo del repositorio
qs,Universidad Adolfo Ibanez,2027,,qs_puntaje_reputacion_empleadores_global,51.6,puntaje 0-100,"Encuesta de reputación entre empleadores · QS global 2027, puntaje normalizado",KAI/QS/DatosQS/QS global/2027 QS World University Rankings 1.1 (For qs.com).xlsx,2026-09-25T04:18:51+00:00,archivo del repositorio
qs,Universidad Adolfo Ibanez,2027,,qs_puntaje_ratio_academicos_global,6.6,puntaje 0-100,"Razón de académicos por estudiante · QS global 2027, puntaje normalizado",KAI/QS/DatosQS/QS global/2027 QS World University Rankings 1.1 (For qs.com).xlsx,2026-09-25T04:18:51+00:00,archivo del repositorio
qs,Universidad Adolfo Ibanez,2027,,qs_puntaje_citas_por_academico_global,7.4,puntaje 0-100,"Citas por académico · QS global 2027, puntaje normalizado",KAI/QS/DatosQS/QS global/2027 QS World University Rankings 1.1 (For qs.com).xlsx,2026-09-25T04:18:51+00:00,archivo del repositorio
qs,Universidad Adolfo Ibanez,2027,,qs_puntaje_academicos_internacionales_global,43.3,puntaje 0-100,"Proporción de académicos internacionales · QS global 2027, puntaje normalizado",KAI/QS/DatosQS/QS global/2027 QS World University Rankings 1.1 (For qs.com).xlsx,2026-09-25T04:18:51+00:00,archivo del repositorio
qs,Universidad Adolfo Ibanez,2027,,qs_puntaje_estudiantes_internacionales_global,7.2,puntaje 0-100,"Proporción de estudiantes internacionales · QS global 2027, puntaje normalizado",KAI/QS/DatosQS/QS global/2027 QS World University Rankings 1.1 (For qs.com).xlsx,2026-09-25T04:18:51+00:00,archivo del repositorio
qs,Universidad Adolfo Ibanez,2027,,qs_puntaje_red_internacional_global,38.3,puntaje 0-100,"Red internacional de investigación · QS global 2027, puntaje normalizado",KAI/QS/DatosQS/QS global/2027 QS World University Rankings 1.1 (For qs.com).xlsx,2026-09-25T04:18:51+00:00,archivo del repositorio
qs,Universidad Adolfo Ibanez,2027,,qs_puntaje_empleabilidad_global,68.6,puntaje 0-100,"Resultados de empleabilidad · QS global 2027, puntaje normalizado",KAI/QS/DatosQS/QS global/2027 QS World University Rankings 1.1 (For qs.com).xlsx,2026-09-25T04:18:51+00:00,archivo del repositorio
qs,Universidad Adolfo Ibanez,2027,,qs_puntaje_sostenibilidad_global,56.5,puntaje 0-100,"Sostenibilidad · QS global 2027, puntaje normalizado",KAI/QS/DatosQS/QS global/2027 QS World University Rankings 1.1 (For qs.com).xlsx,2026-09-25T04:18:51+00:00,archivo del repositorio
qs,Universidad Adolfo Ibanez,2027,,qs_puntaje_global_global,26.8,puntaje 0-100,"Puntaje global de la edición · QS global 2027, puntaje normalizado",KAI/QS/DatosQS/QS global/2027 QS World University Rankings 1.1 (For qs.com).xlsx,2026-09-25T04:18:51+00:00,archivo del repositorio
qs,Universidad de Concepcion,2027,,qs_puntaje_reputacion_academica_global,38.4,puntaje 0-100,"Encuesta de reputación académica · QS global 2027, puntaje normalizado",KAI/QS/DatosQS/QS global/2027 QS World University Rankings 1.1 (For qs.com).xlsx,2026-09-25T04:18:51+00:00,archivo del repositorio
qs,Universidad de Concepcion,2027,,qs_puntaje_reputacion_empleadores_global,26.6,puntaje 0-100,"Encuesta de reputación entre empleadores · QS global 2027, puntaje normalizado",KAI/QS/DatosQS/QS global/2027 QS World University Rankings 1.1 (For qs.com).xlsx,2026-09-25T04:18:51+00:00,archivo del repositorio
qs,Universidad de Concepcion,2027,,qs_puntaje_ratio_academicos_global,18.4,puntaje 0-100,"Razón de académicos por estudiante · QS global 2027, puntaje normalizado",KAI/QS/DatosQS/QS global/2027 QS World University Rankings 1.1 (For qs.com).xlsx,2026-09-25T04:18:51+00:00,archivo del repositorio
qs,Universidad de Concepcion,2027,,qs_puntaje_citas_por_academico_global,10.4,puntaje 0-100,"Citas por académico · QS global 2027, puntaje normalizado",KAI/QS/DatosQS/QS global/2027 QS World University Rankings 1.1 (For qs.com).xlsx,2026-09-25T04:18:51+00:00,archivo del repositorio
qs,Universidad de Concepcion,2027,,qs_puntaje_academicos_internacionales_global,12.6,puntaje 0-100,"Proporción de académicos internacionales · QS global 2027, puntaje normalizado",KAI/QS/DatosQS/QS global/2027 QS World University Rankings 1.1 (For qs.com).xlsx,2026-09-25T04:18:51+00:00,archivo del repositorio
qs,Universidad de Concepcion,2027,,qs_puntaje_estudiantes_internacionales_global,2.5,puntaje 0-100,"Proporción de estudiantes internacionales · QS global 2027, puntaje normalizado",KAI/QS/DatosQS/QS global/2027 QS World University Rankings 1.1 (For qs.com).xlsx,2026-09-25T04:18:51+00:00,archivo del repositorio
qs,Universidad de Concepcion,2027,,qs_puntaje_red_internacional_global,66.6,puntaje 0-100,"Red internacional de investigación · QS global 2027, puntaje normalizado",KAI/QS/DatosQS/QS global/2027 QS World University Rankings 1.1 (For qs.com).xlsx,2026-09-25T04:18:51+00:00,archivo del repositorio
qs,Universidad de Concepcion,2027,,qs_puntaje_empleabilidad_global,15.6,puntaje 0-100,"Resultados de empleabilidad · QS global 2027, puntaje normalizado",KAI/QS/DatosQS/QS global/2027 QS World University Rankings 1.1 (For qs.com).xlsx,2026-09-25T04:18:51+00:00,archivo del repositorio
qs,Universidad de Concepcion,2027,,qs_puntaje_sostenibilidad_global,72.1,puntaje 0-100,"Sostenibilidad · QS global 2027, puntaje normalizado",KAI/QS/DatosQS/QS global/2027 QS World University Rankings 1.1 (For qs.com).xlsx,2026-09-25T04:18:51+00:00,archivo del repositorio
qs,Universidad de Concepcion,2027,,qs_puntaje_global_global,26.6,puntaje 0-100,"Puntaje global de la edición · QS global 2027, puntaje normalizado",KAI/QS/DatosQS/QS global/2027 QS World University Rankings 1.1 (For qs.com).xlsx,2026-09-25T04:18:51+00:00,archivo del repositorio
qs,Pontificia Universidad Catolica de Valparaiso,2027,,qs_puntaje_reputacion_academica_global,36.9,puntaje 0-100,"Encuesta de reputación académica · QS global 2027, puntaje normalizado",KAI/QS/DatosQS/QS global/2027 QS World University Rankings 1.1 (For qs.com).xlsx,2026-09-25T04:18:51+00:00,archivo del repositorio
qs,Pontificia Universidad Catolica de Valparaiso,2027,,qs_puntaje_reputacion_empleadores_global,21.3,puntaje 0-100,"Encuesta de reputación entre empleadores · QS global 2027, puntaje normalizado",KAI/QS/DatosQS/QS global/2027 QS World University Rankings 1.1 (For qs.com).xlsx,2026-09-25T04:18:51+00:00,archivo del repositorio
qs,Pontificia Universidad Catolica de Valparaiso,2027,,qs_puntaje_ratio_academicos_global,6.8,puntaje 0-100,"Razón de académicos por estudiante · QS global 2027, puntaje normalizado",KAI/QS/DatosQS/QS global/2027 QS World University Rankings 1.1 (For qs.com).xlsx,2026-09-25T04:18:51+00:00,archivo del repositorio
qs,Pontificia Universidad Catolica de Valparaiso,2027,,qs_puntaje_citas_por_academico_global,10.5,puntaje 0-100,"Citas por académico · QS global 2027, puntaje normalizado",KAI/QS/DatosQS/QS global/2027 QS World University Rankings 1.1 (For qs.com).xlsx,2026-09-25T04:18:51+00:00,archivo del repositorio
qs,Pontificia Universidad Catolica de Valparaiso,2027,,qs_puntaje_academicos_internacionales_global,14.1,puntaje 0-100,"Proporción de académicos internacionales · QS global 2027, puntaje normalizado",KAI/QS/DatosQS/QS global/2027 QS World University Rankings 1.1 (For qs.com).xlsx,2026-09-25T04:18:51+00:00,archivo del repositorio
qs,Pontificia Universidad Catolica de Valparaiso,2027,,qs_puntaje_estudiantes_internacionales_global,2.7,puntaje 0-100,"Proporción de estudiantes internacionales · QS global 2027, puntaje normalizado",KAI/QS/DatosQS/QS global/2027 QS World University Rankings 1.1 (For qs.com).xlsx,2026-09-25T04:18:51+00:00,archivo del repositorio
qs,Pontificia Universidad Catolica de Valparaiso,2027,,qs_puntaje_red_internacional_global,47.4,puntaje 0-100,"Red internacional de investigación · QS global 2027, puntaje normalizado",KAI/QS/DatosQS/QS global/2027 QS World University Rankings 1.1 (For qs.com).xlsx,2026-09-25T04:18:51+00:00,archivo del repositorio
qs,Pontificia Universidad Catolica de Valparaiso,2027,,qs_puntaje_empleabilidad_global,12.3,puntaje 0-100,"Resultados de empleabilidad · QS global 2027, puntaje normalizado",KAI/QS/DatosQS/QS global/2027 QS World University Rankings 1.1 (For qs.com).xlsx,2026-09-25T04:18:51+00:00,archivo del repositorio
qs,Pontificia Universidad Catolica de Valparaiso,2027,,qs_puntaje_sostenibilidad_global,40.8,puntaje 0-100,"Sostenibilidad · QS global 2027, puntaje normalizado",KAI/QS/DatosQS/QS global/2027 QS World University Rankings 1.1 (For qs.com).xlsx,2026-09-25T04:18:51+00:00,archivo del repositorio
qs,Universidad de los Andes,2027,,qs_puntaje_reputacion_academica_global,28.2,puntaje 0-100,"Encuesta de reputación académica · QS global 2027, puntaje normalizado",KAI/QS/DatosQS/QS global/2027 QS World University Rankings 1.1 (For qs.com).xlsx,2026-09-25T04:18:51+00:00,archivo del repositorio
qs,Universidad de los Andes,2027,,qs_puntaje_reputacion_empleadores_global,28.3,puntaje 0-100,"Encuesta de reputación entre empleadores · QS global 2027, puntaje normalizado",KAI/QS/DatosQS/QS global/2027 QS World University Rankings 1.1 (For qs.com).xlsx,2026-09-25T04:18:51+00:00,archivo del repositorio
qs,Universidad de los Andes,2027,,qs_puntaje_ratio_academicos_global,13.7,puntaje 0-100,"Razón de académicos por estudiante · QS global 2027, puntaje normalizado",KAI/QS/DatosQS/QS global/2027 QS World University Rankings 1.1 (For qs.com).xlsx,2026-09-25T04:18:51+00:00,archivo del repositorio
qs,Universidad de los Andes,2027,,qs_puntaje_citas_por_academico_global,4.1,puntaje 0-100,"Citas por académico · QS global 2027, puntaje normalizado",KAI/QS/DatosQS/QS global/2027 QS World University Rankings 1.1 (For qs.com).xlsx,2026-09-25T04:18:51+00:00,archivo del repositorio
qs,Universidad de los Andes,2027,,qs_puntaje_academicos_internacionales_global,12.7,puntaje 0-100,"Proporción de académicos internacionales · QS global 2027, puntaje normalizado",KAI/QS/DatosQS/QS global/2027 QS World University Rankings 1.1 (For qs.com).xlsx,2026-09-25T04:18:51+00:00,archivo del repositorio
qs,Universidad de los Andes,2027,,qs_puntaje_estudiantes_internacionales_global,3.1,puntaje 0-100,"Proporción de estudiantes internacionales · QS global 2027, puntaje normalizado",KAI/QS/DatosQS/QS global/2027 QS World University Rankings 1.1 (For qs.com).xlsx,2026-09-25T04:18:51+00:00,archivo del repositorio
qs,Universidad de los Andes,2027,,qs_puntaje_red_internacional_global,21.1,puntaje 0-100,"Red internacional de investigación · QS global 2027, puntaje normalizado",KAI/QS/DatosQS/QS global/2027 QS World University Rankings 1.1 (For qs.com).xlsx,2026-09-25T04:18:51+00:00,archivo del repositorio
qs,Universidad de los Andes,2027,,qs_puntaje_empleabilidad_global,49.8,puntaje 0-100,"Resultados de empleabilidad · QS global 2027, puntaje normalizado",KAI/QS/DatosQS/QS global/2027 QS World University Rankings 1.1 (For qs.com).xlsx,2026-09-25T04:18:51+00:00,archivo del repositorio
qs,Universidad de los Andes,2027,,qs_puntaje_sostenibilidad_global,37.3,puntaje 0-100,"Sostenibilidad · QS global 2027, puntaje normalizado",KAI/QS/DatosQS/QS global/2027 QS World University Rankings 1.1 (For qs.com).xlsx,2026-09-25T04:18:51+00:00,archivo del repositorio
qs,Universidad Andres Bello,2027,,qs_puntaje_reputacion_academica_global,22.2,puntaje 0-100,"Encuesta de reputación académica · QS global 2027, puntaje normalizado",KAI/QS/DatosQS/QS global/2027 QS World University Rankings 1.1 (For qs.com).xlsx,2026-09-25T04:18:51+00:00,archivo del repositorio
qs,Universidad Andres Bello,2027,,qs_puntaje_reputacion_empleadores_global,12.4,puntaje 0-100,"Encuesta de reputación entre empleadores · QS global 2027, puntaje normalizado",KAI/QS/DatosQS/QS global/2027 QS World University Rankings 1.1 (For qs.com).xlsx,2026-09-25T04:18:51+00:00,archivo del repositorio
qs,Universidad Andres Bello,2027,,qs_puntaje_ratio_academicos_global,11.3,puntaje 0-100,"Razón de académicos por estudiante · QS global 2027, puntaje normalizado",KAI/QS/DatosQS/QS global/2027 QS World University Rankings 1.1 (For qs.com).xlsx,2026-09-25T04:18:51+00:00,archivo del repositorio
qs,Universidad Andres Bello,2027,,qs_puntaje_citas_por_academico_global,3.6,puntaje 0-100,"Citas por académico · QS global 2027, puntaje normalizado",KAI/QS/DatosQS/QS global/2027 QS World University Rankings 1.1 (For qs.com).xlsx,2026-09-25T04:18:51+00:00,archivo del repositorio
qs,Universidad Andres Bello,2027,,qs_puntaje_academicos_internacionales_global,8.8,puntaje 0-100,"Proporción de académicos internacionales · QS global 2027, puntaje normalizado",KAI/QS/DatosQS/QS global/2027 QS World University Rankings 1.1 (For qs.com).xlsx,2026-09-25T04:18:51+00:00,archivo del repositorio
qs,Universidad Andres Bello,2027,,qs_puntaje_estudiantes_internacionales_global,3.5,puntaje 0-100,"Proporción de estudiantes internacionales · QS global 2027, puntaje normalizado",KAI/QS/DatosQS/QS global/2027 QS World University Rankings 1.1 (For qs.com).xlsx,2026-09-25T04:18:51+00:00,archivo del repositorio
qs,Universidad Andres Bello,2027,,qs_puntaje_red_internacional_global,59.0,puntaje 0-100,"Red internacional de investigación · QS global 2027, puntaje normalizado",KAI/QS/DatosQS/QS global/2027 QS World University Rankings 1.1 (For qs.com).xlsx,2026-09-25T04:18:51+00:00,archivo del repositorio
qs,Universidad Andres Bello,2027,,qs_puntaje_empleabilidad_global,3.2,puntaje 0-100,"Resultados de empleabilidad · QS global 2027, puntaje normalizado",KAI/QS/DatosQS/QS global/2027 QS World University Rankings 1.1 (For qs.com).xlsx,2026-09-25T04:18:51+00:00,archivo del repositorio
qs,Universidad Andres Bello,2027,,qs_puntaje_sostenibilidad_global,56.7,puntaje 0-100,"Sostenibilidad · QS global 2027, puntaje normalizado",KAI/QS/DatosQS/QS global/2027 QS World University Rankings 1.1 (For qs.com).xlsx,2026-09-25T04:18:51+00:00,archivo del repositorio
qs,Universidad Austral de Chile,2027,,qs_puntaje_reputacion_academica_global,18.3,puntaje 0-100,"Encuesta de reputación académica · QS global 2027, puntaje normalizado",KAI/QS/DatosQS/QS global/2027 QS World University Rankings 1.1 (For qs.com).xlsx,2026-09-25T04:18:51+00:00,archivo del repositorio
qs,Universidad Austral de Chile,2027,,qs_puntaje_reputacion_empleadores_global,12.1,puntaje 0-100,"Encuesta de reputación entre empleadores · QS global 2027, puntaje normalizado",KAI/QS/DatosQS/QS global/2027 QS World University Rankings 1.1 (For qs.com).xlsx,2026-09-25T04:18:51+00:00,archivo del repositorio
qs,Universidad Austral de Chile,2027,,qs_puntaje_ratio_academicos_global,2.3,puntaje 0-100,"Razón de académicos por estudiante · QS global 2027, puntaje normalizado",KAI/QS/DatosQS/QS global/2027 QS World University Rankings 1.1 (For qs.com).xlsx,2026-09-25T04:18:51+00:00,archivo del repositorio
qs,Universidad Austral de Chile,2027,,qs_puntaje_citas_por_academico_global,16.3,puntaje 0-100,"Citas por académico · QS global 2027, puntaje normalizado",KAI/QS/DatosQS/QS global/2027 QS World University Rankings 1.1 (For qs.com).xlsx,2026-09-25T04:18:51+00:00,archivo del repositorio
qs,Universidad Austral de Chile,2027,,qs_puntaje_academicos_internacionales_global,23.0,puntaje 0-100,"Proporción de académicos internacionales · QS global 2027, puntaje normalizado",KAI/QS/DatosQS/QS global/2027 QS World University Rankings 1.1 (For qs.com).xlsx,2026-09-25T04:18:51+00:00,archivo del repositorio
qs,Universidad Austral de Chile,2027,,qs_puntaje_estudiantes_internacionales_global,2.7,puntaje 0-100,"Proporción de estudiantes internacionales · QS global 2027, puntaje normalizado",KAI/QS/DatosQS/QS global/2027 QS World University Rankings 1.1 (For qs.com).xlsx,2026-09-25T04:18:51+00:00,archivo del repositorio
qs,Universidad Austral de Chile,2027,,qs_puntaje_red_internacional_global,48.6,puntaje 0-100,"Red internacional de investigación · QS global 2027, puntaje normalizado",KAI/QS/DatosQS/QS global/2027 QS World University Rankings 1.1 (For qs.com).xlsx,2026-09-25T04:18:51+00:00,archivo del repositorio
qs,Universidad Austral de Chile,2027,,qs_puntaje_empleabilidad_global,5.5,puntaje 0-100,"Resultados de empleabilidad · QS global 2027, puntaje normalizado",KAI/QS/DatosQS/QS global/2027 QS World University Rankings 1.1 (For qs.com).xlsx,2026-09-25T04:18:51+00:00,archivo del repositorio
qs,Universidad Austral de Chile,2027,,qs_puntaje_sostenibilidad_global,45.7,puntaje 0-100,"Sostenibilidad · QS global 2027, puntaje normalizado",KAI/QS/DatosQS/QS global/2027 QS World University Rankings 1.1 (For qs.com).xlsx,2026-09-25T04:18:51+00:00,archivo del repositorio
qs,Universidad Tecnica Federico Santa Maria,2027,,qs_puntaje_reputacion_academica_global,13.3,puntaje 0-100,"Encuesta de reputación académica · QS global 2027, puntaje normalizado",KAI/QS/DatosQS/QS global/2027 QS World University Rankings 1.1 (For qs.com).xlsx,2026-09-25T04:18:51+00:00,archivo del repositorio
qs,Universidad Tecnica Federico Santa Maria,2027,,qs_puntaje_reputacion_empleadores_global,26.6,puntaje 0-100,"Encuesta de reputación entre empleadores · QS global 2027, puntaje normalizado",KAI/QS/DatosQS/QS global/2027 QS World University Rankings 1.1 (For qs.com).xlsx,2026-09-25T04:18:51+00:00,archivo del repositorio
qs,Universidad Tecnica Federico Santa Maria,2027,,qs_puntaje_ratio_academicos_global,4.5,puntaje 0-100,"Razón de académicos por estudiante · QS global 2027, puntaje normalizado",KAI/QS/DatosQS/QS global/2027 QS World University Rankings 1.1 (For qs.com).xlsx,2026-09-25T04:18:51+00:00,archivo del repositorio
qs,Universidad Tecnica Federico Santa Maria,2027,,qs_puntaje_citas_por_academico_global,8.7,puntaje 0-100,"Citas por académico · QS global 2027, puntaje normalizado",KAI/QS/DatosQS/QS global/2027 QS World University Rankings 1.1 (For qs.com).xlsx,2026-09-25T04:18:51+00:00,archivo del repositorio
qs,Universidad Tecnica Federico Santa Maria,2027,,qs_puntaje_academicos_internacionales_global,20.1,puntaje 0-100,"Proporción de académicos internacionales · QS global 2027, puntaje normalizado",KAI/QS/DatosQS/QS global/2027 QS World University Rankings 1.1 (For qs.com).xlsx,2026-09-25T04:18:51+00:00,archivo del repositorio
qs,Universidad Tecnica Federico Santa Maria,2027,,qs_puntaje_estudiantes_internacionales_global,4.0,puntaje 0-100,"Proporción de estudiantes internacionales · QS global 2027, puntaje normalizado",KAI/QS/DatosQS/QS global/2027 QS World University Rankings 1.1 (For qs.com).xlsx,2026-09-25T04:18:51+00:00,archivo del repositorio
qs,Universidad Tecnica Federico Santa Maria,2027,,qs_puntaje_red_internacional_global,45.6,puntaje 0-100,"Red internacional de investigación · QS global 2027, puntaje normalizado",KAI/QS/DatosQS/QS global/2027 QS World University Rankings 1.1 (For qs.com).xlsx,2026-09-25T04:18:51+00:00,archivo del repositorio
qs,Universidad Tecnica Federico Santa Maria,2027,,qs_puntaje_empleabilidad_global,16.0,puntaje 0-100,"Resultados de empleabilidad · QS global 2027, puntaje normalizado",KAI/QS/DatosQS/QS global/2027 QS World University Rankings 1.1 (For qs.com).xlsx,2026-09-25T04:18:51+00:00,archivo del repositorio
qs,Universidad Tecnica Federico Santa Maria,2027,,qs_puntaje_sostenibilidad_global,47.1,puntaje 0-100,"Sostenibilidad · QS global 2027, puntaje normalizado",KAI/QS/DatosQS/QS global/2027 QS World University Rankings 1.1 (For qs.com).xlsx,2026-09-25T04:18:51+00:00,archivo del repositorio
qs,Universidad de la Frontera,2027,,qs_puntaje_reputacion_academica_global,13.0,puntaje 0-100,"Encuesta de reputación académica · QS global 2027, puntaje normalizado",KAI/QS/DatosQS/QS global/2027 QS World University Rankings 1.1 (For qs.com).xlsx,2026-09-25T04:18:51+00:00,archivo del repositorio
qs,Universidad de la Frontera,2027,,qs_puntaje_reputacion_empleadores_global,6.6,puntaje 0-100,"Encuesta de reputación entre empleadores · QS global 2027, puntaje normalizado",KAI/QS/DatosQS/QS global/2027 QS World University Rankings 1.1 (For qs.com).xlsx,2026-09-25T04:18:51+00:00,archivo del repositorio
qs,Universidad de la Frontera,2027,,qs_puntaje_ratio_academicos_global,6.0,puntaje 0-100,"Razón de académicos por estudiante · QS global 2027, puntaje normalizado",KAI/QS/DatosQS/QS global/2027 QS World University Rankings 1.1 (For qs.com).xlsx,2026-09-25T04:18:51+00:00,archivo del repositorio
qs,Universidad de la Frontera,2027,,qs_puntaje_citas_por_academico_global,19.0,puntaje 0-100,"Citas por académico · QS global 2027, puntaje normalizado",KAI/QS/DatosQS/QS global/2027 QS World University Rankings 1.1 (For qs.com).xlsx,2026-09-25T04:18:51+00:00,archivo del repositorio
qs,Universidad de la Frontera,2027,,qs_puntaje_academicos_internacionales_global,2.1,puntaje 0-100,"Proporción de académicos internacionales · QS global 2027, puntaje normalizado",KAI/QS/DatosQS/QS global/2027 QS World University Rankings 1.1 (For qs.com).xlsx,2026-09-25T04:18:51+00:00,archivo del repositorio
qs,Universidad de la Frontera,2027,,qs_puntaje_estudiantes_internacionales_global,1.6,puntaje 0-100,"Proporción de estudiantes internacionales · QS global 2027, puntaje normalizado",KAI/QS/DatosQS/QS global/2027 QS World University Rankings 1.1 (For qs.com).xlsx,2026-09-25T04:18:51+00:00,archivo del repositorio
qs,Universidad de la Frontera,2027,,qs_puntaje_red_internacional_global,44.6,puntaje 0-100,"Red internacional de investigación · QS global 2027, puntaje normalizado",KAI/QS/DatosQS/QS global/2027 QS World University Rankings 1.1 (For qs.com).xlsx,2026-09-25T04:18:51+00:00,archivo del repositorio
qs,Universidad de la Frontera,2027,,qs_puntaje_empleabilidad_global,4.0,puntaje 0-100,"Resultados de empleabilidad · QS global 2027, puntaje normalizado",KAI/QS/DatosQS/QS global/2027 QS World University Rankings 1.1 (For qs.com).xlsx,2026-09-25T04:18:51+00:00,archivo del repositorio
qs,Universidad de la Frontera,2027,,qs_puntaje_sostenibilidad_global,33.9,puntaje 0-100,"Sostenibilidad · QS global 2027, puntaje normalizado",KAI/QS/DatosQS/QS global/2027 QS World University Rankings 1.1 (For qs.com).xlsx,2026-09-25T04:18:51+00:00,archivo del repositorio
qs,Universidad de Talca,2027,,qs_puntaje_reputacion_academica_global,14.2,puntaje 0-100,"Encuesta de reputación académica · QS global 2027, puntaje normalizado",KAI/QS/DatosQS/QS global/2027 QS World University Rankings 1.1 (For qs.com).xlsx,2026-09-25T04:18:51+00:00,archivo del repositorio
qs,Universidad de Talca,2027,,qs_puntaje_reputacion_empleadores_global,8.0,puntaje 0-100,"Encuesta de reputación entre empleadores · QS global 2027, puntaje normalizado",KAI/QS/DatosQS/QS global/2027 QS World University Rankings 1.1 (For qs.com).xlsx,2026-09-25T04:18:51+00:00,archivo del repositorio
qs,Universidad de Talca,2027,,qs_puntaje_ratio_academicos_global,8.0,puntaje 0-100,"Razón de académicos por estudiante · QS global 2027, puntaje normalizado",KAI/QS/DatosQS/QS global/2027 QS World University Rankings 1.1 (For qs.com).xlsx,2026-09-25T04:18:51+00:00,archivo del repositorio
qs,Universidad de Talca,2027,,qs_puntaje_citas_por_academico_global,12.3,puntaje 0-100,"Citas por académico · QS global 2027, puntaje normalizado",KAI/QS/DatosQS/QS global/2027 QS World University Rankings 1.1 (For qs.com).xlsx,2026-09-25T04:18:51+00:00,archivo del repositorio
qs,Universidad de Talca,2027,,qs_puntaje_academicos_internacionales_global,24.5,puntaje 0-100,"Proporción de académicos internacionales · QS global 2027, puntaje normalizado",KAI/QS/DatosQS/QS global/2027 QS World University Rankings 1.1 (For qs.com).xlsx,2026-09-25T04:18:51+00:00,archivo del repositorio
qs,Universidad de Talca,2027,,qs_puntaje_estudiantes_internacionales_global,1.8,puntaje 0-100,"Proporción de estudiantes internacionales · QS global 2027, puntaje normalizado",KAI/QS/DatosQS/QS global/2027 QS World University Rankings 1.1 (For qs.com).xlsx,2026-09-25T04:18:51+00:00,archivo del repositorio
qs,Universidad de Talca,2027,,qs_puntaje_red_internacional_global,38.5,puntaje 0-100,"Red internacional de investigación · QS global 2027, puntaje normalizado",KAI/QS/DatosQS/QS global/2027 QS World University Rankings 1.1 (For qs.com).xlsx,2026-09-25T04:18:51+00:00,archivo del repositorio
qs,Universidad de Talca,2027,,qs_puntaje_empleabilidad_global,4.0,puntaje 0-100,"Resultados de empleabilidad · QS global 2027, puntaje normalizado",KAI/QS/DatosQS/QS global/2027 QS World University Rankings 1.1 (For qs.com).xlsx,2026-09-25T04:18:51+00:00,archivo del repositorio
qs,Universidad de Talca,2027,,qs_puntaje_sostenibilidad_global,32.7,puntaje 0-100,"Sostenibilidad · QS global 2027, puntaje normalizado",KAI/QS/DatosQS/QS global/2027 QS World University Rankings 1.1 (For qs.com).xlsx,2026-09-25T04:18:51+00:00,archivo del repositorio
qs,Universidad del Desarrollo,2027,,qs_puntaje_reputacion_academica_global,14.1,puntaje 0-100,"Encuesta de reputación académica · QS global 2027, puntaje normalizado",KAI/QS/DatosQS/QS global/2027 QS World University Rankings 1.1 (For qs.com).xlsx,2026-09-25T04:18:51+00:00,archivo del repositorio
qs,Universidad del Desarrollo,2027,,qs_puntaje_reputacion_empleadores_global,17.8,puntaje 0-100,"Encuesta de reputación entre empleadores · QS global 2027, puntaje normalizado",KAI/QS/DatosQS/QS global/2027 QS World University Rankings 1.1 (For qs.com).xlsx,2026-09-25T04:18:51+00:00,archivo del repositorio
qs,Universidad del Desarrollo,2027,,qs_puntaje_ratio_academicos_global,16.4,puntaje 0-100,"Razón de académicos por estudiante · QS global 2027, puntaje normalizado",KAI/QS/DatosQS/QS global/2027 QS World University Rankings 1.1 (For qs.com).xlsx,2026-09-25T04:18:51+00:00,archivo del repositorio
qs,Universidad del Desarrollo,2027,,qs_puntaje_citas_por_academico_global,3.4,puntaje 0-100,"Citas por académico · QS global 2027, puntaje normalizado",KAI/QS/DatosQS/QS global/2027 QS World University Rankings 1.1 (For qs.com).xlsx,2026-09-25T04:18:51+00:00,archivo del repositorio
qs,Universidad del Desarrollo,2027,,qs_puntaje_academicos_internacionales_global,8.6,puntaje 0-100,"Proporción de académicos internacionales · QS global 2027, puntaje normalizado",KAI/QS/DatosQS/QS global/2027 QS World University Rankings 1.1 (For qs.com).xlsx,2026-09-25T04:18:51+00:00,archivo del repositorio
qs,Universidad del Desarrollo,2027,,qs_puntaje_estudiantes_internacionales_global,3.1,puntaje 0-100,"Proporción de estudiantes internacionales · QS global 2027, puntaje normalizado",KAI/QS/DatosQS/QS global/2027 QS World University Rankings 1.1 (For qs.com).xlsx,2026-09-25T04:18:51+00:00,archivo del repositorio
qs,Universidad del Desarrollo,2027,,qs_puntaje_red_internacional_global,25.6,puntaje 0-100,"Red internacional de investigación · QS global 2027, puntaje normalizado",KAI/QS/DatosQS/QS global/2027 QS World University Rankings 1.1 (For qs.com).xlsx,2026-09-25T04:18:51+00:00,archivo del repositorio
qs,Universidad del Desarrollo,2027,,qs_puntaje_empleabilidad_global,7.4,puntaje 0-100,"Resultados de empleabilidad · QS global 2027, puntaje normalizado",KAI/QS/DatosQS/QS global/2027 QS World University Rankings 1.1 (For qs.com).xlsx,2026-09-25T04:18:51+00:00,archivo del repositorio
qs,Universidad del Desarrollo,2027,,qs_puntaje_sostenibilidad_global,51.6,puntaje 0-100,"Sostenibilidad · QS global 2027, puntaje normalizado",KAI/QS/DatosQS/QS global/2027 QS World University Rankings 1.1 (For qs.com).xlsx,2026-09-25T04:18:51+00:00,archivo del repositorio
qs,Universidad Diego Portales,2027,,qs_puntaje_reputacion_academica_global,17.7,puntaje 0-100,"Encuesta de reputación académica · QS global 2027, puntaje normalizado",KAI/QS/DatosQS/QS global/2027 QS World University Rankings 1.1 (For qs.com).xlsx,2026-09-25T04:18:51+00:00,archivo del repositorio
qs,Universidad Diego Portales,2027,,qs_puntaje_reputacion_empleadores_global,18.4,puntaje 0-100,"Encuesta de reputación entre empleadores · QS global 2027, puntaje normalizado",KAI/QS/DatosQS/QS global/2027 QS World University Rankings 1.1 (For qs.com).xlsx,2026-09-25T04:18:51+00:00,archivo del repositorio
qs,Universidad Diego Portales,2027,,qs_puntaje_ratio_academicos_global,9.1,puntaje 0-100,"Razón de académicos por estudiante · QS global 2027, puntaje normalizado",KAI/QS/DatosQS/QS global/2027 QS World University Rankings 1.1 (For qs.com).xlsx,2026-09-25T04:18:51+00:00,archivo del repositorio
qs,Universidad Diego Portales,2027,,qs_puntaje_citas_por_academico_global,4.5,puntaje 0-100,"Citas por académico · QS global 2027, puntaje normalizado",KAI/QS/DatosQS/QS global/2027 QS World University Rankings 1.1 (For qs.com).xlsx,2026-09-25T04:18:51+00:00,archivo del repositorio
qs,Universidad Diego Portales,2027,,qs_puntaje_academicos_internacionales_global,15.3,puntaje 0-100,"Proporción de académicos internacionales · QS global 2027, puntaje normalizado",KAI/QS/DatosQS/QS global/2027 QS World University Rankings 1.1 (For qs.com).xlsx,2026-09-25T04:18:51+00:00,archivo del repositorio
qs,Universidad Diego Portales,2027,,qs_puntaje_estudiantes_internacionales_global,6.2,puntaje 0-100,"Proporción de estudiantes internacionales · QS global 2027, puntaje normalizado",KAI/QS/DatosQS/QS global/2027 QS World University Rankings 1.1 (For qs.com).xlsx,2026-09-25T04:18:51+00:00,archivo del repositorio
qs,Universidad Diego Portales,2027,,qs_puntaje_red_internacional_global,32.1,puntaje 0-100,"Red internacional de investigación · QS global 2027, puntaje normalizado",KAI/QS/DatosQS/QS global/2027 QS World University Rankings 1.1 (For qs.com).xlsx,2026-09-25T04:18:51+00:00,archivo del repositorio
qs,Universidad Diego Portales,2027,,qs_puntaje_empleabilidad_global,8.8,puntaje 0-100,"Resultados de empleabilidad · QS global 2027, puntaje normalizado",KAI/QS/DatosQS/QS global/2027 QS World University Rankings 1.1 (For qs.com).xlsx,2026-09-25T04:18:51+00:00,archivo del repositorio
qs,Universidad Diego Portales,2027,,qs_puntaje_sostenibilidad_global,44.5,puntaje 0-100,"Sostenibilidad · QS global 2027, puntaje normalizado",KAI/QS/DatosQS/QS global/2027 QS World University Rankings 1.1 (For qs.com).xlsx,2026-09-25T04:18:51+00:00,archivo del repositorio
qs,Universidad Catolica del Norte,2027,,qs_puntaje_reputacion_academica_global,5.9,puntaje 0-100,"Encuesta de reputación académica · QS global 2027, puntaje normalizado",KAI/QS/DatosQS/QS global/2027 QS World University Rankings 1.1 (For qs.com).xlsx,2026-09-25T04:18:51+00:00,archivo del repositorio
qs,Universidad Catolica del Norte,2027,,qs_puntaje_reputacion_empleadores_global,3.5,puntaje 0-100,"Encuesta de reputación entre empleadores · QS global 2027, puntaje normalizado",KAI/QS/DatosQS/QS global/2027 QS World University Rankings 1.1 (For qs.com).xlsx,2026-09-25T04:18:51+00:00,archivo del repositorio
qs,Universidad Catolica del Norte,2027,,qs_puntaje_ratio_academicos_global,11.0,puntaje 0-100,"Razón de académicos por estudiante · QS global 2027, puntaje normalizado",KAI/QS/DatosQS/QS global/2027 QS World University Rankings 1.1 (For qs.com).xlsx,2026-09-25T04:18:51+00:00,archivo del repositorio
qs,Universidad Catolica del Norte,2027,,qs_puntaje_citas_por_academico_global,9.2,puntaje 0-100,"Citas por académico · QS global 2027, puntaje normalizado",KAI/QS/DatosQS/QS global/2027 QS World University Rankings 1.1 (For qs.com).xlsx,2026-09-25T04:18:51+00:00,archivo del repositorio
qs,Universidad Catolica del Norte,2027,,qs_puntaje_academicos_internacionales_global,19.4,puntaje 0-100,"Proporción de académicos internacionales · QS global 2027, puntaje normalizado",KAI/QS/DatosQS/QS global/2027 QS World University Rankings 1.1 (For qs.com).xlsx,2026-09-25T04:18:51+00:00,archivo del repositorio
qs,Universidad Catolica del Norte,2027,,qs_puntaje_estudiantes_internacionales_global,7.6,puntaje 0-100,"Proporción de estudiantes internacionales · QS global 2027, puntaje normalizado",KAI/QS/DatosQS/QS global/2027 QS World University Rankings 1.1 (For qs.com).xlsx,2026-09-25T04:18:51+00:00,archivo del repositorio
qs,Universidad Catolica del Norte,2027,,qs_puntaje_red_internacional_global,47.1,puntaje 0-100,"Red internacional de investigación · QS global 2027, puntaje normalizado",KAI/QS/DatosQS/QS global/2027 QS World University Rankings 1.1 (For qs.com).xlsx,2026-09-25T04:18:51+00:00,archivo del repositorio
qs,Universidad Catolica del Norte,2027,,qs_puntaje_empleabilidad_global,4.0,puntaje 0-100,"Resultados de empleabilidad · QS global 2027, puntaje normalizado",KAI/QS/DatosQS/QS global/2027 QS World University Rankings 1.1 (For qs.com).xlsx,2026-09-25T04:18:51+00:00,archivo del repositorio
qs,Universidad Catolica del Norte,2027,,qs_puntaje_sostenibilidad_global,47.5,puntaje 0-100,"Sostenibilidad · QS global 2027, puntaje normalizado",KAI/QS/DatosQS/QS global/2027 QS World University Rankings 1.1 (For qs.com).xlsx,2026-09-25T04:18:51+00:00,archivo del repositorio
qs,Universidad de Tarapaca,2027,,qs_puntaje_reputacion_academica_global,4.8,puntaje 0-100,"Encuesta de reputación académica · QS global 2027, puntaje normalizado",KAI/QS/DatosQS/QS global/2027 QS World University Rankings 1.1 (For qs.com).xlsx,2026-09-25T04:18:51+00:00,archivo del repositorio
qs,Universidad de Tarapaca,2027,,qs_puntaje_reputacion_empleadores_global,3.0,puntaje 0-100,"Encuesta de reputación entre empleadores · QS global 2027, puntaje normalizado",KAI/QS/DatosQS/QS global/2027 QS World University Rankings 1.1 (For qs.com).xlsx,2026-09-25T04:18:51+00:00,archivo del repositorio
qs,Universidad de Tarapaca,2027,,qs_puntaje_ratio_academicos_global,4.2,puntaje 0-100,"Razón de académicos por estudiante · QS global 2027, puntaje normalizado",KAI/QS/DatosQS/QS global/2027 QS World University Rankings 1.1 (For qs.com).xlsx,2026-09-25T04:18:51+00:00,archivo del repositorio
qs,Universidad de Tarapaca,2027,,qs_puntaje_citas_por_academico_global,24.1,puntaje 0-100,"Citas por académico · QS global 2027, puntaje normalizado",KAI/QS/DatosQS/QS global/2027 QS World University Rankings 1.1 (For qs.com).xlsx,2026-09-25T04:18:51+00:00,archivo del repositorio
qs,Universidad de Tarapaca,2027,,qs_puntaje_academicos_internacionales_global,15.4,puntaje 0-100,"Proporción de académicos internacionales · QS global 2027, puntaje normalizado",KAI/QS/DatosQS/QS global/2027 QS World University Rankings 1.1 (For qs.com).xlsx,2026-09-25T04:18:51+00:00,archivo del repositorio
qs,Universidad de Tarapaca,2027,,qs_puntaje_red_internacional_global,58.2,puntaje 0-100,"Red internacional de investigación · QS global 2027, puntaje normalizado",KAI/QS/DatosQS/QS global/2027 QS World University Rankings 1.1 (For qs.com).xlsx,2026-09-25T04:18:51+00:00,archivo del repositorio
qs,Universidad de Tarapaca,2027,,qs_puntaje_empleabilidad_global,3.9,puntaje 0-100,"Resultados de empleabilidad · QS global 2027, puntaje normalizado",KAI/QS/DatosQS/QS global/2027 QS World University Rankings 1.1 (For qs.com).xlsx,2026-09-25T04:18:51+00:00,archivo del repositorio
qs,Universidad de Tarapaca,2027,,qs_puntaje_sostenibilidad_global,21.6,puntaje 0-100,"Sostenibilidad · QS global 2027, puntaje normalizado",KAI/QS/DatosQS/QS global/2027 QS World University Rankings 1.1 (For qs.com).xlsx,2026-09-25T04:18:51+00:00,archivo del repositorio
qs,Universidad de Valparaiso,2027,,qs_puntaje_reputacion_academica_global,15.9,puntaje 0-100,"Encuesta de reputación académica · QS global 2027, puntaje normalizado",KAI/QS/DatosQS/QS global/2027 QS World University Rankings 1.1 (For qs.com).xlsx,2026-09-25T04:18:51+00:00,archivo del repositorio
qs,Universidad de Valparaiso,2027,,qs_puntaje_reputacion_empleadores_global,5.6,puntaje 0-100,"Encuesta de reputación entre empleadores · QS global 2027, puntaje normalizado",KAI/QS/DatosQS/QS global/2027 QS World University Rankings 1.1 (For qs.com).xlsx,2026-09-25T04:18:51+00:00,archivo del repositorio
qs,Universidad de Valparaiso,2027,,qs_puntaje_ratio_academicos_global,10.9,puntaje 0-100,"Razón de académicos por estudiante · QS global 2027, puntaje normalizado",KAI/QS/DatosQS/QS global/2027 QS World University Rankings 1.1 (For qs.com).xlsx,2026-09-25T04:18:51+00:00,archivo del repositorio
qs,Universidad de Valparaiso,2027,,qs_puntaje_citas_por_academico_global,4.3,puntaje 0-100,"Citas por académico · QS global 2027, puntaje normalizado",KAI/QS/DatosQS/QS global/2027 QS World University Rankings 1.1 (For qs.com).xlsx,2026-09-25T04:18:51+00:00,archivo del repositorio
qs,Universidad de Valparaiso,2027,,qs_puntaje_academicos_internacionales_global,7.7,puntaje 0-100,"Proporción de académicos internacionales · QS global 2027, puntaje normalizado",KAI/QS/DatosQS/QS global/2027 QS World University Rankings 1.1 (For qs.com).xlsx,2026-09-25T04:18:51+00:00,archivo del repositorio
qs,Universidad de Valparaiso,2027,,qs_puntaje_estudiantes_internacionales_global,3.2,puntaje 0-100,"Proporción de estudiantes internacionales · QS global 2027, puntaje normalizado",KAI/QS/DatosQS/QS global/2027 QS World University Rankings 1.1 (For qs.com).xlsx,2026-09-25T04:18:51+00:00,archivo del repositorio
qs,Universidad de Valparaiso,2027,,qs_puntaje_red_internacional_global,32.2,puntaje 0-100,"Red internacional de investigación · QS global 2027, puntaje normalizado",KAI/QS/DatosQS/QS global/2027 QS World University Rankings 1.1 (For qs.com).xlsx,2026-09-25T04:18:51+00:00,archivo del repositorio
qs,Universidad de Valparaiso,2027,,qs_puntaje_empleabilidad_global,5.6,puntaje 0-100,"Resultados de empleabilidad · QS global 2027, puntaje normalizado",KAI/QS/DatosQS/QS global/2027 QS World University Rankings 1.1 (For qs.com).xlsx,2026-09-25T04:18:51+00:00,archivo del repositorio
qs,Universidad de Valparaiso,2027,,qs_puntaje_sostenibilidad_global,37.4,puntaje 0-100,"Sostenibilidad · QS global 2027, puntaje normalizado",KAI/QS/DatosQS/QS global/2027 QS World University Rankings 1.1 (For qs.com).xlsx,2026-09-25T04:18:51+00:00,archivo del repositorio
