fuente,universidad,anio_dato,ventana,variable,valor,unidad,definicion,url,fecha_descarga,metodo
openalex,Pontificia Universidad Catolica de Chile,2022,2018-2022,publicaciones_openalex,21166,trabajos,Trabajos con al menos un autor de la institución,"https://api.openalex.org/works?filter=institutions.id:I162148367,publication_year:2018-2022",2026-09-25T22:38:18+00:00,api
openalex,Pontificia Universidad Catolica de Chile,2022,2018-2022,publicaciones_openalex_article,17288,trabajos,Trabajos de tipo «article»,"https://api.openalex.org/works?filter=institutions.id:I162148367,publication_year:2018-2022",2026-09-25T22:38:18+00:00,api
openalex,Pontificia Universidad Catolica de Chile,2022,2018-2022,publicaciones_openalex_book,65,trabajos,Trabajos de tipo «book»,"https://api.openalex.org/works?filter=institutions.id:I162148367,publication_year:2018-2022",2026-09-25T22:38:18+00:00,api
openalex,Pontificia Universidad Catolica de Chile,2022,2018-2022,publicaciones_openalex_book-chapter,758,trabajos,Trabajos de tipo «book-chapter»,"https://api.openalex.org/works?filter=institutions.id:I162148367,publication_year:2018-2022",2026-09-25T22:38:18+00:00,api
openalex,Pontificia Universidad Catolica de Chile,2022,2018-2022,publicaciones_openalex_book-review,100,trabajos,Trabajos de tipo «book-review»,"https://api.openalex.org/works?filter=institutions.id:I162148367,publication_year:2018-2022",2026-09-25T22:38:18+00:00,api
openalex,Pontificia Universidad Catolica de Chile,2022,2018-2022,publicaciones_openalex_conference-abstract,292,trabajos,Trabajos de tipo «conference-abstract»,"https://api.openalex.org/works?filter=institutions.id:I162148367,publication_year:2018-2022",2026-09-25T22:38:18+00:00,api
openalex,Pontificia Universidad Catolica de Chile,2022,2018-2022,publicaciones_openalex_conference-paper,613,trabajos,Trabajos de tipo «conference-paper»,"https://api.openalex.org/works?filter=institutions.id:I162148367,publication_year:2018-2022",2026-09-25T22:38:18+00:00,api
openalex,Pontificia Universidad Catolica de Chile,2022,2018-2022,publicaciones_openalex_data-paper,14,trabajos,Trabajos de tipo «data-paper»,"https://api.openalex.org/works?filter=institutions.id:I162148367,publication_year:2018-2022",2026-09-25T22:38:18+00:00,api
openalex,Pontificia Universidad Catolica de Chile,2022,2018-2022,publicaciones_openalex_dataset,292,trabajos,Trabajos de tipo «dataset»,"https://api.openalex.org/works?filter=institutions.id:I162148367,publication_year:2018-2022",2026-09-25T22:38:18+00:00,api
openalex,Pontificia Universidad Catolica de Chile,2022,2018-2022,publicaciones_openalex_dissertation,7,trabajos,Trabajos de tipo «dissertation»,"https://api.openalex.org/works?filter=institutions.id:I162148367,publication_year:2018-2022",2026-09-25T22:38:18+00:00,api
openalex,Pontificia Universidad Catolica de Chile,2022,2018-2022,publicaciones_openalex_editorial,103,trabajos,Trabajos de tipo «editorial»,"https://api.openalex.org/works?filter=institutions.id:I162148367,publication_year:2018-2022",2026-09-25T22:38:18+00:00,api
openalex,Pontificia Universidad Catolica de Chile,2022,2018-2022,publicaciones_openalex_erratum,147,trabajos,Trabajos de tipo «erratum»,"https://api.openalex.org/works?filter=institutions.id:I162148367,publication_year:2018-2022",2026-09-25T22:38:18+00:00,api
openalex,Pontificia Universidad Catolica de Chile,2022,2018-2022,publicaciones_openalex_letter,20,trabajos,Trabajos de tipo «letter»,"https://api.openalex.org/works?filter=institutions.id:I162148367,publication_year:2018-2022",2026-09-25T22:38:18+00:00,api
openalex,Pontificia Universidad Catolica de Chile,2022,2018-2022,publicaciones_openalex_other,52,trabajos,Trabajos de tipo «other»,"https://api.openalex.org/works?filter=institutions.id:I162148367,publication_year:2018-2022",2026-09-25T22:38:18+00:00,api
openalex,Pontificia Universidad Catolica de Chile,2022,2018-2022,publicaciones_openalex_paratext,36,trabajos,Trabajos de tipo «paratext»,"https://api.openalex.org/works?filter=institutions.id:I162148367,publication_year:2018-2022",2026-09-25T22:38:18+00:00,api
openalex,Pontificia Universidad Catolica de Chile,2022,2018-2022,publicaciones_openalex_peer-review,51,trabajos,Trabajos de tipo «peer-review»,"https://api.openalex.org/works?filter=institutions.id:I162148367,publication_year:2018-2022",2026-09-25T22:38:18+00:00,api
openalex,Pontificia Universidad Catolica de Chile,2022,2018-2022,publicaciones_openalex_preprint,916,trabajos,Trabajos de tipo «preprint»,"https://api.openalex.org/works?filter=institutions.id:I162148367,publication_year:2018-2022",2026-09-25T22:38:18+00:00,api
openalex,Pontificia Universidad Catolica de Chile,2022,2018-2022,publicaciones_openalex_reference-entry,93,trabajos,Trabajos de tipo «reference-entry»,"https://api.openalex.org/works?filter=institutions.id:I162148367,publication_year:2018-2022",2026-09-25T22:38:18+00:00,api
openalex,Pontificia Universidad Catolica de Chile,2022,2018-2022,publicaciones_openalex_report,81,trabajos,Trabajos de tipo «report»,"https://api.openalex.org/works?filter=institutions.id:I162148367,publication_year:2018-2022",2026-09-25T22:38:18+00:00,api
openalex,Pontificia Universidad Catolica de Chile,2022,2018-2022,publicaciones_openalex_review,213,trabajos,Trabajos de tipo «review»,"https://api.openalex.org/works?filter=institutions.id:I162148367,publication_year:2018-2022",2026-09-25T22:38:18+00:00,api
openalex,Pontificia Universidad Catolica de Chile,2022,2018-2022,publicaciones_openalex_software,5,trabajos,Trabajos de tipo «software»,"https://api.openalex.org/works?filter=institutions.id:I162148367,publication_year:2018-2022",2026-09-25T22:38:18+00:00,api
openalex,Pontificia Universidad Catolica de Chile,2022,2018-2022,publicaciones_openalex_software-paper,3,trabajos,Trabajos de tipo «software-paper»,"https://api.openalex.org/works?filter=institutions.id:I162148367,publication_year:2018-2022",2026-09-25T22:38:18+00:00,api
openalex,Pontificia Universidad Catolica de Chile,2022,2018-2022,publicaciones_openalex_supplementary-materials,17,trabajos,Trabajos de tipo «supplementary-materials»,"https://api.openalex.org/works?filter=institutions.id:I162148367,publication_year:2018-2022",2026-09-25T22:38:18+00:00,api
openalex,Pontificia Universidad Catolica de Chile,2022,2018-2022,citas_openalex,335956,citas,Citas recibidas por los trabajos de la ventana (histograma sobre 20880 de 21166),"https://api.openalex.org/works?filter=institutions.id:I162148367,publication_year:2018-2022",2026-09-25T22:38:18+00:00,api
openalex,Pontificia Universidad Catolica de Chile,2022,2018-2022,citas_por_documento_openalex,16.09,citas por documento,"Citas por trabajo, sobre los trabajos del histograma","https://api.openalex.org/works?filter=institutions.id:I162148367,publication_year:2018-2022",2026-09-25T22:38:18+00:00,api
openalex,Pontificia Universidad Catolica de Chile,2022,2018-2022,pct_colaboracion_internacional,52.84,%,Trabajos con coautor de una institución de otro país,"https://api.openalex.org/works?filter=institutions.id:I162148367,publication_year:2018-2022",2026-09-25T22:38:18+00:00,api
openalex,Pontificia Universidad Catolica de Chile,2023,2019-2023,publicaciones_openalex,21737,trabajos,Trabajos con al menos un autor de la institución,"https://api.openalex.org/works?filter=institutions.id:I162148367,publication_year:2019-2023",2026-09-25T22:38:18+00:00,api
openalex,Pontificia Universidad Catolica de Chile,2023,2019-2023,publicaciones_openalex_article,17408,trabajos,Trabajos de tipo «article»,"https://api.openalex.org/works?filter=institutions.id:I162148367,publication_year:2019-2023",2026-09-25T22:38:18+00:00,api
openalex,Pontificia Universidad Catolica de Chile,2023,2019-2023,publicaciones_openalex_book,74,trabajos,Trabajos de tipo «book»,"https://api.openalex.org/works?filter=institutions.id:I162148367,publication_year:2019-2023",2026-09-25T22:38:18+00:00,api
openalex,Pontificia Universidad Catolica de Chile,2023,2019-2023,publicaciones_openalex_book-chapter,789,trabajos,Trabajos de tipo «book-chapter»,"https://api.openalex.org/works?filter=institutions.id:I162148367,publication_year:2019-2023",2026-09-25T22:38:18+00:00,api
openalex,Pontificia Universidad Catolica de Chile,2023,2019-2023,publicaciones_openalex_book-review,102,trabajos,Trabajos de tipo «book-review»,"https://api.openalex.org/works?filter=institutions.id:I162148367,publication_year:2019-2023",2026-09-25T22:38:18+00:00,api
openalex,Pontificia Universidad Catolica de Chile,2023,2019-2023,publicaciones_openalex_conference-abstract,296,trabajos,Trabajos de tipo «conference-abstract»,"https://api.openalex.org/works?filter=institutions.id:I162148367,publication_year:2019-2023",2026-09-25T22:38:18+00:00,api
openalex,Pontificia Universidad Catolica de Chile,2023,2019-2023,publicaciones_openalex_conference-paper,627,trabajos,Trabajos de tipo «conference-paper»,"https://api.openalex.org/works?filter=institutions.id:I162148367,publication_year:2019-2023",2026-09-25T22:38:18+00:00,api
openalex,Pontificia Universidad Catolica de Chile,2023,2019-2023,publicaciones_openalex_data-paper,18,trabajos,Trabajos de tipo «data-paper»,"https://api.openalex.org/works?filter=institutions.id:I162148367,publication_year:2019-2023",2026-09-25T22:38:18+00:00,api
openalex,Pontificia Universidad Catolica de Chile,2023,2019-2023,publicaciones_openalex_dataset,314,trabajos,Trabajos de tipo «dataset»,"https://api.openalex.org/works?filter=institutions.id:I162148367,publication_year:2019-2023",2026-09-25T22:38:18+00:00,api
openalex,Pontificia Universidad Catolica de Chile,2023,2019-2023,publicaciones_openalex_dissertation,6,trabajos,Trabajos de tipo «dissertation»,"https://api.openalex.org/works?filter=institutions.id:I162148367,publication_year:2019-2023",2026-09-25T22:38:18+00:00,api
openalex,Pontificia Universidad Catolica de Chile,2023,2019-2023,publicaciones_openalex_editorial,121,trabajos,Trabajos de tipo «editorial»,"https://api.openalex.org/works?filter=institutions.id:I162148367,publication_year:2019-2023",2026-09-25T22:38:18+00:00,api
openalex,Pontificia Universidad Catolica de Chile,2023,2019-2023,publicaciones_openalex_erratum,164,trabajos,Trabajos de tipo «erratum»,"https://api.openalex.org/works?filter=institutions.id:I162148367,publication_year:2019-2023",2026-09-25T22:38:18+00:00,api
openalex,Pontificia Universidad Catolica de Chile,2023,2019-2023,publicaciones_openalex_letter,20,trabajos,Trabajos de tipo «letter»,"https://api.openalex.org/works?filter=institutions.id:I162148367,publication_year:2019-2023",2026-09-25T22:38:18+00:00,api
openalex,Pontificia Universidad Catolica de Chile,2023,2019-2023,publicaciones_openalex_other,66,trabajos,Trabajos de tipo «other»,"https://api.openalex.org/works?filter=institutions.id:I162148367,publication_year:2019-2023",2026-09-25T22:38:18+00:00,api
openalex,Pontificia Universidad Catolica de Chile,2023,2019-2023,publicaciones_openalex_paratext,40,trabajos,Trabajos de tipo «paratext»,"https://api.openalex.org/works?filter=institutions.id:I162148367,publication_year:2019-2023",2026-09-25T22:38:18+00:00,api
openalex,Pontificia Universidad Catolica de Chile,2023,2019-2023,publicaciones_openalex_peer-review,113,trabajos,Trabajos de tipo «peer-review»,"https://api.openalex.org/works?filter=institutions.id:I162148367,publication_year:2019-2023",2026-09-25T22:38:18+00:00,api
openalex,Pontificia Universidad Catolica de Chile,2023,2019-2023,publicaciones_openalex_preprint,1118,trabajos,Trabajos de tipo «preprint»,"https://api.openalex.org/works?filter=institutions.id:I162148367,publication_year:2019-2023",2026-09-25T22:38:18+00:00,api
openalex,Pontificia Universidad Catolica de Chile,2023,2019-2023,publicaciones_openalex_reference-entry,89,trabajos,Trabajos de tipo «reference-entry»,"https://api.openalex.org/works?filter=institutions.id:I162148367,publication_year:2019-2023",2026-09-25T22:38:18+00:00,api
openalex,Pontificia Universidad Catolica de Chile,2023,2019-2023,publicaciones_openalex_report,84,trabajos,Trabajos de tipo «report»,"https://api.openalex.org/works?filter=institutions.id:I162148367,publication_year:2019-2023",2026-09-25T22:38:18+00:00,api
openalex,Pontificia Universidad Catolica de Chile,2023,2019-2023,publicaciones_openalex_retraction,2,trabajos,Trabajos de tipo «retraction»,"https://api.openalex.org/works?filter=institutions.id:I162148367,publication_year:2019-2023",2026-09-25T22:38:18+00:00,api
openalex,Pontificia Universidad Catolica de Chile,2023,2019-2023,publicaciones_openalex_review,260,trabajos,Trabajos de tipo «review»,"https://api.openalex.org/works?filter=institutions.id:I162148367,publication_year:2019-2023",2026-09-25T22:38:18+00:00,api
openalex,Pontificia Universidad Catolica de Chile,2023,2019-2023,publicaciones_openalex_software,4,trabajos,Trabajos de tipo «software»,"https://api.openalex.org/works?filter=institutions.id:I162148367,publication_year:2019-2023",2026-09-25T22:38:18+00:00,api
openalex,Pontificia Universidad Catolica de Chile,2023,2019-2023,publicaciones_openalex_software-paper,3,trabajos,Trabajos de tipo «software-paper»,"https://api.openalex.org/works?filter=institutions.id:I162148367,publication_year:2019-2023",2026-09-25T22:38:18+00:00,api
openalex,Pontificia Universidad Catolica de Chile,2023,2019-2023,publicaciones_openalex_supplementary-materials,19,trabajos,Trabajos de tipo «supplementary-materials»,"https://api.openalex.org/works?filter=institutions.id:I162148367,publication_year:2019-2023",2026-09-25T22:38:18+00:00,api
openalex,Pontificia Universidad Catolica de Chile,2023,2019-2023,citas_openalex,306211,citas,Citas recibidas por los trabajos de la ventana (histograma sobre 21529 de 21737),"https://api.openalex.org/works?filter=institutions.id:I162148367,publication_year:2019-2023",2026-09-25T22:38:18+00:00,api
openalex,Pontificia Universidad Catolica de Chile,2023,2019-2023,citas_por_documento_openalex,14.223,citas por documento,"Citas por trabajo, sobre los trabajos del histograma","https://api.openalex.org/works?filter=institutions.id:I162148367,publication_year:2019-2023",2026-09-25T22:38:18+00:00,api
openalex,Pontificia Universidad Catolica de Chile,2023,2019-2023,pct_colaboracion_internacional,54.29,%,Trabajos con coautor de una institución de otro país,"https://api.openalex.org/works?filter=institutions.id:I162148367,publication_year:2019-2023",2026-09-25T22:38:18+00:00,api
openalex,Pontificia Universidad Catolica de Chile,2024,2020-2024,publicaciones_openalex,22264,trabajos,Trabajos con al menos un autor de la institución,"https://api.openalex.org/works?filter=institutions.id:I162148367,publication_year:2020-2024",2026-09-25T22:38:18+00:00,api
openalex,Pontificia Universidad Catolica de Chile,2024,2020-2024,publicaciones_openalex_article,17525,trabajos,Trabajos de tipo «article»,"https://api.openalex.org/works?filter=institutions.id:I162148367,publication_year:2020-2024",2026-09-25T22:38:18+00:00,api
openalex,Pontificia Universidad Catolica de Chile,2024,2020-2024,publicaciones_openalex_book,71,trabajos,Trabajos de tipo «book»,"https://api.openalex.org/works?filter=institutions.id:I162148367,publication_year:2020-2024",2026-09-25T22:38:18+00:00,api
openalex,Pontificia Universidad Catolica de Chile,2024,2020-2024,publicaciones_openalex_book-chapter,753,trabajos,Trabajos de tipo «book-chapter»,"https://api.openalex.org/works?filter=institutions.id:I162148367,publication_year:2020-2024",2026-09-25T22:38:18+00:00,api
openalex,Pontificia Universidad Catolica de Chile,2024,2020-2024,publicaciones_openalex_book-review,100,trabajos,Trabajos de tipo «book-review»,"https://api.openalex.org/works?filter=institutions.id:I162148367,publication_year:2020-2024",2026-09-25T22:38:18+00:00,api
openalex,Pontificia Universidad Catolica de Chile,2024,2020-2024,publicaciones_openalex_conference-abstract,317,trabajos,Trabajos de tipo «conference-abstract»,"https://api.openalex.org/works?filter=institutions.id:I162148367,publication_year:2020-2024",2026-09-25T22:38:18+00:00,api
openalex,Pontificia Universidad Catolica de Chile,2024,2020-2024,publicaciones_openalex_conference-paper,680,trabajos,Trabajos de tipo «conference-paper»,"https://api.openalex.org/works?filter=institutions.id:I162148367,publication_year:2020-2024",2026-09-25T22:38:18+00:00,api
openalex,Pontificia Universidad Catolica de Chile,2024,2020-2024,publicaciones_openalex_data-paper,15,trabajos,Trabajos de tipo «data-paper»,"https://api.openalex.org/works?filter=institutions.id:I162148367,publication_year:2020-2024",2026-09-25T22:38:18+00:00,api
openalex,Pontificia Universidad Catolica de Chile,2024,2020-2024,publicaciones_openalex_dataset,456,trabajos,Trabajos de tipo «dataset»,"https://api.openalex.org/works?filter=institutions.id:I162148367,publication_year:2020-2024",2026-09-25T22:38:18+00:00,api
openalex,Pontificia Universidad Catolica de Chile,2024,2020-2024,publicaciones_openalex_dissertation,5,trabajos,Trabajos de tipo «dissertation»,"https://api.openalex.org/works?filter=institutions.id:I162148367,publication_year:2020-2024",2026-09-25T22:38:18+00:00,api
openalex,Pontificia Universidad Catolica de Chile,2024,2020-2024,publicaciones_openalex_editorial,123,trabajos,Trabajos de tipo «editorial»,"https://api.openalex.org/works?filter=institutions.id:I162148367,publication_year:2020-2024",2026-09-25T22:38:18+00:00,api
openalex,Pontificia Universidad Catolica de Chile,2024,2020-2024,publicaciones_openalex_erratum,174,trabajos,Trabajos de tipo «erratum»,"https://api.openalex.org/works?filter=institutions.id:I162148367,publication_year:2020-2024",2026-09-25T22:38:18+00:00,api
openalex,Pontificia Universidad Catolica de Chile,2024,2020-2024,publicaciones_openalex_letter,29,trabajos,Trabajos de tipo «letter»,"https://api.openalex.org/works?filter=institutions.id:I162148367,publication_year:2020-2024",2026-09-25T22:38:18+00:00,api
openalex,Pontificia Universidad Catolica de Chile,2024,2020-2024,publicaciones_openalex_other,61,trabajos,Trabajos de tipo «other»,"https://api.openalex.org/works?filter=institutions.id:I162148367,publication_year:2020-2024",2026-09-25T22:38:18+00:00,api
openalex,Pontificia Universidad Catolica de Chile,2024,2020-2024,publicaciones_openalex_paratext,44,trabajos,Trabajos de tipo «paratext»,"https://api.openalex.org/works?filter=institutions.id:I162148367,publication_year:2020-2024",2026-09-25T22:38:18+00:00,api
openalex,Pontificia Universidad Catolica de Chile,2024,2020-2024,publicaciones_openalex_peer-review,154,trabajos,Trabajos de tipo «peer-review»,"https://api.openalex.org/works?filter=institutions.id:I162148367,publication_year:2020-2024",2026-09-25T22:38:18+00:00,api
openalex,Pontificia Universidad Catolica de Chile,2024,2020-2024,publicaciones_openalex_preprint,1289,trabajos,Trabajos de tipo «preprint»,"https://api.openalex.org/works?filter=institutions.id:I162148367,publication_year:2020-2024",2026-09-25T22:38:18+00:00,api
openalex,Pontificia Universidad Catolica de Chile,2024,2020-2024,publicaciones_openalex_reference-entry,66,trabajos,Trabajos de tipo «reference-entry»,"https://api.openalex.org/works?filter=institutions.id:I162148367,publication_year:2020-2024",2026-09-25T22:38:18+00:00,api
openalex,Pontificia Universidad Catolica de Chile,2024,2020-2024,publicaciones_openalex_report,77,trabajos,Trabajos de tipo «report»,"https://api.openalex.org/works?filter=institutions.id:I162148367,publication_year:2020-2024",2026-09-25T22:38:18+00:00,api
openalex,Pontificia Universidad Catolica de Chile,2024,2020-2024,publicaciones_openalex_retraction,2,trabajos,Trabajos de tipo «retraction»,"https://api.openalex.org/works?filter=institutions.id:I162148367,publication_year:2020-2024",2026-09-25T22:38:18+00:00,api
openalex,Pontificia Universidad Catolica de Chile,2024,2020-2024,publicaciones_openalex_review,293,trabajos,Trabajos de tipo «review»,"https://api.openalex.org/works?filter=institutions.id:I162148367,publication_year:2020-2024",2026-09-25T22:38:18+00:00,api
openalex,Pontificia Universidad Catolica de Chile,2024,2020-2024,publicaciones_openalex_software,2,trabajos,Trabajos de tipo «software»,"https://api.openalex.org/works?filter=institutions.id:I162148367,publication_year:2020-2024",2026-09-25T22:38:18+00:00,api
openalex,Pontificia Universidad Catolica de Chile,2024,2020-2024,publicaciones_openalex_software-paper,5,trabajos,Trabajos de tipo «software-paper»,"https://api.openalex.org/works?filter=institutions.id:I162148367,publication_year:2020-2024",2026-09-25T22:38:18+00:00,api
openalex,Pontificia Universidad Catolica de Chile,2024,2020-2024,publicaciones_openalex_supplementary-materials,23,trabajos,Trabajos de tipo «supplementary-materials»,"https://api.openalex.org/works?filter=institutions.id:I162148367,publication_year:2020-2024",2026-09-25T22:38:18+00:00,api
openalex,Pontificia Universidad Catolica de Chile,2024,2020-2024,citas_openalex,254101,citas,Citas recibidas por los trabajos de la ventana (histograma sobre 22126 de 22264),"https://api.openalex.org/works?filter=institutions.id:I162148367,publication_year:2020-2024",2026-09-25T22:38:18+00:00,api
openalex,Pontificia Universidad Catolica de Chile,2024,2020-2024,citas_por_documento_openalex,11.484,citas por documento,"Citas por trabajo, sobre los trabajos del histograma","https://api.openalex.org/works?filter=institutions.id:I162148367,publication_year:2020-2024",2026-09-25T22:38:18+00:00,api
openalex,Pontificia Universidad Catolica de Chile,2024,2020-2024,pct_colaboracion_internacional,55.57,%,Trabajos con coautor de una institución de otro país,"https://api.openalex.org/works?filter=institutions.id:I162148367,publication_year:2020-2024",2026-09-25T22:38:18+00:00,api
openalex,Pontificia Universidad Catolica de Chile,2024,2020-2024,socios_recurrentes,199,instituciones,Instituciones con 3 o más trabajos conjuntos,https://api.openalex.org/works,2026-09-25T22:38:18+00:00,api
openalex,Pontificia Universidad Catolica de Chile,2024,2020-2024,socios_recurrentes_paises,199,países,Países distintos entre los socios recurrentes,https://api.openalex.org/works,2026-09-25T22:38:18+00:00,api
openalex,Pontificia Universidad Catolica de Valparaiso,2022,2018-2022,publicaciones_openalex,5810,trabajos,Trabajos con al menos un autor de la institución,"https://api.openalex.org/works?filter=institutions.id:I130474213,publication_year:2018-2022",2026-09-25T22:38:18+00:00,api
openalex,Pontificia Universidad Catolica de Valparaiso,2022,2018-2022,publicaciones_openalex_article,4932,trabajos,Trabajos de tipo «article»,"https://api.openalex.org/works?filter=institutions.id:I130474213,publication_year:2018-2022",2026-09-25T22:38:18+00:00,api
openalex,Pontificia Universidad Catolica de Valparaiso,2022,2018-2022,publicaciones_openalex_book,9,trabajos,Trabajos de tipo «book»,"https://api.openalex.org/works?filter=institutions.id:I130474213,publication_year:2018-2022",2026-09-25T22:38:18+00:00,api
openalex,Pontificia Universidad Catolica de Valparaiso,2022,2018-2022,publicaciones_openalex_book-chapter,135,trabajos,Trabajos de tipo «book-chapter»,"https://api.openalex.org/works?filter=institutions.id:I130474213,publication_year:2018-2022",2026-09-25T22:38:18+00:00,api
openalex,Pontificia Universidad Catolica de Valparaiso,2022,2018-2022,publicaciones_openalex_book-review,25,trabajos,Trabajos de tipo «book-review»,"https://api.openalex.org/works?filter=institutions.id:I130474213,publication_year:2018-2022",2026-09-25T22:38:18+00:00,api
openalex,Pontificia Universidad Catolica de Valparaiso,2022,2018-2022,publicaciones_openalex_conference-abstract,16,trabajos,Trabajos de tipo «conference-abstract»,"https://api.openalex.org/works?filter=institutions.id:I130474213,publication_year:2018-2022",2026-09-25T22:38:18+00:00,api
openalex,Pontificia Universidad Catolica de Valparaiso,2022,2018-2022,publicaciones_openalex_conference-paper,384,trabajos,Trabajos de tipo «conference-paper»,"https://api.openalex.org/works?filter=institutions.id:I130474213,publication_year:2018-2022",2026-09-25T22:38:18+00:00,api
openalex,Pontificia Universidad Catolica de Valparaiso,2022,2018-2022,publicaciones_openalex_data-paper,5,trabajos,Trabajos de tipo «data-paper»,"https://api.openalex.org/works?filter=institutions.id:I130474213,publication_year:2018-2022",2026-09-25T22:38:18+00:00,api
openalex,Pontificia Universidad Catolica de Valparaiso,2022,2018-2022,publicaciones_openalex_dataset,28,trabajos,Trabajos de tipo «dataset»,"https://api.openalex.org/works?filter=institutions.id:I130474213,publication_year:2018-2022",2026-09-25T22:38:18+00:00,api
openalex,Pontificia Universidad Catolica de Valparaiso,2022,2018-2022,publicaciones_openalex_dissertation,1,trabajos,Trabajos de tipo «dissertation»,"https://api.openalex.org/works?filter=institutions.id:I130474213,publication_year:2018-2022",2026-09-25T22:38:18+00:00,api
openalex,Pontificia Universidad Catolica de Valparaiso,2022,2018-2022,publicaciones_openalex_editorial,27,trabajos,Trabajos de tipo «editorial»,"https://api.openalex.org/works?filter=institutions.id:I130474213,publication_year:2018-2022",2026-09-25T22:38:18+00:00,api
openalex,Pontificia Universidad Catolica de Valparaiso,2022,2018-2022,publicaciones_openalex_erratum,20,trabajos,Trabajos de tipo «erratum»,"https://api.openalex.org/works?filter=institutions.id:I130474213,publication_year:2018-2022",2026-09-25T22:38:18+00:00,api
openalex,Pontificia Universidad Catolica de Valparaiso,2022,2018-2022,publicaciones_openalex_letter,1,trabajos,Trabajos de tipo «letter»,"https://api.openalex.org/works?filter=institutions.id:I130474213,publication_year:2018-2022",2026-09-25T22:38:18+00:00,api
openalex,Pontificia Universidad Catolica de Valparaiso,2022,2018-2022,publicaciones_openalex_other,3,trabajos,Trabajos de tipo «other»,"https://api.openalex.org/works?filter=institutions.id:I130474213,publication_year:2018-2022",2026-09-25T22:38:18+00:00,api
openalex,Pontificia Universidad Catolica de Valparaiso,2022,2018-2022,publicaciones_openalex_paratext,3,trabajos,Trabajos de tipo «paratext»,"https://api.openalex.org/works?filter=institutions.id:I130474213,publication_year:2018-2022",2026-09-25T22:38:18+00:00,api
openalex,Pontificia Universidad Catolica de Valparaiso,2022,2018-2022,publicaciones_openalex_peer-review,2,trabajos,Trabajos de tipo «peer-review»,"https://api.openalex.org/works?filter=institutions.id:I130474213,publication_year:2018-2022",2026-09-25T22:38:18+00:00,api
openalex,Pontificia Universidad Catolica de Valparaiso,2022,2018-2022,publicaciones_openalex_preprint,163,trabajos,Trabajos de tipo «preprint»,"https://api.openalex.org/works?filter=institutions.id:I130474213,publication_year:2018-2022",2026-09-25T22:38:18+00:00,api
openalex,Pontificia Universidad Catolica de Valparaiso,2022,2018-2022,publicaciones_openalex_reference-entry,6,trabajos,Trabajos de tipo «reference-entry»,"https://api.openalex.org/works?filter=institutions.id:I130474213,publication_year:2018-2022",2026-09-25T22:38:18+00:00,api
openalex,Pontificia Universidad Catolica de Valparaiso,2022,2018-2022,publicaciones_openalex_report,11,trabajos,Trabajos de tipo «report»,"https://api.openalex.org/works?filter=institutions.id:I130474213,publication_year:2018-2022",2026-09-25T22:38:18+00:00,api
openalex,Pontificia Universidad Catolica de Valparaiso,2022,2018-2022,publicaciones_openalex_review,36,trabajos,Trabajos de tipo «review»,"https://api.openalex.org/works?filter=institutions.id:I130474213,publication_year:2018-2022",2026-09-25T22:38:18+00:00,api
openalex,Pontificia Universidad Catolica de Valparaiso,2022,2018-2022,publicaciones_openalex_software,3,trabajos,Trabajos de tipo «software»,"https://api.openalex.org/works?filter=institutions.id:I130474213,publication_year:2018-2022",2026-09-25T22:38:18+00:00,api
openalex,Pontificia Universidad Catolica de Valparaiso,2022,2018-2022,citas_openalex,91816,citas,Citas recibidas por los trabajos de la ventana (histograma sobre 5783 de 5810),"https://api.openalex.org/works?filter=institutions.id:I130474213,publication_year:2018-2022",2026-09-25T22:38:18+00:00,api
openalex,Pontificia Universidad Catolica de Valparaiso,2022,2018-2022,citas_por_documento_openalex,15.877,citas por documento,"Citas por trabajo, sobre los trabajos del histograma","https://api.openalex.org/works?filter=institutions.id:I130474213,publication_year:2018-2022",2026-09-25T22:38:18+00:00,api
openalex,Pontificia Universidad Catolica de Valparaiso,2022,2018-2022,pct_colaboracion_internacional,51.5,%,Trabajos con coautor de una institución de otro país,"https://api.openalex.org/works?filter=institutions.id:I130474213,publication_year:2018-2022",2026-09-25T22:38:18+00:00,api
openalex,Pontificia Universidad Catolica de Valparaiso,2023,2019-2023,publicaciones_openalex,6074,trabajos,Trabajos con al menos un autor de la institución,"https://api.openalex.org/works?filter=institutions.id:I130474213,publication_year:2019-2023",2026-09-25T22:38:18+00:00,api
openalex,Pontificia Universidad Catolica de Valparaiso,2023,2019-2023,publicaciones_openalex_article,5090,trabajos,Trabajos de tipo «article»,"https://api.openalex.org/works?filter=institutions.id:I130474213,publication_year:2019-2023",2026-09-25T22:38:18+00:00,api
openalex,Pontificia Universidad Catolica de Valparaiso,2023,2019-2023,publicaciones_openalex_book,13,trabajos,Trabajos de tipo «book»,"https://api.openalex.org/works?filter=institutions.id:I130474213,publication_year:2019-2023",2026-09-25T22:38:18+00:00,api
openalex,Pontificia Universidad Catolica de Valparaiso,2023,2019-2023,publicaciones_openalex_book-chapter,145,trabajos,Trabajos de tipo «book-chapter»,"https://api.openalex.org/works?filter=institutions.id:I130474213,publication_year:2019-2023",2026-09-25T22:38:18+00:00,api
openalex,Pontificia Universidad Catolica de Valparaiso,2023,2019-2023,publicaciones_openalex_book-review,30,trabajos,Trabajos de tipo «book-review»,"https://api.openalex.org/works?filter=institutions.id:I130474213,publication_year:2019-2023",2026-09-25T22:38:18+00:00,api
openalex,Pontificia Universidad Catolica de Valparaiso,2023,2019-2023,publicaciones_openalex_conference-abstract,16,trabajos,Trabajos de tipo «conference-abstract»,"https://api.openalex.org/works?filter=institutions.id:I130474213,publication_year:2019-2023",2026-09-25T22:38:18+00:00,api
openalex,Pontificia Universidad Catolica de Valparaiso,2023,2019-2023,publicaciones_openalex_conference-paper,364,trabajos,Trabajos de tipo «conference-paper»,"https://api.openalex.org/works?filter=institutions.id:I130474213,publication_year:2019-2023",2026-09-25T22:38:18+00:00,api
openalex,Pontificia Universidad Catolica de Valparaiso,2023,2019-2023,publicaciones_openalex_data-paper,5,trabajos,Trabajos de tipo «data-paper»,"https://api.openalex.org/works?filter=institutions.id:I130474213,publication_year:2019-2023",2026-09-25T22:38:18+00:00,api
openalex,Pontificia Universidad Catolica de Valparaiso,2023,2019-2023,publicaciones_openalex_dataset,30,trabajos,Trabajos de tipo «dataset»,"https://api.openalex.org/works?filter=institutions.id:I130474213,publication_year:2019-2023",2026-09-25T22:38:18+00:00,api
openalex,Pontificia Universidad Catolica de Valparaiso,2023,2019-2023,publicaciones_openalex_dissertation,1,trabajos,Trabajos de tipo «dissertation»,"https://api.openalex.org/works?filter=institutions.id:I130474213,publication_year:2019-2023",2026-09-25T22:38:18+00:00,api
openalex,Pontificia Universidad Catolica de Valparaiso,2023,2019-2023,publicaciones_openalex_editorial,33,trabajos,Trabajos de tipo «editorial»,"https://api.openalex.org/works?filter=institutions.id:I130474213,publication_year:2019-2023",2026-09-25T22:38:18+00:00,api
openalex,Pontificia Universidad Catolica de Valparaiso,2023,2019-2023,publicaciones_openalex_erratum,23,trabajos,Trabajos de tipo «erratum»,"https://api.openalex.org/works?filter=institutions.id:I130474213,publication_year:2019-2023",2026-09-25T22:38:18+00:00,api
openalex,Pontificia Universidad Catolica de Valparaiso,2023,2019-2023,publicaciones_openalex_other,10,trabajos,Trabajos de tipo «other»,"https://api.openalex.org/works?filter=institutions.id:I130474213,publication_year:2019-2023",2026-09-25T22:38:18+00:00,api
openalex,Pontificia Universidad Catolica de Valparaiso,2023,2019-2023,publicaciones_openalex_paratext,4,trabajos,Trabajos de tipo «paratext»,"https://api.openalex.org/works?filter=institutions.id:I130474213,publication_year:2019-2023",2026-09-25T22:38:18+00:00,api
openalex,Pontificia Universidad Catolica de Valparaiso,2023,2019-2023,publicaciones_openalex_peer-review,14,trabajos,Trabajos de tipo «peer-review»,"https://api.openalex.org/works?filter=institutions.id:I130474213,publication_year:2019-2023",2026-09-25T22:38:18+00:00,api
openalex,Pontificia Universidad Catolica de Valparaiso,2023,2019-2023,publicaciones_openalex_preprint,230,trabajos,Trabajos de tipo «preprint»,"https://api.openalex.org/works?filter=institutions.id:I130474213,publication_year:2019-2023",2026-09-25T22:38:18+00:00,api
openalex,Pontificia Universidad Catolica de Valparaiso,2023,2019-2023,publicaciones_openalex_reference-entry,6,trabajos,Trabajos de tipo «reference-entry»,"https://api.openalex.org/works?filter=institutions.id:I130474213,publication_year:2019-2023",2026-09-25T22:38:18+00:00,api
openalex,Pontificia Universidad Catolica de Valparaiso,2023,2019-2023,publicaciones_openalex_report,13,trabajos,Trabajos de tipo «report»,"https://api.openalex.org/works?filter=institutions.id:I130474213,publication_year:2019-2023",2026-09-25T22:38:18+00:00,api
openalex,Pontificia Universidad Catolica de Valparaiso,2023,2019-2023,publicaciones_openalex_review,44,trabajos,Trabajos de tipo «review»,"https://api.openalex.org/works?filter=institutions.id:I130474213,publication_year:2019-2023",2026-09-25T22:38:18+00:00,api
openalex,Pontificia Universidad Catolica de Valparaiso,2023,2019-2023,publicaciones_openalex_software,3,trabajos,Trabajos de tipo «software»,"https://api.openalex.org/works?filter=institutions.id:I130474213,publication_year:2019-2023",2026-09-25T22:38:18+00:00,api
openalex,Pontificia Universidad Catolica de Valparaiso,2023,2019-2023,citas_openalex,84742,citas,Citas recibidas por los trabajos de la ventana (histograma sobre 6049 de 6074),"https://api.openalex.org/works?filter=institutions.id:I130474213,publication_year:2019-2023",2026-09-25T22:38:18+00:00,api
openalex,Pontificia Universidad Catolica de Valparaiso,2023,2019-2023,citas_por_documento_openalex,14.009,citas por documento,"Citas por trabajo, sobre los trabajos del histograma","https://api.openalex.org/works?filter=institutions.id:I130474213,publication_year:2019-2023",2026-09-25T22:38:18+00:00,api
openalex,Pontificia Universidad Catolica de Valparaiso,2023,2019-2023,pct_colaboracion_internacional,53.05,%,Trabajos con coautor de una institución de otro país,"https://api.openalex.org/works?filter=institutions.id:I130474213,publication_year:2019-2023",2026-09-25T22:38:18+00:00,api
openalex,Pontificia Universidad Catolica de Valparaiso,2024,2020-2024,publicaciones_openalex,6208,trabajos,Trabajos con al menos un autor de la institución,"https://api.openalex.org/works?filter=institutions.id:I130474213,publication_year:2020-2024",2026-09-25T22:38:18+00:00,api
openalex,Pontificia Universidad Catolica de Valparaiso,2024,2020-2024,publicaciones_openalex_article,5175,trabajos,Trabajos de tipo «article»,"https://api.openalex.org/works?filter=institutions.id:I130474213,publication_year:2020-2024",2026-09-25T22:38:18+00:00,api
openalex,Pontificia Universidad Catolica de Valparaiso,2024,2020-2024,publicaciones_openalex_book,13,trabajos,Trabajos de tipo «book»,"https://api.openalex.org/works?filter=institutions.id:I130474213,publication_year:2020-2024",2026-09-25T22:38:18+00:00,api
openalex,Pontificia Universidad Catolica de Valparaiso,2024,2020-2024,publicaciones_openalex_book-chapter,133,trabajos,Trabajos de tipo «book-chapter»,"https://api.openalex.org/works?filter=institutions.id:I130474213,publication_year:2020-2024",2026-09-25T22:38:18+00:00,api
openalex,Pontificia Universidad Catolica de Valparaiso,2024,2020-2024,publicaciones_openalex_book-review,26,trabajos,Trabajos de tipo «book-review»,"https://api.openalex.org/works?filter=institutions.id:I130474213,publication_year:2020-2024",2026-09-25T22:38:18+00:00,api
openalex,Pontificia Universidad Catolica de Valparaiso,2024,2020-2024,publicaciones_openalex_conference-abstract,21,trabajos,Trabajos de tipo «conference-abstract»,"https://api.openalex.org/works?filter=institutions.id:I130474213,publication_year:2020-2024",2026-09-25T22:38:18+00:00,api
openalex,Pontificia Universidad Catolica de Valparaiso,2024,2020-2024,publicaciones_openalex_conference-paper,361,trabajos,Trabajos de tipo «conference-paper»,"https://api.openalex.org/works?filter=institutions.id:I130474213,publication_year:2020-2024",2026-09-25T22:38:18+00:00,api
openalex,Pontificia Universidad Catolica de Valparaiso,2024,2020-2024,publicaciones_openalex_data-paper,5,trabajos,Trabajos de tipo «data-paper»,"https://api.openalex.org/works?filter=institutions.id:I130474213,publication_year:2020-2024",2026-09-25T22:38:18+00:00,api
openalex,Pontificia Universidad Catolica de Valparaiso,2024,2020-2024,publicaciones_openalex_dataset,27,trabajos,Trabajos de tipo «dataset»,"https://api.openalex.org/works?filter=institutions.id:I130474213,publication_year:2020-2024",2026-09-25T22:38:18+00:00,api
openalex,Pontificia Universidad Catolica de Valparaiso,2024,2020-2024,publicaciones_openalex_dissertation,1,trabajos,Trabajos de tipo «dissertation»,"https://api.openalex.org/works?filter=institutions.id:I130474213,publication_year:2020-2024",2026-09-25T22:38:18+00:00,api
openalex,Pontificia Universidad Catolica de Valparaiso,2024,2020-2024,publicaciones_openalex_editorial,34,trabajos,Trabajos de tipo «editorial»,"https://api.openalex.org/works?filter=institutions.id:I130474213,publication_year:2020-2024",2026-09-25T22:38:18+00:00,api
openalex,Pontificia Universidad Catolica de Valparaiso,2024,2020-2024,publicaciones_openalex_erratum,28,trabajos,Trabajos de tipo «erratum»,"https://api.openalex.org/works?filter=institutions.id:I130474213,publication_year:2020-2024",2026-09-25T22:38:18+00:00,api
openalex,Pontificia Universidad Catolica de Valparaiso,2024,2020-2024,publicaciones_openalex_other,9,trabajos,Trabajos de tipo «other»,"https://api.openalex.org/works?filter=institutions.id:I130474213,publication_year:2020-2024",2026-09-25T22:38:18+00:00,api
openalex,Pontificia Universidad Catolica de Valparaiso,2024,2020-2024,publicaciones_openalex_paratext,3,trabajos,Trabajos de tipo «paratext»,"https://api.openalex.org/works?filter=institutions.id:I130474213,publication_year:2020-2024",2026-09-25T22:38:18+00:00,api
openalex,Pontificia Universidad Catolica de Valparaiso,2024,2020-2024,publicaciones_openalex_peer-review,26,trabajos,Trabajos de tipo «peer-review»,"https://api.openalex.org/works?filter=institutions.id:I130474213,publication_year:2020-2024",2026-09-25T22:38:18+00:00,api
openalex,Pontificia Universidad Catolica de Valparaiso,2024,2020-2024,publicaciones_openalex_preprint,262,trabajos,Trabajos de tipo «preprint»,"https://api.openalex.org/works?filter=institutions.id:I130474213,publication_year:2020-2024",2026-09-25T22:38:18+00:00,api
openalex,Pontificia Universidad Catolica de Valparaiso,2024,2020-2024,publicaciones_openalex_reference-entry,6,trabajos,Trabajos de tipo «reference-entry»,"https://api.openalex.org/works?filter=institutions.id:I130474213,publication_year:2020-2024",2026-09-25T22:38:18+00:00,api
openalex,Pontificia Universidad Catolica de Valparaiso,2024,2020-2024,publicaciones_openalex_report,13,trabajos,Trabajos de tipo «report»,"https://api.openalex.org/works?filter=institutions.id:I130474213,publication_year:2020-2024",2026-09-25T22:38:18+00:00,api
openalex,Pontificia Universidad Catolica de Valparaiso,2024,2020-2024,publicaciones_openalex_retraction,1,trabajos,Trabajos de tipo «retraction»,"https://api.openalex.org/works?filter=institutions.id:I130474213,publication_year:2020-2024",2026-09-25T22:38:18+00:00,api
openalex,Pontificia Universidad Catolica de Valparaiso,2024,2020-2024,publicaciones_openalex_review,62,trabajos,Trabajos de tipo «review»,"https://api.openalex.org/works?filter=institutions.id:I130474213,publication_year:2020-2024",2026-09-25T22:38:18+00:00,api
openalex,Pontificia Universidad Catolica de Valparaiso,2024,2020-2024,publicaciones_openalex_software,2,trabajos,Trabajos de tipo «software»,"https://api.openalex.org/works?filter=institutions.id:I130474213,publication_year:2020-2024",2026-09-25T22:38:18+00:00,api
openalex,Pontificia Universidad Catolica de Valparaiso,2024,2020-2024,citas_openalex,72912,citas,Citas recibidas por los trabajos de la ventana (histograma sobre 6197 de 6208),"https://api.openalex.org/works?filter=institutions.id:I130474213,publication_year:2020-2024",2026-09-25T22:38:18+00:00,api
openalex,Pontificia Universidad Catolica de Valparaiso,2024,2020-2024,citas_por_documento_openalex,11.766,citas por documento,"Citas por trabajo, sobre los trabajos del histograma","https://api.openalex.org/works?filter=institutions.id:I130474213,publication_year:2020-2024",2026-09-25T22:38:18+00:00,api
openalex,Pontificia Universidad Catolica de Valparaiso,2024,2020-2024,pct_colaboracion_internacional,54.62,%,Trabajos con coautor de una institución de otro país,"https://api.openalex.org/works?filter=institutions.id:I130474213,publication_year:2020-2024",2026-09-25T22:38:18+00:00,api
openalex,Pontificia Universidad Catolica de Valparaiso,2024,2020-2024,socios_recurrentes,199,instituciones,Instituciones con 3 o más trabajos conjuntos,https://api.openalex.org/works,2026-09-25T22:38:18+00:00,api
openalex,Pontificia Universidad Catolica de Valparaiso,2024,2020-2024,socios_recurrentes_paises,197,países,Países distintos entre los socios recurrentes,https://api.openalex.org/works,2026-09-25T22:38:18+00:00,api
openalex,Universidad ARCIS,2022,2018-2022,publicaciones_openalex,78,trabajos,Trabajos con al menos un autor de la institución,"https://api.openalex.org/works?filter=institutions.id:I3132164717,publication_year:2018-2022",2026-09-25T22:38:18+00:00,api
openalex,Universidad ARCIS,2022,2018-2022,publicaciones_openalex_article,72,trabajos,Trabajos de tipo «article»,"https://api.openalex.org/works?filter=institutions.id:I3132164717,publication_year:2018-2022",2026-09-25T22:38:18+00:00,api
openalex,Universidad ARCIS,2022,2018-2022,publicaciones_openalex_book,2,trabajos,Trabajos de tipo «book»,"https://api.openalex.org/works?filter=institutions.id:I3132164717,publication_year:2018-2022",2026-09-25T22:38:18+00:00,api
openalex,Universidad ARCIS,2022,2018-2022,publicaciones_openalex_book-chapter,1,trabajos,Trabajos de tipo «book-chapter»,"https://api.openalex.org/works?filter=institutions.id:I3132164717,publication_year:2018-2022",2026-09-25T22:38:18+00:00,api
openalex,Universidad ARCIS,2022,2018-2022,publicaciones_openalex_book-review,1,trabajos,Trabajos de tipo «book-review»,"https://api.openalex.org/works?filter=institutions.id:I3132164717,publication_year:2018-2022",2026-09-25T22:38:18+00:00,api
openalex,Universidad ARCIS,2022,2018-2022,publicaciones_openalex_dataset,2,trabajos,Trabajos de tipo «dataset»,"https://api.openalex.org/works?filter=institutions.id:I3132164717,publication_year:2018-2022",2026-09-25T22:38:18+00:00,api
openalex,Universidad ARCIS,2022,2018-2022,pct_colaboracion_internacional,41.03,%,Trabajos con coautor de una institución de otro país,"https://api.openalex.org/works?filter=institutions.id:I3132164717,publication_year:2018-2022",2026-09-25T22:38:18+00:00,api
openalex,Universidad ARCIS,2023,2019-2023,publicaciones_openalex,79,trabajos,Trabajos con al menos un autor de la institución,"https://api.openalex.org/works?filter=institutions.id:I3132164717,publication_year:2019-2023",2026-09-25T22:38:18+00:00,api
openalex,Universidad ARCIS,2023,2019-2023,publicaciones_openalex_article,72,trabajos,Trabajos de tipo «article»,"https://api.openalex.org/works?filter=institutions.id:I3132164717,publication_year:2019-2023",2026-09-25T22:38:18+00:00,api
openalex,Universidad ARCIS,2023,2019-2023,publicaciones_openalex_book,3,trabajos,Trabajos de tipo «book»,"https://api.openalex.org/works?filter=institutions.id:I3132164717,publication_year:2019-2023",2026-09-25T22:38:18+00:00,api
openalex,Universidad ARCIS,2023,2019-2023,publicaciones_openalex_book-review,1,trabajos,Trabajos de tipo «book-review»,"https://api.openalex.org/works?filter=institutions.id:I3132164717,publication_year:2019-2023",2026-09-25T22:38:18+00:00,api
openalex,Universidad ARCIS,2023,2019-2023,publicaciones_openalex_dataset,1,trabajos,Trabajos de tipo «dataset»,"https://api.openalex.org/works?filter=institutions.id:I3132164717,publication_year:2019-2023",2026-09-25T22:38:18+00:00,api
openalex,Universidad ARCIS,2023,2019-2023,publicaciones_openalex_dissertation,1,trabajos,Trabajos de tipo «dissertation»,"https://api.openalex.org/works?filter=institutions.id:I3132164717,publication_year:2019-2023",2026-09-25T22:38:18+00:00,api
openalex,Universidad ARCIS,2023,2019-2023,publicaciones_openalex_review,1,trabajos,Trabajos de tipo «review»,"https://api.openalex.org/works?filter=institutions.id:I3132164717,publication_year:2019-2023",2026-09-25T22:38:18+00:00,api
openalex,Universidad ARCIS,2023,2019-2023,pct_colaboracion_internacional,44.3,%,Trabajos con coautor de una institución de otro país,"https://api.openalex.org/works?filter=institutions.id:I3132164717,publication_year:2019-2023",2026-09-25T22:38:18+00:00,api
openalex,Universidad ARCIS,2024,2020-2024,publicaciones_openalex,87,trabajos,Trabajos con al menos un autor de la institución,"https://api.openalex.org/works?filter=institutions.id:I3132164717,publication_year:2020-2024",2026-09-25T22:38:18+00:00,api
openalex,Universidad ARCIS,2024,2020-2024,publicaciones_openalex_article,70,trabajos,Trabajos de tipo «article»,"https://api.openalex.org/works?filter=institutions.id:I3132164717,publication_year:2020-2024",2026-09-25T22:38:18+00:00,api
openalex,Universidad ARCIS,2024,2020-2024,publicaciones_openalex_book,4,trabajos,Trabajos de tipo «book»,"https://api.openalex.org/works?filter=institutions.id:I3132164717,publication_year:2020-2024",2026-09-25T22:38:18+00:00,api
openalex,Universidad ARCIS,2024,2020-2024,publicaciones_openalex_book-chapter,6,trabajos,Trabajos de tipo «book-chapter»,"https://api.openalex.org/works?filter=institutions.id:I3132164717,publication_year:2020-2024",2026-09-25T22:38:18+00:00,api
openalex,Universidad ARCIS,2024,2020-2024,publicaciones_openalex_book-review,1,trabajos,Trabajos de tipo «book-review»,"https://api.openalex.org/works?filter=institutions.id:I3132164717,publication_year:2020-2024",2026-09-25T22:38:18+00:00,api
openalex,Universidad ARCIS,2024,2020-2024,publicaciones_openalex_conference-paper,2,trabajos,Trabajos de tipo «conference-paper»,"https://api.openalex.org/works?filter=institutions.id:I3132164717,publication_year:2020-2024",2026-09-25T22:38:18+00:00,api
openalex,Universidad ARCIS,2024,2020-2024,publicaciones_openalex_dataset,1,trabajos,Trabajos de tipo «dataset»,"https://api.openalex.org/works?filter=institutions.id:I3132164717,publication_year:2020-2024",2026-09-25T22:38:18+00:00,api
openalex,Universidad ARCIS,2024,2020-2024,publicaciones_openalex_dissertation,1,trabajos,Trabajos de tipo «dissertation»,"https://api.openalex.org/works?filter=institutions.id:I3132164717,publication_year:2020-2024",2026-09-25T22:38:18+00:00,api
openalex,Universidad ARCIS,2024,2020-2024,publicaciones_openalex_review,2,trabajos,Trabajos de tipo «review»,"https://api.openalex.org/works?filter=institutions.id:I3132164717,publication_year:2020-2024",2026-09-25T22:38:18+00:00,api
openalex,Universidad ARCIS,2024,2020-2024,citas_openalex,226,citas,Citas recibidas por los trabajos de la ventana (histograma sobre 87 de 87),"https://api.openalex.org/works?filter=institutions.id:I3132164717,publication_year:2020-2024",2026-09-25T22:38:18+00:00,api
openalex,Universidad ARCIS,2024,2020-2024,citas_por_documento_openalex,2.598,citas por documento,"Citas por trabajo, sobre los trabajos del histograma","https://api.openalex.org/works?filter=institutions.id:I3132164717,publication_year:2020-2024",2026-09-25T22:38:18+00:00,api
openalex,Universidad ARCIS,2024,2020-2024,pct_colaboracion_internacional,42.53,%,Trabajos con coautor de una institución de otro país,"https://api.openalex.org/works?filter=institutions.id:I3132164717,publication_year:2020-2024",2026-09-25T22:38:18+00:00,api
openalex,Universidad ARCIS,2024,2020-2024,socios_recurrentes,12,instituciones,Instituciones con 3 o más trabajos conjuntos,https://api.openalex.org/works,2026-09-25T22:38:18+00:00,api
openalex,Universidad ARCIS,2024,2020-2024,socios_recurrentes_paises,12,países,Países distintos entre los socios recurrentes,https://api.openalex.org/works,2026-09-25T22:38:18+00:00,api
openalex,Universidad Academia de Humanismo Cristiano,2022,2018-2022,publicaciones_openalex,574,trabajos,Trabajos con al menos un autor de la institución,"https://api.openalex.org/works?filter=institutions.id:I3131036702,publication_year:2018-2022",2026-09-25T22:38:18+00:00,api
openalex,Universidad Academia de Humanismo Cristiano,2022,2018-2022,publicaciones_openalex_article,512,trabajos,Trabajos de tipo «article»,"https://api.openalex.org/works?filter=institutions.id:I3131036702,publication_year:2018-2022",2026-09-25T22:38:18+00:00,api
openalex,Universidad Academia de Humanismo Cristiano,2022,2018-2022,publicaciones_openalex_book,5,trabajos,Trabajos de tipo «book»,"https://api.openalex.org/works?filter=institutions.id:I3131036702,publication_year:2018-2022",2026-09-25T22:38:18+00:00,api
openalex,Universidad Academia de Humanismo Cristiano,2022,2018-2022,publicaciones_openalex_book-chapter,15,trabajos,Trabajos de tipo «book-chapter»,"https://api.openalex.org/works?filter=institutions.id:I3131036702,publication_year:2018-2022",2026-09-25T22:38:18+00:00,api
openalex,Universidad Academia de Humanismo Cristiano,2022,2018-2022,publicaciones_openalex_book-review,8,trabajos,Trabajos de tipo «book-review»,"https://api.openalex.org/works?filter=institutions.id:I3131036702,publication_year:2018-2022",2026-09-25T22:38:18+00:00,api
openalex,Universidad Academia de Humanismo Cristiano,2022,2018-2022,publicaciones_openalex_conference-paper,9,trabajos,Trabajos de tipo «conference-paper»,"https://api.openalex.org/works?filter=institutions.id:I3131036702,publication_year:2018-2022",2026-09-25T22:38:18+00:00,api
openalex,Universidad Academia de Humanismo Cristiano,2022,2018-2022,publicaciones_openalex_editorial,19,trabajos,Trabajos de tipo «editorial»,"https://api.openalex.org/works?filter=institutions.id:I3131036702,publication_year:2018-2022",2026-09-25T22:38:18+00:00,api
openalex,Universidad Academia de Humanismo Cristiano,2022,2018-2022,publicaciones_openalex_erratum,1,trabajos,Trabajos de tipo «erratum»,"https://api.openalex.org/works?filter=institutions.id:I3131036702,publication_year:2018-2022",2026-09-25T22:38:18+00:00,api
openalex,Universidad Academia de Humanismo Cristiano,2022,2018-2022,publicaciones_openalex_preprint,4,trabajos,Trabajos de tipo «preprint»,"https://api.openalex.org/works?filter=institutions.id:I3131036702,publication_year:2018-2022",2026-09-25T22:38:18+00:00,api
openalex,Universidad Academia de Humanismo Cristiano,2022,2018-2022,publicaciones_openalex_review,1,trabajos,Trabajos de tipo «review»,"https://api.openalex.org/works?filter=institutions.id:I3131036702,publication_year:2018-2022",2026-09-25T22:38:18+00:00,api
openalex,Universidad Academia de Humanismo Cristiano,2022,2018-2022,citas_openalex,1887,citas,Citas recibidas por los trabajos de la ventana (histograma sobre 572 de 574),"https://api.openalex.org/works?filter=institutions.id:I3131036702,publication_year:2018-2022",2026-09-25T22:38:18+00:00,api
openalex,Universidad Academia de Humanismo Cristiano,2022,2018-2022,citas_por_documento_openalex,3.299,citas por documento,"Citas por trabajo, sobre los trabajos del histograma","https://api.openalex.org/works?filter=institutions.id:I3131036702,publication_year:2018-2022",2026-09-25T22:38:18+00:00,api
openalex,Universidad Academia de Humanismo Cristiano,2022,2018-2022,pct_colaboracion_internacional,21.25,%,Trabajos con coautor de una institución de otro país,"https://api.openalex.org/works?filter=institutions.id:I3131036702,publication_year:2018-2022",2026-09-25T22:38:18+00:00,api
openalex,Universidad Academia de Humanismo Cristiano,2023,2019-2023,publicaciones_openalex,519,trabajos,Trabajos con al menos un autor de la institución,"https://api.openalex.org/works?filter=institutions.id:I3131036702,publication_year:2019-2023",2026-09-25T22:38:18+00:00,api
openalex,Universidad Academia de Humanismo Cristiano,2023,2019-2023,publicaciones_openalex_article,466,trabajos,Trabajos de tipo «article»,"https://api.openalex.org/works?filter=institutions.id:I3131036702,publication_year:2019-2023",2026-09-25T22:38:18+00:00,api
openalex,Universidad Academia de Humanismo Cristiano,2023,2019-2023,publicaciones_openalex_book,4,trabajos,Trabajos de tipo «book»,"https://api.openalex.org/works?filter=institutions.id:I3131036702,publication_year:2019-2023",2026-09-25T22:38:18+00:00,api
openalex,Universidad Academia de Humanismo Cristiano,2023,2019-2023,publicaciones_openalex_book-chapter,19,trabajos,Trabajos de tipo «book-chapter»,"https://api.openalex.org/works?filter=institutions.id:I3131036702,publication_year:2019-2023",2026-09-25T22:38:18+00:00,api
openalex,Universidad Academia de Humanismo Cristiano,2023,2019-2023,publicaciones_openalex_book-review,5,trabajos,Trabajos de tipo «book-review»,"https://api.openalex.org/works?filter=institutions.id:I3131036702,publication_year:2019-2023",2026-09-25T22:38:18+00:00,api
openalex,Universidad Academia de Humanismo Cristiano,2023,2019-2023,publicaciones_openalex_conference-paper,5,trabajos,Trabajos de tipo «conference-paper»,"https://api.openalex.org/works?filter=institutions.id:I3131036702,publication_year:2019-2023",2026-09-25T22:38:18+00:00,api
openalex,Universidad Academia de Humanismo Cristiano,2023,2019-2023,publicaciones_openalex_editorial,14,trabajos,Trabajos de tipo «editorial»,"https://api.openalex.org/works?filter=institutions.id:I3131036702,publication_year:2019-2023",2026-09-25T22:38:18+00:00,api
openalex,Universidad Academia de Humanismo Cristiano,2023,2019-2023,publicaciones_openalex_erratum,1,trabajos,Trabajos de tipo «erratum»,"https://api.openalex.org/works?filter=institutions.id:I3131036702,publication_year:2019-2023",2026-09-25T22:38:18+00:00,api
openalex,Universidad Academia de Humanismo Cristiano,2023,2019-2023,publicaciones_openalex_preprint,5,trabajos,Trabajos de tipo «preprint»,"https://api.openalex.org/works?filter=institutions.id:I3131036702,publication_year:2019-2023",2026-09-25T22:38:18+00:00,api
openalex,Universidad Academia de Humanismo Cristiano,2023,2019-2023,citas_openalex,1446,citas,Citas recibidas por los trabajos de la ventana (histograma sobre 517 de 519),"https://api.openalex.org/works?filter=institutions.id:I3131036702,publication_year:2019-2023",2026-09-25T22:38:18+00:00,api
openalex,Universidad Academia de Humanismo Cristiano,2023,2019-2023,citas_por_documento_openalex,2.797,citas por documento,"Citas por trabajo, sobre los trabajos del histograma","https://api.openalex.org/works?filter=institutions.id:I3131036702,publication_year:2019-2023",2026-09-25T22:38:18+00:00,api
openalex,Universidad Academia de Humanismo Cristiano,2023,2019-2023,pct_colaboracion_internacional,21.19,%,Trabajos con coautor de una institución de otro país,"https://api.openalex.org/works?filter=institutions.id:I3131036702,publication_year:2019-2023",2026-09-25T22:38:18+00:00,api
openalex,Universidad Academia de Humanismo Cristiano,2024,2020-2024,publicaciones_openalex,499,trabajos,Trabajos con al menos un autor de la institución,"https://api.openalex.org/works?filter=institutions.id:I3131036702,publication_year:2020-2024",2026-09-25T22:38:18+00:00,api
openalex,Universidad Academia de Humanismo Cristiano,2024,2020-2024,publicaciones_openalex_article,446,trabajos,Trabajos de tipo «article»,"https://api.openalex.org/works?filter=institutions.id:I3131036702,publication_year:2020-2024",2026-09-25T22:38:18+00:00,api
openalex,Universidad Academia de Humanismo Cristiano,2024,2020-2024,publicaciones_openalex_book,4,trabajos,Trabajos de tipo «book»,"https://api.openalex.org/works?filter=institutions.id:I3131036702,publication_year:2020-2024",2026-09-25T22:38:18+00:00,api
openalex,Universidad Academia de Humanismo Cristiano,2024,2020-2024,publicaciones_openalex_book-chapter,20,trabajos,Trabajos de tipo «book-chapter»,"https://api.openalex.org/works?filter=institutions.id:I3131036702,publication_year:2020-2024",2026-09-25T22:38:18+00:00,api
openalex,Universidad Academia de Humanismo Cristiano,2024,2020-2024,publicaciones_openalex_book-review,4,trabajos,Trabajos de tipo «book-review»,"https://api.openalex.org/works?filter=institutions.id:I3131036702,publication_year:2020-2024",2026-09-25T22:38:18+00:00,api
openalex,Universidad Academia de Humanismo Cristiano,2024,2020-2024,publicaciones_openalex_conference-paper,4,trabajos,Trabajos de tipo «conference-paper»,"https://api.openalex.org/works?filter=institutions.id:I3131036702,publication_year:2020-2024",2026-09-25T22:38:18+00:00,api
openalex,Universidad Academia de Humanismo Cristiano,2024,2020-2024,publicaciones_openalex_editorial,15,trabajos,Trabajos de tipo «editorial»,"https://api.openalex.org/works?filter=institutions.id:I3131036702,publication_year:2020-2024",2026-09-25T22:38:18+00:00,api
openalex,Universidad Academia de Humanismo Cristiano,2024,2020-2024,publicaciones_openalex_erratum,1,trabajos,Trabajos de tipo «erratum»,"https://api.openalex.org/works?filter=institutions.id:I3131036702,publication_year:2020-2024",2026-09-25T22:38:18+00:00,api
openalex,Universidad Academia de Humanismo Cristiano,2024,2020-2024,publicaciones_openalex_peer-review,1,trabajos,Trabajos de tipo «peer-review»,"https://api.openalex.org/works?filter=institutions.id:I3131036702,publication_year:2020-2024",2026-09-25T22:38:18+00:00,api
openalex,Universidad Academia de Humanismo Cristiano,2024,2020-2024,publicaciones_openalex_preprint,3,trabajos,Trabajos de tipo «preprint»,"https://api.openalex.org/works?filter=institutions.id:I3131036702,publication_year:2020-2024",2026-09-25T22:38:18+00:00,api
openalex,Universidad Academia de Humanismo Cristiano,2024,2020-2024,publicaciones_openalex_review,1,trabajos,Trabajos de tipo «review»,"https://api.openalex.org/works?filter=institutions.id:I3131036702,publication_year:2020-2024",2026-09-25T22:38:18+00:00,api
openalex,Universidad Academia de Humanismo Cristiano,2024,2020-2024,citas_openalex,1127,citas,Citas recibidas por los trabajos de la ventana (histograma sobre 498 de 499),"https://api.openalex.org/works?filter=institutions.id:I3131036702,publication_year:2020-2024",2026-09-25T22:38:18+00:00,api
openalex,Universidad Academia de Humanismo Cristiano,2024,2020-2024,citas_por_documento_openalex,2.263,citas por documento,"Citas por trabajo, sobre los trabajos del histograma","https://api.openalex.org/works?filter=institutions.id:I3131036702,publication_year:2020-2024",2026-09-25T22:38:18+00:00,api
openalex,Universidad Academia de Humanismo Cristiano,2024,2020-2024,pct_colaboracion_internacional,20.24,%,Trabajos con coautor de una institución de otro país,"https://api.openalex.org/works?filter=institutions.id:I3131036702,publication_year:2020-2024",2026-09-25T22:38:18+00:00,api
openalex,Universidad Academia de Humanismo Cristiano,2024,2020-2024,socios_recurrentes,40,instituciones,Instituciones con 3 o más trabajos conjuntos,https://api.openalex.org/works,2026-09-25T22:38:18+00:00,api
openalex,Universidad Academia de Humanismo Cristiano,2024,2020-2024,socios_recurrentes_paises,39,países,Países distintos entre los socios recurrentes,https://api.openalex.org/works,2026-09-25T22:38:18+00:00,api
openalex,Universidad Adolfo Ibanez,2022,2018-2022,publicaciones_openalex,2992,trabajos,Trabajos con al menos un autor de la institución,"https://api.openalex.org/works?filter=institutions.id:I21067949,publication_year:2018-2022",2026-09-25T22:38:18+00:00,api
openalex,Universidad Adolfo Ibanez,2022,2018-2022,publicaciones_openalex_article,2370,trabajos,Trabajos de tipo «article»,"https://api.openalex.org/works?filter=institutions.id:I21067949,publication_year:2018-2022",2026-09-25T22:38:18+00:00,api
openalex,Universidad Adolfo Ibanez,2022,2018-2022,publicaciones_openalex_book,8,trabajos,Trabajos de tipo «book»,"https://api.openalex.org/works?filter=institutions.id:I21067949,publication_year:2018-2022",2026-09-25T22:38:18+00:00,api
openalex,Universidad Adolfo Ibanez,2022,2018-2022,publicaciones_openalex_book-chapter,118,trabajos,Trabajos de tipo «book-chapter»,"https://api.openalex.org/works?filter=institutions.id:I21067949,publication_year:2018-2022",2026-09-25T22:38:18+00:00,api
openalex,Universidad Adolfo Ibanez,2022,2018-2022,publicaciones_openalex_book-review,23,trabajos,Trabajos de tipo «book-review»,"https://api.openalex.org/works?filter=institutions.id:I21067949,publication_year:2018-2022",2026-09-25T22:38:18+00:00,api
openalex,Universidad Adolfo Ibanez,2022,2018-2022,publicaciones_openalex_conference-abstract,22,trabajos,Trabajos de tipo «conference-abstract»,"https://api.openalex.org/works?filter=institutions.id:I21067949,publication_year:2018-2022",2026-09-25T22:38:18+00:00,api
openalex,Universidad Adolfo Ibanez,2022,2018-2022,publicaciones_openalex_conference-paper,89,trabajos,Trabajos de tipo «conference-paper»,"https://api.openalex.org/works?filter=institutions.id:I21067949,publication_year:2018-2022",2026-09-25T22:38:18+00:00,api
openalex,Universidad Adolfo Ibanez,2022,2018-2022,publicaciones_openalex_data-paper,1,trabajos,Trabajos de tipo «data-paper»,"https://api.openalex.org/works?filter=institutions.id:I21067949,publication_year:2018-2022",2026-09-25T22:38:18+00:00,api
openalex,Universidad Adolfo Ibanez,2022,2018-2022,publicaciones_openalex_dataset,82,trabajos,Trabajos de tipo «dataset»,"https://api.openalex.org/works?filter=institutions.id:I21067949,publication_year:2018-2022",2026-09-25T22:38:18+00:00,api
openalex,Universidad Adolfo Ibanez,2022,2018-2022,publicaciones_openalex_dissertation,2,trabajos,Trabajos de tipo «dissertation»,"https://api.openalex.org/works?filter=institutions.id:I21067949,publication_year:2018-2022",2026-09-25T22:38:18+00:00,api
openalex,Universidad Adolfo Ibanez,2022,2018-2022,publicaciones_openalex_editorial,21,trabajos,Trabajos de tipo «editorial»,"https://api.openalex.org/works?filter=institutions.id:I21067949,publication_year:2018-2022",2026-09-25T22:38:18+00:00,api
openalex,Universidad Adolfo Ibanez,2022,2018-2022,publicaciones_openalex_erratum,13,trabajos,Trabajos de tipo «erratum»,"https://api.openalex.org/works?filter=institutions.id:I21067949,publication_year:2018-2022",2026-09-25T22:38:18+00:00,api
openalex,Universidad Adolfo Ibanez,2022,2018-2022,publicaciones_openalex_letter,4,trabajos,Trabajos de tipo «letter»,"https://api.openalex.org/works?filter=institutions.id:I21067949,publication_year:2018-2022",2026-09-25T22:38:18+00:00,api
openalex,Universidad Adolfo Ibanez,2022,2018-2022,publicaciones_openalex_other,3,trabajos,Trabajos de tipo «other»,"https://api.openalex.org/works?filter=institutions.id:I21067949,publication_year:2018-2022",2026-09-25T22:38:18+00:00,api
openalex,Universidad Adolfo Ibanez,2022,2018-2022,publicaciones_openalex_paratext,4,trabajos,Trabajos de tipo «paratext»,"https://api.openalex.org/works?filter=institutions.id:I21067949,publication_year:2018-2022",2026-09-25T22:38:18+00:00,api
openalex,Universidad Adolfo Ibanez,2022,2018-2022,publicaciones_openalex_peer-review,7,trabajos,Trabajos de tipo «peer-review»,"https://api.openalex.org/works?filter=institutions.id:I21067949,publication_year:2018-2022",2026-09-25T22:38:18+00:00,api
openalex,Universidad Adolfo Ibanez,2022,2018-2022,publicaciones_openalex_preprint,196,trabajos,Trabajos de tipo «preprint»,"https://api.openalex.org/works?filter=institutions.id:I21067949,publication_year:2018-2022",2026-09-25T22:38:18+00:00,api
openalex,Universidad Adolfo Ibanez,2022,2018-2022,publicaciones_openalex_reference-entry,13,trabajos,Trabajos de tipo «reference-entry»,"https://api.openalex.org/works?filter=institutions.id:I21067949,publication_year:2018-2022",2026-09-25T22:38:18+00:00,api
openalex,Universidad Adolfo Ibanez,2022,2018-2022,publicaciones_openalex_report,7,trabajos,Trabajos de tipo «report»,"https://api.openalex.org/works?filter=institutions.id:I21067949,publication_year:2018-2022",2026-09-25T22:38:18+00:00,api
openalex,Universidad Adolfo Ibanez,2022,2018-2022,publicaciones_openalex_review,9,trabajos,Trabajos de tipo «review»,"https://api.openalex.org/works?filter=institutions.id:I21067949,publication_year:2018-2022",2026-09-25T22:38:18+00:00,api
openalex,Universidad Adolfo Ibanez,2022,2018-2022,citas_openalex,46899,citas,Citas recibidas por los trabajos de la ventana (histograma sobre 2985 de 2992),"https://api.openalex.org/works?filter=institutions.id:I21067949,publication_year:2018-2022",2026-09-25T22:38:18+00:00,api
openalex,Universidad Adolfo Ibanez,2022,2018-2022,citas_por_documento_openalex,15.712,citas por documento,"Citas por trabajo, sobre los trabajos del histograma","https://api.openalex.org/works?filter=institutions.id:I21067949,publication_year:2018-2022",2026-09-25T22:38:18+00:00,api
openalex,Universidad Adolfo Ibanez,2022,2018-2022,pct_colaboracion_internacional,51.64,%,Trabajos con coautor de una institución de otro país,"https://api.openalex.org/works?filter=institutions.id:I21067949,publication_year:2018-2022",2026-09-25T22:38:18+00:00,api
openalex,Universidad Adolfo Ibanez,2023,2019-2023,publicaciones_openalex,3427,trabajos,Trabajos con al menos un autor de la institución,"https://api.openalex.org/works?filter=institutions.id:I21067949,publication_year:2019-2023",2026-09-25T22:38:18+00:00,api
openalex,Universidad Adolfo Ibanez,2023,2019-2023,publicaciones_openalex_article,2637,trabajos,Trabajos de tipo «article»,"https://api.openalex.org/works?filter=institutions.id:I21067949,publication_year:2019-2023",2026-09-25T22:38:18+00:00,api
openalex,Universidad Adolfo Ibanez,2023,2019-2023,publicaciones_openalex_book,10,trabajos,Trabajos de tipo «book»,"https://api.openalex.org/works?filter=institutions.id:I21067949,publication_year:2019-2023",2026-09-25T22:38:18+00:00,api
openalex,Universidad Adolfo Ibanez,2023,2019-2023,publicaciones_openalex_book-chapter,149,trabajos,Trabajos de tipo «book-chapter»,"https://api.openalex.org/works?filter=institutions.id:I21067949,publication_year:2019-2023",2026-09-25T22:38:18+00:00,api
openalex,Universidad Adolfo Ibanez,2023,2019-2023,publicaciones_openalex_book-review,27,trabajos,Trabajos de tipo «book-review»,"https://api.openalex.org/works?filter=institutions.id:I21067949,publication_year:2019-2023",2026-09-25T22:38:18+00:00,api
openalex,Universidad Adolfo Ibanez,2023,2019-2023,publicaciones_openalex_conference-abstract,23,trabajos,Trabajos de tipo «conference-abstract»,"https://api.openalex.org/works?filter=institutions.id:I21067949,publication_year:2019-2023",2026-09-25T22:38:18+00:00,api
openalex,Universidad Adolfo Ibanez,2023,2019-2023,publicaciones_openalex_conference-paper,100,trabajos,Trabajos de tipo «conference-paper»,"https://api.openalex.org/works?filter=institutions.id:I21067949,publication_year:2019-2023",2026-09-25T22:38:18+00:00,api
openalex,Universidad Adolfo Ibanez,2023,2019-2023,publicaciones_openalex_data-paper,4,trabajos,Trabajos de tipo «data-paper»,"https://api.openalex.org/works?filter=institutions.id:I21067949,publication_year:2019-2023",2026-09-25T22:38:18+00:00,api
openalex,Universidad Adolfo Ibanez,2023,2019-2023,publicaciones_openalex_dataset,116,trabajos,Trabajos de tipo «dataset»,"https://api.openalex.org/works?filter=institutions.id:I21067949,publication_year:2019-2023",2026-09-25T22:38:18+00:00,api
openalex,Universidad Adolfo Ibanez,2023,2019-2023,publicaciones_openalex_editorial,20,trabajos,Trabajos de tipo «editorial»,"https://api.openalex.org/works?filter=institutions.id:I21067949,publication_year:2019-2023",2026-09-25T22:38:18+00:00,api
openalex,Universidad Adolfo Ibanez,2023,2019-2023,publicaciones_openalex_erratum,16,trabajos,Trabajos de tipo «erratum»,"https://api.openalex.org/works?filter=institutions.id:I21067949,publication_year:2019-2023",2026-09-25T22:38:18+00:00,api
openalex,Universidad Adolfo Ibanez,2023,2019-2023,publicaciones_openalex_letter,4,trabajos,Trabajos de tipo «letter»,"https://api.openalex.org/works?filter=institutions.id:I21067949,publication_year:2019-2023",2026-09-25T22:38:18+00:00,api
openalex,Universidad Adolfo Ibanez,2023,2019-2023,publicaciones_openalex_other,4,trabajos,Trabajos de tipo «other»,"https://api.openalex.org/works?filter=institutions.id:I21067949,publication_year:2019-2023",2026-09-25T22:38:18+00:00,api
openalex,Universidad Adolfo Ibanez,2023,2019-2023,publicaciones_openalex_paratext,5,trabajos,Trabajos de tipo «paratext»,"https://api.openalex.org/works?filter=institutions.id:I21067949,publication_year:2019-2023",2026-09-25T22:38:18+00:00,api
openalex,Universidad Adolfo Ibanez,2023,2019-2023,publicaciones_openalex_peer-review,18,trabajos,Trabajos de tipo «peer-review»,"https://api.openalex.org/works?filter=institutions.id:I21067949,publication_year:2019-2023",2026-09-25T22:38:18+00:00,api
openalex,Universidad Adolfo Ibanez,2023,2019-2023,publicaciones_openalex_preprint,262,trabajos,Trabajos de tipo «preprint»,"https://api.openalex.org/works?filter=institutions.id:I21067949,publication_year:2019-2023",2026-09-25T22:38:18+00:00,api
openalex,Universidad Adolfo Ibanez,2023,2019-2023,publicaciones_openalex_reference-entry,14,trabajos,Trabajos de tipo «reference-entry»,"https://api.openalex.org/works?filter=institutions.id:I21067949,publication_year:2019-2023",2026-09-25T22:38:18+00:00,api
openalex,Universidad Adolfo Ibanez,2023,2019-2023,publicaciones_openalex_report,5,trabajos,Trabajos de tipo «report»,"https://api.openalex.org/works?filter=institutions.id:I21067949,publication_year:2019-2023",2026-09-25T22:38:18+00:00,api
openalex,Universidad Adolfo Ibanez,2023,2019-2023,publicaciones_openalex_review,13,trabajos,Trabajos de tipo «review»,"https://api.openalex.org/works?filter=institutions.id:I21067949,publication_year:2019-2023",2026-09-25T22:38:18+00:00,api
openalex,Universidad Adolfo Ibanez,2023,2019-2023,citas_openalex,48292,citas,Citas recibidas por los trabajos de la ventana (histograma sobre 3421 de 3427),"https://api.openalex.org/works?filter=institutions.id:I21067949,publication_year:2019-2023",2026-09-25T22:38:18+00:00,api
openalex,Universidad Adolfo Ibanez,2023,2019-2023,citas_por_documento_openalex,14.116,citas por documento,"Citas por trabajo, sobre los trabajos del histograma","https://api.openalex.org/works?filter=institutions.id:I21067949,publication_year:2019-2023",2026-09-25T22:38:18+00:00,api
openalex,Universidad Adolfo Ibanez,2023,2019-2023,pct_colaboracion_internacional,55.5,%,Trabajos con coautor de una institución de otro país,"https://api.openalex.org/works?filter=institutions.id:I21067949,publication_year:2019-2023",2026-09-25T22:38:18+00:00,api
openalex,Universidad Adolfo Ibanez,2024,2020-2024,publicaciones_openalex,3736,trabajos,Trabajos con al menos un autor de la institución,"https://api.openalex.org/works?filter=institutions.id:I21067949,publication_year:2020-2024",2026-09-25T22:38:18+00:00,api
openalex,Universidad Adolfo Ibanez,2024,2020-2024,publicaciones_openalex_article,2839,trabajos,Trabajos de tipo «article»,"https://api.openalex.org/works?filter=institutions.id:I21067949,publication_year:2020-2024",2026-09-25T22:38:18+00:00,api
openalex,Universidad Adolfo Ibanez,2024,2020-2024,publicaciones_openalex_book,10,trabajos,Trabajos de tipo «book»,"https://api.openalex.org/works?filter=institutions.id:I21067949,publication_year:2020-2024",2026-09-25T22:38:18+00:00,api
openalex,Universidad Adolfo Ibanez,2024,2020-2024,publicaciones_openalex_book-chapter,153,trabajos,Trabajos de tipo «book-chapter»,"https://api.openalex.org/works?filter=institutions.id:I21067949,publication_year:2020-2024",2026-09-25T22:38:18+00:00,api
openalex,Universidad Adolfo Ibanez,2024,2020-2024,publicaciones_openalex_book-review,34,trabajos,Trabajos de tipo «book-review»,"https://api.openalex.org/works?filter=institutions.id:I21067949,publication_year:2020-2024",2026-09-25T22:38:18+00:00,api
openalex,Universidad Adolfo Ibanez,2024,2020-2024,publicaciones_openalex_conference-abstract,30,trabajos,Trabajos de tipo «conference-abstract»,"https://api.openalex.org/works?filter=institutions.id:I21067949,publication_year:2020-2024",2026-09-25T22:38:18+00:00,api
openalex,Universidad Adolfo Ibanez,2024,2020-2024,publicaciones_openalex_conference-paper,135,trabajos,Trabajos de tipo «conference-paper»,"https://api.openalex.org/works?filter=institutions.id:I21067949,publication_year:2020-2024",2026-09-25T22:38:18+00:00,api
openalex,Universidad Adolfo Ibanez,2024,2020-2024,publicaciones_openalex_data-paper,5,trabajos,Trabajos de tipo «data-paper»,"https://api.openalex.org/works?filter=institutions.id:I21067949,publication_year:2020-2024",2026-09-25T22:38:18+00:00,api
openalex,Universidad Adolfo Ibanez,2024,2020-2024,publicaciones_openalex_dataset,107,trabajos,Trabajos de tipo «dataset»,"https://api.openalex.org/works?filter=institutions.id:I21067949,publication_year:2020-2024",2026-09-25T22:38:18+00:00,api
openalex,Universidad Adolfo Ibanez,2024,2020-2024,publicaciones_openalex_editorial,19,trabajos,Trabajos de tipo «editorial»,"https://api.openalex.org/works?filter=institutions.id:I21067949,publication_year:2020-2024",2026-09-25T22:38:18+00:00,api
openalex,Universidad Adolfo Ibanez,2024,2020-2024,publicaciones_openalex_erratum,21,trabajos,Trabajos de tipo «erratum»,"https://api.openalex.org/works?filter=institutions.id:I21067949,publication_year:2020-2024",2026-09-25T22:38:18+00:00,api
openalex,Universidad Adolfo Ibanez,2024,2020-2024,publicaciones_openalex_letter,3,trabajos,Trabajos de tipo «letter»,"https://api.openalex.org/works?filter=institutions.id:I21067949,publication_year:2020-2024",2026-09-25T22:38:18+00:00,api
openalex,Universidad Adolfo Ibanez,2024,2020-2024,publicaciones_openalex_other,3,trabajos,Trabajos de tipo «other»,"https://api.openalex.org/works?filter=institutions.id:I21067949,publication_year:2020-2024",2026-09-25T22:38:18+00:00,api
openalex,Universidad Adolfo Ibanez,2024,2020-2024,publicaciones_openalex_paratext,6,trabajos,Trabajos de tipo «paratext»,"https://api.openalex.org/works?filter=institutions.id:I21067949,publication_year:2020-2024",2026-09-25T22:38:18+00:00,api
openalex,Universidad Adolfo Ibanez,2024,2020-2024,publicaciones_openalex_peer-review,22,trabajos,Trabajos de tipo «peer-review»,"https://api.openalex.org/works?filter=institutions.id:I21067949,publication_year:2020-2024",2026-09-25T22:38:18+00:00,api
openalex,Universidad Adolfo Ibanez,2024,2020-2024,publicaciones_openalex_preprint,306,trabajos,Trabajos de tipo «preprint»,"https://api.openalex.org/works?filter=institutions.id:I21067949,publication_year:2020-2024",2026-09-25T22:38:18+00:00,api
openalex,Universidad Adolfo Ibanez,2024,2020-2024,publicaciones_openalex_reference-entry,14,trabajos,Trabajos de tipo «reference-entry»,"https://api.openalex.org/works?filter=institutions.id:I21067949,publication_year:2020-2024",2026-09-25T22:38:18+00:00,api
openalex,Universidad Adolfo Ibanez,2024,2020-2024,publicaciones_openalex_report,6,trabajos,Trabajos de tipo «report»,"https://api.openalex.org/works?filter=institutions.id:I21067949,publication_year:2020-2024",2026-09-25T22:38:18+00:00,api
openalex,Universidad Adolfo Ibanez,2024,2020-2024,publicaciones_openalex_review,18,trabajos,Trabajos de tipo «review»,"https://api.openalex.org/works?filter=institutions.id:I21067949,publication_year:2020-2024",2026-09-25T22:38:18+00:00,api
openalex,Universidad Adolfo Ibanez,2024,2020-2024,publicaciones_openalex_software,2,trabajos,Trabajos de tipo «software»,"https://api.openalex.org/works?filter=institutions.id:I21067949,publication_year:2020-2024",2026-09-25T22:38:18+00:00,api
openalex,Universidad Adolfo Ibanez,2024,2020-2024,publicaciones_openalex_software-paper,3,trabajos,Trabajos de tipo «software-paper»,"https://api.openalex.org/works?filter=institutions.id:I21067949,publication_year:2020-2024",2026-09-25T22:38:18+00:00,api
openalex,Universidad Adolfo Ibanez,2024,2020-2024,citas_openalex,46486,citas,Citas recibidas por los trabajos de la ventana (histograma sobre 3732 de 3736),"https://api.openalex.org/works?filter=institutions.id:I21067949,publication_year:2020-2024",2026-09-25T22:38:18+00:00,api
openalex,Universidad Adolfo Ibanez,2024,2020-2024,citas_por_documento_openalex,12.456,citas por documento,"Citas por trabajo, sobre los trabajos del histograma","https://api.openalex.org/works?filter=institutions.id:I21067949,publication_year:2020-2024",2026-09-25T22:38:18+00:00,api
openalex,Universidad Adolfo Ibanez,2024,2020-2024,pct_colaboracion_internacional,58.14,%,Trabajos con coautor de una institución de otro país,"https://api.openalex.org/works?filter=institutions.id:I21067949,publication_year:2020-2024",2026-09-25T22:38:18+00:00,api
openalex,Universidad Adolfo Ibanez,2024,2020-2024,socios_recurrentes,199,instituciones,Instituciones con 3 o más trabajos conjuntos,https://api.openalex.org/works,2026-09-25T22:38:18+00:00,api
openalex,Universidad Adolfo Ibanez,2024,2020-2024,socios_recurrentes_paises,199,países,Países distintos entre los socios recurrentes,https://api.openalex.org/works,2026-09-25T22:38:18+00:00,api
openalex,Universidad Adventista de Chile,2022,2018-2022,publicaciones_openalex,420,trabajos,Trabajos con al menos un autor de la institución,"https://api.openalex.org/works?filter=institutions.id:I4210130116,publication_year:2018-2022",2026-09-25T22:38:18+00:00,api
openalex,Universidad Adventista de Chile,2022,2018-2022,publicaciones_openalex_article,394,trabajos,Trabajos de tipo «article»,"https://api.openalex.org/works?filter=institutions.id:I4210130116,publication_year:2018-2022",2026-09-25T22:38:18+00:00,api
openalex,Universidad Adventista de Chile,2022,2018-2022,publicaciones_openalex_book,1,trabajos,Trabajos de tipo «book»,"https://api.openalex.org/works?filter=institutions.id:I4210130116,publication_year:2018-2022",2026-09-25T22:38:18+00:00,api
openalex,Universidad Adventista de Chile,2022,2018-2022,publicaciones_openalex_book-chapter,1,trabajos,Trabajos de tipo «book-chapter»,"https://api.openalex.org/works?filter=institutions.id:I4210130116,publication_year:2018-2022",2026-09-25T22:38:18+00:00,api
openalex,Universidad Adventista de Chile,2022,2018-2022,publicaciones_openalex_conference-abstract,1,trabajos,Trabajos de tipo «conference-abstract»,"https://api.openalex.org/works?filter=institutions.id:I4210130116,publication_year:2018-2022",2026-09-25T22:38:18+00:00,api
openalex,Universidad Adventista de Chile,2022,2018-2022,publicaciones_openalex_conference-paper,2,trabajos,Trabajos de tipo «conference-paper»,"https://api.openalex.org/works?filter=institutions.id:I4210130116,publication_year:2018-2022",2026-09-25T22:38:18+00:00,api
openalex,Universidad Adventista de Chile,2022,2018-2022,publicaciones_openalex_dataset,4,trabajos,Trabajos de tipo «dataset»,"https://api.openalex.org/works?filter=institutions.id:I4210130116,publication_year:2018-2022",2026-09-25T22:38:18+00:00,api
openalex,Universidad Adventista de Chile,2022,2018-2022,publicaciones_openalex_erratum,1,trabajos,Trabajos de tipo «erratum»,"https://api.openalex.org/works?filter=institutions.id:I4210130116,publication_year:2018-2022",2026-09-25T22:38:18+00:00,api
openalex,Universidad Adventista de Chile,2022,2018-2022,publicaciones_openalex_other,2,trabajos,Trabajos de tipo «other»,"https://api.openalex.org/works?filter=institutions.id:I4210130116,publication_year:2018-2022",2026-09-25T22:38:18+00:00,api
openalex,Universidad Adventista de Chile,2022,2018-2022,publicaciones_openalex_preprint,2,trabajos,Trabajos de tipo «preprint»,"https://api.openalex.org/works?filter=institutions.id:I4210130116,publication_year:2018-2022",2026-09-25T22:38:18+00:00,api
openalex,Universidad Adventista de Chile,2022,2018-2022,publicaciones_openalex_report,3,trabajos,Trabajos de tipo «report»,"https://api.openalex.org/works?filter=institutions.id:I4210130116,publication_year:2018-2022",2026-09-25T22:38:18+00:00,api
openalex,Universidad Adventista de Chile,2022,2018-2022,publicaciones_openalex_review,9,trabajos,Trabajos de tipo «review»,"https://api.openalex.org/works?filter=institutions.id:I4210130116,publication_year:2018-2022",2026-09-25T22:38:18+00:00,api
openalex,Universidad Adventista de Chile,2022,2018-2022,citas_openalex,3666,citas,Citas recibidas por los trabajos de la ventana (histograma sobre 418 de 420),"https://api.openalex.org/works?filter=institutions.id:I4210130116,publication_year:2018-2022",2026-09-25T22:38:18+00:00,api
openalex,Universidad Adventista de Chile,2022,2018-2022,citas_por_documento_openalex,8.77,citas por documento,"Citas por trabajo, sobre los trabajos del histograma","https://api.openalex.org/works?filter=institutions.id:I4210130116,publication_year:2018-2022",2026-09-25T22:38:18+00:00,api
openalex,Universidad Adventista de Chile,2022,2018-2022,pct_colaboracion_internacional,42.62,%,Trabajos con coautor de una institución de otro país,"https://api.openalex.org/works?filter=institutions.id:I4210130116,publication_year:2018-2022",2026-09-25T22:38:18+00:00,api
openalex,Universidad Adventista de Chile,2023,2019-2023,publicaciones_openalex,503,trabajos,Trabajos con al menos un autor de la institución,"https://api.openalex.org/works?filter=institutions.id:I4210130116,publication_year:2019-2023",2026-09-25T22:38:18+00:00,api
openalex,Universidad Adventista de Chile,2023,2019-2023,publicaciones_openalex_article,462,trabajos,Trabajos de tipo «article»,"https://api.openalex.org/works?filter=institutions.id:I4210130116,publication_year:2019-2023",2026-09-25T22:38:18+00:00,api
openalex,Universidad Adventista de Chile,2023,2019-2023,publicaciones_openalex_book,1,trabajos,Trabajos de tipo «book»,"https://api.openalex.org/works?filter=institutions.id:I4210130116,publication_year:2019-2023",2026-09-25T22:38:18+00:00,api
openalex,Universidad Adventista de Chile,2023,2019-2023,publicaciones_openalex_book-chapter,2,trabajos,Trabajos de tipo «book-chapter»,"https://api.openalex.org/works?filter=institutions.id:I4210130116,publication_year:2019-2023",2026-09-25T22:38:18+00:00,api
openalex,Universidad Adventista de Chile,2023,2019-2023,publicaciones_openalex_book-review,3,trabajos,Trabajos de tipo «book-review»,"https://api.openalex.org/works?filter=institutions.id:I4210130116,publication_year:2019-2023",2026-09-25T22:38:18+00:00,api
openalex,Universidad Adventista de Chile,2023,2019-2023,publicaciones_openalex_conference-abstract,1,trabajos,Trabajos de tipo «conference-abstract»,"https://api.openalex.org/works?filter=institutions.id:I4210130116,publication_year:2019-2023",2026-09-25T22:38:18+00:00,api
openalex,Universidad Adventista de Chile,2023,2019-2023,publicaciones_openalex_conference-paper,2,trabajos,Trabajos de tipo «conference-paper»,"https://api.openalex.org/works?filter=institutions.id:I4210130116,publication_year:2019-2023",2026-09-25T22:38:18+00:00,api
openalex,Universidad Adventista de Chile,2023,2019-2023,publicaciones_openalex_dataset,4,trabajos,Trabajos de tipo «dataset»,"https://api.openalex.org/works?filter=institutions.id:I4210130116,publication_year:2019-2023",2026-09-25T22:38:18+00:00,api
openalex,Universidad Adventista de Chile,2023,2019-2023,publicaciones_openalex_editorial,2,trabajos,Trabajos de tipo «editorial»,"https://api.openalex.org/works?filter=institutions.id:I4210130116,publication_year:2019-2023",2026-09-25T22:38:18+00:00,api
openalex,Universidad Adventista de Chile,2023,2019-2023,publicaciones_openalex_erratum,1,trabajos,Trabajos de tipo «erratum»,"https://api.openalex.org/works?filter=institutions.id:I4210130116,publication_year:2019-2023",2026-09-25T22:38:18+00:00,api
openalex,Universidad Adventista de Chile,2023,2019-2023,publicaciones_openalex_other,2,trabajos,Trabajos de tipo «other»,"https://api.openalex.org/works?filter=institutions.id:I4210130116,publication_year:2019-2023",2026-09-25T22:38:18+00:00,api
openalex,Universidad Adventista de Chile,2023,2019-2023,publicaciones_openalex_paratext,1,trabajos,Trabajos de tipo «paratext»,"https://api.openalex.org/works?filter=institutions.id:I4210130116,publication_year:2019-2023",2026-09-25T22:38:18+00:00,api
openalex,Universidad Adventista de Chile,2023,2019-2023,publicaciones_openalex_preprint,3,trabajos,Trabajos de tipo «preprint»,"https://api.openalex.org/works?filter=institutions.id:I4210130116,publication_year:2019-2023",2026-09-25T22:38:18+00:00,api
openalex,Universidad Adventista de Chile,2023,2019-2023,publicaciones_openalex_report,4,trabajos,Trabajos de tipo «report»,"https://api.openalex.org/works?filter=institutions.id:I4210130116,publication_year:2019-2023",2026-09-25T22:38:18+00:00,api
openalex,Universidad Adventista de Chile,2023,2019-2023,publicaciones_openalex_review,15,trabajos,Trabajos de tipo «review»,"https://api.openalex.org/works?filter=institutions.id:I4210130116,publication_year:2019-2023",2026-09-25T22:38:18+00:00,api
openalex,Universidad Adventista de Chile,2023,2019-2023,citas_openalex,3948,citas,Citas recibidas por los trabajos de la ventana (histograma sobre 502 de 503),"https://api.openalex.org/works?filter=institutions.id:I4210130116,publication_year:2019-2023",2026-09-25T22:38:18+00:00,api
openalex,Universidad Adventista de Chile,2023,2019-2023,citas_por_documento_openalex,7.865,citas por documento,"Citas por trabajo, sobre los trabajos del histograma","https://api.openalex.org/works?filter=institutions.id:I4210130116,publication_year:2019-2023",2026-09-25T22:38:18+00:00,api
openalex,Universidad Adventista de Chile,2023,2019-2023,pct_colaboracion_internacional,43.94,%,Trabajos con coautor de una institución de otro país,"https://api.openalex.org/works?filter=institutions.id:I4210130116,publication_year:2019-2023",2026-09-25T22:38:18+00:00,api
openalex,Universidad Adventista de Chile,2024,2020-2024,publicaciones_openalex,602,trabajos,Trabajos con al menos un autor de la institución,"https://api.openalex.org/works?filter=institutions.id:I4210130116,publication_year:2020-2024",2026-09-25T22:38:18+00:00,api
openalex,Universidad Adventista de Chile,2024,2020-2024,publicaciones_openalex_article,545,trabajos,Trabajos de tipo «article»,"https://api.openalex.org/works?filter=institutions.id:I4210130116,publication_year:2020-2024",2026-09-25T22:38:18+00:00,api
openalex,Universidad Adventista de Chile,2024,2020-2024,publicaciones_openalex_book,1,trabajos,Trabajos de tipo «book»,"https://api.openalex.org/works?filter=institutions.id:I4210130116,publication_year:2020-2024",2026-09-25T22:38:18+00:00,api
openalex,Universidad Adventista de Chile,2024,2020-2024,publicaciones_openalex_book-chapter,3,trabajos,Trabajos de tipo «book-chapter»,"https://api.openalex.org/works?filter=institutions.id:I4210130116,publication_year:2020-2024",2026-09-25T22:38:18+00:00,api
openalex,Universidad Adventista de Chile,2024,2020-2024,publicaciones_openalex_book-review,3,trabajos,Trabajos de tipo «book-review»,"https://api.openalex.org/works?filter=institutions.id:I4210130116,publication_year:2020-2024",2026-09-25T22:38:18+00:00,api
openalex,Universidad Adventista de Chile,2024,2020-2024,publicaciones_openalex_conference-abstract,2,trabajos,Trabajos de tipo «conference-abstract»,"https://api.openalex.org/works?filter=institutions.id:I4210130116,publication_year:2020-2024",2026-09-25T22:38:18+00:00,api
openalex,Universidad Adventista de Chile,2024,2020-2024,publicaciones_openalex_conference-paper,2,trabajos,Trabajos de tipo «conference-paper»,"https://api.openalex.org/works?filter=institutions.id:I4210130116,publication_year:2020-2024",2026-09-25T22:38:18+00:00,api
openalex,Universidad Adventista de Chile,2024,2020-2024,publicaciones_openalex_dataset,4,trabajos,Trabajos de tipo «dataset»,"https://api.openalex.org/works?filter=institutions.id:I4210130116,publication_year:2020-2024",2026-09-25T22:38:18+00:00,api
openalex,Universidad Adventista de Chile,2024,2020-2024,publicaciones_openalex_editorial,6,trabajos,Trabajos de tipo «editorial»,"https://api.openalex.org/works?filter=institutions.id:I4210130116,publication_year:2020-2024",2026-09-25T22:38:18+00:00,api
openalex,Universidad Adventista de Chile,2024,2020-2024,publicaciones_openalex_erratum,1,trabajos,Trabajos de tipo «erratum»,"https://api.openalex.org/works?filter=institutions.id:I4210130116,publication_year:2020-2024",2026-09-25T22:38:18+00:00,api
openalex,Universidad Adventista de Chile,2024,2020-2024,publicaciones_openalex_paratext,2,trabajos,Trabajos de tipo «paratext»,"https://api.openalex.org/works?filter=institutions.id:I4210130116,publication_year:2020-2024",2026-09-25T22:38:18+00:00,api
openalex,Universidad Adventista de Chile,2024,2020-2024,publicaciones_openalex_preprint,4,trabajos,Trabajos de tipo «preprint»,"https://api.openalex.org/works?filter=institutions.id:I4210130116,publication_year:2020-2024",2026-09-25T22:38:18+00:00,api
openalex,Universidad Adventista de Chile,2024,2020-2024,publicaciones_openalex_report,3,trabajos,Trabajos de tipo «report»,"https://api.openalex.org/works?filter=institutions.id:I4210130116,publication_year:2020-2024",2026-09-25T22:38:18+00:00,api
openalex,Universidad Adventista de Chile,2024,2020-2024,publicaciones_openalex_review,26,trabajos,Trabajos de tipo «review»,"https://api.openalex.org/works?filter=institutions.id:I4210130116,publication_year:2020-2024",2026-09-25T22:38:18+00:00,api
openalex,Universidad Adventista de Chile,2024,2020-2024,citas_openalex,3483,citas,Citas recibidas por los trabajos de la ventana (histograma sobre 602 de 602),"https://api.openalex.org/works?filter=institutions.id:I4210130116,publication_year:2020-2024",2026-09-25T22:38:18+00:00,api
openalex,Universidad Adventista de Chile,2024,2020-2024,citas_por_documento_openalex,5.786,citas por documento,"Citas por trabajo, sobre los trabajos del histograma","https://api.openalex.org/works?filter=institutions.id:I4210130116,publication_year:2020-2024",2026-09-25T22:38:18+00:00,api
openalex,Universidad Adventista de Chile,2024,2020-2024,pct_colaboracion_internacional,43.85,%,Trabajos con coautor de una institución de otro país,"https://api.openalex.org/works?filter=institutions.id:I4210130116,publication_year:2020-2024",2026-09-25T22:38:18+00:00,api
openalex,Universidad Adventista de Chile,2024,2020-2024,socios_recurrentes,122,instituciones,Instituciones con 3 o más trabajos conjuntos,https://api.openalex.org/works,2026-09-25T22:38:18+00:00,api
openalex,Universidad Adventista de Chile,2024,2020-2024,socios_recurrentes_paises,119,países,Países distintos entre los socios recurrentes,https://api.openalex.org/works,2026-09-25T22:38:18+00:00,api
openalex,Universidad Alberto Hurtado,2022,2018-2022,publicaciones_openalex,2050,trabajos,Trabajos con al menos un autor de la institución,"https://api.openalex.org/works?filter=institutions.id:I3129804457,publication_year:2018-2022",2026-09-25T22:38:18+00:00,api
openalex,Universidad Alberto Hurtado,2022,2018-2022,publicaciones_openalex_article,1833,trabajos,Trabajos de tipo «article»,"https://api.openalex.org/works?filter=institutions.id:I3129804457,publication_year:2018-2022",2026-09-25T22:38:18+00:00,api
openalex,Universidad Alberto Hurtado,2022,2018-2022,publicaciones_openalex_book,7,trabajos,Trabajos de tipo «book»,"https://api.openalex.org/works?filter=institutions.id:I3129804457,publication_year:2018-2022",2026-09-25T22:38:18+00:00,api
openalex,Universidad Alberto Hurtado,2022,2018-2022,publicaciones_openalex_book-chapter,96,trabajos,Trabajos de tipo «book-chapter»,"https://api.openalex.org/works?filter=institutions.id:I3129804457,publication_year:2018-2022",2026-09-25T22:38:18+00:00,api
openalex,Universidad Alberto Hurtado,2022,2018-2022,publicaciones_openalex_book-review,28,trabajos,Trabajos de tipo «book-review»,"https://api.openalex.org/works?filter=institutions.id:I3129804457,publication_year:2018-2022",2026-09-25T22:38:18+00:00,api
openalex,Universidad Alberto Hurtado,2022,2018-2022,publicaciones_openalex_conference-abstract,2,trabajos,Trabajos de tipo «conference-abstract»,"https://api.openalex.org/works?filter=institutions.id:I3129804457,publication_year:2018-2022",2026-09-25T22:38:18+00:00,api
openalex,Universidad Alberto Hurtado,2022,2018-2022,publicaciones_openalex_conference-paper,11,trabajos,Trabajos de tipo «conference-paper»,"https://api.openalex.org/works?filter=institutions.id:I3129804457,publication_year:2018-2022",2026-09-25T22:38:18+00:00,api
openalex,Universidad Alberto Hurtado,2022,2018-2022,publicaciones_openalex_dataset,3,trabajos,Trabajos de tipo «dataset»,"https://api.openalex.org/works?filter=institutions.id:I3129804457,publication_year:2018-2022",2026-09-25T22:38:18+00:00,api
openalex,Universidad Alberto Hurtado,2022,2018-2022,publicaciones_openalex_editorial,7,trabajos,Trabajos de tipo «editorial»,"https://api.openalex.org/works?filter=institutions.id:I3129804457,publication_year:2018-2022",2026-09-25T22:38:18+00:00,api
openalex,Universidad Alberto Hurtado,2022,2018-2022,publicaciones_openalex_erratum,2,trabajos,Trabajos de tipo «erratum»,"https://api.openalex.org/works?filter=institutions.id:I3129804457,publication_year:2018-2022",2026-09-25T22:38:18+00:00,api
openalex,Universidad Alberto Hurtado,2022,2018-2022,publicaciones_openalex_letter,1,trabajos,Trabajos de tipo «letter»,"https://api.openalex.org/works?filter=institutions.id:I3129804457,publication_year:2018-2022",2026-09-25T22:38:18+00:00,api
openalex,Universidad Alberto Hurtado,2022,2018-2022,publicaciones_openalex_other,1,trabajos,Trabajos de tipo «other»,"https://api.openalex.org/works?filter=institutions.id:I3129804457,publication_year:2018-2022",2026-09-25T22:38:18+00:00,api
openalex,Universidad Alberto Hurtado,2022,2018-2022,publicaciones_openalex_preprint,28,trabajos,Trabajos de tipo «preprint»,"https://api.openalex.org/works?filter=institutions.id:I3129804457,publication_year:2018-2022",2026-09-25T22:38:18+00:00,api
openalex,Universidad Alberto Hurtado,2022,2018-2022,publicaciones_openalex_reference-entry,28,trabajos,Trabajos de tipo «reference-entry»,"https://api.openalex.org/works?filter=institutions.id:I3129804457,publication_year:2018-2022",2026-09-25T22:38:18+00:00,api
openalex,Universidad Alberto Hurtado,2022,2018-2022,publicaciones_openalex_report,2,trabajos,Trabajos de tipo «report»,"https://api.openalex.org/works?filter=institutions.id:I3129804457,publication_year:2018-2022",2026-09-25T22:38:18+00:00,api
openalex,Universidad Alberto Hurtado,2022,2018-2022,publicaciones_openalex_review,1,trabajos,Trabajos de tipo «review»,"https://api.openalex.org/works?filter=institutions.id:I3129804457,publication_year:2018-2022",2026-09-25T22:38:18+00:00,api
openalex,Universidad Alberto Hurtado,2022,2018-2022,citas_openalex,11139,citas,Citas recibidas por los trabajos de la ventana (histograma sobre 2040 de 2050),"https://api.openalex.org/works?filter=institutions.id:I3129804457,publication_year:2018-2022",2026-09-25T22:38:18+00:00,api
openalex,Universidad Alberto Hurtado,2022,2018-2022,citas_por_documento_openalex,5.46,citas por documento,"Citas por trabajo, sobre los trabajos del histograma","https://api.openalex.org/works?filter=institutions.id:I3129804457,publication_year:2018-2022",2026-09-25T22:38:18+00:00,api
openalex,Universidad Alberto Hurtado,2022,2018-2022,pct_colaboracion_internacional,23.76,%,Trabajos con coautor de una institución de otro país,"https://api.openalex.org/works?filter=institutions.id:I3129804457,publication_year:2018-2022",2026-09-25T22:38:18+00:00,api
openalex,Universidad Alberto Hurtado,2023,2019-2023,publicaciones_openalex,2201,trabajos,Trabajos con al menos un autor de la institución,"https://api.openalex.org/works?filter=institutions.id:I3129804457,publication_year:2019-2023",2026-09-25T22:38:18+00:00,api
openalex,Universidad Alberto Hurtado,2023,2019-2023,publicaciones_openalex_article,1963,trabajos,Trabajos de tipo «article»,"https://api.openalex.org/works?filter=institutions.id:I3129804457,publication_year:2019-2023",2026-09-25T22:38:18+00:00,api
openalex,Universidad Alberto Hurtado,2023,2019-2023,publicaciones_openalex_book,7,trabajos,Trabajos de tipo «book»,"https://api.openalex.org/works?filter=institutions.id:I3129804457,publication_year:2019-2023",2026-09-25T22:38:18+00:00,api
openalex,Universidad Alberto Hurtado,2023,2019-2023,publicaciones_openalex_book-chapter,107,trabajos,Trabajos de tipo «book-chapter»,"https://api.openalex.org/works?filter=institutions.id:I3129804457,publication_year:2019-2023",2026-09-25T22:38:18+00:00,api
openalex,Universidad Alberto Hurtado,2023,2019-2023,publicaciones_openalex_book-review,27,trabajos,Trabajos de tipo «book-review»,"https://api.openalex.org/works?filter=institutions.id:I3129804457,publication_year:2019-2023",2026-09-25T22:38:18+00:00,api
openalex,Universidad Alberto Hurtado,2023,2019-2023,publicaciones_openalex_conference-abstract,2,trabajos,Trabajos de tipo «conference-abstract»,"https://api.openalex.org/works?filter=institutions.id:I3129804457,publication_year:2019-2023",2026-09-25T22:38:18+00:00,api
openalex,Universidad Alberto Hurtado,2023,2019-2023,publicaciones_openalex_conference-paper,12,trabajos,Trabajos de tipo «conference-paper»,"https://api.openalex.org/works?filter=institutions.id:I3129804457,publication_year:2019-2023",2026-09-25T22:38:18+00:00,api
openalex,Universidad Alberto Hurtado,2023,2019-2023,publicaciones_openalex_dataset,2,trabajos,Trabajos de tipo «dataset»,"https://api.openalex.org/works?filter=institutions.id:I3129804457,publication_year:2019-2023",2026-09-25T22:38:18+00:00,api
openalex,Universidad Alberto Hurtado,2023,2019-2023,publicaciones_openalex_editorial,12,trabajos,Trabajos de tipo «editorial»,"https://api.openalex.org/works?filter=institutions.id:I3129804457,publication_year:2019-2023",2026-09-25T22:38:18+00:00,api
openalex,Universidad Alberto Hurtado,2023,2019-2023,publicaciones_openalex_erratum,1,trabajos,Trabajos de tipo «erratum»,"https://api.openalex.org/works?filter=institutions.id:I3129804457,publication_year:2019-2023",2026-09-25T22:38:18+00:00,api
openalex,Universidad Alberto Hurtado,2023,2019-2023,publicaciones_openalex_other,2,trabajos,Trabajos de tipo «other»,"https://api.openalex.org/works?filter=institutions.id:I3129804457,publication_year:2019-2023",2026-09-25T22:38:18+00:00,api
openalex,Universidad Alberto Hurtado,2023,2019-2023,publicaciones_openalex_peer-review,1,trabajos,Trabajos de tipo «peer-review»,"https://api.openalex.org/works?filter=institutions.id:I3129804457,publication_year:2019-2023",2026-09-25T22:38:18+00:00,api
openalex,Universidad Alberto Hurtado,2023,2019-2023,publicaciones_openalex_preprint,33,trabajos,Trabajos de tipo «preprint»,"https://api.openalex.org/works?filter=institutions.id:I3129804457,publication_year:2019-2023",2026-09-25T22:38:18+00:00,api
openalex,Universidad Alberto Hurtado,2023,2019-2023,publicaciones_openalex_reference-entry,26,trabajos,Trabajos de tipo «reference-entry»,"https://api.openalex.org/works?filter=institutions.id:I3129804457,publication_year:2019-2023",2026-09-25T22:38:18+00:00,api
openalex,Universidad Alberto Hurtado,2023,2019-2023,publicaciones_openalex_report,3,trabajos,Trabajos de tipo «report»,"https://api.openalex.org/works?filter=institutions.id:I3129804457,publication_year:2019-2023",2026-09-25T22:38:18+00:00,api
openalex,Universidad Alberto Hurtado,2023,2019-2023,publicaciones_openalex_review,3,trabajos,Trabajos de tipo «review»,"https://api.openalex.org/works?filter=institutions.id:I3129804457,publication_year:2019-2023",2026-09-25T22:38:18+00:00,api
openalex,Universidad Alberto Hurtado,2023,2019-2023,citas_openalex,10652,citas,Citas recibidas por los trabajos de la ventana (histograma sobre 2194 de 2201),"https://api.openalex.org/works?filter=institutions.id:I3129804457,publication_year:2019-2023",2026-09-25T22:38:18+00:00,api
openalex,Universidad Alberto Hurtado,2023,2019-2023,citas_por_documento_openalex,4.855,citas por documento,"Citas por trabajo, sobre los trabajos del histograma","https://api.openalex.org/works?filter=institutions.id:I3129804457,publication_year:2019-2023",2026-09-25T22:38:18+00:00,api
openalex,Universidad Alberto Hurtado,2023,2019-2023,pct_colaboracion_internacional,25.58,%,Trabajos con coautor de una institución de otro país,"https://api.openalex.org/works?filter=institutions.id:I3129804457,publication_year:2019-2023",2026-09-25T22:38:18+00:00,api
openalex,Universidad Alberto Hurtado,2024,2020-2024,publicaciones_openalex,2263,trabajos,Trabajos con al menos un autor de la institución,"https://api.openalex.org/works?filter=institutions.id:I3129804457,publication_year:2020-2024",2026-09-25T22:38:18+00:00,api
openalex,Universidad Alberto Hurtado,2024,2020-2024,publicaciones_openalex_article,2018,trabajos,Trabajos de tipo «article»,"https://api.openalex.org/works?filter=institutions.id:I3129804457,publication_year:2020-2024",2026-09-25T22:38:18+00:00,api
openalex,Universidad Alberto Hurtado,2024,2020-2024,publicaciones_openalex_book,8,trabajos,Trabajos de tipo «book»,"https://api.openalex.org/works?filter=institutions.id:I3129804457,publication_year:2020-2024",2026-09-25T22:38:18+00:00,api
openalex,Universidad Alberto Hurtado,2024,2020-2024,publicaciones_openalex_book-chapter,101,trabajos,Trabajos de tipo «book-chapter»,"https://api.openalex.org/works?filter=institutions.id:I3129804457,publication_year:2020-2024",2026-09-25T22:38:18+00:00,api
openalex,Universidad Alberto Hurtado,2024,2020-2024,publicaciones_openalex_book-review,25,trabajos,Trabajos de tipo «book-review»,"https://api.openalex.org/works?filter=institutions.id:I3129804457,publication_year:2020-2024",2026-09-25T22:38:18+00:00,api
openalex,Universidad Alberto Hurtado,2024,2020-2024,publicaciones_openalex_conference-abstract,2,trabajos,Trabajos de tipo «conference-abstract»,"https://api.openalex.org/works?filter=institutions.id:I3129804457,publication_year:2020-2024",2026-09-25T22:38:18+00:00,api
openalex,Universidad Alberto Hurtado,2024,2020-2024,publicaciones_openalex_conference-paper,16,trabajos,Trabajos de tipo «conference-paper»,"https://api.openalex.org/works?filter=institutions.id:I3129804457,publication_year:2020-2024",2026-09-25T22:38:18+00:00,api
openalex,Universidad Alberto Hurtado,2024,2020-2024,publicaciones_openalex_dataset,2,trabajos,Trabajos de tipo «dataset»,"https://api.openalex.org/works?filter=institutions.id:I3129804457,publication_year:2020-2024",2026-09-25T22:38:18+00:00,api
openalex,Universidad Alberto Hurtado,2024,2020-2024,publicaciones_openalex_editorial,12,trabajos,Trabajos de tipo «editorial»,"https://api.openalex.org/works?filter=institutions.id:I3129804457,publication_year:2020-2024",2026-09-25T22:38:18+00:00,api
openalex,Universidad Alberto Hurtado,2024,2020-2024,publicaciones_openalex_erratum,1,trabajos,Trabajos de tipo «erratum»,"https://api.openalex.org/works?filter=institutions.id:I3129804457,publication_year:2020-2024",2026-09-25T22:38:18+00:00,api
openalex,Universidad Alberto Hurtado,2024,2020-2024,publicaciones_openalex_other,2,trabajos,Trabajos de tipo «other»,"https://api.openalex.org/works?filter=institutions.id:I3129804457,publication_year:2020-2024",2026-09-25T22:38:18+00:00,api
openalex,Universidad Alberto Hurtado,2024,2020-2024,publicaciones_openalex_peer-review,1,trabajos,Trabajos de tipo «peer-review»,"https://api.openalex.org/works?filter=institutions.id:I3129804457,publication_year:2020-2024",2026-09-25T22:38:18+00:00,api
openalex,Universidad Alberto Hurtado,2024,2020-2024,publicaciones_openalex_preprint,44,trabajos,Trabajos de tipo «preprint»,"https://api.openalex.org/works?filter=institutions.id:I3129804457,publication_year:2020-2024",2026-09-25T22:38:18+00:00,api
openalex,Universidad Alberto Hurtado,2024,2020-2024,publicaciones_openalex_reference-entry,24,trabajos,Trabajos de tipo «reference-entry»,"https://api.openalex.org/works?filter=institutions.id:I3129804457,publication_year:2020-2024",2026-09-25T22:38:18+00:00,api
openalex,Universidad Alberto Hurtado,2024,2020-2024,publicaciones_openalex_report,2,trabajos,Trabajos de tipo «report»,"https://api.openalex.org/works?filter=institutions.id:I3129804457,publication_year:2020-2024",2026-09-25T22:38:18+00:00,api
openalex,Universidad Alberto Hurtado,2024,2020-2024,publicaciones_openalex_review,5,trabajos,Trabajos de tipo «review»,"https://api.openalex.org/works?filter=institutions.id:I3129804457,publication_year:2020-2024",2026-09-25T22:38:18+00:00,api
openalex,Universidad Alberto Hurtado,2024,2020-2024,citas_openalex,9123,citas,Citas recibidas por los trabajos de la ventana (histograma sobre 2257 de 2263),"https://api.openalex.org/works?filter=institutions.id:I3129804457,publication_year:2020-2024",2026-09-25T22:38:18+00:00,api
openalex,Universidad Alberto Hurtado,2024,2020-2024,citas_por_documento_openalex,4.042,citas por documento,"Citas por trabajo, sobre los trabajos del histograma","https://api.openalex.org/works?filter=institutions.id:I3129804457,publication_year:2020-2024",2026-09-25T22:38:18+00:00,api
openalex,Universidad Alberto Hurtado,2024,2020-2024,pct_colaboracion_internacional,27.18,%,Trabajos con coautor de una institución de otro país,"https://api.openalex.org/works?filter=institutions.id:I3129804457,publication_year:2020-2024",2026-09-25T22:38:18+00:00,api
openalex,Universidad Alberto Hurtado,2024,2020-2024,socios_recurrentes,178,instituciones,Instituciones con 3 o más trabajos conjuntos,https://api.openalex.org/works,2026-09-25T22:38:18+00:00,api
openalex,Universidad Alberto Hurtado,2024,2020-2024,socios_recurrentes_paises,176,países,Países distintos entre los socios recurrentes,https://api.openalex.org/works,2026-09-25T22:38:18+00:00,api
openalex,Universidad Andres Bello,2022,2018-2022,publicaciones_openalex,6036,trabajos,Trabajos con al menos un autor de la institución,"https://api.openalex.org/works?filter=institutions.id:I13897259,publication_year:2018-2022",2026-09-25T22:38:18+00:00,api
openalex,Universidad Andres Bello,2022,2018-2022,publicaciones_openalex_article,4966,trabajos,Trabajos de tipo «article»,"https://api.openalex.org/works?filter=institutions.id:I13897259,publication_year:2018-2022",2026-09-25T22:38:18+00:00,api
openalex,Universidad Andres Bello,2022,2018-2022,publicaciones_openalex_book,5,trabajos,Trabajos de tipo «book»,"https://api.openalex.org/works?filter=institutions.id:I13897259,publication_year:2018-2022",2026-09-25T22:38:18+00:00,api
openalex,Universidad Andres Bello,2022,2018-2022,publicaciones_openalex_book-chapter,115,trabajos,Trabajos de tipo «book-chapter»,"https://api.openalex.org/works?filter=institutions.id:I13897259,publication_year:2018-2022",2026-09-25T22:38:18+00:00,api
openalex,Universidad Andres Bello,2022,2018-2022,publicaciones_openalex_book-review,15,trabajos,Trabajos de tipo «book-review»,"https://api.openalex.org/works?filter=institutions.id:I13897259,publication_year:2018-2022",2026-09-25T22:38:18+00:00,api
openalex,Universidad Andres Bello,2022,2018-2022,publicaciones_openalex_conference-abstract,78,trabajos,Trabajos de tipo «conference-abstract»,"https://api.openalex.org/works?filter=institutions.id:I13897259,publication_year:2018-2022",2026-09-25T22:38:18+00:00,api
openalex,Universidad Andres Bello,2022,2018-2022,publicaciones_openalex_conference-paper,446,trabajos,Trabajos de tipo «conference-paper»,"https://api.openalex.org/works?filter=institutions.id:I13897259,publication_year:2018-2022",2026-09-25T22:38:18+00:00,api
openalex,Universidad Andres Bello,2022,2018-2022,publicaciones_openalex_data-paper,6,trabajos,Trabajos de tipo «data-paper»,"https://api.openalex.org/works?filter=institutions.id:I13897259,publication_year:2018-2022",2026-09-25T22:38:18+00:00,api
openalex,Universidad Andres Bello,2022,2018-2022,publicaciones_openalex_dataset,13,trabajos,Trabajos de tipo «dataset»,"https://api.openalex.org/works?filter=institutions.id:I13897259,publication_year:2018-2022",2026-09-25T22:38:18+00:00,api
openalex,Universidad Andres Bello,2022,2018-2022,publicaciones_openalex_editorial,23,trabajos,Trabajos de tipo «editorial»,"https://api.openalex.org/works?filter=institutions.id:I13897259,publication_year:2018-2022",2026-09-25T22:38:18+00:00,api
openalex,Universidad Andres Bello,2022,2018-2022,publicaciones_openalex_erratum,39,trabajos,Trabajos de tipo «erratum»,"https://api.openalex.org/works?filter=institutions.id:I13897259,publication_year:2018-2022",2026-09-25T22:38:18+00:00,api
openalex,Universidad Andres Bello,2022,2018-2022,publicaciones_openalex_letter,5,trabajos,Trabajos de tipo «letter»,"https://api.openalex.org/works?filter=institutions.id:I13897259,publication_year:2018-2022",2026-09-25T22:38:18+00:00,api
openalex,Universidad Andres Bello,2022,2018-2022,publicaciones_openalex_other,7,trabajos,Trabajos de tipo «other»,"https://api.openalex.org/works?filter=institutions.id:I13897259,publication_year:2018-2022",2026-09-25T22:38:18+00:00,api
openalex,Universidad Andres Bello,2022,2018-2022,publicaciones_openalex_paratext,8,trabajos,Trabajos de tipo «paratext»,"https://api.openalex.org/works?filter=institutions.id:I13897259,publication_year:2018-2022",2026-09-25T22:38:18+00:00,api
openalex,Universidad Andres Bello,2022,2018-2022,publicaciones_openalex_peer-review,5,trabajos,Trabajos de tipo «peer-review»,"https://api.openalex.org/works?filter=institutions.id:I13897259,publication_year:2018-2022",2026-09-25T22:38:18+00:00,api
openalex,Universidad Andres Bello,2022,2018-2022,publicaciones_openalex_preprint,208,trabajos,Trabajos de tipo «preprint»,"https://api.openalex.org/works?filter=institutions.id:I13897259,publication_year:2018-2022",2026-09-25T22:38:18+00:00,api
openalex,Universidad Andres Bello,2022,2018-2022,publicaciones_openalex_reference-entry,4,trabajos,Trabajos de tipo «reference-entry»,"https://api.openalex.org/works?filter=institutions.id:I13897259,publication_year:2018-2022",2026-09-25T22:38:18+00:00,api
openalex,Universidad Andres Bello,2022,2018-2022,publicaciones_openalex_report,2,trabajos,Trabajos de tipo «report»,"https://api.openalex.org/works?filter=institutions.id:I13897259,publication_year:2018-2022",2026-09-25T22:38:18+00:00,api
openalex,Universidad Andres Bello,2022,2018-2022,publicaciones_openalex_retraction,1,trabajos,Trabajos de tipo «retraction»,"https://api.openalex.org/works?filter=institutions.id:I13897259,publication_year:2018-2022",2026-09-25T22:38:18+00:00,api
openalex,Universidad Andres Bello,2022,2018-2022,publicaciones_openalex_review,90,trabajos,Trabajos de tipo «review»,"https://api.openalex.org/works?filter=institutions.id:I13897259,publication_year:2018-2022",2026-09-25T22:38:18+00:00,api
openalex,Universidad Andres Bello,2022,2018-2022,citas_openalex,112952,citas,Citas recibidas por los trabajos de la ventana (histograma sobre 6006 de 6036),"https://api.openalex.org/works?filter=institutions.id:I13897259,publication_year:2018-2022",2026-09-25T22:38:18+00:00,api
openalex,Universidad Andres Bello,2022,2018-2022,citas_por_documento_openalex,18.807,citas por documento,"Citas por trabajo, sobre los trabajos del histograma","https://api.openalex.org/works?filter=institutions.id:I13897259,publication_year:2018-2022",2026-09-25T22:38:18+00:00,api
openalex,Universidad Andres Bello,2022,2018-2022,pct_colaboracion_internacional,60.92,%,Trabajos con coautor de una institución de otro país,"https://api.openalex.org/works?filter=institutions.id:I13897259,publication_year:2018-2022",2026-09-25T22:38:18+00:00,api
openalex,Universidad Andres Bello,2023,2019-2023,publicaciones_openalex,6756,trabajos,Trabajos con al menos un autor de la institución,"https://api.openalex.org/works?filter=institutions.id:I13897259,publication_year:2019-2023",2026-09-25T22:38:18+00:00,api
openalex,Universidad Andres Bello,2023,2019-2023,publicaciones_openalex_article,5461,trabajos,Trabajos de tipo «article»,"https://api.openalex.org/works?filter=institutions.id:I13897259,publication_year:2019-2023",2026-09-25T22:38:18+00:00,api
openalex,Universidad Andres Bello,2023,2019-2023,publicaciones_openalex_book,6,trabajos,Trabajos de tipo «book»,"https://api.openalex.org/works?filter=institutions.id:I13897259,publication_year:2019-2023",2026-09-25T22:38:18+00:00,api
openalex,Universidad Andres Bello,2023,2019-2023,publicaciones_openalex_book-chapter,126,trabajos,Trabajos de tipo «book-chapter»,"https://api.openalex.org/works?filter=institutions.id:I13897259,publication_year:2019-2023",2026-09-25T22:38:18+00:00,api
openalex,Universidad Andres Bello,2023,2019-2023,publicaciones_openalex_book-review,15,trabajos,Trabajos de tipo «book-review»,"https://api.openalex.org/works?filter=institutions.id:I13897259,publication_year:2019-2023",2026-09-25T22:38:18+00:00,api
openalex,Universidad Andres Bello,2023,2019-2023,publicaciones_openalex_conference-abstract,66,trabajos,Trabajos de tipo «conference-abstract»,"https://api.openalex.org/works?filter=institutions.id:I13897259,publication_year:2019-2023",2026-09-25T22:38:18+00:00,api
openalex,Universidad Andres Bello,2023,2019-2023,publicaciones_openalex_conference-paper,480,trabajos,Trabajos de tipo «conference-paper»,"https://api.openalex.org/works?filter=institutions.id:I13897259,publication_year:2019-2023",2026-09-25T22:38:18+00:00,api
openalex,Universidad Andres Bello,2023,2019-2023,publicaciones_openalex_data-paper,6,trabajos,Trabajos de tipo «data-paper»,"https://api.openalex.org/works?filter=institutions.id:I13897259,publication_year:2019-2023",2026-09-25T22:38:18+00:00,api
openalex,Universidad Andres Bello,2023,2019-2023,publicaciones_openalex_dataset,23,trabajos,Trabajos de tipo «dataset»,"https://api.openalex.org/works?filter=institutions.id:I13897259,publication_year:2019-2023",2026-09-25T22:38:18+00:00,api
openalex,Universidad Andres Bello,2023,2019-2023,publicaciones_openalex_dissertation,5,trabajos,Trabajos de tipo «dissertation»,"https://api.openalex.org/works?filter=institutions.id:I13897259,publication_year:2019-2023",2026-09-25T22:38:18+00:00,api
openalex,Universidad Andres Bello,2023,2019-2023,publicaciones_openalex_editorial,31,trabajos,Trabajos de tipo «editorial»,"https://api.openalex.org/works?filter=institutions.id:I13897259,publication_year:2019-2023",2026-09-25T22:38:18+00:00,api
openalex,Universidad Andres Bello,2023,2019-2023,publicaciones_openalex_erratum,46,trabajos,Trabajos de tipo «erratum»,"https://api.openalex.org/works?filter=institutions.id:I13897259,publication_year:2019-2023",2026-09-25T22:38:18+00:00,api
openalex,Universidad Andres Bello,2023,2019-2023,publicaciones_openalex_letter,9,trabajos,Trabajos de tipo «letter»,"https://api.openalex.org/works?filter=institutions.id:I13897259,publication_year:2019-2023",2026-09-25T22:38:18+00:00,api
openalex,Universidad Andres Bello,2023,2019-2023,publicaciones_openalex_other,7,trabajos,Trabajos de tipo «other»,"https://api.openalex.org/works?filter=institutions.id:I13897259,publication_year:2019-2023",2026-09-25T22:38:18+00:00,api
openalex,Universidad Andres Bello,2023,2019-2023,publicaciones_openalex_paratext,10,trabajos,Trabajos de tipo «paratext»,"https://api.openalex.org/works?filter=institutions.id:I13897259,publication_year:2019-2023",2026-09-25T22:38:18+00:00,api
openalex,Universidad Andres Bello,2023,2019-2023,publicaciones_openalex_peer-review,9,trabajos,Trabajos de tipo «peer-review»,"https://api.openalex.org/works?filter=institutions.id:I13897259,publication_year:2019-2023",2026-09-25T22:38:18+00:00,api
openalex,Universidad Andres Bello,2023,2019-2023,publicaciones_openalex_preprint,280,trabajos,Trabajos de tipo «preprint»,"https://api.openalex.org/works?filter=institutions.id:I13897259,publication_year:2019-2023",2026-09-25T22:38:18+00:00,api
openalex,Universidad Andres Bello,2023,2019-2023,publicaciones_openalex_reference-entry,9,trabajos,Trabajos de tipo «reference-entry»,"https://api.openalex.org/works?filter=institutions.id:I13897259,publication_year:2019-2023",2026-09-25T22:38:18+00:00,api
openalex,Universidad Andres Bello,2023,2019-2023,publicaciones_openalex_report,2,trabajos,Trabajos de tipo «report»,"https://api.openalex.org/works?filter=institutions.id:I13897259,publication_year:2019-2023",2026-09-25T22:38:18+00:00,api
openalex,Universidad Andres Bello,2023,2019-2023,publicaciones_openalex_retraction,1,trabajos,Trabajos de tipo «retraction»,"https://api.openalex.org/works?filter=institutions.id:I13897259,publication_year:2019-2023",2026-09-25T22:38:18+00:00,api
openalex,Universidad Andres Bello,2023,2019-2023,publicaciones_openalex_review,163,trabajos,Trabajos de tipo «review»,"https://api.openalex.org/works?filter=institutions.id:I13897259,publication_year:2019-2023",2026-09-25T22:38:18+00:00,api
openalex,Universidad Andres Bello,2023,2019-2023,publicaciones_openalex_supplementary-materials,1,trabajos,Trabajos de tipo «supplementary-materials»,"https://api.openalex.org/works?filter=institutions.id:I13897259,publication_year:2019-2023",2026-09-25T22:38:18+00:00,api
openalex,Universidad Andres Bello,2023,2019-2023,citas_openalex,112135,citas,Citas recibidas por los trabajos de la ventana (histograma sobre 6738 de 6756),"https://api.openalex.org/works?filter=institutions.id:I13897259,publication_year:2019-2023",2026-09-25T22:38:18+00:00,api
openalex,Universidad Andres Bello,2023,2019-2023,citas_por_documento_openalex,16.642,citas por documento,"Citas por trabajo, sobre los trabajos del histograma","https://api.openalex.org/works?filter=institutions.id:I13897259,publication_year:2019-2023",2026-09-25T22:38:18+00:00,api
openalex,Universidad Andres Bello,2023,2019-2023,pct_colaboracion_internacional,61.55,%,Trabajos con coautor de una institución de otro país,"https://api.openalex.org/works?filter=institutions.id:I13897259,publication_year:2019-2023",2026-09-25T22:38:18+00:00,api
openalex,Universidad Andres Bello,2024,2020-2024,publicaciones_openalex,7316,trabajos,Trabajos con al menos un autor de la institución,"https://api.openalex.org/works?filter=institutions.id:I13897259,publication_year:2020-2024",2026-09-25T22:38:18+00:00,api
openalex,Universidad Andres Bello,2024,2020-2024,publicaciones_openalex_article,5792,trabajos,Trabajos de tipo «article»,"https://api.openalex.org/works?filter=institutions.id:I13897259,publication_year:2020-2024",2026-09-25T22:38:18+00:00,api
openalex,Universidad Andres Bello,2024,2020-2024,publicaciones_openalex_book,9,trabajos,Trabajos de tipo «book»,"https://api.openalex.org/works?filter=institutions.id:I13897259,publication_year:2020-2024",2026-09-25T22:38:18+00:00,api
openalex,Universidad Andres Bello,2024,2020-2024,publicaciones_openalex_book-chapter,120,trabajos,Trabajos de tipo «book-chapter»,"https://api.openalex.org/works?filter=institutions.id:I13897259,publication_year:2020-2024",2026-09-25T22:38:18+00:00,api
openalex,Universidad Andres Bello,2024,2020-2024,publicaciones_openalex_book-review,15,trabajos,Trabajos de tipo «book-review»,"https://api.openalex.org/works?filter=institutions.id:I13897259,publication_year:2020-2024",2026-09-25T22:38:18+00:00,api
openalex,Universidad Andres Bello,2024,2020-2024,publicaciones_openalex_conference-abstract,67,trabajos,Trabajos de tipo «conference-abstract»,"https://api.openalex.org/works?filter=institutions.id:I13897259,publication_year:2020-2024",2026-09-25T22:38:18+00:00,api
openalex,Universidad Andres Bello,2024,2020-2024,publicaciones_openalex_conference-paper,560,trabajos,Trabajos de tipo «conference-paper»,"https://api.openalex.org/works?filter=institutions.id:I13897259,publication_year:2020-2024",2026-09-25T22:38:18+00:00,api
openalex,Universidad Andres Bello,2024,2020-2024,publicaciones_openalex_data-paper,5,trabajos,Trabajos de tipo «data-paper»,"https://api.openalex.org/works?filter=institutions.id:I13897259,publication_year:2020-2024",2026-09-25T22:38:18+00:00,api
openalex,Universidad Andres Bello,2024,2020-2024,publicaciones_openalex_dataset,21,trabajos,Trabajos de tipo «dataset»,"https://api.openalex.org/works?filter=institutions.id:I13897259,publication_year:2020-2024",2026-09-25T22:38:18+00:00,api
openalex,Universidad Andres Bello,2024,2020-2024,publicaciones_openalex_dissertation,5,trabajos,Trabajos de tipo «dissertation»,"https://api.openalex.org/works?filter=institutions.id:I13897259,publication_year:2020-2024",2026-09-25T22:38:18+00:00,api
openalex,Universidad Andres Bello,2024,2020-2024,publicaciones_openalex_editorial,42,trabajos,Trabajos de tipo «editorial»,"https://api.openalex.org/works?filter=institutions.id:I13897259,publication_year:2020-2024",2026-09-25T22:38:18+00:00,api
openalex,Universidad Andres Bello,2024,2020-2024,publicaciones_openalex_erratum,58,trabajos,Trabajos de tipo «erratum»,"https://api.openalex.org/works?filter=institutions.id:I13897259,publication_year:2020-2024",2026-09-25T22:38:18+00:00,api
openalex,Universidad Andres Bello,2024,2020-2024,publicaciones_openalex_letter,8,trabajos,Trabajos de tipo «letter»,"https://api.openalex.org/works?filter=institutions.id:I13897259,publication_year:2020-2024",2026-09-25T22:38:18+00:00,api
openalex,Universidad Andres Bello,2024,2020-2024,publicaciones_openalex_other,6,trabajos,Trabajos de tipo «other»,"https://api.openalex.org/works?filter=institutions.id:I13897259,publication_year:2020-2024",2026-09-25T22:38:18+00:00,api
openalex,Universidad Andres Bello,2024,2020-2024,publicaciones_openalex_paratext,12,trabajos,Trabajos de tipo «paratext»,"https://api.openalex.org/works?filter=institutions.id:I13897259,publication_year:2020-2024",2026-09-25T22:38:18+00:00,api
openalex,Universidad Andres Bello,2024,2020-2024,publicaciones_openalex_peer-review,15,trabajos,Trabajos de tipo «peer-review»,"https://api.openalex.org/works?filter=institutions.id:I13897259,publication_year:2020-2024",2026-09-25T22:38:18+00:00,api
openalex,Universidad Andres Bello,2024,2020-2024,publicaciones_openalex_preprint,333,trabajos,Trabajos de tipo «preprint»,"https://api.openalex.org/works?filter=institutions.id:I13897259,publication_year:2020-2024",2026-09-25T22:38:18+00:00,api
openalex,Universidad Andres Bello,2024,2020-2024,publicaciones_openalex_reference-entry,10,trabajos,Trabajos de tipo «reference-entry»,"https://api.openalex.org/works?filter=institutions.id:I13897259,publication_year:2020-2024",2026-09-25T22:38:18+00:00,api
openalex,Universidad Andres Bello,2024,2020-2024,publicaciones_openalex_report,2,trabajos,Trabajos de tipo «report»,"https://api.openalex.org/works?filter=institutions.id:I13897259,publication_year:2020-2024",2026-09-25T22:38:18+00:00,api
openalex,Universidad Andres Bello,2024,2020-2024,publicaciones_openalex_review,235,trabajos,Trabajos de tipo «review»,"https://api.openalex.org/works?filter=institutions.id:I13897259,publication_year:2020-2024",2026-09-25T22:38:18+00:00,api
openalex,Universidad Andres Bello,2024,2020-2024,publicaciones_openalex_supplementary-materials,1,trabajos,Trabajos de tipo «supplementary-materials»,"https://api.openalex.org/works?filter=institutions.id:I13897259,publication_year:2020-2024",2026-09-25T22:38:18+00:00,api
openalex,Universidad Andres Bello,2024,2020-2024,citas_openalex,104065,citas,Citas recibidas por los trabajos de la ventana (histograma sobre 7306 de 7316),"https://api.openalex.org/works?filter=institutions.id:I13897259,publication_year:2020-2024",2026-09-25T22:38:18+00:00,api
openalex,Universidad Andres Bello,2024,2020-2024,citas_por_documento_openalex,14.244,citas por documento,"Citas por trabajo, sobre los trabajos del histograma","https://api.openalex.org/works?filter=institutions.id:I13897259,publication_year:2020-2024",2026-09-25T22:38:18+00:00,api
openalex,Universidad Andres Bello,2024,2020-2024,pct_colaboracion_internacional,62.25,%,Trabajos con coautor de una institución de otro país,"https://api.openalex.org/works?filter=institutions.id:I13897259,publication_year:2020-2024",2026-09-25T22:38:18+00:00,api
openalex,Universidad Andres Bello,2024,2020-2024,socios_recurrentes,199,instituciones,Instituciones con 3 o más trabajos conjuntos,https://api.openalex.org/works,2026-09-25T22:38:18+00:00,api
openalex,Universidad Andres Bello,2024,2020-2024,socios_recurrentes_paises,198,países,Países distintos entre los socios recurrentes,https://api.openalex.org/works,2026-09-25T22:38:18+00:00,api
openalex,Universidad Arturo Prat,2022,2018-2022,publicaciones_openalex,1056,trabajos,Trabajos con al menos un autor de la institución,"https://api.openalex.org/works?filter=institutions.id:I94256465,publication_year:2018-2022",2026-09-25T22:38:18+00:00,api
openalex,Universidad Arturo Prat,2022,2018-2022,publicaciones_openalex_article,951,trabajos,Trabajos de tipo «article»,"https://api.openalex.org/works?filter=institutions.id:I94256465,publication_year:2018-2022",2026-09-25T22:38:18+00:00,api
openalex,Universidad Arturo Prat,2022,2018-2022,publicaciones_openalex_book,2,trabajos,Trabajos de tipo «book»,"https://api.openalex.org/works?filter=institutions.id:I94256465,publication_year:2018-2022",2026-09-25T22:38:18+00:00,api
openalex,Universidad Arturo Prat,2022,2018-2022,publicaciones_openalex_book-chapter,35,trabajos,Trabajos de tipo «book-chapter»,"https://api.openalex.org/works?filter=institutions.id:I94256465,publication_year:2018-2022",2026-09-25T22:38:18+00:00,api
openalex,Universidad Arturo Prat,2022,2018-2022,publicaciones_openalex_book-review,3,trabajos,Trabajos de tipo «book-review»,"https://api.openalex.org/works?filter=institutions.id:I94256465,publication_year:2018-2022",2026-09-25T22:38:18+00:00,api
openalex,Universidad Arturo Prat,2022,2018-2022,publicaciones_openalex_conference-abstract,8,trabajos,Trabajos de tipo «conference-abstract»,"https://api.openalex.org/works?filter=institutions.id:I94256465,publication_year:2018-2022",2026-09-25T22:38:18+00:00,api
openalex,Universidad Arturo Prat,2022,2018-2022,publicaciones_openalex_conference-paper,29,trabajos,Trabajos de tipo «conference-paper»,"https://api.openalex.org/works?filter=institutions.id:I94256465,publication_year:2018-2022",2026-09-25T22:38:18+00:00,api
openalex,Universidad Arturo Prat,2022,2018-2022,publicaciones_openalex_editorial,7,trabajos,Trabajos de tipo «editorial»,"https://api.openalex.org/works?filter=institutions.id:I94256465,publication_year:2018-2022",2026-09-25T22:38:18+00:00,api
openalex,Universidad Arturo Prat,2022,2018-2022,publicaciones_openalex_erratum,5,trabajos,Trabajos de tipo «erratum»,"https://api.openalex.org/works?filter=institutions.id:I94256465,publication_year:2018-2022",2026-09-25T22:38:18+00:00,api
openalex,Universidad Arturo Prat,2022,2018-2022,publicaciones_openalex_paratext,1,trabajos,Trabajos de tipo «paratext»,"https://api.openalex.org/works?filter=institutions.id:I94256465,publication_year:2018-2022",2026-09-25T22:38:18+00:00,api
openalex,Universidad Arturo Prat,2022,2018-2022,publicaciones_openalex_preprint,11,trabajos,Trabajos de tipo «preprint»,"https://api.openalex.org/works?filter=institutions.id:I94256465,publication_year:2018-2022",2026-09-25T22:38:18+00:00,api
openalex,Universidad Arturo Prat,2022,2018-2022,publicaciones_openalex_review,4,trabajos,Trabajos de tipo «review»,"https://api.openalex.org/works?filter=institutions.id:I94256465,publication_year:2018-2022",2026-09-25T22:38:18+00:00,api
openalex,Universidad Arturo Prat,2022,2018-2022,citas_openalex,16087,citas,Citas recibidas por los trabajos de la ventana (histograma sobre 1054 de 1056),"https://api.openalex.org/works?filter=institutions.id:I94256465,publication_year:2018-2022",2026-09-25T22:38:18+00:00,api
openalex,Universidad Arturo Prat,2022,2018-2022,citas_por_documento_openalex,15.263,citas por documento,"Citas por trabajo, sobre los trabajos del histograma","https://api.openalex.org/works?filter=institutions.id:I94256465,publication_year:2018-2022",2026-09-25T22:38:18+00:00,api
openalex,Universidad Arturo Prat,2022,2018-2022,pct_colaboracion_internacional,46.59,%,Trabajos con coautor de una institución de otro país,"https://api.openalex.org/works?filter=institutions.id:I94256465,publication_year:2018-2022",2026-09-25T22:38:18+00:00,api
openalex,Universidad Arturo Prat,2023,2019-2023,publicaciones_openalex,1105,trabajos,Trabajos con al menos un autor de la institución,"https://api.openalex.org/works?filter=institutions.id:I94256465,publication_year:2019-2023",2026-09-25T22:38:18+00:00,api
openalex,Universidad Arturo Prat,2023,2019-2023,publicaciones_openalex_article,978,trabajos,Trabajos de tipo «article»,"https://api.openalex.org/works?filter=institutions.id:I94256465,publication_year:2019-2023",2026-09-25T22:38:18+00:00,api
openalex,Universidad Arturo Prat,2023,2019-2023,publicaciones_openalex_book,3,trabajos,Trabajos de tipo «book»,"https://api.openalex.org/works?filter=institutions.id:I94256465,publication_year:2019-2023",2026-09-25T22:38:18+00:00,api
openalex,Universidad Arturo Prat,2023,2019-2023,publicaciones_openalex_book-chapter,35,trabajos,Trabajos de tipo «book-chapter»,"https://api.openalex.org/works?filter=institutions.id:I94256465,publication_year:2019-2023",2026-09-25T22:38:18+00:00,api
openalex,Universidad Arturo Prat,2023,2019-2023,publicaciones_openalex_book-review,3,trabajos,Trabajos de tipo «book-review»,"https://api.openalex.org/works?filter=institutions.id:I94256465,publication_year:2019-2023",2026-09-25T22:38:18+00:00,api
openalex,Universidad Arturo Prat,2023,2019-2023,publicaciones_openalex_conference-abstract,8,trabajos,Trabajos de tipo «conference-abstract»,"https://api.openalex.org/works?filter=institutions.id:I94256465,publication_year:2019-2023",2026-09-25T22:38:18+00:00,api
openalex,Universidad Arturo Prat,2023,2019-2023,publicaciones_openalex_conference-paper,32,trabajos,Trabajos de tipo «conference-paper»,"https://api.openalex.org/works?filter=institutions.id:I94256465,publication_year:2019-2023",2026-09-25T22:38:18+00:00,api
openalex,Universidad Arturo Prat,2023,2019-2023,publicaciones_openalex_editorial,5,trabajos,Trabajos de tipo «editorial»,"https://api.openalex.org/works?filter=institutions.id:I94256465,publication_year:2019-2023",2026-09-25T22:38:18+00:00,api
openalex,Universidad Arturo Prat,2023,2019-2023,publicaciones_openalex_erratum,5,trabajos,Trabajos de tipo «erratum»,"https://api.openalex.org/works?filter=institutions.id:I94256465,publication_year:2019-2023",2026-09-25T22:38:18+00:00,api
openalex,Universidad Arturo Prat,2023,2019-2023,publicaciones_openalex_other,1,trabajos,Trabajos de tipo «other»,"https://api.openalex.org/works?filter=institutions.id:I94256465,publication_year:2019-2023",2026-09-25T22:38:18+00:00,api
openalex,Universidad Arturo Prat,2023,2019-2023,publicaciones_openalex_paratext,1,trabajos,Trabajos de tipo «paratext»,"https://api.openalex.org/works?filter=institutions.id:I94256465,publication_year:2019-2023",2026-09-25T22:38:18+00:00,api
openalex,Universidad Arturo Prat,2023,2019-2023,publicaciones_openalex_peer-review,1,trabajos,Trabajos de tipo «peer-review»,"https://api.openalex.org/works?filter=institutions.id:I94256465,publication_year:2019-2023",2026-09-25T22:38:18+00:00,api
openalex,Universidad Arturo Prat,2023,2019-2023,publicaciones_openalex_preprint,26,trabajos,Trabajos de tipo «preprint»,"https://api.openalex.org/works?filter=institutions.id:I94256465,publication_year:2019-2023",2026-09-25T22:38:18+00:00,api
openalex,Universidad Arturo Prat,2023,2019-2023,publicaciones_openalex_review,7,trabajos,Trabajos de tipo «review»,"https://api.openalex.org/works?filter=institutions.id:I94256465,publication_year:2019-2023",2026-09-25T22:38:18+00:00,api
openalex,Universidad Arturo Prat,2023,2019-2023,citas_openalex,15404,citas,Citas recibidas por los trabajos de la ventana (histograma sobre 1103 de 1105),"https://api.openalex.org/works?filter=institutions.id:I94256465,publication_year:2019-2023",2026-09-25T22:38:18+00:00,api
openalex,Universidad Arturo Prat,2023,2019-2023,citas_por_documento_openalex,13.966,citas por documento,"Citas por trabajo, sobre los trabajos del histograma","https://api.openalex.org/works?filter=institutions.id:I94256465,publication_year:2019-2023",2026-09-25T22:38:18+00:00,api
openalex,Universidad Arturo Prat,2023,2019-2023,pct_colaboracion_internacional,47.87,%,Trabajos con coautor de una institución de otro país,"https://api.openalex.org/works?filter=institutions.id:I94256465,publication_year:2019-2023",2026-09-25T22:38:18+00:00,api
openalex,Universidad Arturo Prat,2024,2020-2024,publicaciones_openalex,1312,trabajos,Trabajos con al menos un autor de la institución,"https://api.openalex.org/works?filter=institutions.id:I94256465,publication_year:2020-2024",2026-09-25T22:38:18+00:00,api
openalex,Universidad Arturo Prat,2024,2020-2024,publicaciones_openalex_article,1161,trabajos,Trabajos de tipo «article»,"https://api.openalex.org/works?filter=institutions.id:I94256465,publication_year:2020-2024",2026-09-25T22:38:18+00:00,api
openalex,Universidad Arturo Prat,2024,2020-2024,publicaciones_openalex_book,5,trabajos,Trabajos de tipo «book»,"https://api.openalex.org/works?filter=institutions.id:I94256465,publication_year:2020-2024",2026-09-25T22:38:18+00:00,api
openalex,Universidad Arturo Prat,2024,2020-2024,publicaciones_openalex_book-chapter,30,trabajos,Trabajos de tipo «book-chapter»,"https://api.openalex.org/works?filter=institutions.id:I94256465,publication_year:2020-2024",2026-09-25T22:38:18+00:00,api
openalex,Universidad Arturo Prat,2024,2020-2024,publicaciones_openalex_book-review,2,trabajos,Trabajos de tipo «book-review»,"https://api.openalex.org/works?filter=institutions.id:I94256465,publication_year:2020-2024",2026-09-25T22:38:18+00:00,api
openalex,Universidad Arturo Prat,2024,2020-2024,publicaciones_openalex_conference-abstract,7,trabajos,Trabajos de tipo «conference-abstract»,"https://api.openalex.org/works?filter=institutions.id:I94256465,publication_year:2020-2024",2026-09-25T22:38:18+00:00,api
openalex,Universidad Arturo Prat,2024,2020-2024,publicaciones_openalex_conference-paper,38,trabajos,Trabajos de tipo «conference-paper»,"https://api.openalex.org/works?filter=institutions.id:I94256465,publication_year:2020-2024",2026-09-25T22:38:18+00:00,api
openalex,Universidad Arturo Prat,2024,2020-2024,publicaciones_openalex_data-paper,1,trabajos,Trabajos de tipo «data-paper»,"https://api.openalex.org/works?filter=institutions.id:I94256465,publication_year:2020-2024",2026-09-25T22:38:18+00:00,api
openalex,Universidad Arturo Prat,2024,2020-2024,publicaciones_openalex_editorial,8,trabajos,Trabajos de tipo «editorial»,"https://api.openalex.org/works?filter=institutions.id:I94256465,publication_year:2020-2024",2026-09-25T22:38:18+00:00,api
openalex,Universidad Arturo Prat,2024,2020-2024,publicaciones_openalex_erratum,5,trabajos,Trabajos de tipo «erratum»,"https://api.openalex.org/works?filter=institutions.id:I94256465,publication_year:2020-2024",2026-09-25T22:38:18+00:00,api
openalex,Universidad Arturo Prat,2024,2020-2024,publicaciones_openalex_other,1,trabajos,Trabajos de tipo «other»,"https://api.openalex.org/works?filter=institutions.id:I94256465,publication_year:2020-2024",2026-09-25T22:38:18+00:00,api
openalex,Universidad Arturo Prat,2024,2020-2024,publicaciones_openalex_paratext,1,trabajos,Trabajos de tipo «paratext»,"https://api.openalex.org/works?filter=institutions.id:I94256465,publication_year:2020-2024",2026-09-25T22:38:18+00:00,api
openalex,Universidad Arturo Prat,2024,2020-2024,publicaciones_openalex_peer-review,2,trabajos,Trabajos de tipo «peer-review»,"https://api.openalex.org/works?filter=institutions.id:I94256465,publication_year:2020-2024",2026-09-25T22:38:18+00:00,api
openalex,Universidad Arturo Prat,2024,2020-2024,publicaciones_openalex_preprint,35,trabajos,Trabajos de tipo «preprint»,"https://api.openalex.org/works?filter=institutions.id:I94256465,publication_year:2020-2024",2026-09-25T22:38:18+00:00,api
openalex,Universidad Arturo Prat,2024,2020-2024,publicaciones_openalex_review,16,trabajos,Trabajos de tipo «review»,"https://api.openalex.org/works?filter=institutions.id:I94256465,publication_year:2020-2024",2026-09-25T22:38:18+00:00,api
openalex,Universidad Arturo Prat,2024,2020-2024,citas_openalex,15267,citas,Citas recibidas por los trabajos de la ventana (histograma sobre 1310 de 1312),"https://api.openalex.org/works?filter=institutions.id:I94256465,publication_year:2020-2024",2026-09-25T22:38:18+00:00,api
openalex,Universidad Arturo Prat,2024,2020-2024,citas_por_documento_openalex,11.654,citas por documento,"Citas por trabajo, sobre los trabajos del histograma","https://api.openalex.org/works?filter=institutions.id:I94256465,publication_year:2020-2024",2026-09-25T22:38:18+00:00,api
openalex,Universidad Arturo Prat,2024,2020-2024,pct_colaboracion_internacional,47.41,%,Trabajos con coautor de una institución de otro país,"https://api.openalex.org/works?filter=institutions.id:I94256465,publication_year:2020-2024",2026-09-25T22:38:18+00:00,api
openalex,Universidad Arturo Prat,2024,2020-2024,socios_recurrentes,199,instituciones,Instituciones con 3 o más trabajos conjuntos,https://api.openalex.org/works,2026-09-25T22:38:18+00:00,api
openalex,Universidad Arturo Prat,2024,2020-2024,socios_recurrentes_paises,193,países,Países distintos entre los socios recurrentes,https://api.openalex.org/works,2026-09-25T22:38:18+00:00,api
openalex,Universidad Austral de Chile,2022,2018-2022,publicaciones_openalex,5969,trabajos,Trabajos con al menos un autor de la institución,"https://api.openalex.org/works?filter=institutions.id:I16465266,publication_year:2018-2022",2026-09-25T22:38:18+00:00,api
openalex,Universidad Austral de Chile,2022,2018-2022,publicaciones_openalex_article,4974,trabajos,Trabajos de tipo «article»,"https://api.openalex.org/works?filter=institutions.id:I16465266,publication_year:2018-2022",2026-09-25T22:38:18+00:00,api
openalex,Universidad Austral de Chile,2022,2018-2022,publicaciones_openalex_book,9,trabajos,Trabajos de tipo «book»,"https://api.openalex.org/works?filter=institutions.id:I16465266,publication_year:2018-2022",2026-09-25T22:38:18+00:00,api
openalex,Universidad Austral de Chile,2022,2018-2022,publicaciones_openalex_book-chapter,142,trabajos,Trabajos de tipo «book-chapter»,"https://api.openalex.org/works?filter=institutions.id:I16465266,publication_year:2018-2022",2026-09-25T22:38:18+00:00,api
openalex,Universidad Austral de Chile,2022,2018-2022,publicaciones_openalex_book-review,21,trabajos,Trabajos de tipo «book-review»,"https://api.openalex.org/works?filter=institutions.id:I16465266,publication_year:2018-2022",2026-09-25T22:38:18+00:00,api
openalex,Universidad Austral de Chile,2022,2018-2022,publicaciones_openalex_conference-abstract,57,trabajos,Trabajos de tipo «conference-abstract»,"https://api.openalex.org/works?filter=institutions.id:I16465266,publication_year:2018-2022",2026-09-25T22:38:18+00:00,api
openalex,Universidad Austral de Chile,2022,2018-2022,publicaciones_openalex_conference-paper,144,trabajos,Trabajos de tipo «conference-paper»,"https://api.openalex.org/works?filter=institutions.id:I16465266,publication_year:2018-2022",2026-09-25T22:38:18+00:00,api
openalex,Universidad Austral de Chile,2022,2018-2022,publicaciones_openalex_data-paper,8,trabajos,Trabajos de tipo «data-paper»,"https://api.openalex.org/works?filter=institutions.id:I16465266,publication_year:2018-2022",2026-09-25T22:38:18+00:00,api
openalex,Universidad Austral de Chile,2022,2018-2022,publicaciones_openalex_dataset,138,trabajos,Trabajos de tipo «dataset»,"https://api.openalex.org/works?filter=institutions.id:I16465266,publication_year:2018-2022",2026-09-25T22:38:18+00:00,api
openalex,Universidad Austral de Chile,2022,2018-2022,publicaciones_openalex_dissertation,2,trabajos,Trabajos de tipo «dissertation»,"https://api.openalex.org/works?filter=institutions.id:I16465266,publication_year:2018-2022",2026-09-25T22:38:18+00:00,api
openalex,Universidad Austral de Chile,2022,2018-2022,publicaciones_openalex_editorial,21,trabajos,Trabajos de tipo «editorial»,"https://api.openalex.org/works?filter=institutions.id:I16465266,publication_year:2018-2022",2026-09-25T22:38:18+00:00,api
openalex,Universidad Austral de Chile,2022,2018-2022,publicaciones_openalex_erratum,28,trabajos,Trabajos de tipo «erratum»,"https://api.openalex.org/works?filter=institutions.id:I16465266,publication_year:2018-2022",2026-09-25T22:38:18+00:00,api
openalex,Universidad Austral de Chile,2022,2018-2022,publicaciones_openalex_letter,4,trabajos,Trabajos de tipo «letter»,"https://api.openalex.org/works?filter=institutions.id:I16465266,publication_year:2018-2022",2026-09-25T22:38:18+00:00,api
openalex,Universidad Austral de Chile,2022,2018-2022,publicaciones_openalex_other,58,trabajos,Trabajos de tipo «other»,"https://api.openalex.org/works?filter=institutions.id:I16465266,publication_year:2018-2022",2026-09-25T22:38:18+00:00,api
openalex,Universidad Austral de Chile,2022,2018-2022,publicaciones_openalex_paratext,6,trabajos,Trabajos de tipo «paratext»,"https://api.openalex.org/works?filter=institutions.id:I16465266,publication_year:2018-2022",2026-09-25T22:38:18+00:00,api
openalex,Universidad Austral de Chile,2022,2018-2022,publicaciones_openalex_peer-review,27,trabajos,Trabajos de tipo «peer-review»,"https://api.openalex.org/works?filter=institutions.id:I16465266,publication_year:2018-2022",2026-09-25T22:38:18+00:00,api
openalex,Universidad Austral de Chile,2022,2018-2022,publicaciones_openalex_preprint,270,trabajos,Trabajos de tipo «preprint»,"https://api.openalex.org/works?filter=institutions.id:I16465266,publication_year:2018-2022",2026-09-25T22:38:18+00:00,api
openalex,Universidad Austral de Chile,2022,2018-2022,publicaciones_openalex_reference-entry,10,trabajos,Trabajos de tipo «reference-entry»,"https://api.openalex.org/works?filter=institutions.id:I16465266,publication_year:2018-2022",2026-09-25T22:38:18+00:00,api
openalex,Universidad Austral de Chile,2022,2018-2022,publicaciones_openalex_report,7,trabajos,Trabajos de tipo «report»,"https://api.openalex.org/works?filter=institutions.id:I16465266,publication_year:2018-2022",2026-09-25T22:38:18+00:00,api
openalex,Universidad Austral de Chile,2022,2018-2022,publicaciones_openalex_review,37,trabajos,Trabajos de tipo «review»,"https://api.openalex.org/works?filter=institutions.id:I16465266,publication_year:2018-2022",2026-09-25T22:38:18+00:00,api
openalex,Universidad Austral de Chile,2022,2018-2022,publicaciones_openalex_supplementary-materials,6,trabajos,Trabajos de tipo «supplementary-materials»,"https://api.openalex.org/works?filter=institutions.id:I16465266,publication_year:2018-2022",2026-09-25T22:38:18+00:00,api
openalex,Universidad Austral de Chile,2022,2018-2022,citas_openalex,98673,citas,Citas recibidas por los trabajos de la ventana (histograma sobre 5951 de 5969),"https://api.openalex.org/works?filter=institutions.id:I16465266,publication_year:2018-2022",2026-09-25T22:38:18+00:00,api
openalex,Universidad Austral de Chile,2022,2018-2022,citas_por_documento_openalex,16.581,citas por documento,"Citas por trabajo, sobre los trabajos del histograma","https://api.openalex.org/works?filter=institutions.id:I16465266,publication_year:2018-2022",2026-09-25T22:38:18+00:00,api
openalex,Universidad Austral de Chile,2022,2018-2022,pct_colaboracion_internacional,57.56,%,Trabajos con coautor de una institución de otro país,"https://api.openalex.org/works?filter=institutions.id:I16465266,publication_year:2018-2022",2026-09-25T22:38:18+00:00,api
openalex,Universidad Austral de Chile,2023,2019-2023,publicaciones_openalex,6275,trabajos,Trabajos con al menos un autor de la institución,"https://api.openalex.org/works?filter=institutions.id:I16465266,publication_year:2019-2023",2026-09-25T22:38:18+00:00,api
openalex,Universidad Austral de Chile,2023,2019-2023,publicaciones_openalex_article,5064,trabajos,Trabajos de tipo «article»,"https://api.openalex.org/works?filter=institutions.id:I16465266,publication_year:2019-2023",2026-09-25T22:38:18+00:00,api
openalex,Universidad Austral de Chile,2023,2019-2023,publicaciones_openalex_book,18,trabajos,Trabajos de tipo «book»,"https://api.openalex.org/works?filter=institutions.id:I16465266,publication_year:2019-2023",2026-09-25T22:38:18+00:00,api
openalex,Universidad Austral de Chile,2023,2019-2023,publicaciones_openalex_book-chapter,210,trabajos,Trabajos de tipo «book-chapter»,"https://api.openalex.org/works?filter=institutions.id:I16465266,publication_year:2019-2023",2026-09-25T22:38:18+00:00,api
openalex,Universidad Austral de Chile,2023,2019-2023,publicaciones_openalex_book-review,22,trabajos,Trabajos de tipo «book-review»,"https://api.openalex.org/works?filter=institutions.id:I16465266,publication_year:2019-2023",2026-09-25T22:38:18+00:00,api
openalex,Universidad Austral de Chile,2023,2019-2023,publicaciones_openalex_conference-abstract,67,trabajos,Trabajos de tipo «conference-abstract»,"https://api.openalex.org/works?filter=institutions.id:I16465266,publication_year:2019-2023",2026-09-25T22:38:18+00:00,api
openalex,Universidad Austral de Chile,2023,2019-2023,publicaciones_openalex_conference-paper,164,trabajos,Trabajos de tipo «conference-paper»,"https://api.openalex.org/works?filter=institutions.id:I16465266,publication_year:2019-2023",2026-09-25T22:38:18+00:00,api
openalex,Universidad Austral de Chile,2023,2019-2023,publicaciones_openalex_data-paper,9,trabajos,Trabajos de tipo «data-paper»,"https://api.openalex.org/works?filter=institutions.id:I16465266,publication_year:2019-2023",2026-09-25T22:38:18+00:00,api
openalex,Universidad Austral de Chile,2023,2019-2023,publicaciones_openalex_dataset,126,trabajos,Trabajos de tipo «dataset»,"https://api.openalex.org/works?filter=institutions.id:I16465266,publication_year:2019-2023",2026-09-25T22:38:18+00:00,api
openalex,Universidad Austral de Chile,2023,2019-2023,publicaciones_openalex_dissertation,2,trabajos,Trabajos de tipo «dissertation»,"https://api.openalex.org/works?filter=institutions.id:I16465266,publication_year:2019-2023",2026-09-25T22:38:18+00:00,api
openalex,Universidad Austral de Chile,2023,2019-2023,publicaciones_openalex_editorial,30,trabajos,Trabajos de tipo «editorial»,"https://api.openalex.org/works?filter=institutions.id:I16465266,publication_year:2019-2023",2026-09-25T22:38:18+00:00,api
openalex,Universidad Austral de Chile,2023,2019-2023,publicaciones_openalex_erratum,30,trabajos,Trabajos de tipo «erratum»,"https://api.openalex.org/works?filter=institutions.id:I16465266,publication_year:2019-2023",2026-09-25T22:38:18+00:00,api
openalex,Universidad Austral de Chile,2023,2019-2023,publicaciones_openalex_letter,4,trabajos,Trabajos de tipo «letter»,"https://api.openalex.org/works?filter=institutions.id:I16465266,publication_year:2019-2023",2026-09-25T22:38:18+00:00,api
openalex,Universidad Austral de Chile,2023,2019-2023,publicaciones_openalex_other,78,trabajos,Trabajos de tipo «other»,"https://api.openalex.org/works?filter=institutions.id:I16465266,publication_year:2019-2023",2026-09-25T22:38:18+00:00,api
openalex,Universidad Austral de Chile,2023,2019-2023,publicaciones_openalex_paratext,6,trabajos,Trabajos de tipo «paratext»,"https://api.openalex.org/works?filter=institutions.id:I16465266,publication_year:2019-2023",2026-09-25T22:38:18+00:00,api
openalex,Universidad Austral de Chile,2023,2019-2023,publicaciones_openalex_peer-review,42,trabajos,Trabajos de tipo «peer-review»,"https://api.openalex.org/works?filter=institutions.id:I16465266,publication_year:2019-2023",2026-09-25T22:38:18+00:00,api
openalex,Universidad Austral de Chile,2023,2019-2023,publicaciones_openalex_preprint,330,trabajos,Trabajos de tipo «preprint»,"https://api.openalex.org/works?filter=institutions.id:I16465266,publication_year:2019-2023",2026-09-25T22:38:18+00:00,api
openalex,Universidad Austral de Chile,2023,2019-2023,publicaciones_openalex_reference-entry,11,trabajos,Trabajos de tipo «reference-entry»,"https://api.openalex.org/works?filter=institutions.id:I16465266,publication_year:2019-2023",2026-09-25T22:38:18+00:00,api
openalex,Universidad Austral de Chile,2023,2019-2023,publicaciones_openalex_report,7,trabajos,Trabajos de tipo «report»,"https://api.openalex.org/works?filter=institutions.id:I16465266,publication_year:2019-2023",2026-09-25T22:38:18+00:00,api
openalex,Universidad Austral de Chile,2023,2019-2023,publicaciones_openalex_review,47,trabajos,Trabajos de tipo «review»,"https://api.openalex.org/works?filter=institutions.id:I16465266,publication_year:2019-2023",2026-09-25T22:38:18+00:00,api
openalex,Universidad Austral de Chile,2023,2019-2023,publicaciones_openalex_supplementary-materials,8,trabajos,Trabajos de tipo «supplementary-materials»,"https://api.openalex.org/works?filter=institutions.id:I16465266,publication_year:2019-2023",2026-09-25T22:38:18+00:00,api
openalex,Universidad Austral de Chile,2023,2019-2023,citas_openalex,84415,citas,Citas recibidas por los trabajos de la ventana (histograma sobre 6259 de 6275),"https://api.openalex.org/works?filter=institutions.id:I16465266,publication_year:2019-2023",2026-09-25T22:38:18+00:00,api
openalex,Universidad Austral de Chile,2023,2019-2023,citas_por_documento_openalex,13.487,citas por documento,"Citas por trabajo, sobre los trabajos del histograma","https://api.openalex.org/works?filter=institutions.id:I16465266,publication_year:2019-2023",2026-09-25T22:38:18+00:00,api
openalex,Universidad Austral de Chile,2023,2019-2023,pct_colaboracion_internacional,57.08,%,Trabajos con coautor de una institución de otro país,"https://api.openalex.org/works?filter=institutions.id:I16465266,publication_year:2019-2023",2026-09-25T22:38:18+00:00,api
openalex,Universidad Austral de Chile,2024,2020-2024,publicaciones_openalex,6369,trabajos,Trabajos con al menos un autor de la institución,"https://api.openalex.org/works?filter=institutions.id:I16465266,publication_year:2020-2024",2026-09-25T22:38:18+00:00,api
openalex,Universidad Austral de Chile,2024,2020-2024,publicaciones_openalex_article,5085,trabajos,Trabajos de tipo «article»,"https://api.openalex.org/works?filter=institutions.id:I16465266,publication_year:2020-2024",2026-09-25T22:38:18+00:00,api
openalex,Universidad Austral de Chile,2024,2020-2024,publicaciones_openalex_book,17,trabajos,Trabajos de tipo «book»,"https://api.openalex.org/works?filter=institutions.id:I16465266,publication_year:2020-2024",2026-09-25T22:38:18+00:00,api
openalex,Universidad Austral de Chile,2024,2020-2024,publicaciones_openalex_book-chapter,199,trabajos,Trabajos de tipo «book-chapter»,"https://api.openalex.org/works?filter=institutions.id:I16465266,publication_year:2020-2024",2026-09-25T22:38:18+00:00,api
openalex,Universidad Austral de Chile,2024,2020-2024,publicaciones_openalex_book-review,17,trabajos,Trabajos de tipo «book-review»,"https://api.openalex.org/works?filter=institutions.id:I16465266,publication_year:2020-2024",2026-09-25T22:38:18+00:00,api
openalex,Universidad Austral de Chile,2024,2020-2024,publicaciones_openalex_conference-abstract,83,trabajos,Trabajos de tipo «conference-abstract»,"https://api.openalex.org/works?filter=institutions.id:I16465266,publication_year:2020-2024",2026-09-25T22:38:18+00:00,api
openalex,Universidad Austral de Chile,2024,2020-2024,publicaciones_openalex_conference-paper,166,trabajos,Trabajos de tipo «conference-paper»,"https://api.openalex.org/works?filter=institutions.id:I16465266,publication_year:2020-2024",2026-09-25T22:38:18+00:00,api
openalex,Universidad Austral de Chile,2024,2020-2024,publicaciones_openalex_data-paper,9,trabajos,Trabajos de tipo «data-paper»,"https://api.openalex.org/works?filter=institutions.id:I16465266,publication_year:2020-2024",2026-09-25T22:38:18+00:00,api
openalex,Universidad Austral de Chile,2024,2020-2024,publicaciones_openalex_dataset,116,trabajos,Trabajos de tipo «dataset»,"https://api.openalex.org/works?filter=institutions.id:I16465266,publication_year:2020-2024",2026-09-25T22:38:18+00:00,api
openalex,Universidad Austral de Chile,2024,2020-2024,publicaciones_openalex_dissertation,2,trabajos,Trabajos de tipo «dissertation»,"https://api.openalex.org/works?filter=institutions.id:I16465266,publication_year:2020-2024",2026-09-25T22:38:18+00:00,api
openalex,Universidad Austral de Chile,2024,2020-2024,publicaciones_openalex_editorial,34,trabajos,Trabajos de tipo «editorial»,"https://api.openalex.org/works?filter=institutions.id:I16465266,publication_year:2020-2024",2026-09-25T22:38:18+00:00,api
openalex,Universidad Austral de Chile,2024,2020-2024,publicaciones_openalex_erratum,32,trabajos,Trabajos de tipo «erratum»,"https://api.openalex.org/works?filter=institutions.id:I16465266,publication_year:2020-2024",2026-09-25T22:38:18+00:00,api
openalex,Universidad Austral de Chile,2024,2020-2024,publicaciones_openalex_letter,5,trabajos,Trabajos de tipo «letter»,"https://api.openalex.org/works?filter=institutions.id:I16465266,publication_year:2020-2024",2026-09-25T22:38:18+00:00,api
openalex,Universidad Austral de Chile,2024,2020-2024,publicaciones_openalex_other,78,trabajos,Trabajos de tipo «other»,"https://api.openalex.org/works?filter=institutions.id:I16465266,publication_year:2020-2024",2026-09-25T22:38:18+00:00,api
openalex,Universidad Austral de Chile,2024,2020-2024,publicaciones_openalex_paratext,7,trabajos,Trabajos de tipo «paratext»,"https://api.openalex.org/works?filter=institutions.id:I16465266,publication_year:2020-2024",2026-09-25T22:38:18+00:00,api
openalex,Universidad Austral de Chile,2024,2020-2024,publicaciones_openalex_peer-review,69,trabajos,Trabajos de tipo «peer-review»,"https://api.openalex.org/works?filter=institutions.id:I16465266,publication_year:2020-2024",2026-09-25T22:38:18+00:00,api
openalex,Universidad Austral de Chile,2024,2020-2024,publicaciones_openalex_preprint,378,trabajos,Trabajos de tipo «preprint»,"https://api.openalex.org/works?filter=institutions.id:I16465266,publication_year:2020-2024",2026-09-25T22:38:18+00:00,api
openalex,Universidad Austral de Chile,2024,2020-2024,publicaciones_openalex_reference-entry,10,trabajos,Trabajos de tipo «reference-entry»,"https://api.openalex.org/works?filter=institutions.id:I16465266,publication_year:2020-2024",2026-09-25T22:38:18+00:00,api
openalex,Universidad Austral de Chile,2024,2020-2024,publicaciones_openalex_report,4,trabajos,Trabajos de tipo «report»,"https://api.openalex.org/works?filter=institutions.id:I16465266,publication_year:2020-2024",2026-09-25T22:38:18+00:00,api
openalex,Universidad Austral de Chile,2024,2020-2024,publicaciones_openalex_review,51,trabajos,Trabajos de tipo «review»,"https://api.openalex.org/works?filter=institutions.id:I16465266,publication_year:2020-2024",2026-09-25T22:38:18+00:00,api
openalex,Universidad Austral de Chile,2024,2020-2024,publicaciones_openalex_supplementary-materials,7,trabajos,Trabajos de tipo «supplementary-materials»,"https://api.openalex.org/works?filter=institutions.id:I16465266,publication_year:2020-2024",2026-09-25T22:38:18+00:00,api
openalex,Universidad Austral de Chile,2024,2020-2024,citas_openalex,69214,citas,Citas recibidas por los trabajos de la ventana (histograma sobre 6361 de 6369),"https://api.openalex.org/works?filter=institutions.id:I16465266,publication_year:2020-2024",2026-09-25T22:38:18+00:00,api
openalex,Universidad Austral de Chile,2024,2020-2024,citas_por_documento_openalex,10.881,citas por documento,"Citas por trabajo, sobre los trabajos del histograma","https://api.openalex.org/works?filter=institutions.id:I16465266,publication_year:2020-2024",2026-09-25T22:38:18+00:00,api
openalex,Universidad Austral de Chile,2024,2020-2024,pct_colaboracion_internacional,57.86,%,Trabajos con coautor de una institución de otro país,"https://api.openalex.org/works?filter=institutions.id:I16465266,publication_year:2020-2024",2026-09-25T22:38:18+00:00,api
openalex,Universidad Austral de Chile,2024,2020-2024,socios_recurrentes,199,instituciones,Instituciones con 3 o más trabajos conjuntos,https://api.openalex.org/works,2026-09-25T22:38:18+00:00,api
openalex,Universidad Austral de Chile,2024,2020-2024,socios_recurrentes_paises,195,países,Países distintos entre los socios recurrentes,https://api.openalex.org/works,2026-09-25T22:38:18+00:00,api
openalex,Universidad Autonoma de Chile,2022,2018-2022,publicaciones_openalex,4159,trabajos,Trabajos con al menos un autor de la institución,"https://api.openalex.org/works?filter=institutions.id:I3121512035,publication_year:2018-2022",2026-09-25T22:38:18+00:00,api
openalex,Universidad Autonoma de Chile,2022,2018-2022,publicaciones_openalex_article,3620,trabajos,Trabajos de tipo «article»,"https://api.openalex.org/works?filter=institutions.id:I3121512035,publication_year:2018-2022",2026-09-25T22:38:18+00:00,api
openalex,Universidad Autonoma de Chile,2022,2018-2022,publicaciones_openalex_book,27,trabajos,Trabajos de tipo «book»,"https://api.openalex.org/works?filter=institutions.id:I3121512035,publication_year:2018-2022",2026-09-25T22:38:18+00:00,api
openalex,Universidad Autonoma de Chile,2022,2018-2022,publicaciones_openalex_book-chapter,56,trabajos,Trabajos de tipo «book-chapter»,"https://api.openalex.org/works?filter=institutions.id:I3121512035,publication_year:2018-2022",2026-09-25T22:38:18+00:00,api
openalex,Universidad Autonoma de Chile,2022,2018-2022,publicaciones_openalex_book-review,11,trabajos,Trabajos de tipo «book-review»,"https://api.openalex.org/works?filter=institutions.id:I3121512035,publication_year:2018-2022",2026-09-25T22:38:18+00:00,api
openalex,Universidad Autonoma de Chile,2022,2018-2022,publicaciones_openalex_conference-abstract,36,trabajos,Trabajos de tipo «conference-abstract»,"https://api.openalex.org/works?filter=institutions.id:I3121512035,publication_year:2018-2022",2026-09-25T22:38:18+00:00,api
openalex,Universidad Autonoma de Chile,2022,2018-2022,publicaciones_openalex_conference-paper,44,trabajos,Trabajos de tipo «conference-paper»,"https://api.openalex.org/works?filter=institutions.id:I3121512035,publication_year:2018-2022",2026-09-25T22:38:18+00:00,api
openalex,Universidad Autonoma de Chile,2022,2018-2022,publicaciones_openalex_data-paper,3,trabajos,Trabajos de tipo «data-paper»,"https://api.openalex.org/works?filter=institutions.id:I3121512035,publication_year:2018-2022",2026-09-25T22:38:18+00:00,api
openalex,Universidad Autonoma de Chile,2022,2018-2022,publicaciones_openalex_dataset,18,trabajos,Trabajos de tipo «dataset»,"https://api.openalex.org/works?filter=institutions.id:I3121512035,publication_year:2018-2022",2026-09-25T22:38:18+00:00,api
openalex,Universidad Autonoma de Chile,2022,2018-2022,publicaciones_openalex_dissertation,3,trabajos,Trabajos de tipo «dissertation»,"https://api.openalex.org/works?filter=institutions.id:I3121512035,publication_year:2018-2022",2026-09-25T22:38:18+00:00,api
openalex,Universidad Autonoma de Chile,2022,2018-2022,publicaciones_openalex_editorial,14,trabajos,Trabajos de tipo «editorial»,"https://api.openalex.org/works?filter=institutions.id:I3121512035,publication_year:2018-2022",2026-09-25T22:38:18+00:00,api
openalex,Universidad Autonoma de Chile,2022,2018-2022,publicaciones_openalex_erratum,31,trabajos,Trabajos de tipo «erratum»,"https://api.openalex.org/works?filter=institutions.id:I3121512035,publication_year:2018-2022",2026-09-25T22:38:18+00:00,api
openalex,Universidad Autonoma de Chile,2022,2018-2022,publicaciones_openalex_letter,3,trabajos,Trabajos de tipo «letter»,"https://api.openalex.org/works?filter=institutions.id:I3121512035,publication_year:2018-2022",2026-09-25T22:38:18+00:00,api
openalex,Universidad Autonoma de Chile,2022,2018-2022,publicaciones_openalex_other,3,trabajos,Trabajos de tipo «other»,"https://api.openalex.org/works?filter=institutions.id:I3121512035,publication_year:2018-2022",2026-09-25T22:38:18+00:00,api
openalex,Universidad Autonoma de Chile,2022,2018-2022,publicaciones_openalex_paratext,4,trabajos,Trabajos de tipo «paratext»,"https://api.openalex.org/works?filter=institutions.id:I3121512035,publication_year:2018-2022",2026-09-25T22:38:18+00:00,api
openalex,Universidad Autonoma de Chile,2022,2018-2022,publicaciones_openalex_peer-review,4,trabajos,Trabajos de tipo «peer-review»,"https://api.openalex.org/works?filter=institutions.id:I3121512035,publication_year:2018-2022",2026-09-25T22:38:18+00:00,api
openalex,Universidad Autonoma de Chile,2022,2018-2022,publicaciones_openalex_preprint,111,trabajos,Trabajos de tipo «preprint»,"https://api.openalex.org/works?filter=institutions.id:I3121512035,publication_year:2018-2022",2026-09-25T22:38:18+00:00,api
openalex,Universidad Autonoma de Chile,2022,2018-2022,publicaciones_openalex_reference-entry,12,trabajos,Trabajos de tipo «reference-entry»,"https://api.openalex.org/works?filter=institutions.id:I3121512035,publication_year:2018-2022",2026-09-25T22:38:18+00:00,api
openalex,Universidad Autonoma de Chile,2022,2018-2022,publicaciones_openalex_report,5,trabajos,Trabajos de tipo «report»,"https://api.openalex.org/works?filter=institutions.id:I3121512035,publication_year:2018-2022",2026-09-25T22:38:18+00:00,api
openalex,Universidad Autonoma de Chile,2022,2018-2022,publicaciones_openalex_review,154,trabajos,Trabajos de tipo «review»,"https://api.openalex.org/works?filter=institutions.id:I3121512035,publication_year:2018-2022",2026-09-25T22:38:18+00:00,api
openalex,Universidad Autonoma de Chile,2022,2018-2022,citas_openalex,88417,citas,Citas recibidas por los trabajos de la ventana (histograma sobre 4153 de 4159),"https://api.openalex.org/works?filter=institutions.id:I3121512035,publication_year:2018-2022",2026-09-25T22:38:18+00:00,api
openalex,Universidad Autonoma de Chile,2022,2018-2022,citas_por_documento_openalex,21.29,citas por documento,"Citas por trabajo, sobre los trabajos del histograma","https://api.openalex.org/works?filter=institutions.id:I3121512035,publication_year:2018-2022",2026-09-25T22:38:18+00:00,api
openalex,Universidad Autonoma de Chile,2022,2018-2022,pct_colaboracion_internacional,65.57,%,Trabajos con coautor de una institución de otro país,"https://api.openalex.org/works?filter=institutions.id:I3121512035,publication_year:2018-2022",2026-09-25T22:38:18+00:00,api
openalex,Universidad Autonoma de Chile,2023,2019-2023,publicaciones_openalex,4437,trabajos,Trabajos con al menos un autor de la institución,"https://api.openalex.org/works?filter=institutions.id:I3121512035,publication_year:2019-2023",2026-09-25T22:38:18+00:00,api
openalex,Universidad Autonoma de Chile,2023,2019-2023,publicaciones_openalex_article,3813,trabajos,Trabajos de tipo «article»,"https://api.openalex.org/works?filter=institutions.id:I3121512035,publication_year:2019-2023",2026-09-25T22:38:18+00:00,api
openalex,Universidad Autonoma de Chile,2023,2019-2023,publicaciones_openalex_book,32,trabajos,Trabajos de tipo «book»,"https://api.openalex.org/works?filter=institutions.id:I3121512035,publication_year:2019-2023",2026-09-25T22:38:18+00:00,api
openalex,Universidad Autonoma de Chile,2023,2019-2023,publicaciones_openalex_book-chapter,65,trabajos,Trabajos de tipo «book-chapter»,"https://api.openalex.org/works?filter=institutions.id:I3121512035,publication_year:2019-2023",2026-09-25T22:38:18+00:00,api
openalex,Universidad Autonoma de Chile,2023,2019-2023,publicaciones_openalex_book-review,10,trabajos,Trabajos de tipo «book-review»,"https://api.openalex.org/works?filter=institutions.id:I3121512035,publication_year:2019-2023",2026-09-25T22:38:18+00:00,api
openalex,Universidad Autonoma de Chile,2023,2019-2023,publicaciones_openalex_conference-abstract,46,trabajos,Trabajos de tipo «conference-abstract»,"https://api.openalex.org/works?filter=institutions.id:I3121512035,publication_year:2019-2023",2026-09-25T22:38:18+00:00,api
openalex,Universidad Autonoma de Chile,2023,2019-2023,publicaciones_openalex_conference-paper,38,trabajos,Trabajos de tipo «conference-paper»,"https://api.openalex.org/works?filter=institutions.id:I3121512035,publication_year:2019-2023",2026-09-25T22:38:18+00:00,api
openalex,Universidad Autonoma de Chile,2023,2019-2023,publicaciones_openalex_data-paper,3,trabajos,Trabajos de tipo «data-paper»,"https://api.openalex.org/works?filter=institutions.id:I3121512035,publication_year:2019-2023",2026-09-25T22:38:18+00:00,api
openalex,Universidad Autonoma de Chile,2023,2019-2023,publicaciones_openalex_dataset,30,trabajos,Trabajos de tipo «dataset»,"https://api.openalex.org/works?filter=institutions.id:I3121512035,publication_year:2019-2023",2026-09-25T22:38:18+00:00,api
openalex,Universidad Autonoma de Chile,2023,2019-2023,publicaciones_openalex_dissertation,3,trabajos,Trabajos de tipo «dissertation»,"https://api.openalex.org/works?filter=institutions.id:I3121512035,publication_year:2019-2023",2026-09-25T22:38:18+00:00,api
openalex,Universidad Autonoma de Chile,2023,2019-2023,publicaciones_openalex_editorial,22,trabajos,Trabajos de tipo «editorial»,"https://api.openalex.org/works?filter=institutions.id:I3121512035,publication_year:2019-2023",2026-09-25T22:38:18+00:00,api
openalex,Universidad Autonoma de Chile,2023,2019-2023,publicaciones_openalex_erratum,35,trabajos,Trabajos de tipo «erratum»,"https://api.openalex.org/works?filter=institutions.id:I3121512035,publication_year:2019-2023",2026-09-25T22:38:18+00:00,api
openalex,Universidad Autonoma de Chile,2023,2019-2023,publicaciones_openalex_letter,3,trabajos,Trabajos de tipo «letter»,"https://api.openalex.org/works?filter=institutions.id:I3121512035,publication_year:2019-2023",2026-09-25T22:38:18+00:00,api
openalex,Universidad Autonoma de Chile,2023,2019-2023,publicaciones_openalex_other,4,trabajos,Trabajos de tipo «other»,"https://api.openalex.org/works?filter=institutions.id:I3121512035,publication_year:2019-2023",2026-09-25T22:38:18+00:00,api
openalex,Universidad Autonoma de Chile,2023,2019-2023,publicaciones_openalex_paratext,3,trabajos,Trabajos de tipo «paratext»,"https://api.openalex.org/works?filter=institutions.id:I3121512035,publication_year:2019-2023",2026-09-25T22:38:18+00:00,api
openalex,Universidad Autonoma de Chile,2023,2019-2023,publicaciones_openalex_peer-review,5,trabajos,Trabajos de tipo «peer-review»,"https://api.openalex.org/works?filter=institutions.id:I3121512035,publication_year:2019-2023",2026-09-25T22:38:18+00:00,api
openalex,Universidad Autonoma de Chile,2023,2019-2023,publicaciones_openalex_preprint,121,trabajos,Trabajos de tipo «preprint»,"https://api.openalex.org/works?filter=institutions.id:I3121512035,publication_year:2019-2023",2026-09-25T22:38:18+00:00,api
openalex,Universidad Autonoma de Chile,2023,2019-2023,publicaciones_openalex_reference-entry,10,trabajos,Trabajos de tipo «reference-entry»,"https://api.openalex.org/works?filter=institutions.id:I3121512035,publication_year:2019-2023",2026-09-25T22:38:18+00:00,api
openalex,Universidad Autonoma de Chile,2023,2019-2023,publicaciones_openalex_report,6,trabajos,Trabajos de tipo «report»,"https://api.openalex.org/works?filter=institutions.id:I3121512035,publication_year:2019-2023",2026-09-25T22:38:18+00:00,api
openalex,Universidad Autonoma de Chile,2023,2019-2023,publicaciones_openalex_review,186,trabajos,Trabajos de tipo «review»,"https://api.openalex.org/works?filter=institutions.id:I3121512035,publication_year:2019-2023",2026-09-25T22:38:18+00:00,api
openalex,Universidad Autonoma de Chile,2023,2019-2023,publicaciones_openalex_supplementary-materials,2,trabajos,Trabajos de tipo «supplementary-materials»,"https://api.openalex.org/works?filter=institutions.id:I3121512035,publication_year:2019-2023",2026-09-25T22:38:18+00:00,api
openalex,Universidad Autonoma de Chile,2023,2019-2023,citas_openalex,77944,citas,Citas recibidas por los trabajos de la ventana (histograma sobre 4432 de 4437),"https://api.openalex.org/works?filter=institutions.id:I3121512035,publication_year:2019-2023",2026-09-25T22:38:18+00:00,api
openalex,Universidad Autonoma de Chile,2023,2019-2023,citas_por_documento_openalex,17.587,citas por documento,"Citas por trabajo, sobre los trabajos del histograma","https://api.openalex.org/works?filter=institutions.id:I3121512035,publication_year:2019-2023",2026-09-25T22:38:18+00:00,api
openalex,Universidad Autonoma de Chile,2023,2019-2023,pct_colaboracion_internacional,65.97,%,Trabajos con coautor de una institución de otro país,"https://api.openalex.org/works?filter=institutions.id:I3121512035,publication_year:2019-2023",2026-09-25T22:38:18+00:00,api
openalex,Universidad Autonoma de Chile,2024,2020-2024,publicaciones_openalex,4651,trabajos,Trabajos con al menos un autor de la institución,"https://api.openalex.org/works?filter=institutions.id:I3121512035,publication_year:2020-2024",2026-09-25T22:38:18+00:00,api
openalex,Universidad Autonoma de Chile,2024,2020-2024,publicaciones_openalex_article,3938,trabajos,Trabajos de tipo «article»,"https://api.openalex.org/works?filter=institutions.id:I3121512035,publication_year:2020-2024",2026-09-25T22:38:18+00:00,api
openalex,Universidad Autonoma de Chile,2024,2020-2024,publicaciones_openalex_book,29,trabajos,Trabajos de tipo «book»,"https://api.openalex.org/works?filter=institutions.id:I3121512035,publication_year:2020-2024",2026-09-25T22:38:18+00:00,api
openalex,Universidad Autonoma de Chile,2024,2020-2024,publicaciones_openalex_book-chapter,54,trabajos,Trabajos de tipo «book-chapter»,"https://api.openalex.org/works?filter=institutions.id:I3121512035,publication_year:2020-2024",2026-09-25T22:38:18+00:00,api
openalex,Universidad Autonoma de Chile,2024,2020-2024,publicaciones_openalex_book-review,8,trabajos,Trabajos de tipo «book-review»,"https://api.openalex.org/works?filter=institutions.id:I3121512035,publication_year:2020-2024",2026-09-25T22:38:18+00:00,api
openalex,Universidad Autonoma de Chile,2024,2020-2024,publicaciones_openalex_conference-abstract,55,trabajos,Trabajos de tipo «conference-abstract»,"https://api.openalex.org/works?filter=institutions.id:I3121512035,publication_year:2020-2024",2026-09-25T22:38:18+00:00,api
openalex,Universidad Autonoma de Chile,2024,2020-2024,publicaciones_openalex_conference-paper,44,trabajos,Trabajos de tipo «conference-paper»,"https://api.openalex.org/works?filter=institutions.id:I3121512035,publication_year:2020-2024",2026-09-25T22:38:18+00:00,api
openalex,Universidad Autonoma de Chile,2024,2020-2024,publicaciones_openalex_data-paper,2,trabajos,Trabajos de tipo «data-paper»,"https://api.openalex.org/works?filter=institutions.id:I3121512035,publication_year:2020-2024",2026-09-25T22:38:18+00:00,api
openalex,Universidad Autonoma de Chile,2024,2020-2024,publicaciones_openalex_dataset,30,trabajos,Trabajos de tipo «dataset»,"https://api.openalex.org/works?filter=institutions.id:I3121512035,publication_year:2020-2024",2026-09-25T22:38:18+00:00,api
openalex,Universidad Autonoma de Chile,2024,2020-2024,publicaciones_openalex_dissertation,3,trabajos,Trabajos de tipo «dissertation»,"https://api.openalex.org/works?filter=institutions.id:I3121512035,publication_year:2020-2024",2026-09-25T22:38:18+00:00,api
openalex,Universidad Autonoma de Chile,2024,2020-2024,publicaciones_openalex_editorial,21,trabajos,Trabajos de tipo «editorial»,"https://api.openalex.org/works?filter=institutions.id:I3121512035,publication_year:2020-2024",2026-09-25T22:38:18+00:00,api
openalex,Universidad Autonoma de Chile,2024,2020-2024,publicaciones_openalex_erratum,35,trabajos,Trabajos de tipo «erratum»,"https://api.openalex.org/works?filter=institutions.id:I3121512035,publication_year:2020-2024",2026-09-25T22:38:18+00:00,api
openalex,Universidad Autonoma de Chile,2024,2020-2024,publicaciones_openalex_letter,4,trabajos,Trabajos de tipo «letter»,"https://api.openalex.org/works?filter=institutions.id:I3121512035,publication_year:2020-2024",2026-09-25T22:38:18+00:00,api
openalex,Universidad Autonoma de Chile,2024,2020-2024,publicaciones_openalex_other,3,trabajos,Trabajos de tipo «other»,"https://api.openalex.org/works?filter=institutions.id:I3121512035,publication_year:2020-2024",2026-09-25T22:38:18+00:00,api
openalex,Universidad Autonoma de Chile,2024,2020-2024,publicaciones_openalex_paratext,6,trabajos,Trabajos de tipo «paratext»,"https://api.openalex.org/works?filter=institutions.id:I3121512035,publication_year:2020-2024",2026-09-25T22:38:18+00:00,api
openalex,Universidad Autonoma de Chile,2024,2020-2024,publicaciones_openalex_peer-review,9,trabajos,Trabajos de tipo «peer-review»,"https://api.openalex.org/works?filter=institutions.id:I3121512035,publication_year:2020-2024",2026-09-25T22:38:18+00:00,api
openalex,Universidad Autonoma de Chile,2024,2020-2024,publicaciones_openalex_preprint,151,trabajos,Trabajos de tipo «preprint»,"https://api.openalex.org/works?filter=institutions.id:I3121512035,publication_year:2020-2024",2026-09-25T22:38:18+00:00,api
openalex,Universidad Autonoma de Chile,2024,2020-2024,publicaciones_openalex_reference-entry,12,trabajos,Trabajos de tipo «reference-entry»,"https://api.openalex.org/works?filter=institutions.id:I3121512035,publication_year:2020-2024",2026-09-25T22:38:18+00:00,api
openalex,Universidad Autonoma de Chile,2024,2020-2024,publicaciones_openalex_report,6,trabajos,Trabajos de tipo «report»,"https://api.openalex.org/works?filter=institutions.id:I3121512035,publication_year:2020-2024",2026-09-25T22:38:18+00:00,api
openalex,Universidad Autonoma de Chile,2024,2020-2024,publicaciones_openalex_retraction,3,trabajos,Trabajos de tipo «retraction»,"https://api.openalex.org/works?filter=institutions.id:I3121512035,publication_year:2020-2024",2026-09-25T22:38:18+00:00,api
openalex,Universidad Autonoma de Chile,2024,2020-2024,publicaciones_openalex_review,236,trabajos,Trabajos de tipo «review»,"https://api.openalex.org/works?filter=institutions.id:I3121512035,publication_year:2020-2024",2026-09-25T22:38:18+00:00,api
openalex,Universidad Autonoma de Chile,2024,2020-2024,publicaciones_openalex_supplementary-materials,2,trabajos,Trabajos de tipo «supplementary-materials»,"https://api.openalex.org/works?filter=institutions.id:I3121512035,publication_year:2020-2024",2026-09-25T22:38:18+00:00,api
openalex,Universidad Autonoma de Chile,2024,2020-2024,citas_openalex,65283,citas,Citas recibidas por los trabajos de la ventana (histograma sobre 4650 de 4651),"https://api.openalex.org/works?filter=institutions.id:I3121512035,publication_year:2020-2024",2026-09-25T22:38:18+00:00,api
openalex,Universidad Autonoma de Chile,2024,2020-2024,citas_por_documento_openalex,14.039,citas por documento,"Citas por trabajo, sobre los trabajos del histograma","https://api.openalex.org/works?filter=institutions.id:I3121512035,publication_year:2020-2024",2026-09-25T22:38:18+00:00,api
openalex,Universidad Autonoma de Chile,2024,2020-2024,pct_colaboracion_internacional,66.31,%,Trabajos con coautor de una institución de otro país,"https://api.openalex.org/works?filter=institutions.id:I3121512035,publication_year:2020-2024",2026-09-25T22:38:18+00:00,api
openalex,Universidad Autonoma de Chile,2024,2020-2024,socios_recurrentes,199,instituciones,Instituciones con 3 o más trabajos conjuntos,https://api.openalex.org/works,2026-09-25T22:38:18+00:00,api
openalex,Universidad Autonoma de Chile,2024,2020-2024,socios_recurrentes_paises,195,países,Países distintos entre los socios recurrentes,https://api.openalex.org/works,2026-09-25T22:38:18+00:00,api
openalex,Universidad Bernardo O'Higgins,2022,2018-2022,publicaciones_openalex,2043,trabajos,Trabajos con al menos un autor de la institución,"https://api.openalex.org/works?filter=institutions.id:I4210086410,publication_year:2018-2022",2026-09-25T22:38:18+00:00,api
openalex,Universidad Bernardo O'Higgins,2022,2018-2022,publicaciones_openalex_article,1694,trabajos,Trabajos de tipo «article»,"https://api.openalex.org/works?filter=institutions.id:I4210086410,publication_year:2018-2022",2026-09-25T22:38:18+00:00,api
openalex,Universidad Bernardo O'Higgins,2022,2018-2022,publicaciones_openalex_book,9,trabajos,Trabajos de tipo «book»,"https://api.openalex.org/works?filter=institutions.id:I4210086410,publication_year:2018-2022",2026-09-25T22:38:18+00:00,api
openalex,Universidad Bernardo O'Higgins,2022,2018-2022,publicaciones_openalex_book-chapter,23,trabajos,Trabajos de tipo «book-chapter»,"https://api.openalex.org/works?filter=institutions.id:I4210086410,publication_year:2018-2022",2026-09-25T22:38:18+00:00,api
openalex,Universidad Bernardo O'Higgins,2022,2018-2022,publicaciones_openalex_book-review,17,trabajos,Trabajos de tipo «book-review»,"https://api.openalex.org/works?filter=institutions.id:I4210086410,publication_year:2018-2022",2026-09-25T22:38:18+00:00,api
openalex,Universidad Bernardo O'Higgins,2022,2018-2022,publicaciones_openalex_conference-abstract,4,trabajos,Trabajos de tipo «conference-abstract»,"https://api.openalex.org/works?filter=institutions.id:I4210086410,publication_year:2018-2022",2026-09-25T22:38:18+00:00,api
openalex,Universidad Bernardo O'Higgins,2022,2018-2022,publicaciones_openalex_conference-paper,77,trabajos,Trabajos de tipo «conference-paper»,"https://api.openalex.org/works?filter=institutions.id:I4210086410,publication_year:2018-2022",2026-09-25T22:38:18+00:00,api
openalex,Universidad Bernardo O'Higgins,2022,2018-2022,publicaciones_openalex_data-paper,1,trabajos,Trabajos de tipo «data-paper»,"https://api.openalex.org/works?filter=institutions.id:I4210086410,publication_year:2018-2022",2026-09-25T22:38:18+00:00,api
openalex,Universidad Bernardo O'Higgins,2022,2018-2022,publicaciones_openalex_dataset,3,trabajos,Trabajos de tipo «dataset»,"https://api.openalex.org/works?filter=institutions.id:I4210086410,publication_year:2018-2022",2026-09-25T22:38:18+00:00,api
openalex,Universidad Bernardo O'Higgins,2022,2018-2022,publicaciones_openalex_editorial,16,trabajos,Trabajos de tipo «editorial»,"https://api.openalex.org/works?filter=institutions.id:I4210086410,publication_year:2018-2022",2026-09-25T22:38:18+00:00,api
openalex,Universidad Bernardo O'Higgins,2022,2018-2022,publicaciones_openalex_erratum,14,trabajos,Trabajos de tipo «erratum»,"https://api.openalex.org/works?filter=institutions.id:I4210086410,publication_year:2018-2022",2026-09-25T22:38:18+00:00,api
openalex,Universidad Bernardo O'Higgins,2022,2018-2022,publicaciones_openalex_letter,1,trabajos,Trabajos de tipo «letter»,"https://api.openalex.org/works?filter=institutions.id:I4210086410,publication_year:2018-2022",2026-09-25T22:38:18+00:00,api
openalex,Universidad Bernardo O'Higgins,2022,2018-2022,publicaciones_openalex_other,4,trabajos,Trabajos de tipo «other»,"https://api.openalex.org/works?filter=institutions.id:I4210086410,publication_year:2018-2022",2026-09-25T22:38:18+00:00,api
openalex,Universidad Bernardo O'Higgins,2022,2018-2022,publicaciones_openalex_paratext,2,trabajos,Trabajos de tipo «paratext»,"https://api.openalex.org/works?filter=institutions.id:I4210086410,publication_year:2018-2022",2026-09-25T22:38:18+00:00,api
openalex,Universidad Bernardo O'Higgins,2022,2018-2022,publicaciones_openalex_peer-review,2,trabajos,Trabajos de tipo «peer-review»,"https://api.openalex.org/works?filter=institutions.id:I4210086410,publication_year:2018-2022",2026-09-25T22:38:18+00:00,api
openalex,Universidad Bernardo O'Higgins,2022,2018-2022,publicaciones_openalex_preprint,148,trabajos,Trabajos de tipo «preprint»,"https://api.openalex.org/works?filter=institutions.id:I4210086410,publication_year:2018-2022",2026-09-25T22:38:18+00:00,api
openalex,Universidad Bernardo O'Higgins,2022,2018-2022,publicaciones_openalex_reference-entry,3,trabajos,Trabajos de tipo «reference-entry»,"https://api.openalex.org/works?filter=institutions.id:I4210086410,publication_year:2018-2022",2026-09-25T22:38:18+00:00,api
openalex,Universidad Bernardo O'Higgins,2022,2018-2022,publicaciones_openalex_report,3,trabajos,Trabajos de tipo «report»,"https://api.openalex.org/works?filter=institutions.id:I4210086410,publication_year:2018-2022",2026-09-25T22:38:18+00:00,api
openalex,Universidad Bernardo O'Higgins,2022,2018-2022,publicaciones_openalex_review,21,trabajos,Trabajos de tipo «review»,"https://api.openalex.org/works?filter=institutions.id:I4210086410,publication_year:2018-2022",2026-09-25T22:38:18+00:00,api
openalex,Universidad Bernardo O'Higgins,2022,2018-2022,publicaciones_openalex_supplementary-materials,1,trabajos,Trabajos de tipo «supplementary-materials»,"https://api.openalex.org/works?filter=institutions.id:I4210086410,publication_year:2018-2022",2026-09-25T22:38:18+00:00,api
openalex,Universidad Bernardo O'Higgins,2022,2018-2022,citas_openalex,35448,citas,Citas recibidas por los trabajos de la ventana (histograma sobre 2041 de 2043),"https://api.openalex.org/works?filter=institutions.id:I4210086410,publication_year:2018-2022",2026-09-25T22:38:18+00:00,api
openalex,Universidad Bernardo O'Higgins,2022,2018-2022,citas_por_documento_openalex,17.368,citas por documento,"Citas por trabajo, sobre los trabajos del histograma","https://api.openalex.org/works?filter=institutions.id:I4210086410,publication_year:2018-2022",2026-09-25T22:38:18+00:00,api
openalex,Universidad Bernardo O'Higgins,2022,2018-2022,pct_colaboracion_internacional,55.16,%,Trabajos con coautor de una institución de otro país,"https://api.openalex.org/works?filter=institutions.id:I4210086410,publication_year:2018-2022",2026-09-25T22:38:18+00:00,api
openalex,Universidad Bernardo O'Higgins,2023,2019-2023,publicaciones_openalex,2338,trabajos,Trabajos con al menos un autor de la institución,"https://api.openalex.org/works?filter=institutions.id:I4210086410,publication_year:2019-2023",2026-09-25T22:38:18+00:00,api
openalex,Universidad Bernardo O'Higgins,2023,2019-2023,publicaciones_openalex_article,1897,trabajos,Trabajos de tipo «article»,"https://api.openalex.org/works?filter=institutions.id:I4210086410,publication_year:2019-2023",2026-09-25T22:38:18+00:00,api
openalex,Universidad Bernardo O'Higgins,2023,2019-2023,publicaciones_openalex_book,12,trabajos,Trabajos de tipo «book»,"https://api.openalex.org/works?filter=institutions.id:I4210086410,publication_year:2019-2023",2026-09-25T22:38:18+00:00,api
openalex,Universidad Bernardo O'Higgins,2023,2019-2023,publicaciones_openalex_book-chapter,30,trabajos,Trabajos de tipo «book-chapter»,"https://api.openalex.org/works?filter=institutions.id:I4210086410,publication_year:2019-2023",2026-09-25T22:38:18+00:00,api
openalex,Universidad Bernardo O'Higgins,2023,2019-2023,publicaciones_openalex_book-review,12,trabajos,Trabajos de tipo «book-review»,"https://api.openalex.org/works?filter=institutions.id:I4210086410,publication_year:2019-2023",2026-09-25T22:38:18+00:00,api
openalex,Universidad Bernardo O'Higgins,2023,2019-2023,publicaciones_openalex_conference-abstract,5,trabajos,Trabajos de tipo «conference-abstract»,"https://api.openalex.org/works?filter=institutions.id:I4210086410,publication_year:2019-2023",2026-09-25T22:38:18+00:00,api
openalex,Universidad Bernardo O'Higgins,2023,2019-2023,publicaciones_openalex_conference-paper,85,trabajos,Trabajos de tipo «conference-paper»,"https://api.openalex.org/works?filter=institutions.id:I4210086410,publication_year:2019-2023",2026-09-25T22:38:18+00:00,api
openalex,Universidad Bernardo O'Higgins,2023,2019-2023,publicaciones_openalex_data-paper,2,trabajos,Trabajos de tipo «data-paper»,"https://api.openalex.org/works?filter=institutions.id:I4210086410,publication_year:2019-2023",2026-09-25T22:38:18+00:00,api
openalex,Universidad Bernardo O'Higgins,2023,2019-2023,publicaciones_openalex_dataset,2,trabajos,Trabajos de tipo «dataset»,"https://api.openalex.org/works?filter=institutions.id:I4210086410,publication_year:2019-2023",2026-09-25T22:38:18+00:00,api
openalex,Universidad Bernardo O'Higgins,2023,2019-2023,publicaciones_openalex_editorial,21,trabajos,Trabajos de tipo «editorial»,"https://api.openalex.org/works?filter=institutions.id:I4210086410,publication_year:2019-2023",2026-09-25T22:38:18+00:00,api
openalex,Universidad Bernardo O'Higgins,2023,2019-2023,publicaciones_openalex_erratum,14,trabajos,Trabajos de tipo «erratum»,"https://api.openalex.org/works?filter=institutions.id:I4210086410,publication_year:2019-2023",2026-09-25T22:38:18+00:00,api
openalex,Universidad Bernardo O'Higgins,2023,2019-2023,publicaciones_openalex_letter,2,trabajos,Trabajos de tipo «letter»,"https://api.openalex.org/works?filter=institutions.id:I4210086410,publication_year:2019-2023",2026-09-25T22:38:18+00:00,api
openalex,Universidad Bernardo O'Higgins,2023,2019-2023,publicaciones_openalex_other,6,trabajos,Trabajos de tipo «other»,"https://api.openalex.org/works?filter=institutions.id:I4210086410,publication_year:2019-2023",2026-09-25T22:38:18+00:00,api
openalex,Universidad Bernardo O'Higgins,2023,2019-2023,publicaciones_openalex_paratext,3,trabajos,Trabajos de tipo «paratext»,"https://api.openalex.org/works?filter=institutions.id:I4210086410,publication_year:2019-2023",2026-09-25T22:38:18+00:00,api
openalex,Universidad Bernardo O'Higgins,2023,2019-2023,publicaciones_openalex_peer-review,6,trabajos,Trabajos de tipo «peer-review»,"https://api.openalex.org/works?filter=institutions.id:I4210086410,publication_year:2019-2023",2026-09-25T22:38:18+00:00,api
openalex,Universidad Bernardo O'Higgins,2023,2019-2023,publicaciones_openalex_preprint,200,trabajos,Trabajos de tipo «preprint»,"https://api.openalex.org/works?filter=institutions.id:I4210086410,publication_year:2019-2023",2026-09-25T22:38:18+00:00,api
openalex,Universidad Bernardo O'Higgins,2023,2019-2023,publicaciones_openalex_reference-entry,3,trabajos,Trabajos de tipo «reference-entry»,"https://api.openalex.org/works?filter=institutions.id:I4210086410,publication_year:2019-2023",2026-09-25T22:38:18+00:00,api
openalex,Universidad Bernardo O'Higgins,2023,2019-2023,publicaciones_openalex_report,3,trabajos,Trabajos de tipo «report»,"https://api.openalex.org/works?filter=institutions.id:I4210086410,publication_year:2019-2023",2026-09-25T22:38:18+00:00,api
openalex,Universidad Bernardo O'Higgins,2023,2019-2023,publicaciones_openalex_review,32,trabajos,Trabajos de tipo «review»,"https://api.openalex.org/works?filter=institutions.id:I4210086410,publication_year:2019-2023",2026-09-25T22:38:18+00:00,api
openalex,Universidad Bernardo O'Higgins,2023,2019-2023,publicaciones_openalex_supplementary-materials,3,trabajos,Trabajos de tipo «supplementary-materials»,"https://api.openalex.org/works?filter=institutions.id:I4210086410,publication_year:2019-2023",2026-09-25T22:38:18+00:00,api
openalex,Universidad Bernardo O'Higgins,2023,2019-2023,citas_openalex,32625,citas,Citas recibidas por los trabajos de la ventana (histograma sobre 2335 de 2338),"https://api.openalex.org/works?filter=institutions.id:I4210086410,publication_year:2019-2023",2026-09-25T22:38:18+00:00,api
openalex,Universidad Bernardo O'Higgins,2023,2019-2023,citas_por_documento_openalex,13.972,citas por documento,"Citas por trabajo, sobre los trabajos del histograma","https://api.openalex.org/works?filter=institutions.id:I4210086410,publication_year:2019-2023",2026-09-25T22:38:18+00:00,api
openalex,Universidad Bernardo O'Higgins,2023,2019-2023,pct_colaboracion_internacional,57.1,%,Trabajos con coautor de una institución de otro país,"https://api.openalex.org/works?filter=institutions.id:I4210086410,publication_year:2019-2023",2026-09-25T22:38:18+00:00,api
openalex,Universidad Bernardo O'Higgins,2024,2020-2024,publicaciones_openalex,2589,trabajos,Trabajos con al menos un autor de la institución,"https://api.openalex.org/works?filter=institutions.id:I4210086410,publication_year:2020-2024",2026-09-25T22:38:18+00:00,api
openalex,Universidad Bernardo O'Higgins,2024,2020-2024,publicaciones_openalex_article,2065,trabajos,Trabajos de tipo «article»,"https://api.openalex.org/works?filter=institutions.id:I4210086410,publication_year:2020-2024",2026-09-25T22:38:18+00:00,api
openalex,Universidad Bernardo O'Higgins,2024,2020-2024,publicaciones_openalex_book,15,trabajos,Trabajos de tipo «book»,"https://api.openalex.org/works?filter=institutions.id:I4210086410,publication_year:2020-2024",2026-09-25T22:38:18+00:00,api
openalex,Universidad Bernardo O'Higgins,2024,2020-2024,publicaciones_openalex_book-chapter,28,trabajos,Trabajos de tipo «book-chapter»,"https://api.openalex.org/works?filter=institutions.id:I4210086410,publication_year:2020-2024",2026-09-25T22:38:18+00:00,api
openalex,Universidad Bernardo O'Higgins,2024,2020-2024,publicaciones_openalex_book-review,8,trabajos,Trabajos de tipo «book-review»,"https://api.openalex.org/works?filter=institutions.id:I4210086410,publication_year:2020-2024",2026-09-25T22:38:18+00:00,api
openalex,Universidad Bernardo O'Higgins,2024,2020-2024,publicaciones_openalex_conference-abstract,8,trabajos,Trabajos de tipo «conference-abstract»,"https://api.openalex.org/works?filter=institutions.id:I4210086410,publication_year:2020-2024",2026-09-25T22:38:18+00:00,api
openalex,Universidad Bernardo O'Higgins,2024,2020-2024,publicaciones_openalex_conference-paper,86,trabajos,Trabajos de tipo «conference-paper»,"https://api.openalex.org/works?filter=institutions.id:I4210086410,publication_year:2020-2024",2026-09-25T22:38:18+00:00,api
openalex,Universidad Bernardo O'Higgins,2024,2020-2024,publicaciones_openalex_data-paper,3,trabajos,Trabajos de tipo «data-paper»,"https://api.openalex.org/works?filter=institutions.id:I4210086410,publication_year:2020-2024",2026-09-25T22:38:18+00:00,api
openalex,Universidad Bernardo O'Higgins,2024,2020-2024,publicaciones_openalex_dataset,2,trabajos,Trabajos de tipo «dataset»,"https://api.openalex.org/works?filter=institutions.id:I4210086410,publication_year:2020-2024",2026-09-25T22:38:18+00:00,api
openalex,Universidad Bernardo O'Higgins,2024,2020-2024,publicaciones_openalex_editorial,22,trabajos,Trabajos de tipo «editorial»,"https://api.openalex.org/works?filter=institutions.id:I4210086410,publication_year:2020-2024",2026-09-25T22:38:18+00:00,api
openalex,Universidad Bernardo O'Higgins,2024,2020-2024,publicaciones_openalex_erratum,8,trabajos,Trabajos de tipo «erratum»,"https://api.openalex.org/works?filter=institutions.id:I4210086410,publication_year:2020-2024",2026-09-25T22:38:18+00:00,api
openalex,Universidad Bernardo O'Higgins,2024,2020-2024,publicaciones_openalex_letter,8,trabajos,Trabajos de tipo «letter»,"https://api.openalex.org/works?filter=institutions.id:I4210086410,publication_year:2020-2024",2026-09-25T22:38:18+00:00,api
openalex,Universidad Bernardo O'Higgins,2024,2020-2024,publicaciones_openalex_other,9,trabajos,Trabajos de tipo «other»,"https://api.openalex.org/works?filter=institutions.id:I4210086410,publication_year:2020-2024",2026-09-25T22:38:18+00:00,api
openalex,Universidad Bernardo O'Higgins,2024,2020-2024,publicaciones_openalex_paratext,5,trabajos,Trabajos de tipo «paratext»,"https://api.openalex.org/works?filter=institutions.id:I4210086410,publication_year:2020-2024",2026-09-25T22:38:18+00:00,api
openalex,Universidad Bernardo O'Higgins,2024,2020-2024,publicaciones_openalex_peer-review,13,trabajos,Trabajos de tipo «peer-review»,"https://api.openalex.org/works?filter=institutions.id:I4210086410,publication_year:2020-2024",2026-09-25T22:38:18+00:00,api
openalex,Universidad Bernardo O'Higgins,2024,2020-2024,publicaciones_openalex_preprint,252,trabajos,Trabajos de tipo «preprint»,"https://api.openalex.org/works?filter=institutions.id:I4210086410,publication_year:2020-2024",2026-09-25T22:38:18+00:00,api
openalex,Universidad Bernardo O'Higgins,2024,2020-2024,publicaciones_openalex_reference-entry,2,trabajos,Trabajos de tipo «reference-entry»,"https://api.openalex.org/works?filter=institutions.id:I4210086410,publication_year:2020-2024",2026-09-25T22:38:18+00:00,api
openalex,Universidad Bernardo O'Higgins,2024,2020-2024,publicaciones_openalex_report,3,trabajos,Trabajos de tipo «report»,"https://api.openalex.org/works?filter=institutions.id:I4210086410,publication_year:2020-2024",2026-09-25T22:38:18+00:00,api
openalex,Universidad Bernardo O'Higgins,2024,2020-2024,publicaciones_openalex_review,49,trabajos,Trabajos de tipo «review»,"https://api.openalex.org/works?filter=institutions.id:I4210086410,publication_year:2020-2024",2026-09-25T22:38:18+00:00,api
openalex,Universidad Bernardo O'Higgins,2024,2020-2024,publicaciones_openalex_supplementary-materials,3,trabajos,Trabajos de tipo «supplementary-materials»,"https://api.openalex.org/works?filter=institutions.id:I4210086410,publication_year:2020-2024",2026-09-25T22:38:18+00:00,api
openalex,Universidad Bernardo O'Higgins,2024,2020-2024,citas_openalex,28558,citas,Citas recibidas por los trabajos de la ventana (histograma sobre 2583 de 2589),"https://api.openalex.org/works?filter=institutions.id:I4210086410,publication_year:2020-2024",2026-09-25T22:38:18+00:00,api
openalex,Universidad Bernardo O'Higgins,2024,2020-2024,citas_por_documento_openalex,11.056,citas por documento,"Citas por trabajo, sobre los trabajos del histograma","https://api.openalex.org/works?filter=institutions.id:I4210086410,publication_year:2020-2024",2026-09-25T22:38:18+00:00,api
openalex,Universidad Bernardo O'Higgins,2024,2020-2024,pct_colaboracion_internacional,56.7,%,Trabajos con coautor de una institución de otro país,"https://api.openalex.org/works?filter=institutions.id:I4210086410,publication_year:2020-2024",2026-09-25T22:38:18+00:00,api
openalex,Universidad Bernardo O'Higgins,2024,2020-2024,socios_recurrentes,199,instituciones,Instituciones con 3 o más trabajos conjuntos,https://api.openalex.org/works,2026-09-25T22:38:18+00:00,api
openalex,Universidad Bernardo O'Higgins,2024,2020-2024,socios_recurrentes_paises,196,países,Países distintos entre los socios recurrentes,https://api.openalex.org/works,2026-09-25T22:38:18+00:00,api
openalex,Universidad Bolivariana de Chile,2022,2018-2022,publicaciones_openalex,11,trabajos,Trabajos con al menos un autor de la institución,"https://api.openalex.org/works?filter=institutions.id:I4210156586,publication_year:2018-2022",2026-09-25T22:38:18+00:00,api
openalex,Universidad Bolivariana de Chile,2022,2018-2022,publicaciones_openalex_article,8,trabajos,Trabajos de tipo «article»,"https://api.openalex.org/works?filter=institutions.id:I4210156586,publication_year:2018-2022",2026-09-25T22:38:18+00:00,api
openalex,Universidad Bolivariana de Chile,2022,2018-2022,publicaciones_openalex_book-chapter,1,trabajos,Trabajos de tipo «book-chapter»,"https://api.openalex.org/works?filter=institutions.id:I4210156586,publication_year:2018-2022",2026-09-25T22:38:18+00:00,api
openalex,Universidad Bolivariana de Chile,2022,2018-2022,publicaciones_openalex_editorial,1,trabajos,Trabajos de tipo «editorial»,"https://api.openalex.org/works?filter=institutions.id:I4210156586,publication_year:2018-2022",2026-09-25T22:38:18+00:00,api
openalex,Universidad Bolivariana de Chile,2022,2018-2022,publicaciones_openalex_preprint,1,trabajos,Trabajos de tipo «preprint»,"https://api.openalex.org/works?filter=institutions.id:I4210156586,publication_year:2018-2022",2026-09-25T22:38:18+00:00,api
openalex,Universidad Bolivariana de Chile,2022,2018-2022,citas_openalex,66,citas,Citas recibidas por los trabajos de la ventana (histograma sobre 11 de 11),"https://api.openalex.org/works?filter=institutions.id:I4210156586,publication_year:2018-2022",2026-09-25T22:38:18+00:00,api
openalex,Universidad Bolivariana de Chile,2022,2018-2022,citas_por_documento_openalex,6.0,citas por documento,"Citas por trabajo, sobre los trabajos del histograma","https://api.openalex.org/works?filter=institutions.id:I4210156586,publication_year:2018-2022",2026-09-25T22:38:18+00:00,api
openalex,Universidad Bolivariana de Chile,2022,2018-2022,pct_colaboracion_internacional,18.18,%,Trabajos con coautor de una institución de otro país,"https://api.openalex.org/works?filter=institutions.id:I4210156586,publication_year:2018-2022",2026-09-25T22:38:18+00:00,api
openalex,Universidad Bolivariana de Chile,2023,2019-2023,publicaciones_openalex,14,trabajos,Trabajos con al menos un autor de la institución,"https://api.openalex.org/works?filter=institutions.id:I4210156586,publication_year:2019-2023",2026-09-25T22:38:18+00:00,api
openalex,Universidad Bolivariana de Chile,2023,2019-2023,publicaciones_openalex_article,11,trabajos,Trabajos de tipo «article»,"https://api.openalex.org/works?filter=institutions.id:I4210156586,publication_year:2019-2023",2026-09-25T22:38:18+00:00,api
openalex,Universidad Bolivariana de Chile,2023,2019-2023,publicaciones_openalex_editorial,1,trabajos,Trabajos de tipo «editorial»,"https://api.openalex.org/works?filter=institutions.id:I4210156586,publication_year:2019-2023",2026-09-25T22:38:18+00:00,api
openalex,Universidad Bolivariana de Chile,2023,2019-2023,publicaciones_openalex_paratext,1,trabajos,Trabajos de tipo «paratext»,"https://api.openalex.org/works?filter=institutions.id:I4210156586,publication_year:2019-2023",2026-09-25T22:38:18+00:00,api
openalex,Universidad Bolivariana de Chile,2023,2019-2023,publicaciones_openalex_preprint,1,trabajos,Trabajos de tipo «preprint»,"https://api.openalex.org/works?filter=institutions.id:I4210156586,publication_year:2019-2023",2026-09-25T22:38:18+00:00,api
openalex,Universidad Bolivariana de Chile,2023,2019-2023,citas_openalex,13,citas,Citas recibidas por los trabajos de la ventana (histograma sobre 14 de 14),"https://api.openalex.org/works?filter=institutions.id:I4210156586,publication_year:2019-2023",2026-09-25T22:38:18+00:00,api
openalex,Universidad Bolivariana de Chile,2023,2019-2023,citas_por_documento_openalex,0.929,citas por documento,"Citas por trabajo, sobre los trabajos del histograma","https://api.openalex.org/works?filter=institutions.id:I4210156586,publication_year:2019-2023",2026-09-25T22:38:18+00:00,api
openalex,Universidad Bolivariana de Chile,2023,2019-2023,pct_colaboracion_internacional,21.43,%,Trabajos con coautor de una institución de otro país,"https://api.openalex.org/works?filter=institutions.id:I4210156586,publication_year:2019-2023",2026-09-25T22:38:18+00:00,api
openalex,Universidad Bolivariana de Chile,2024,2020-2024,publicaciones_openalex,16,trabajos,Trabajos con al menos un autor de la institución,"https://api.openalex.org/works?filter=institutions.id:I4210156586,publication_year:2020-2024",2026-09-25T22:38:18+00:00,api
openalex,Universidad Bolivariana de Chile,2024,2020-2024,publicaciones_openalex_article,14,trabajos,Trabajos de tipo «article»,"https://api.openalex.org/works?filter=institutions.id:I4210156586,publication_year:2020-2024",2026-09-25T22:38:18+00:00,api
openalex,Universidad Bolivariana de Chile,2024,2020-2024,publicaciones_openalex_editorial,1,trabajos,Trabajos de tipo «editorial»,"https://api.openalex.org/works?filter=institutions.id:I4210156586,publication_year:2020-2024",2026-09-25T22:38:18+00:00,api
openalex,Universidad Bolivariana de Chile,2024,2020-2024,publicaciones_openalex_paratext,1,trabajos,Trabajos de tipo «paratext»,"https://api.openalex.org/works?filter=institutions.id:I4210156586,publication_year:2020-2024",2026-09-25T22:38:18+00:00,api
openalex,Universidad Bolivariana de Chile,2024,2020-2024,citas_openalex,13,citas,Citas recibidas por los trabajos de la ventana (histograma sobre 16 de 16),"https://api.openalex.org/works?filter=institutions.id:I4210156586,publication_year:2020-2024",2026-09-25T22:38:18+00:00,api
openalex,Universidad Bolivariana de Chile,2024,2020-2024,citas_por_documento_openalex,0.812,citas por documento,"Citas por trabajo, sobre los trabajos del histograma","https://api.openalex.org/works?filter=institutions.id:I4210156586,publication_year:2020-2024",2026-09-25T22:38:18+00:00,api
openalex,Universidad Bolivariana de Chile,2024,2020-2024,pct_colaboracion_internacional,18.75,%,Trabajos con coautor de una institución de otro país,"https://api.openalex.org/works?filter=institutions.id:I4210156586,publication_year:2020-2024",2026-09-25T22:38:18+00:00,api
openalex,Universidad Catolica Cardenal Raul Silva Henriquez,2022,2018-2022,publicaciones_openalex,702,trabajos,Trabajos con al menos un autor de la institución,"https://api.openalex.org/works?filter=institutions.id:I4210088718,publication_year:2018-2022",2026-09-25T22:38:18+00:00,api
openalex,Universidad Catolica Cardenal Raul Silva Henriquez,2022,2018-2022,publicaciones_openalex_article,619,trabajos,Trabajos de tipo «article»,"https://api.openalex.org/works?filter=institutions.id:I4210088718,publication_year:2018-2022",2026-09-25T22:38:18+00:00,api
openalex,Universidad Catolica Cardenal Raul Silva Henriquez,2022,2018-2022,publicaciones_openalex_book,8,trabajos,Trabajos de tipo «book»,"https://api.openalex.org/works?filter=institutions.id:I4210088718,publication_year:2018-2022",2026-09-25T22:38:18+00:00,api
openalex,Universidad Catolica Cardenal Raul Silva Henriquez,2022,2018-2022,publicaciones_openalex_book-chapter,27,trabajos,Trabajos de tipo «book-chapter»,"https://api.openalex.org/works?filter=institutions.id:I4210088718,publication_year:2018-2022",2026-09-25T22:38:18+00:00,api
openalex,Universidad Catolica Cardenal Raul Silva Henriquez,2022,2018-2022,publicaciones_openalex_book-review,2,trabajos,Trabajos de tipo «book-review»,"https://api.openalex.org/works?filter=institutions.id:I4210088718,publication_year:2018-2022",2026-09-25T22:38:18+00:00,api
openalex,Universidad Catolica Cardenal Raul Silva Henriquez,2022,2018-2022,publicaciones_openalex_conference-paper,7,trabajos,Trabajos de tipo «conference-paper»,"https://api.openalex.org/works?filter=institutions.id:I4210088718,publication_year:2018-2022",2026-09-25T22:38:18+00:00,api
openalex,Universidad Catolica Cardenal Raul Silva Henriquez,2022,2018-2022,publicaciones_openalex_editorial,27,trabajos,Trabajos de tipo «editorial»,"https://api.openalex.org/works?filter=institutions.id:I4210088718,publication_year:2018-2022",2026-09-25T22:38:18+00:00,api
openalex,Universidad Catolica Cardenal Raul Silva Henriquez,2022,2018-2022,publicaciones_openalex_erratum,1,trabajos,Trabajos de tipo «erratum»,"https://api.openalex.org/works?filter=institutions.id:I4210088718,publication_year:2018-2022",2026-09-25T22:38:18+00:00,api
openalex,Universidad Catolica Cardenal Raul Silva Henriquez,2022,2018-2022,publicaciones_openalex_other,2,trabajos,Trabajos de tipo «other»,"https://api.openalex.org/works?filter=institutions.id:I4210088718,publication_year:2018-2022",2026-09-25T22:38:18+00:00,api
openalex,Universidad Catolica Cardenal Raul Silva Henriquez,2022,2018-2022,publicaciones_openalex_paratext,1,trabajos,Trabajos de tipo «paratext»,"https://api.openalex.org/works?filter=institutions.id:I4210088718,publication_year:2018-2022",2026-09-25T22:38:18+00:00,api
openalex,Universidad Catolica Cardenal Raul Silva Henriquez,2022,2018-2022,publicaciones_openalex_preprint,3,trabajos,Trabajos de tipo «preprint»,"https://api.openalex.org/works?filter=institutions.id:I4210088718,publication_year:2018-2022",2026-09-25T22:38:18+00:00,api
openalex,Universidad Catolica Cardenal Raul Silva Henriquez,2022,2018-2022,publicaciones_openalex_review,5,trabajos,Trabajos de tipo «review»,"https://api.openalex.org/works?filter=institutions.id:I4210088718,publication_year:2018-2022",2026-09-25T22:38:18+00:00,api
openalex,Universidad Catolica Cardenal Raul Silva Henriquez,2022,2018-2022,citas_openalex,3361,citas,Citas recibidas por los trabajos de la ventana (histograma sobre 700 de 702),"https://api.openalex.org/works?filter=institutions.id:I4210088718,publication_year:2018-2022",2026-09-25T22:38:18+00:00,api
openalex,Universidad Catolica Cardenal Raul Silva Henriquez,2022,2018-2022,citas_por_documento_openalex,4.801,citas por documento,"Citas por trabajo, sobre los trabajos del histograma","https://api.openalex.org/works?filter=institutions.id:I4210088718,publication_year:2018-2022",2026-09-25T22:38:18+00:00,api
openalex,Universidad Catolica Cardenal Raul Silva Henriquez,2022,2018-2022,pct_colaboracion_internacional,28.35,%,Trabajos con coautor de una institución de otro país,"https://api.openalex.org/works?filter=institutions.id:I4210088718,publication_year:2018-2022",2026-09-25T22:38:18+00:00,api
openalex,Universidad Catolica Cardenal Raul Silva Henriquez,2023,2019-2023,publicaciones_openalex,775,trabajos,Trabajos con al menos un autor de la institución,"https://api.openalex.org/works?filter=institutions.id:I4210088718,publication_year:2019-2023",2026-09-25T22:38:18+00:00,api
openalex,Universidad Catolica Cardenal Raul Silva Henriquez,2023,2019-2023,publicaciones_openalex_article,686,trabajos,Trabajos de tipo «article»,"https://api.openalex.org/works?filter=institutions.id:I4210088718,publication_year:2019-2023",2026-09-25T22:38:18+00:00,api
openalex,Universidad Catolica Cardenal Raul Silva Henriquez,2023,2019-2023,publicaciones_openalex_book,9,trabajos,Trabajos de tipo «book»,"https://api.openalex.org/works?filter=institutions.id:I4210088718,publication_year:2019-2023",2026-09-25T22:38:18+00:00,api
openalex,Universidad Catolica Cardenal Raul Silva Henriquez,2023,2019-2023,publicaciones_openalex_book-chapter,25,trabajos,Trabajos de tipo «book-chapter»,"https://api.openalex.org/works?filter=institutions.id:I4210088718,publication_year:2019-2023",2026-09-25T22:38:18+00:00,api
openalex,Universidad Catolica Cardenal Raul Silva Henriquez,2023,2019-2023,publicaciones_openalex_book-review,2,trabajos,Trabajos de tipo «book-review»,"https://api.openalex.org/works?filter=institutions.id:I4210088718,publication_year:2019-2023",2026-09-25T22:38:18+00:00,api
openalex,Universidad Catolica Cardenal Raul Silva Henriquez,2023,2019-2023,publicaciones_openalex_conference-abstract,1,trabajos,Trabajos de tipo «conference-abstract»,"https://api.openalex.org/works?filter=institutions.id:I4210088718,publication_year:2019-2023",2026-09-25T22:38:18+00:00,api
openalex,Universidad Catolica Cardenal Raul Silva Henriquez,2023,2019-2023,publicaciones_openalex_conference-paper,7,trabajos,Trabajos de tipo «conference-paper»,"https://api.openalex.org/works?filter=institutions.id:I4210088718,publication_year:2019-2023",2026-09-25T22:38:18+00:00,api
openalex,Universidad Catolica Cardenal Raul Silva Henriquez,2023,2019-2023,publicaciones_openalex_dataset,1,trabajos,Trabajos de tipo «dataset»,"https://api.openalex.org/works?filter=institutions.id:I4210088718,publication_year:2019-2023",2026-09-25T22:38:18+00:00,api
openalex,Universidad Catolica Cardenal Raul Silva Henriquez,2023,2019-2023,publicaciones_openalex_editorial,22,trabajos,Trabajos de tipo «editorial»,"https://api.openalex.org/works?filter=institutions.id:I4210088718,publication_year:2019-2023",2026-09-25T22:38:18+00:00,api
openalex,Universidad Catolica Cardenal Raul Silva Henriquez,2023,2019-2023,publicaciones_openalex_erratum,2,trabajos,Trabajos de tipo «erratum»,"https://api.openalex.org/works?filter=institutions.id:I4210088718,publication_year:2019-2023",2026-09-25T22:38:18+00:00,api
openalex,Universidad Catolica Cardenal Raul Silva Henriquez,2023,2019-2023,publicaciones_openalex_other,2,trabajos,Trabajos de tipo «other»,"https://api.openalex.org/works?filter=institutions.id:I4210088718,publication_year:2019-2023",2026-09-25T22:38:18+00:00,api
openalex,Universidad Catolica Cardenal Raul Silva Henriquez,2023,2019-2023,publicaciones_openalex_paratext,1,trabajos,Trabajos de tipo «paratext»,"https://api.openalex.org/works?filter=institutions.id:I4210088718,publication_year:2019-2023",2026-09-25T22:38:18+00:00,api
openalex,Universidad Catolica Cardenal Raul Silva Henriquez,2023,2019-2023,publicaciones_openalex_peer-review,1,trabajos,Trabajos de tipo «peer-review»,"https://api.openalex.org/works?filter=institutions.id:I4210088718,publication_year:2019-2023",2026-09-25T22:38:18+00:00,api
openalex,Universidad Catolica Cardenal Raul Silva Henriquez,2023,2019-2023,publicaciones_openalex_preprint,8,trabajos,Trabajos de tipo «preprint»,"https://api.openalex.org/works?filter=institutions.id:I4210088718,publication_year:2019-2023",2026-09-25T22:38:18+00:00,api
openalex,Universidad Catolica Cardenal Raul Silva Henriquez,2023,2019-2023,publicaciones_openalex_review,8,trabajos,Trabajos de tipo «review»,"https://api.openalex.org/works?filter=institutions.id:I4210088718,publication_year:2019-2023",2026-09-25T22:38:18+00:00,api
openalex,Universidad Catolica Cardenal Raul Silva Henriquez,2023,2019-2023,citas_openalex,3616,citas,Citas recibidas por los trabajos de la ventana (histograma sobre 774 de 775),"https://api.openalex.org/works?filter=institutions.id:I4210088718,publication_year:2019-2023",2026-09-25T22:38:18+00:00,api
openalex,Universidad Catolica Cardenal Raul Silva Henriquez,2023,2019-2023,citas_por_documento_openalex,4.672,citas por documento,"Citas por trabajo, sobre los trabajos del histograma","https://api.openalex.org/works?filter=institutions.id:I4210088718,publication_year:2019-2023",2026-09-25T22:38:18+00:00,api
openalex,Universidad Catolica Cardenal Raul Silva Henriquez,2023,2019-2023,pct_colaboracion_internacional,33.94,%,Trabajos con coautor de una institución de otro país,"https://api.openalex.org/works?filter=institutions.id:I4210088718,publication_year:2019-2023",2026-09-25T22:38:18+00:00,api
openalex,Universidad Catolica Cardenal Raul Silva Henriquez,2024,2020-2024,publicaciones_openalex,848,trabajos,Trabajos con al menos un autor de la institución,"https://api.openalex.org/works?filter=institutions.id:I4210088718,publication_year:2020-2024",2026-09-25T22:38:18+00:00,api
openalex,Universidad Catolica Cardenal Raul Silva Henriquez,2024,2020-2024,publicaciones_openalex_article,761,trabajos,Trabajos de tipo «article»,"https://api.openalex.org/works?filter=institutions.id:I4210088718,publication_year:2020-2024",2026-09-25T22:38:18+00:00,api
openalex,Universidad Catolica Cardenal Raul Silva Henriquez,2024,2020-2024,publicaciones_openalex_book,9,trabajos,Trabajos de tipo «book»,"https://api.openalex.org/works?filter=institutions.id:I4210088718,publication_year:2020-2024",2026-09-25T22:38:18+00:00,api
openalex,Universidad Catolica Cardenal Raul Silva Henriquez,2024,2020-2024,publicaciones_openalex_book-chapter,25,trabajos,Trabajos de tipo «book-chapter»,"https://api.openalex.org/works?filter=institutions.id:I4210088718,publication_year:2020-2024",2026-09-25T22:38:18+00:00,api
openalex,Universidad Catolica Cardenal Raul Silva Henriquez,2024,2020-2024,publicaciones_openalex_book-review,2,trabajos,Trabajos de tipo «book-review»,"https://api.openalex.org/works?filter=institutions.id:I4210088718,publication_year:2020-2024",2026-09-25T22:38:18+00:00,api
openalex,Universidad Catolica Cardenal Raul Silva Henriquez,2024,2020-2024,publicaciones_openalex_conference-abstract,1,trabajos,Trabajos de tipo «conference-abstract»,"https://api.openalex.org/works?filter=institutions.id:I4210088718,publication_year:2020-2024",2026-09-25T22:38:18+00:00,api
openalex,Universidad Catolica Cardenal Raul Silva Henriquez,2024,2020-2024,publicaciones_openalex_conference-paper,4,trabajos,Trabajos de tipo «conference-paper»,"https://api.openalex.org/works?filter=institutions.id:I4210088718,publication_year:2020-2024",2026-09-25T22:38:18+00:00,api
openalex,Universidad Catolica Cardenal Raul Silva Henriquez,2024,2020-2024,publicaciones_openalex_dataset,1,trabajos,Trabajos de tipo «dataset»,"https://api.openalex.org/works?filter=institutions.id:I4210088718,publication_year:2020-2024",2026-09-25T22:38:18+00:00,api
openalex,Universidad Catolica Cardenal Raul Silva Henriquez,2024,2020-2024,publicaciones_openalex_editorial,11,trabajos,Trabajos de tipo «editorial»,"https://api.openalex.org/works?filter=institutions.id:I4210088718,publication_year:2020-2024",2026-09-25T22:38:18+00:00,api
openalex,Universidad Catolica Cardenal Raul Silva Henriquez,2024,2020-2024,publicaciones_openalex_erratum,1,trabajos,Trabajos de tipo «erratum»,"https://api.openalex.org/works?filter=institutions.id:I4210088718,publication_year:2020-2024",2026-09-25T22:38:18+00:00,api
openalex,Universidad Catolica Cardenal Raul Silva Henriquez,2024,2020-2024,publicaciones_openalex_other,2,trabajos,Trabajos de tipo «other»,"https://api.openalex.org/works?filter=institutions.id:I4210088718,publication_year:2020-2024",2026-09-25T22:38:18+00:00,api
openalex,Universidad Catolica Cardenal Raul Silva Henriquez,2024,2020-2024,publicaciones_openalex_paratext,3,trabajos,Trabajos de tipo «paratext»,"https://api.openalex.org/works?filter=institutions.id:I4210088718,publication_year:2020-2024",2026-09-25T22:38:18+00:00,api
openalex,Universidad Catolica Cardenal Raul Silva Henriquez,2024,2020-2024,publicaciones_openalex_peer-review,1,trabajos,Trabajos de tipo «peer-review»,"https://api.openalex.org/works?filter=institutions.id:I4210088718,publication_year:2020-2024",2026-09-25T22:38:18+00:00,api
openalex,Universidad Catolica Cardenal Raul Silva Henriquez,2024,2020-2024,publicaciones_openalex_preprint,13,trabajos,Trabajos de tipo «preprint»,"https://api.openalex.org/works?filter=institutions.id:I4210088718,publication_year:2020-2024",2026-09-25T22:38:18+00:00,api
openalex,Universidad Catolica Cardenal Raul Silva Henriquez,2024,2020-2024,publicaciones_openalex_report,1,trabajos,Trabajos de tipo «report»,"https://api.openalex.org/works?filter=institutions.id:I4210088718,publication_year:2020-2024",2026-09-25T22:38:18+00:00,api
openalex,Universidad Catolica Cardenal Raul Silva Henriquez,2024,2020-2024,publicaciones_openalex_review,13,trabajos,Trabajos de tipo «review»,"https://api.openalex.org/works?filter=institutions.id:I4210088718,publication_year:2020-2024",2026-09-25T22:38:18+00:00,api
openalex,Universidad Catolica Cardenal Raul Silva Henriquez,2024,2020-2024,citas_openalex,2932,citas,Citas recibidas por los trabajos de la ventana (histograma sobre 848 de 848),"https://api.openalex.org/works?filter=institutions.id:I4210088718,publication_year:2020-2024",2026-09-25T22:38:18+00:00,api
openalex,Universidad Catolica Cardenal Raul Silva Henriquez,2024,2020-2024,citas_por_documento_openalex,3.458,citas por documento,"Citas por trabajo, sobre los trabajos del histograma","https://api.openalex.org/works?filter=institutions.id:I4210088718,publication_year:2020-2024",2026-09-25T22:38:18+00:00,api
openalex,Universidad Catolica Cardenal Raul Silva Henriquez,2024,2020-2024,pct_colaboracion_internacional,35.61,%,Trabajos con coautor de una institución de otro país,"https://api.openalex.org/works?filter=institutions.id:I4210088718,publication_year:2020-2024",2026-09-25T22:38:18+00:00,api
openalex,Universidad Catolica Cardenal Raul Silva Henriquez,2024,2020-2024,socios_recurrentes,157,instituciones,Instituciones con 3 o más trabajos conjuntos,https://api.openalex.org/works,2026-09-25T22:38:18+00:00,api
openalex,Universidad Catolica Cardenal Raul Silva Henriquez,2024,2020-2024,socios_recurrentes_paises,154,países,Países distintos entre los socios recurrentes,https://api.openalex.org/works,2026-09-25T22:38:18+00:00,api
openalex,Universidad Catolica de Temuco,2022,2018-2022,publicaciones_openalex,2226,trabajos,Trabajos con al menos un autor de la institución,"https://api.openalex.org/works?filter=institutions.id:I2802558902,publication_year:2018-2022",2026-09-25T22:38:18+00:00,api
openalex,Universidad Catolica de Temuco,2022,2018-2022,publicaciones_openalex_article,1938,trabajos,Trabajos de tipo «article»,"https://api.openalex.org/works?filter=institutions.id:I2802558902,publication_year:2018-2022",2026-09-25T22:38:18+00:00,api
openalex,Universidad Catolica de Temuco,2022,2018-2022,publicaciones_openalex_book,5,trabajos,Trabajos de tipo «book»,"https://api.openalex.org/works?filter=institutions.id:I2802558902,publication_year:2018-2022",2026-09-25T22:38:18+00:00,api
openalex,Universidad Catolica de Temuco,2022,2018-2022,publicaciones_openalex_book-chapter,47,trabajos,Trabajos de tipo «book-chapter»,"https://api.openalex.org/works?filter=institutions.id:I2802558902,publication_year:2018-2022",2026-09-25T22:38:18+00:00,api
openalex,Universidad Catolica de Temuco,2022,2018-2022,publicaciones_openalex_book-review,13,trabajos,Trabajos de tipo «book-review»,"https://api.openalex.org/works?filter=institutions.id:I2802558902,publication_year:2018-2022",2026-09-25T22:38:18+00:00,api
openalex,Universidad Catolica de Temuco,2022,2018-2022,publicaciones_openalex_conference-abstract,8,trabajos,Trabajos de tipo «conference-abstract»,"https://api.openalex.org/works?filter=institutions.id:I2802558902,publication_year:2018-2022",2026-09-25T22:38:18+00:00,api
openalex,Universidad Catolica de Temuco,2022,2018-2022,publicaciones_openalex_conference-paper,77,trabajos,Trabajos de tipo «conference-paper»,"https://api.openalex.org/works?filter=institutions.id:I2802558902,publication_year:2018-2022",2026-09-25T22:38:18+00:00,api
openalex,Universidad Catolica de Temuco,2022,2018-2022,publicaciones_openalex_data-paper,2,trabajos,Trabajos de tipo «data-paper»,"https://api.openalex.org/works?filter=institutions.id:I2802558902,publication_year:2018-2022",2026-09-25T22:38:18+00:00,api
openalex,Universidad Catolica de Temuco,2022,2018-2022,publicaciones_openalex_dataset,34,trabajos,Trabajos de tipo «dataset»,"https://api.openalex.org/works?filter=institutions.id:I2802558902,publication_year:2018-2022",2026-09-25T22:38:18+00:00,api
openalex,Universidad Catolica de Temuco,2022,2018-2022,publicaciones_openalex_editorial,29,trabajos,Trabajos de tipo «editorial»,"https://api.openalex.org/works?filter=institutions.id:I2802558902,publication_year:2018-2022",2026-09-25T22:38:18+00:00,api
openalex,Universidad Catolica de Temuco,2022,2018-2022,publicaciones_openalex_erratum,7,trabajos,Trabajos de tipo «erratum»,"https://api.openalex.org/works?filter=institutions.id:I2802558902,publication_year:2018-2022",2026-09-25T22:38:18+00:00,api
openalex,Universidad Catolica de Temuco,2022,2018-2022,publicaciones_openalex_letter,3,trabajos,Trabajos de tipo «letter»,"https://api.openalex.org/works?filter=institutions.id:I2802558902,publication_year:2018-2022",2026-09-25T22:38:18+00:00,api
openalex,Universidad Catolica de Temuco,2022,2018-2022,publicaciones_openalex_other,1,trabajos,Trabajos de tipo «other»,"https://api.openalex.org/works?filter=institutions.id:I2802558902,publication_year:2018-2022",2026-09-25T22:38:18+00:00,api
openalex,Universidad Catolica de Temuco,2022,2018-2022,publicaciones_openalex_paratext,5,trabajos,Trabajos de tipo «paratext»,"https://api.openalex.org/works?filter=institutions.id:I2802558902,publication_year:2018-2022",2026-09-25T22:38:18+00:00,api
openalex,Universidad Catolica de Temuco,2022,2018-2022,publicaciones_openalex_peer-review,5,trabajos,Trabajos de tipo «peer-review»,"https://api.openalex.org/works?filter=institutions.id:I2802558902,publication_year:2018-2022",2026-09-25T22:38:18+00:00,api
openalex,Universidad Catolica de Temuco,2022,2018-2022,publicaciones_openalex_preprint,30,trabajos,Trabajos de tipo «preprint»,"https://api.openalex.org/works?filter=institutions.id:I2802558902,publication_year:2018-2022",2026-09-25T22:38:18+00:00,api
openalex,Universidad Catolica de Temuco,2022,2018-2022,publicaciones_openalex_reference-entry,3,trabajos,Trabajos de tipo «reference-entry»,"https://api.openalex.org/works?filter=institutions.id:I2802558902,publication_year:2018-2022",2026-09-25T22:38:18+00:00,api
openalex,Universidad Catolica de Temuco,2022,2018-2022,publicaciones_openalex_report,2,trabajos,Trabajos de tipo «report»,"https://api.openalex.org/works?filter=institutions.id:I2802558902,publication_year:2018-2022",2026-09-25T22:38:18+00:00,api
openalex,Universidad Catolica de Temuco,2022,2018-2022,publicaciones_openalex_review,17,trabajos,Trabajos de tipo «review»,"https://api.openalex.org/works?filter=institutions.id:I2802558902,publication_year:2018-2022",2026-09-25T22:38:18+00:00,api
openalex,Universidad Catolica de Temuco,2022,2018-2022,citas_openalex,20090,citas,Citas recibidas por los trabajos de la ventana (histograma sobre 2210 de 2226),"https://api.openalex.org/works?filter=institutions.id:I2802558902,publication_year:2018-2022",2026-09-25T22:38:18+00:00,api
openalex,Universidad Catolica de Temuco,2022,2018-2022,citas_por_documento_openalex,9.09,citas por documento,"Citas por trabajo, sobre los trabajos del histograma","https://api.openalex.org/works?filter=institutions.id:I2802558902,publication_year:2018-2022",2026-09-25T22:38:18+00:00,api
openalex,Universidad Catolica de Temuco,2022,2018-2022,pct_colaboracion_internacional,38.54,%,Trabajos con coautor de una institución de otro país,"https://api.openalex.org/works?filter=institutions.id:I2802558902,publication_year:2018-2022",2026-09-25T22:38:18+00:00,api
openalex,Universidad Catolica de Temuco,2023,2019-2023,publicaciones_openalex,2499,trabajos,Trabajos con al menos un autor de la institución,"https://api.openalex.org/works?filter=institutions.id:I2802558902,publication_year:2019-2023",2026-09-25T22:38:18+00:00,api
openalex,Universidad Catolica de Temuco,2023,2019-2023,publicaciones_openalex_article,2153,trabajos,Trabajos de tipo «article»,"https://api.openalex.org/works?filter=institutions.id:I2802558902,publication_year:2019-2023",2026-09-25T22:38:18+00:00,api
openalex,Universidad Catolica de Temuco,2023,2019-2023,publicaciones_openalex_book,7,trabajos,Trabajos de tipo «book»,"https://api.openalex.org/works?filter=institutions.id:I2802558902,publication_year:2019-2023",2026-09-25T22:38:18+00:00,api
openalex,Universidad Catolica de Temuco,2023,2019-2023,publicaciones_openalex_book-chapter,67,trabajos,Trabajos de tipo «book-chapter»,"https://api.openalex.org/works?filter=institutions.id:I2802558902,publication_year:2019-2023",2026-09-25T22:38:18+00:00,api
openalex,Universidad Catolica de Temuco,2023,2019-2023,publicaciones_openalex_book-review,13,trabajos,Trabajos de tipo «book-review»,"https://api.openalex.org/works?filter=institutions.id:I2802558902,publication_year:2019-2023",2026-09-25T22:38:18+00:00,api
openalex,Universidad Catolica de Temuco,2023,2019-2023,publicaciones_openalex_conference-abstract,13,trabajos,Trabajos de tipo «conference-abstract»,"https://api.openalex.org/works?filter=institutions.id:I2802558902,publication_year:2019-2023",2026-09-25T22:38:18+00:00,api
openalex,Universidad Catolica de Temuco,2023,2019-2023,publicaciones_openalex_conference-paper,80,trabajos,Trabajos de tipo «conference-paper»,"https://api.openalex.org/works?filter=institutions.id:I2802558902,publication_year:2019-2023",2026-09-25T22:38:18+00:00,api
openalex,Universidad Catolica de Temuco,2023,2019-2023,publicaciones_openalex_data-paper,2,trabajos,Trabajos de tipo «data-paper»,"https://api.openalex.org/works?filter=institutions.id:I2802558902,publication_year:2019-2023",2026-09-25T22:38:18+00:00,api
openalex,Universidad Catolica de Temuco,2023,2019-2023,publicaciones_openalex_dataset,34,trabajos,Trabajos de tipo «dataset»,"https://api.openalex.org/works?filter=institutions.id:I2802558902,publication_year:2019-2023",2026-09-25T22:38:18+00:00,api
openalex,Universidad Catolica de Temuco,2023,2019-2023,publicaciones_openalex_dissertation,1,trabajos,Trabajos de tipo «dissertation»,"https://api.openalex.org/works?filter=institutions.id:I2802558902,publication_year:2019-2023",2026-09-25T22:38:18+00:00,api
openalex,Universidad Catolica de Temuco,2023,2019-2023,publicaciones_openalex_editorial,29,trabajos,Trabajos de tipo «editorial»,"https://api.openalex.org/works?filter=institutions.id:I2802558902,publication_year:2019-2023",2026-09-25T22:38:18+00:00,api
openalex,Universidad Catolica de Temuco,2023,2019-2023,publicaciones_openalex_erratum,10,trabajos,Trabajos de tipo «erratum»,"https://api.openalex.org/works?filter=institutions.id:I2802558902,publication_year:2019-2023",2026-09-25T22:38:18+00:00,api
openalex,Universidad Catolica de Temuco,2023,2019-2023,publicaciones_openalex_letter,3,trabajos,Trabajos de tipo «letter»,"https://api.openalex.org/works?filter=institutions.id:I2802558902,publication_year:2019-2023",2026-09-25T22:38:18+00:00,api
openalex,Universidad Catolica de Temuco,2023,2019-2023,publicaciones_openalex_other,1,trabajos,Trabajos de tipo «other»,"https://api.openalex.org/works?filter=institutions.id:I2802558902,publication_year:2019-2023",2026-09-25T22:38:18+00:00,api
openalex,Universidad Catolica de Temuco,2023,2019-2023,publicaciones_openalex_paratext,4,trabajos,Trabajos de tipo «paratext»,"https://api.openalex.org/works?filter=institutions.id:I2802558902,publication_year:2019-2023",2026-09-25T22:38:18+00:00,api
openalex,Universidad Catolica de Temuco,2023,2019-2023,publicaciones_openalex_peer-review,7,trabajos,Trabajos de tipo «peer-review»,"https://api.openalex.org/works?filter=institutions.id:I2802558902,publication_year:2019-2023",2026-09-25T22:38:18+00:00,api
openalex,Universidad Catolica de Temuco,2023,2019-2023,publicaciones_openalex_preprint,48,trabajos,Trabajos de tipo «preprint»,"https://api.openalex.org/works?filter=institutions.id:I2802558902,publication_year:2019-2023",2026-09-25T22:38:18+00:00,api
openalex,Universidad Catolica de Temuco,2023,2019-2023,publicaciones_openalex_reference-entry,2,trabajos,Trabajos de tipo «reference-entry»,"https://api.openalex.org/works?filter=institutions.id:I2802558902,publication_year:2019-2023",2026-09-25T22:38:18+00:00,api
openalex,Universidad Catolica de Temuco,2023,2019-2023,publicaciones_openalex_report,2,trabajos,Trabajos de tipo «report»,"https://api.openalex.org/works?filter=institutions.id:I2802558902,publication_year:2019-2023",2026-09-25T22:38:18+00:00,api
openalex,Universidad Catolica de Temuco,2023,2019-2023,publicaciones_openalex_review,23,trabajos,Trabajos de tipo «review»,"https://api.openalex.org/works?filter=institutions.id:I2802558902,publication_year:2019-2023",2026-09-25T22:38:18+00:00,api
openalex,Universidad Catolica de Temuco,2023,2019-2023,citas_openalex,20966,citas,Citas recibidas por los trabajos de la ventana (histograma sobre 2490 de 2499),"https://api.openalex.org/works?filter=institutions.id:I2802558902,publication_year:2019-2023",2026-09-25T22:38:18+00:00,api
openalex,Universidad Catolica de Temuco,2023,2019-2023,citas_por_documento_openalex,8.42,citas por documento,"Citas por trabajo, sobre los trabajos del histograma","https://api.openalex.org/works?filter=institutions.id:I2802558902,publication_year:2019-2023",2026-09-25T22:38:18+00:00,api
openalex,Universidad Catolica de Temuco,2023,2019-2023,pct_colaboracion_internacional,41.02,%,Trabajos con coautor de una institución de otro país,"https://api.openalex.org/works?filter=institutions.id:I2802558902,publication_year:2019-2023",2026-09-25T22:38:18+00:00,api
openalex,Universidad Catolica de Temuco,2024,2020-2024,publicaciones_openalex,2702,trabajos,Trabajos con al menos un autor de la institución,"https://api.openalex.org/works?filter=institutions.id:I2802558902,publication_year:2020-2024",2026-09-25T22:38:18+00:00,api
openalex,Universidad Catolica de Temuco,2024,2020-2024,publicaciones_openalex_article,2312,trabajos,Trabajos de tipo «article»,"https://api.openalex.org/works?filter=institutions.id:I2802558902,publication_year:2020-2024",2026-09-25T22:38:18+00:00,api
openalex,Universidad Catolica de Temuco,2024,2020-2024,publicaciones_openalex_book,10,trabajos,Trabajos de tipo «book»,"https://api.openalex.org/works?filter=institutions.id:I2802558902,publication_year:2020-2024",2026-09-25T22:38:18+00:00,api
openalex,Universidad Catolica de Temuco,2024,2020-2024,publicaciones_openalex_book-chapter,75,trabajos,Trabajos de tipo «book-chapter»,"https://api.openalex.org/works?filter=institutions.id:I2802558902,publication_year:2020-2024",2026-09-25T22:38:18+00:00,api
openalex,Universidad Catolica de Temuco,2024,2020-2024,publicaciones_openalex_book-review,10,trabajos,Trabajos de tipo «book-review»,"https://api.openalex.org/works?filter=institutions.id:I2802558902,publication_year:2020-2024",2026-09-25T22:38:18+00:00,api
openalex,Universidad Catolica de Temuco,2024,2020-2024,publicaciones_openalex_conference-abstract,11,trabajos,Trabajos de tipo «conference-abstract»,"https://api.openalex.org/works?filter=institutions.id:I2802558902,publication_year:2020-2024",2026-09-25T22:38:18+00:00,api
openalex,Universidad Catolica de Temuco,2024,2020-2024,publicaciones_openalex_conference-paper,83,trabajos,Trabajos de tipo «conference-paper»,"https://api.openalex.org/works?filter=institutions.id:I2802558902,publication_year:2020-2024",2026-09-25T22:38:18+00:00,api
openalex,Universidad Catolica de Temuco,2024,2020-2024,publicaciones_openalex_data-paper,2,trabajos,Trabajos de tipo «data-paper»,"https://api.openalex.org/works?filter=institutions.id:I2802558902,publication_year:2020-2024",2026-09-25T22:38:18+00:00,api
openalex,Universidad Catolica de Temuco,2024,2020-2024,publicaciones_openalex_dataset,34,trabajos,Trabajos de tipo «dataset»,"https://api.openalex.org/works?filter=institutions.id:I2802558902,publication_year:2020-2024",2026-09-25T22:38:18+00:00,api
openalex,Universidad Catolica de Temuco,2024,2020-2024,publicaciones_openalex_dissertation,1,trabajos,Trabajos de tipo «dissertation»,"https://api.openalex.org/works?filter=institutions.id:I2802558902,publication_year:2020-2024",2026-09-25T22:38:18+00:00,api
openalex,Universidad Catolica de Temuco,2024,2020-2024,publicaciones_openalex_editorial,33,trabajos,Trabajos de tipo «editorial»,"https://api.openalex.org/works?filter=institutions.id:I2802558902,publication_year:2020-2024",2026-09-25T22:38:18+00:00,api
openalex,Universidad Catolica de Temuco,2024,2020-2024,publicaciones_openalex_erratum,11,trabajos,Trabajos de tipo «erratum»,"https://api.openalex.org/works?filter=institutions.id:I2802558902,publication_year:2020-2024",2026-09-25T22:38:18+00:00,api
openalex,Universidad Catolica de Temuco,2024,2020-2024,publicaciones_openalex_letter,4,trabajos,Trabajos de tipo «letter»,"https://api.openalex.org/works?filter=institutions.id:I2802558902,publication_year:2020-2024",2026-09-25T22:38:18+00:00,api
openalex,Universidad Catolica de Temuco,2024,2020-2024,publicaciones_openalex_paratext,8,trabajos,Trabajos de tipo «paratext»,"https://api.openalex.org/works?filter=institutions.id:I2802558902,publication_year:2020-2024",2026-09-25T22:38:18+00:00,api
openalex,Universidad Catolica de Temuco,2024,2020-2024,publicaciones_openalex_peer-review,11,trabajos,Trabajos de tipo «peer-review»,"https://api.openalex.org/works?filter=institutions.id:I2802558902,publication_year:2020-2024",2026-09-25T22:38:18+00:00,api
openalex,Universidad Catolica de Temuco,2024,2020-2024,publicaciones_openalex_preprint,62,trabajos,Trabajos de tipo «preprint»,"https://api.openalex.org/works?filter=institutions.id:I2802558902,publication_year:2020-2024",2026-09-25T22:38:18+00:00,api
openalex,Universidad Catolica de Temuco,2024,2020-2024,publicaciones_openalex_reference-entry,2,trabajos,Trabajos de tipo «reference-entry»,"https://api.openalex.org/works?filter=institutions.id:I2802558902,publication_year:2020-2024",2026-09-25T22:38:18+00:00,api
openalex,Universidad Catolica de Temuco,2024,2020-2024,publicaciones_openalex_report,2,trabajos,Trabajos de tipo «report»,"https://api.openalex.org/works?filter=institutions.id:I2802558902,publication_year:2020-2024",2026-09-25T22:38:18+00:00,api
openalex,Universidad Catolica de Temuco,2024,2020-2024,publicaciones_openalex_review,31,trabajos,Trabajos de tipo «review»,"https://api.openalex.org/works?filter=institutions.id:I2802558902,publication_year:2020-2024",2026-09-25T22:38:18+00:00,api
openalex,Universidad Catolica de Temuco,2024,2020-2024,citas_openalex,19407,citas,Citas recibidas por los trabajos de la ventana (histograma sobre 2698 de 2702),"https://api.openalex.org/works?filter=institutions.id:I2802558902,publication_year:2020-2024",2026-09-25T22:38:18+00:00,api
openalex,Universidad Catolica de Temuco,2024,2020-2024,citas_por_documento_openalex,7.193,citas por documento,"Citas por trabajo, sobre los trabajos del histograma","https://api.openalex.org/works?filter=institutions.id:I2802558902,publication_year:2020-2024",2026-09-25T22:38:18+00:00,api
openalex,Universidad Catolica de Temuco,2024,2020-2024,pct_colaboracion_internacional,43.71,%,Trabajos con coautor de una institución de otro país,"https://api.openalex.org/works?filter=institutions.id:I2802558902,publication_year:2020-2024",2026-09-25T22:38:18+00:00,api
openalex,Universidad Catolica de Temuco,2024,2020-2024,socios_recurrentes,199,instituciones,Instituciones con 3 o más trabajos conjuntos,https://api.openalex.org/works,2026-09-25T22:38:18+00:00,api
openalex,Universidad Catolica de Temuco,2024,2020-2024,socios_recurrentes_paises,197,países,Países distintos entre los socios recurrentes,https://api.openalex.org/works,2026-09-25T22:38:18+00:00,api
openalex,Universidad Catolica de la Santisima Concepcion,2022,2018-2022,publicaciones_openalex,2702,trabajos,Trabajos con al menos un autor de la institución,"https://api.openalex.org/works?filter=institutions.id:I38685851,publication_year:2018-2022",2026-09-25T22:38:18+00:00,api
openalex,Universidad Catolica de la Santisima Concepcion,2022,2018-2022,publicaciones_openalex_article,2421,trabajos,Trabajos de tipo «article»,"https://api.openalex.org/works?filter=institutions.id:I38685851,publication_year:2018-2022",2026-09-25T22:38:18+00:00,api
openalex,Universidad Catolica de la Santisima Concepcion,2022,2018-2022,publicaciones_openalex_book,2,trabajos,Trabajos de tipo «book»,"https://api.openalex.org/works?filter=institutions.id:I38685851,publication_year:2018-2022",2026-09-25T22:38:18+00:00,api
openalex,Universidad Catolica de la Santisima Concepcion,2022,2018-2022,publicaciones_openalex_book-chapter,41,trabajos,Trabajos de tipo «book-chapter»,"https://api.openalex.org/works?filter=institutions.id:I38685851,publication_year:2018-2022",2026-09-25T22:38:18+00:00,api
openalex,Universidad Catolica de la Santisima Concepcion,2022,2018-2022,publicaciones_openalex_book-review,11,trabajos,Trabajos de tipo «book-review»,"https://api.openalex.org/works?filter=institutions.id:I38685851,publication_year:2018-2022",2026-09-25T22:38:18+00:00,api
openalex,Universidad Catolica de la Santisima Concepcion,2022,2018-2022,publicaciones_openalex_conference-abstract,8,trabajos,Trabajos de tipo «conference-abstract»,"https://api.openalex.org/works?filter=institutions.id:I38685851,publication_year:2018-2022",2026-09-25T22:38:18+00:00,api
openalex,Universidad Catolica de la Santisima Concepcion,2022,2018-2022,publicaciones_openalex_conference-paper,76,trabajos,Trabajos de tipo «conference-paper»,"https://api.openalex.org/works?filter=institutions.id:I38685851,publication_year:2018-2022",2026-09-25T22:38:18+00:00,api
openalex,Universidad Catolica de la Santisima Concepcion,2022,2018-2022,publicaciones_openalex_dataset,21,trabajos,Trabajos de tipo «dataset»,"https://api.openalex.org/works?filter=institutions.id:I38685851,publication_year:2018-2022",2026-09-25T22:38:18+00:00,api
openalex,Universidad Catolica de la Santisima Concepcion,2022,2018-2022,publicaciones_openalex_editorial,4,trabajos,Trabajos de tipo «editorial»,"https://api.openalex.org/works?filter=institutions.id:I38685851,publication_year:2018-2022",2026-09-25T22:38:18+00:00,api
openalex,Universidad Catolica de la Santisima Concepcion,2022,2018-2022,publicaciones_openalex_erratum,8,trabajos,Trabajos de tipo «erratum»,"https://api.openalex.org/works?filter=institutions.id:I38685851,publication_year:2018-2022",2026-09-25T22:38:18+00:00,api
openalex,Universidad Catolica de la Santisima Concepcion,2022,2018-2022,publicaciones_openalex_letter,1,trabajos,Trabajos de tipo «letter»,"https://api.openalex.org/works?filter=institutions.id:I38685851,publication_year:2018-2022",2026-09-25T22:38:18+00:00,api
openalex,Universidad Catolica de la Santisima Concepcion,2022,2018-2022,publicaciones_openalex_other,5,trabajos,Trabajos de tipo «other»,"https://api.openalex.org/works?filter=institutions.id:I38685851,publication_year:2018-2022",2026-09-25T22:38:18+00:00,api
openalex,Universidad Catolica de la Santisima Concepcion,2022,2018-2022,publicaciones_openalex_paratext,3,trabajos,Trabajos de tipo «paratext»,"https://api.openalex.org/works?filter=institutions.id:I38685851,publication_year:2018-2022",2026-09-25T22:38:18+00:00,api
openalex,Universidad Catolica de la Santisima Concepcion,2022,2018-2022,publicaciones_openalex_peer-review,6,trabajos,Trabajos de tipo «peer-review»,"https://api.openalex.org/works?filter=institutions.id:I38685851,publication_year:2018-2022",2026-09-25T22:38:18+00:00,api
openalex,Universidad Catolica de la Santisima Concepcion,2022,2018-2022,publicaciones_openalex_preprint,58,trabajos,Trabajos de tipo «preprint»,"https://api.openalex.org/works?filter=institutions.id:I38685851,publication_year:2018-2022",2026-09-25T22:38:18+00:00,api
openalex,Universidad Catolica de la Santisima Concepcion,2022,2018-2022,publicaciones_openalex_reference-entry,3,trabajos,Trabajos de tipo «reference-entry»,"https://api.openalex.org/works?filter=institutions.id:I38685851,publication_year:2018-2022",2026-09-25T22:38:18+00:00,api
openalex,Universidad Catolica de la Santisima Concepcion,2022,2018-2022,publicaciones_openalex_report,1,trabajos,Trabajos de tipo «report»,"https://api.openalex.org/works?filter=institutions.id:I38685851,publication_year:2018-2022",2026-09-25T22:38:18+00:00,api
openalex,Universidad Catolica de la Santisima Concepcion,2022,2018-2022,publicaciones_openalex_review,33,trabajos,Trabajos de tipo «review»,"https://api.openalex.org/works?filter=institutions.id:I38685851,publication_year:2018-2022",2026-09-25T22:38:18+00:00,api
openalex,Universidad Catolica de la Santisima Concepcion,2022,2018-2022,citas_openalex,38526,citas,Citas recibidas por los trabajos de la ventana (histograma sobre 2696 de 2702),"https://api.openalex.org/works?filter=institutions.id:I38685851,publication_year:2018-2022",2026-09-25T22:38:18+00:00,api
openalex,Universidad Catolica de la Santisima Concepcion,2022,2018-2022,citas_por_documento_openalex,14.29,citas por documento,"Citas por trabajo, sobre los trabajos del histograma","https://api.openalex.org/works?filter=institutions.id:I38685851,publication_year:2018-2022",2026-09-25T22:38:18+00:00,api
openalex,Universidad Catolica de la Santisima Concepcion,2022,2018-2022,pct_colaboracion_internacional,52.04,%,Trabajos con coautor de una institución de otro país,"https://api.openalex.org/works?filter=institutions.id:I38685851,publication_year:2018-2022",2026-09-25T22:38:18+00:00,api
openalex,Universidad Catolica de la Santisima Concepcion,2023,2019-2023,publicaciones_openalex,3009,trabajos,Trabajos con al menos un autor de la institución,"https://api.openalex.org/works?filter=institutions.id:I38685851,publication_year:2019-2023",2026-09-25T22:38:18+00:00,api
openalex,Universidad Catolica de la Santisima Concepcion,2023,2019-2023,publicaciones_openalex_article,2608,trabajos,Trabajos de tipo «article»,"https://api.openalex.org/works?filter=institutions.id:I38685851,publication_year:2019-2023",2026-09-25T22:38:18+00:00,api
openalex,Universidad Catolica de la Santisima Concepcion,2023,2019-2023,publicaciones_openalex_book,4,trabajos,Trabajos de tipo «book»,"https://api.openalex.org/works?filter=institutions.id:I38685851,publication_year:2019-2023",2026-09-25T22:38:18+00:00,api
openalex,Universidad Catolica de la Santisima Concepcion,2023,2019-2023,publicaciones_openalex_book-chapter,51,trabajos,Trabajos de tipo «book-chapter»,"https://api.openalex.org/works?filter=institutions.id:I38685851,publication_year:2019-2023",2026-09-25T22:38:18+00:00,api
openalex,Universidad Catolica de la Santisima Concepcion,2023,2019-2023,publicaciones_openalex_book-review,37,trabajos,Trabajos de tipo «book-review»,"https://api.openalex.org/works?filter=institutions.id:I38685851,publication_year:2019-2023",2026-09-25T22:38:18+00:00,api
openalex,Universidad Catolica de la Santisima Concepcion,2023,2019-2023,publicaciones_openalex_conference-abstract,9,trabajos,Trabajos de tipo «conference-abstract»,"https://api.openalex.org/works?filter=institutions.id:I38685851,publication_year:2019-2023",2026-09-25T22:38:18+00:00,api
openalex,Universidad Catolica de la Santisima Concepcion,2023,2019-2023,publicaciones_openalex_conference-paper,60,trabajos,Trabajos de tipo «conference-paper»,"https://api.openalex.org/works?filter=institutions.id:I38685851,publication_year:2019-2023",2026-09-25T22:38:18+00:00,api
openalex,Universidad Catolica de la Santisima Concepcion,2023,2019-2023,publicaciones_openalex_dataset,45,trabajos,Trabajos de tipo «dataset»,"https://api.openalex.org/works?filter=institutions.id:I38685851,publication_year:2019-2023",2026-09-25T22:38:18+00:00,api
openalex,Universidad Catolica de la Santisima Concepcion,2023,2019-2023,publicaciones_openalex_editorial,10,trabajos,Trabajos de tipo «editorial»,"https://api.openalex.org/works?filter=institutions.id:I38685851,publication_year:2019-2023",2026-09-25T22:38:18+00:00,api
openalex,Universidad Catolica de la Santisima Concepcion,2023,2019-2023,publicaciones_openalex_erratum,5,trabajos,Trabajos de tipo «erratum»,"https://api.openalex.org/works?filter=institutions.id:I38685851,publication_year:2019-2023",2026-09-25T22:38:18+00:00,api
openalex,Universidad Catolica de la Santisima Concepcion,2023,2019-2023,publicaciones_openalex_other,21,trabajos,Trabajos de tipo «other»,"https://api.openalex.org/works?filter=institutions.id:I38685851,publication_year:2019-2023",2026-09-25T22:38:18+00:00,api
openalex,Universidad Catolica de la Santisima Concepcion,2023,2019-2023,publicaciones_openalex_paratext,3,trabajos,Trabajos de tipo «paratext»,"https://api.openalex.org/works?filter=institutions.id:I38685851,publication_year:2019-2023",2026-09-25T22:38:18+00:00,api
openalex,Universidad Catolica de la Santisima Concepcion,2023,2019-2023,publicaciones_openalex_peer-review,12,trabajos,Trabajos de tipo «peer-review»,"https://api.openalex.org/works?filter=institutions.id:I38685851,publication_year:2019-2023",2026-09-25T22:38:18+00:00,api
openalex,Universidad Catolica de la Santisima Concepcion,2023,2019-2023,publicaciones_openalex_preprint,97,trabajos,Trabajos de tipo «preprint»,"https://api.openalex.org/works?filter=institutions.id:I38685851,publication_year:2019-2023",2026-09-25T22:38:18+00:00,api
openalex,Universidad Catolica de la Santisima Concepcion,2023,2019-2023,publicaciones_openalex_reference-entry,2,trabajos,Trabajos de tipo «reference-entry»,"https://api.openalex.org/works?filter=institutions.id:I38685851,publication_year:2019-2023",2026-09-25T22:38:18+00:00,api
openalex,Universidad Catolica de la Santisima Concepcion,2023,2019-2023,publicaciones_openalex_report,1,trabajos,Trabajos de tipo «report»,"https://api.openalex.org/works?filter=institutions.id:I38685851,publication_year:2019-2023",2026-09-25T22:38:18+00:00,api
openalex,Universidad Catolica de la Santisima Concepcion,2023,2019-2023,publicaciones_openalex_review,44,trabajos,Trabajos de tipo «review»,"https://api.openalex.org/works?filter=institutions.id:I38685851,publication_year:2019-2023",2026-09-25T22:38:18+00:00,api
openalex,Universidad Catolica de la Santisima Concepcion,2023,2019-2023,citas_openalex,35073,citas,Citas recibidas por los trabajos de la ventana (histograma sobre 3005 de 3009),"https://api.openalex.org/works?filter=institutions.id:I38685851,publication_year:2019-2023",2026-09-25T22:38:18+00:00,api
openalex,Universidad Catolica de la Santisima Concepcion,2023,2019-2023,citas_por_documento_openalex,11.672,citas por documento,"Citas por trabajo, sobre los trabajos del histograma","https://api.openalex.org/works?filter=institutions.id:I38685851,publication_year:2019-2023",2026-09-25T22:38:18+00:00,api
openalex,Universidad Catolica de la Santisima Concepcion,2023,2019-2023,pct_colaboracion_internacional,53.37,%,Trabajos con coautor de una institución de otro país,"https://api.openalex.org/works?filter=institutions.id:I38685851,publication_year:2019-2023",2026-09-25T22:38:18+00:00,api
openalex,Universidad Catolica de la Santisima Concepcion,2024,2020-2024,publicaciones_openalex,3248,trabajos,Trabajos con al menos un autor de la institución,"https://api.openalex.org/works?filter=institutions.id:I38685851,publication_year:2020-2024",2026-09-25T22:38:18+00:00,api
openalex,Universidad Catolica de la Santisima Concepcion,2024,2020-2024,publicaciones_openalex_article,2753,trabajos,Trabajos de tipo «article»,"https://api.openalex.org/works?filter=institutions.id:I38685851,publication_year:2020-2024",2026-09-25T22:38:18+00:00,api
openalex,Universidad Catolica de la Santisima Concepcion,2024,2020-2024,publicaciones_openalex_book,7,trabajos,Trabajos de tipo «book»,"https://api.openalex.org/works?filter=institutions.id:I38685851,publication_year:2020-2024",2026-09-25T22:38:18+00:00,api
openalex,Universidad Catolica de la Santisima Concepcion,2024,2020-2024,publicaciones_openalex_book-chapter,78,trabajos,Trabajos de tipo «book-chapter»,"https://api.openalex.org/works?filter=institutions.id:I38685851,publication_year:2020-2024",2026-09-25T22:38:18+00:00,api
openalex,Universidad Catolica de la Santisima Concepcion,2024,2020-2024,publicaciones_openalex_book-review,36,trabajos,Trabajos de tipo «book-review»,"https://api.openalex.org/works?filter=institutions.id:I38685851,publication_year:2020-2024",2026-09-25T22:38:18+00:00,api
openalex,Universidad Catolica de la Santisima Concepcion,2024,2020-2024,publicaciones_openalex_conference-abstract,11,trabajos,Trabajos de tipo «conference-abstract»,"https://api.openalex.org/works?filter=institutions.id:I38685851,publication_year:2020-2024",2026-09-25T22:38:18+00:00,api
openalex,Universidad Catolica de la Santisima Concepcion,2024,2020-2024,publicaciones_openalex_conference-paper,55,trabajos,Trabajos de tipo «conference-paper»,"https://api.openalex.org/works?filter=institutions.id:I38685851,publication_year:2020-2024",2026-09-25T22:38:18+00:00,api
openalex,Universidad Catolica de la Santisima Concepcion,2024,2020-2024,publicaciones_openalex_data-paper,2,trabajos,Trabajos de tipo «data-paper»,"https://api.openalex.org/works?filter=institutions.id:I38685851,publication_year:2020-2024",2026-09-25T22:38:18+00:00,api
openalex,Universidad Catolica de la Santisima Concepcion,2024,2020-2024,publicaciones_openalex_dataset,46,trabajos,Trabajos de tipo «dataset»,"https://api.openalex.org/works?filter=institutions.id:I38685851,publication_year:2020-2024",2026-09-25T22:38:18+00:00,api
openalex,Universidad Catolica de la Santisima Concepcion,2024,2020-2024,publicaciones_openalex_editorial,13,trabajos,Trabajos de tipo «editorial»,"https://api.openalex.org/works?filter=institutions.id:I38685851,publication_year:2020-2024",2026-09-25T22:38:18+00:00,api
openalex,Universidad Catolica de la Santisima Concepcion,2024,2020-2024,publicaciones_openalex_erratum,10,trabajos,Trabajos de tipo «erratum»,"https://api.openalex.org/works?filter=institutions.id:I38685851,publication_year:2020-2024",2026-09-25T22:38:18+00:00,api
openalex,Universidad Catolica de la Santisima Concepcion,2024,2020-2024,publicaciones_openalex_other,20,trabajos,Trabajos de tipo «other»,"https://api.openalex.org/works?filter=institutions.id:I38685851,publication_year:2020-2024",2026-09-25T22:38:18+00:00,api
openalex,Universidad Catolica de la Santisima Concepcion,2024,2020-2024,publicaciones_openalex_paratext,4,trabajos,Trabajos de tipo «paratext»,"https://api.openalex.org/works?filter=institutions.id:I38685851,publication_year:2020-2024",2026-09-25T22:38:18+00:00,api
openalex,Universidad Catolica de la Santisima Concepcion,2024,2020-2024,publicaciones_openalex_peer-review,16,trabajos,Trabajos de tipo «peer-review»,"https://api.openalex.org/works?filter=institutions.id:I38685851,publication_year:2020-2024",2026-09-25T22:38:18+00:00,api
openalex,Universidad Catolica de la Santisima Concepcion,2024,2020-2024,publicaciones_openalex_preprint,136,trabajos,Trabajos de tipo «preprint»,"https://api.openalex.org/works?filter=institutions.id:I38685851,publication_year:2020-2024",2026-09-25T22:38:18+00:00,api
openalex,Universidad Catolica de la Santisima Concepcion,2024,2020-2024,publicaciones_openalex_reference-entry,2,trabajos,Trabajos de tipo «reference-entry»,"https://api.openalex.org/works?filter=institutions.id:I38685851,publication_year:2020-2024",2026-09-25T22:38:18+00:00,api
openalex,Universidad Catolica de la Santisima Concepcion,2024,2020-2024,publicaciones_openalex_review,59,trabajos,Trabajos de tipo «review»,"https://api.openalex.org/works?filter=institutions.id:I38685851,publication_year:2020-2024",2026-09-25T22:38:18+00:00,api
openalex,Universidad Catolica de la Santisima Concepcion,2024,2020-2024,citas_openalex,32075,citas,Citas recibidas por los trabajos de la ventana (histograma sobre 3244 de 3248),"https://api.openalex.org/works?filter=institutions.id:I38685851,publication_year:2020-2024",2026-09-25T22:38:18+00:00,api
openalex,Universidad Catolica de la Santisima Concepcion,2024,2020-2024,citas_por_documento_openalex,9.887,citas por documento,"Citas por trabajo, sobre los trabajos del histograma","https://api.openalex.org/works?filter=institutions.id:I38685851,publication_year:2020-2024",2026-09-25T22:38:18+00:00,api
openalex,Universidad Catolica de la Santisima Concepcion,2024,2020-2024,pct_colaboracion_internacional,54.53,%,Trabajos con coautor de una institución de otro país,"https://api.openalex.org/works?filter=institutions.id:I38685851,publication_year:2020-2024",2026-09-25T22:38:18+00:00,api
openalex,Universidad Catolica de la Santisima Concepcion,2024,2020-2024,socios_recurrentes,199,instituciones,Instituciones con 3 o más trabajos conjuntos,https://api.openalex.org/works,2026-09-25T22:38:18+00:00,api
openalex,Universidad Catolica de la Santisima Concepcion,2024,2020-2024,socios_recurrentes_paises,195,países,Países distintos entre los socios recurrentes,https://api.openalex.org/works,2026-09-25T22:38:18+00:00,api
openalex,Universidad Catolica del Maule,2022,2018-2022,publicaciones_openalex,3095,trabajos,Trabajos con al menos un autor de la institución,"https://api.openalex.org/works?filter=institutions.id:I2799535320,publication_year:2018-2022",2026-09-25T22:38:18+00:00,api
openalex,Universidad Catolica del Maule,2022,2018-2022,publicaciones_openalex_article,2658,trabajos,Trabajos de tipo «article»,"https://api.openalex.org/works?filter=institutions.id:I2799535320,publication_year:2018-2022",2026-09-25T22:38:18+00:00,api
openalex,Universidad Catolica del Maule,2022,2018-2022,publicaciones_openalex_book,1,trabajos,Trabajos de tipo «book»,"https://api.openalex.org/works?filter=institutions.id:I2799535320,publication_year:2018-2022",2026-09-25T22:38:18+00:00,api
openalex,Universidad Catolica del Maule,2022,2018-2022,publicaciones_openalex_book-chapter,37,trabajos,Trabajos de tipo «book-chapter»,"https://api.openalex.org/works?filter=institutions.id:I2799535320,publication_year:2018-2022",2026-09-25T22:38:18+00:00,api
openalex,Universidad Catolica del Maule,2022,2018-2022,publicaciones_openalex_book-review,6,trabajos,Trabajos de tipo «book-review»,"https://api.openalex.org/works?filter=institutions.id:I2799535320,publication_year:2018-2022",2026-09-25T22:38:18+00:00,api
openalex,Universidad Catolica del Maule,2022,2018-2022,publicaciones_openalex_conference-abstract,20,trabajos,Trabajos de tipo «conference-abstract»,"https://api.openalex.org/works?filter=institutions.id:I2799535320,publication_year:2018-2022",2026-09-25T22:38:18+00:00,api
openalex,Universidad Catolica del Maule,2022,2018-2022,publicaciones_openalex_conference-paper,158,trabajos,Trabajos de tipo «conference-paper»,"https://api.openalex.org/works?filter=institutions.id:I2799535320,publication_year:2018-2022",2026-09-25T22:38:18+00:00,api
openalex,Universidad Catolica del Maule,2022,2018-2022,publicaciones_openalex_data-paper,1,trabajos,Trabajos de tipo «data-paper»,"https://api.openalex.org/works?filter=institutions.id:I2799535320,publication_year:2018-2022",2026-09-25T22:38:18+00:00,api
openalex,Universidad Catolica del Maule,2022,2018-2022,publicaciones_openalex_dataset,20,trabajos,Trabajos de tipo «dataset»,"https://api.openalex.org/works?filter=institutions.id:I2799535320,publication_year:2018-2022",2026-09-25T22:38:18+00:00,api
openalex,Universidad Catolica del Maule,2022,2018-2022,publicaciones_openalex_editorial,21,trabajos,Trabajos de tipo «editorial»,"https://api.openalex.org/works?filter=institutions.id:I2799535320,publication_year:2018-2022",2026-09-25T22:38:18+00:00,api
openalex,Universidad Catolica del Maule,2022,2018-2022,publicaciones_openalex_erratum,7,trabajos,Trabajos de tipo «erratum»,"https://api.openalex.org/works?filter=institutions.id:I2799535320,publication_year:2018-2022",2026-09-25T22:38:18+00:00,api
openalex,Universidad Catolica del Maule,2022,2018-2022,publicaciones_openalex_letter,3,trabajos,Trabajos de tipo «letter»,"https://api.openalex.org/works?filter=institutions.id:I2799535320,publication_year:2018-2022",2026-09-25T22:38:18+00:00,api
openalex,Universidad Catolica del Maule,2022,2018-2022,publicaciones_openalex_other,11,trabajos,Trabajos de tipo «other»,"https://api.openalex.org/works?filter=institutions.id:I2799535320,publication_year:2018-2022",2026-09-25T22:38:18+00:00,api
openalex,Universidad Catolica del Maule,2022,2018-2022,publicaciones_openalex_paratext,3,trabajos,Trabajos de tipo «paratext»,"https://api.openalex.org/works?filter=institutions.id:I2799535320,publication_year:2018-2022",2026-09-25T22:38:18+00:00,api
openalex,Universidad Catolica del Maule,2022,2018-2022,publicaciones_openalex_peer-review,4,trabajos,Trabajos de tipo «peer-review»,"https://api.openalex.org/works?filter=institutions.id:I2799535320,publication_year:2018-2022",2026-09-25T22:38:18+00:00,api
openalex,Universidad Catolica del Maule,2022,2018-2022,publicaciones_openalex_preprint,79,trabajos,Trabajos de tipo «preprint»,"https://api.openalex.org/works?filter=institutions.id:I2799535320,publication_year:2018-2022",2026-09-25T22:38:18+00:00,api
openalex,Universidad Catolica del Maule,2022,2018-2022,publicaciones_openalex_reference-entry,7,trabajos,Trabajos de tipo «reference-entry»,"https://api.openalex.org/works?filter=institutions.id:I2799535320,publication_year:2018-2022",2026-09-25T22:38:18+00:00,api
openalex,Universidad Catolica del Maule,2022,2018-2022,publicaciones_openalex_report,2,trabajos,Trabajos de tipo «report»,"https://api.openalex.org/works?filter=institutions.id:I2799535320,publication_year:2018-2022",2026-09-25T22:38:18+00:00,api
openalex,Universidad Catolica del Maule,2022,2018-2022,publicaciones_openalex_review,57,trabajos,Trabajos de tipo «review»,"https://api.openalex.org/works?filter=institutions.id:I2799535320,publication_year:2018-2022",2026-09-25T22:38:18+00:00,api
openalex,Universidad Catolica del Maule,2022,2018-2022,citas_openalex,40033,citas,Citas recibidas por los trabajos de la ventana (histograma sobre 3088 de 3095),"https://api.openalex.org/works?filter=institutions.id:I2799535320,publication_year:2018-2022",2026-09-25T22:38:18+00:00,api
openalex,Universidad Catolica del Maule,2022,2018-2022,citas_por_documento_openalex,12.964,citas por documento,"Citas por trabajo, sobre los trabajos del histograma","https://api.openalex.org/works?filter=institutions.id:I2799535320,publication_year:2018-2022",2026-09-25T22:38:18+00:00,api
openalex,Universidad Catolica del Maule,2022,2018-2022,pct_colaboracion_internacional,54.6,%,Trabajos con coautor de una institución de otro país,"https://api.openalex.org/works?filter=institutions.id:I2799535320,publication_year:2018-2022",2026-09-25T22:38:18+00:00,api
openalex,Universidad Catolica del Maule,2023,2019-2023,publicaciones_openalex,3593,trabajos,Trabajos con al menos un autor de la institución,"https://api.openalex.org/works?filter=institutions.id:I2799535320,publication_year:2019-2023",2026-09-25T22:38:18+00:00,api
openalex,Universidad Catolica del Maule,2023,2019-2023,publicaciones_openalex_article,3025,trabajos,Trabajos de tipo «article»,"https://api.openalex.org/works?filter=institutions.id:I2799535320,publication_year:2019-2023",2026-09-25T22:38:18+00:00,api
openalex,Universidad Catolica del Maule,2023,2019-2023,publicaciones_openalex_book,4,trabajos,Trabajos de tipo «book»,"https://api.openalex.org/works?filter=institutions.id:I2799535320,publication_year:2019-2023",2026-09-25T22:38:18+00:00,api
openalex,Universidad Catolica del Maule,2023,2019-2023,publicaciones_openalex_book-chapter,49,trabajos,Trabajos de tipo «book-chapter»,"https://api.openalex.org/works?filter=institutions.id:I2799535320,publication_year:2019-2023",2026-09-25T22:38:18+00:00,api
openalex,Universidad Catolica del Maule,2023,2019-2023,publicaciones_openalex_book-review,7,trabajos,Trabajos de tipo «book-review»,"https://api.openalex.org/works?filter=institutions.id:I2799535320,publication_year:2019-2023",2026-09-25T22:38:18+00:00,api
openalex,Universidad Catolica del Maule,2023,2019-2023,publicaciones_openalex_conference-abstract,20,trabajos,Trabajos de tipo «conference-abstract»,"https://api.openalex.org/works?filter=institutions.id:I2799535320,publication_year:2019-2023",2026-09-25T22:38:18+00:00,api
openalex,Universidad Catolica del Maule,2023,2019-2023,publicaciones_openalex_conference-paper,200,trabajos,Trabajos de tipo «conference-paper»,"https://api.openalex.org/works?filter=institutions.id:I2799535320,publication_year:2019-2023",2026-09-25T22:38:18+00:00,api
openalex,Universidad Catolica del Maule,2023,2019-2023,publicaciones_openalex_data-paper,2,trabajos,Trabajos de tipo «data-paper»,"https://api.openalex.org/works?filter=institutions.id:I2799535320,publication_year:2019-2023",2026-09-25T22:38:18+00:00,api
openalex,Universidad Catolica del Maule,2023,2019-2023,publicaciones_openalex_dataset,18,trabajos,Trabajos de tipo «dataset»,"https://api.openalex.org/works?filter=institutions.id:I2799535320,publication_year:2019-2023",2026-09-25T22:38:18+00:00,api
openalex,Universidad Catolica del Maule,2023,2019-2023,publicaciones_openalex_dissertation,1,trabajos,Trabajos de tipo «dissertation»,"https://api.openalex.org/works?filter=institutions.id:I2799535320,publication_year:2019-2023",2026-09-25T22:38:18+00:00,api
openalex,Universidad Catolica del Maule,2023,2019-2023,publicaciones_openalex_editorial,27,trabajos,Trabajos de tipo «editorial»,"https://api.openalex.org/works?filter=institutions.id:I2799535320,publication_year:2019-2023",2026-09-25T22:38:18+00:00,api
openalex,Universidad Catolica del Maule,2023,2019-2023,publicaciones_openalex_erratum,12,trabajos,Trabajos de tipo «erratum»,"https://api.openalex.org/works?filter=institutions.id:I2799535320,publication_year:2019-2023",2026-09-25T22:38:18+00:00,api
openalex,Universidad Catolica del Maule,2023,2019-2023,publicaciones_openalex_letter,6,trabajos,Trabajos de tipo «letter»,"https://api.openalex.org/works?filter=institutions.id:I2799535320,publication_year:2019-2023",2026-09-25T22:38:18+00:00,api
openalex,Universidad Catolica del Maule,2023,2019-2023,publicaciones_openalex_other,11,trabajos,Trabajos de tipo «other»,"https://api.openalex.org/works?filter=institutions.id:I2799535320,publication_year:2019-2023",2026-09-25T22:38:18+00:00,api
openalex,Universidad Catolica del Maule,2023,2019-2023,publicaciones_openalex_paratext,3,trabajos,Trabajos de tipo «paratext»,"https://api.openalex.org/works?filter=institutions.id:I2799535320,publication_year:2019-2023",2026-09-25T22:38:18+00:00,api
openalex,Universidad Catolica del Maule,2023,2019-2023,publicaciones_openalex_peer-review,4,trabajos,Trabajos de tipo «peer-review»,"https://api.openalex.org/works?filter=institutions.id:I2799535320,publication_year:2019-2023",2026-09-25T22:38:18+00:00,api
openalex,Universidad Catolica del Maule,2023,2019-2023,publicaciones_openalex_preprint,105,trabajos,Trabajos de tipo «preprint»,"https://api.openalex.org/works?filter=institutions.id:I2799535320,publication_year:2019-2023",2026-09-25T22:38:18+00:00,api
openalex,Universidad Catolica del Maule,2023,2019-2023,publicaciones_openalex_reference-entry,15,trabajos,Trabajos de tipo «reference-entry»,"https://api.openalex.org/works?filter=institutions.id:I2799535320,publication_year:2019-2023",2026-09-25T22:38:18+00:00,api
openalex,Universidad Catolica del Maule,2023,2019-2023,publicaciones_openalex_report,5,trabajos,Trabajos de tipo «report»,"https://api.openalex.org/works?filter=institutions.id:I2799535320,publication_year:2019-2023",2026-09-25T22:38:18+00:00,api
openalex,Universidad Catolica del Maule,2023,2019-2023,publicaciones_openalex_review,78,trabajos,Trabajos de tipo «review»,"https://api.openalex.org/works?filter=institutions.id:I2799535320,publication_year:2019-2023",2026-09-25T22:38:18+00:00,api
openalex,Universidad Catolica del Maule,2023,2019-2023,publicaciones_openalex_software,1,trabajos,Trabajos de tipo «software»,"https://api.openalex.org/works?filter=institutions.id:I2799535320,publication_year:2019-2023",2026-09-25T22:38:18+00:00,api
openalex,Universidad Catolica del Maule,2023,2019-2023,citas_openalex,41514,citas,Citas recibidas por los trabajos de la ventana (histograma sobre 3588 de 3593),"https://api.openalex.org/works?filter=institutions.id:I2799535320,publication_year:2019-2023",2026-09-25T22:38:18+00:00,api
openalex,Universidad Catolica del Maule,2023,2019-2023,citas_por_documento_openalex,11.57,citas por documento,"Citas por trabajo, sobre los trabajos del histograma","https://api.openalex.org/works?filter=institutions.id:I2799535320,publication_year:2019-2023",2026-09-25T22:38:18+00:00,api
openalex,Universidad Catolica del Maule,2023,2019-2023,pct_colaboracion_internacional,56.44,%,Trabajos con coautor de una institución de otro país,"https://api.openalex.org/works?filter=institutions.id:I2799535320,publication_year:2019-2023",2026-09-25T22:38:18+00:00,api
openalex,Universidad Catolica del Maule,2024,2020-2024,publicaciones_openalex,4022,trabajos,Trabajos con al menos un autor de la institución,"https://api.openalex.org/works?filter=institutions.id:I2799535320,publication_year:2020-2024",2026-09-25T22:38:18+00:00,api
openalex,Universidad Catolica del Maule,2024,2020-2024,publicaciones_openalex_article,3354,trabajos,Trabajos de tipo «article»,"https://api.openalex.org/works?filter=institutions.id:I2799535320,publication_year:2020-2024",2026-09-25T22:38:18+00:00,api
openalex,Universidad Catolica del Maule,2024,2020-2024,publicaciones_openalex_book,5,trabajos,Trabajos de tipo «book»,"https://api.openalex.org/works?filter=institutions.id:I2799535320,publication_year:2020-2024",2026-09-25T22:38:18+00:00,api
openalex,Universidad Catolica del Maule,2024,2020-2024,publicaciones_openalex_book-chapter,55,trabajos,Trabajos de tipo «book-chapter»,"https://api.openalex.org/works?filter=institutions.id:I2799535320,publication_year:2020-2024",2026-09-25T22:38:18+00:00,api
openalex,Universidad Catolica del Maule,2024,2020-2024,publicaciones_openalex_book-review,10,trabajos,Trabajos de tipo «book-review»,"https://api.openalex.org/works?filter=institutions.id:I2799535320,publication_year:2020-2024",2026-09-25T22:38:18+00:00,api
openalex,Universidad Catolica del Maule,2024,2020-2024,publicaciones_openalex_conference-abstract,22,trabajos,Trabajos de tipo «conference-abstract»,"https://api.openalex.org/works?filter=institutions.id:I2799535320,publication_year:2020-2024",2026-09-25T22:38:18+00:00,api
openalex,Universidad Catolica del Maule,2024,2020-2024,publicaciones_openalex_conference-paper,224,trabajos,Trabajos de tipo «conference-paper»,"https://api.openalex.org/works?filter=institutions.id:I2799535320,publication_year:2020-2024",2026-09-25T22:38:18+00:00,api
openalex,Universidad Catolica del Maule,2024,2020-2024,publicaciones_openalex_data-paper,3,trabajos,Trabajos de tipo «data-paper»,"https://api.openalex.org/works?filter=institutions.id:I2799535320,publication_year:2020-2024",2026-09-25T22:38:18+00:00,api
openalex,Universidad Catolica del Maule,2024,2020-2024,publicaciones_openalex_dataset,18,trabajos,Trabajos de tipo «dataset»,"https://api.openalex.org/works?filter=institutions.id:I2799535320,publication_year:2020-2024",2026-09-25T22:38:18+00:00,api
openalex,Universidad Catolica del Maule,2024,2020-2024,publicaciones_openalex_dissertation,2,trabajos,Trabajos de tipo «dissertation»,"https://api.openalex.org/works?filter=institutions.id:I2799535320,publication_year:2020-2024",2026-09-25T22:38:18+00:00,api
openalex,Universidad Catolica del Maule,2024,2020-2024,publicaciones_openalex_editorial,26,trabajos,Trabajos de tipo «editorial»,"https://api.openalex.org/works?filter=institutions.id:I2799535320,publication_year:2020-2024",2026-09-25T22:38:18+00:00,api
openalex,Universidad Catolica del Maule,2024,2020-2024,publicaciones_openalex_erratum,16,trabajos,Trabajos de tipo «erratum»,"https://api.openalex.org/works?filter=institutions.id:I2799535320,publication_year:2020-2024",2026-09-25T22:38:18+00:00,api
openalex,Universidad Catolica del Maule,2024,2020-2024,publicaciones_openalex_letter,6,trabajos,Trabajos de tipo «letter»,"https://api.openalex.org/works?filter=institutions.id:I2799535320,publication_year:2020-2024",2026-09-25T22:38:18+00:00,api
openalex,Universidad Catolica del Maule,2024,2020-2024,publicaciones_openalex_other,12,trabajos,Trabajos de tipo «other»,"https://api.openalex.org/works?filter=institutions.id:I2799535320,publication_year:2020-2024",2026-09-25T22:38:18+00:00,api
openalex,Universidad Catolica del Maule,2024,2020-2024,publicaciones_openalex_paratext,4,trabajos,Trabajos de tipo «paratext»,"https://api.openalex.org/works?filter=institutions.id:I2799535320,publication_year:2020-2024",2026-09-25T22:38:18+00:00,api
openalex,Universidad Catolica del Maule,2024,2020-2024,publicaciones_openalex_peer-review,5,trabajos,Trabajos de tipo «peer-review»,"https://api.openalex.org/works?filter=institutions.id:I2799535320,publication_year:2020-2024",2026-09-25T22:38:18+00:00,api
openalex,Universidad Catolica del Maule,2024,2020-2024,publicaciones_openalex_preprint,136,trabajos,Trabajos de tipo «preprint»,"https://api.openalex.org/works?filter=institutions.id:I2799535320,publication_year:2020-2024",2026-09-25T22:38:18+00:00,api
openalex,Universidad Catolica del Maule,2024,2020-2024,publicaciones_openalex_reference-entry,15,trabajos,Trabajos de tipo «reference-entry»,"https://api.openalex.org/works?filter=institutions.id:I2799535320,publication_year:2020-2024",2026-09-25T22:38:18+00:00,api
openalex,Universidad Catolica del Maule,2024,2020-2024,publicaciones_openalex_report,5,trabajos,Trabajos de tipo «report»,"https://api.openalex.org/works?filter=institutions.id:I2799535320,publication_year:2020-2024",2026-09-25T22:38:18+00:00,api
openalex,Universidad Catolica del Maule,2024,2020-2024,publicaciones_openalex_review,103,trabajos,Trabajos de tipo «review»,"https://api.openalex.org/works?filter=institutions.id:I2799535320,publication_year:2020-2024",2026-09-25T22:38:18+00:00,api
openalex,Universidad Catolica del Maule,2024,2020-2024,publicaciones_openalex_software,1,trabajos,Trabajos de tipo «software»,"https://api.openalex.org/works?filter=institutions.id:I2799535320,publication_year:2020-2024",2026-09-25T22:38:18+00:00,api
openalex,Universidad Catolica del Maule,2024,2020-2024,citas_openalex,38226,citas,Citas recibidas por los trabajos de la ventana (histograma sobre 4018 de 4022),"https://api.openalex.org/works?filter=institutions.id:I2799535320,publication_year:2020-2024",2026-09-25T22:38:18+00:00,api
openalex,Universidad Catolica del Maule,2024,2020-2024,citas_por_documento_openalex,9.514,citas por documento,"Citas por trabajo, sobre los trabajos del histograma","https://api.openalex.org/works?filter=institutions.id:I2799535320,publication_year:2020-2024",2026-09-25T22:38:18+00:00,api
openalex,Universidad Catolica del Maule,2024,2020-2024,pct_colaboracion_internacional,56.07,%,Trabajos con coautor de una institución de otro país,"https://api.openalex.org/works?filter=institutions.id:I2799535320,publication_year:2020-2024",2026-09-25T22:38:18+00:00,api
openalex,Universidad Catolica del Maule,2024,2020-2024,socios_recurrentes,199,instituciones,Instituciones con 3 o más trabajos conjuntos,https://api.openalex.org/works,2026-09-25T22:38:18+00:00,api
openalex,Universidad Catolica del Maule,2024,2020-2024,socios_recurrentes_paises,195,países,Países distintos entre los socios recurrentes,https://api.openalex.org/works,2026-09-25T22:38:18+00:00,api
openalex,Universidad Catolica del Norte,2022,2018-2022,publicaciones_openalex,3912,trabajos,Trabajos con al menos un autor de la institución,"https://api.openalex.org/works?filter=institutions.id:I2802166871,publication_year:2018-2022",2026-09-25T22:38:18+00:00,api
openalex,Universidad Catolica del Norte,2022,2018-2022,publicaciones_openalex_article,3304,trabajos,Trabajos de tipo «article»,"https://api.openalex.org/works?filter=institutions.id:I2802166871,publication_year:2018-2022",2026-09-25T22:38:18+00:00,api
openalex,Universidad Catolica del Norte,2022,2018-2022,publicaciones_openalex_book,15,trabajos,Trabajos de tipo «book»,"https://api.openalex.org/works?filter=institutions.id:I2802166871,publication_year:2018-2022",2026-09-25T22:38:18+00:00,api
openalex,Universidad Catolica del Norte,2022,2018-2022,publicaciones_openalex_book-chapter,131,trabajos,Trabajos de tipo «book-chapter»,"https://api.openalex.org/works?filter=institutions.id:I2802166871,publication_year:2018-2022",2026-09-25T22:38:18+00:00,api
openalex,Universidad Catolica del Norte,2022,2018-2022,publicaciones_openalex_book-review,20,trabajos,Trabajos de tipo «book-review»,"https://api.openalex.org/works?filter=institutions.id:I2802166871,publication_year:2018-2022",2026-09-25T22:38:18+00:00,api
openalex,Universidad Catolica del Norte,2022,2018-2022,publicaciones_openalex_conference-abstract,24,trabajos,Trabajos de tipo «conference-abstract»,"https://api.openalex.org/works?filter=institutions.id:I2802166871,publication_year:2018-2022",2026-09-25T22:38:18+00:00,api
openalex,Universidad Catolica del Norte,2022,2018-2022,publicaciones_openalex_conference-paper,149,trabajos,Trabajos de tipo «conference-paper»,"https://api.openalex.org/works?filter=institutions.id:I2802166871,publication_year:2018-2022",2026-09-25T22:38:18+00:00,api
openalex,Universidad Catolica del Norte,2022,2018-2022,publicaciones_openalex_data-paper,1,trabajos,Trabajos de tipo «data-paper»,"https://api.openalex.org/works?filter=institutions.id:I2802166871,publication_year:2018-2022",2026-09-25T22:38:18+00:00,api
openalex,Universidad Catolica del Norte,2022,2018-2022,publicaciones_openalex_dataset,40,trabajos,Trabajos de tipo «dataset»,"https://api.openalex.org/works?filter=institutions.id:I2802166871,publication_year:2018-2022",2026-09-25T22:38:18+00:00,api
openalex,Universidad Catolica del Norte,2022,2018-2022,publicaciones_openalex_dissertation,1,trabajos,Trabajos de tipo «dissertation»,"https://api.openalex.org/works?filter=institutions.id:I2802166871,publication_year:2018-2022",2026-09-25T22:38:18+00:00,api
openalex,Universidad Catolica del Norte,2022,2018-2022,publicaciones_openalex_editorial,27,trabajos,Trabajos de tipo «editorial»,"https://api.openalex.org/works?filter=institutions.id:I2802166871,publication_year:2018-2022",2026-09-25T22:38:18+00:00,api
openalex,Universidad Catolica del Norte,2022,2018-2022,publicaciones_openalex_erratum,17,trabajos,Trabajos de tipo «erratum»,"https://api.openalex.org/works?filter=institutions.id:I2802166871,publication_year:2018-2022",2026-09-25T22:38:18+00:00,api
openalex,Universidad Catolica del Norte,2022,2018-2022,publicaciones_openalex_other,23,trabajos,Trabajos de tipo «other»,"https://api.openalex.org/works?filter=institutions.id:I2802166871,publication_year:2018-2022",2026-09-25T22:38:18+00:00,api
openalex,Universidad Catolica del Norte,2022,2018-2022,publicaciones_openalex_paratext,2,trabajos,Trabajos de tipo «paratext»,"https://api.openalex.org/works?filter=institutions.id:I2802166871,publication_year:2018-2022",2026-09-25T22:38:18+00:00,api
openalex,Universidad Catolica del Norte,2022,2018-2022,publicaciones_openalex_peer-review,7,trabajos,Trabajos de tipo «peer-review»,"https://api.openalex.org/works?filter=institutions.id:I2802166871,publication_year:2018-2022",2026-09-25T22:38:18+00:00,api
openalex,Universidad Catolica del Norte,2022,2018-2022,publicaciones_openalex_preprint,128,trabajos,Trabajos de tipo «preprint»,"https://api.openalex.org/works?filter=institutions.id:I2802166871,publication_year:2018-2022",2026-09-25T22:38:18+00:00,api
openalex,Universidad Catolica del Norte,2022,2018-2022,publicaciones_openalex_reference-entry,5,trabajos,Trabajos de tipo «reference-entry»,"https://api.openalex.org/works?filter=institutions.id:I2802166871,publication_year:2018-2022",2026-09-25T22:38:18+00:00,api
openalex,Universidad Catolica del Norte,2022,2018-2022,publicaciones_openalex_report,2,trabajos,Trabajos de tipo «report»,"https://api.openalex.org/works?filter=institutions.id:I2802166871,publication_year:2018-2022",2026-09-25T22:38:18+00:00,api
openalex,Universidad Catolica del Norte,2022,2018-2022,publicaciones_openalex_retraction,1,trabajos,Trabajos de tipo «retraction»,"https://api.openalex.org/works?filter=institutions.id:I2802166871,publication_year:2018-2022",2026-09-25T22:38:18+00:00,api
openalex,Universidad Catolica del Norte,2022,2018-2022,publicaciones_openalex_review,13,trabajos,Trabajos de tipo «review»,"https://api.openalex.org/works?filter=institutions.id:I2802166871,publication_year:2018-2022",2026-09-25T22:38:18+00:00,api
openalex,Universidad Catolica del Norte,2022,2018-2022,publicaciones_openalex_supplementary-materials,2,trabajos,Trabajos de tipo «supplementary-materials»,"https://api.openalex.org/works?filter=institutions.id:I2802166871,publication_year:2018-2022",2026-09-25T22:38:18+00:00,api
openalex,Universidad Catolica del Norte,2022,2018-2022,citas_openalex,68720,citas,Citas recibidas por los trabajos de la ventana (histograma sobre 3895 de 3912),"https://api.openalex.org/works?filter=institutions.id:I2802166871,publication_year:2018-2022",2026-09-25T22:38:18+00:00,api
openalex,Universidad Catolica del Norte,2022,2018-2022,citas_por_documento_openalex,17.643,citas por documento,"Citas por trabajo, sobre los trabajos del histograma","https://api.openalex.org/works?filter=institutions.id:I2802166871,publication_year:2018-2022",2026-09-25T22:38:18+00:00,api
openalex,Universidad Catolica del Norte,2022,2018-2022,pct_colaboracion_internacional,58.97,%,Trabajos con coautor de una institución de otro país,"https://api.openalex.org/works?filter=institutions.id:I2802166871,publication_year:2018-2022",2026-09-25T22:38:18+00:00,api
openalex,Universidad Catolica del Norte,2023,2019-2023,publicaciones_openalex,4053,trabajos,Trabajos con al menos un autor de la institución,"https://api.openalex.org/works?filter=institutions.id:I2802166871,publication_year:2019-2023",2026-09-25T22:38:18+00:00,api
openalex,Universidad Catolica del Norte,2023,2019-2023,publicaciones_openalex_article,3368,trabajos,Trabajos de tipo «article»,"https://api.openalex.org/works?filter=institutions.id:I2802166871,publication_year:2019-2023",2026-09-25T22:38:18+00:00,api
openalex,Universidad Catolica del Norte,2023,2019-2023,publicaciones_openalex_book,18,trabajos,Trabajos de tipo «book»,"https://api.openalex.org/works?filter=institutions.id:I2802166871,publication_year:2019-2023",2026-09-25T22:38:18+00:00,api
openalex,Universidad Catolica del Norte,2023,2019-2023,publicaciones_openalex_book-chapter,149,trabajos,Trabajos de tipo «book-chapter»,"https://api.openalex.org/works?filter=institutions.id:I2802166871,publication_year:2019-2023",2026-09-25T22:38:18+00:00,api
openalex,Universidad Catolica del Norte,2023,2019-2023,publicaciones_openalex_book-review,18,trabajos,Trabajos de tipo «book-review»,"https://api.openalex.org/works?filter=institutions.id:I2802166871,publication_year:2019-2023",2026-09-25T22:38:18+00:00,api
openalex,Universidad Catolica del Norte,2023,2019-2023,publicaciones_openalex_conference-abstract,28,trabajos,Trabajos de tipo «conference-abstract»,"https://api.openalex.org/works?filter=institutions.id:I2802166871,publication_year:2019-2023",2026-09-25T22:38:18+00:00,api
openalex,Universidad Catolica del Norte,2023,2019-2023,publicaciones_openalex_conference-paper,162,trabajos,Trabajos de tipo «conference-paper»,"https://api.openalex.org/works?filter=institutions.id:I2802166871,publication_year:2019-2023",2026-09-25T22:38:18+00:00,api
openalex,Universidad Catolica del Norte,2023,2019-2023,publicaciones_openalex_data-paper,2,trabajos,Trabajos de tipo «data-paper»,"https://api.openalex.org/works?filter=institutions.id:I2802166871,publication_year:2019-2023",2026-09-25T22:38:18+00:00,api
openalex,Universidad Catolica del Norte,2023,2019-2023,publicaciones_openalex_dataset,40,trabajos,Trabajos de tipo «dataset»,"https://api.openalex.org/works?filter=institutions.id:I2802166871,publication_year:2019-2023",2026-09-25T22:38:18+00:00,api
openalex,Universidad Catolica del Norte,2023,2019-2023,publicaciones_openalex_dissertation,1,trabajos,Trabajos de tipo «dissertation»,"https://api.openalex.org/works?filter=institutions.id:I2802166871,publication_year:2019-2023",2026-09-25T22:38:18+00:00,api
openalex,Universidad Catolica del Norte,2023,2019-2023,publicaciones_openalex_editorial,12,trabajos,Trabajos de tipo «editorial»,"https://api.openalex.org/works?filter=institutions.id:I2802166871,publication_year:2019-2023",2026-09-25T22:38:18+00:00,api
openalex,Universidad Catolica del Norte,2023,2019-2023,publicaciones_openalex_erratum,22,trabajos,Trabajos de tipo «erratum»,"https://api.openalex.org/works?filter=institutions.id:I2802166871,publication_year:2019-2023",2026-09-25T22:38:18+00:00,api
openalex,Universidad Catolica del Norte,2023,2019-2023,publicaciones_openalex_other,21,trabajos,Trabajos de tipo «other»,"https://api.openalex.org/works?filter=institutions.id:I2802166871,publication_year:2019-2023",2026-09-25T22:38:18+00:00,api
openalex,Universidad Catolica del Norte,2023,2019-2023,publicaciones_openalex_peer-review,16,trabajos,Trabajos de tipo «peer-review»,"https://api.openalex.org/works?filter=institutions.id:I2802166871,publication_year:2019-2023",2026-09-25T22:38:18+00:00,api
openalex,Universidad Catolica del Norte,2023,2019-2023,publicaciones_openalex_preprint,162,trabajos,Trabajos de tipo «preprint»,"https://api.openalex.org/works?filter=institutions.id:I2802166871,publication_year:2019-2023",2026-09-25T22:38:18+00:00,api
openalex,Universidad Catolica del Norte,2023,2019-2023,publicaciones_openalex_reference-entry,8,trabajos,Trabajos de tipo «reference-entry»,"https://api.openalex.org/works?filter=institutions.id:I2802166871,publication_year:2019-2023",2026-09-25T22:38:18+00:00,api
openalex,Universidad Catolica del Norte,2023,2019-2023,publicaciones_openalex_report,2,trabajos,Trabajos de tipo «report»,"https://api.openalex.org/works?filter=institutions.id:I2802166871,publication_year:2019-2023",2026-09-25T22:38:18+00:00,api
openalex,Universidad Catolica del Norte,2023,2019-2023,publicaciones_openalex_retraction,1,trabajos,Trabajos de tipo «retraction»,"https://api.openalex.org/works?filter=institutions.id:I2802166871,publication_year:2019-2023",2026-09-25T22:38:18+00:00,api
openalex,Universidad Catolica del Norte,2023,2019-2023,publicaciones_openalex_review,22,trabajos,Trabajos de tipo «review»,"https://api.openalex.org/works?filter=institutions.id:I2802166871,publication_year:2019-2023",2026-09-25T22:38:18+00:00,api
openalex,Universidad Catolica del Norte,2023,2019-2023,publicaciones_openalex_supplementary-materials,1,trabajos,Trabajos de tipo «supplementary-materials»,"https://api.openalex.org/works?filter=institutions.id:I2802166871,publication_year:2019-2023",2026-09-25T22:38:18+00:00,api
openalex,Universidad Catolica del Norte,2023,2019-2023,citas_openalex,64424,citas,Citas recibidas por los trabajos de la ventana (histograma sobre 4037 de 4053),"https://api.openalex.org/works?filter=institutions.id:I2802166871,publication_year:2019-2023",2026-09-25T22:38:18+00:00,api
openalex,Universidad Catolica del Norte,2023,2019-2023,citas_por_documento_openalex,15.958,citas por documento,"Citas por trabajo, sobre los trabajos del histograma","https://api.openalex.org/works?filter=institutions.id:I2802166871,publication_year:2019-2023",2026-09-25T22:38:18+00:00,api
openalex,Universidad Catolica del Norte,2023,2019-2023,pct_colaboracion_internacional,62.45,%,Trabajos con coautor de una institución de otro país,"https://api.openalex.org/works?filter=institutions.id:I2802166871,publication_year:2019-2023",2026-09-25T22:38:18+00:00,api
openalex,Universidad Catolica del Norte,2024,2020-2024,publicaciones_openalex,4351,trabajos,Trabajos con al menos un autor de la institución,"https://api.openalex.org/works?filter=institutions.id:I2802166871,publication_year:2020-2024",2026-09-25T22:38:18+00:00,api
openalex,Universidad Catolica del Norte,2024,2020-2024,publicaciones_openalex_article,3553,trabajos,Trabajos de tipo «article»,"https://api.openalex.org/works?filter=institutions.id:I2802166871,publication_year:2020-2024",2026-09-25T22:38:18+00:00,api
openalex,Universidad Catolica del Norte,2024,2020-2024,publicaciones_openalex_book,16,trabajos,Trabajos de tipo «book»,"https://api.openalex.org/works?filter=institutions.id:I2802166871,publication_year:2020-2024",2026-09-25T22:38:18+00:00,api
openalex,Universidad Catolica del Norte,2024,2020-2024,publicaciones_openalex_book-chapter,156,trabajos,Trabajos de tipo «book-chapter»,"https://api.openalex.org/works?filter=institutions.id:I2802166871,publication_year:2020-2024",2026-09-25T22:38:18+00:00,api
openalex,Universidad Catolica del Norte,2024,2020-2024,publicaciones_openalex_book-review,19,trabajos,Trabajos de tipo «book-review»,"https://api.openalex.org/works?filter=institutions.id:I2802166871,publication_year:2020-2024",2026-09-25T22:38:18+00:00,api
openalex,Universidad Catolica del Norte,2024,2020-2024,publicaciones_openalex_conference-abstract,38,trabajos,Trabajos de tipo «conference-abstract»,"https://api.openalex.org/works?filter=institutions.id:I2802166871,publication_year:2020-2024",2026-09-25T22:38:18+00:00,api
openalex,Universidad Catolica del Norte,2024,2020-2024,publicaciones_openalex_conference-paper,191,trabajos,Trabajos de tipo «conference-paper»,"https://api.openalex.org/works?filter=institutions.id:I2802166871,publication_year:2020-2024",2026-09-25T22:38:18+00:00,api
openalex,Universidad Catolica del Norte,2024,2020-2024,publicaciones_openalex_data-paper,4,trabajos,Trabajos de tipo «data-paper»,"https://api.openalex.org/works?filter=institutions.id:I2802166871,publication_year:2020-2024",2026-09-25T22:38:18+00:00,api
openalex,Universidad Catolica del Norte,2024,2020-2024,publicaciones_openalex_dataset,42,trabajos,Trabajos de tipo «dataset»,"https://api.openalex.org/works?filter=institutions.id:I2802166871,publication_year:2020-2024",2026-09-25T22:38:18+00:00,api
openalex,Universidad Catolica del Norte,2024,2020-2024,publicaciones_openalex_dissertation,2,trabajos,Trabajos de tipo «dissertation»,"https://api.openalex.org/works?filter=institutions.id:I2802166871,publication_year:2020-2024",2026-09-25T22:38:18+00:00,api
openalex,Universidad Catolica del Norte,2024,2020-2024,publicaciones_openalex_editorial,10,trabajos,Trabajos de tipo «editorial»,"https://api.openalex.org/works?filter=institutions.id:I2802166871,publication_year:2020-2024",2026-09-25T22:38:18+00:00,api
openalex,Universidad Catolica del Norte,2024,2020-2024,publicaciones_openalex_erratum,23,trabajos,Trabajos de tipo «erratum»,"https://api.openalex.org/works?filter=institutions.id:I2802166871,publication_year:2020-2024",2026-09-25T22:38:18+00:00,api
openalex,Universidad Catolica del Norte,2024,2020-2024,publicaciones_openalex_other,21,trabajos,Trabajos de tipo «other»,"https://api.openalex.org/works?filter=institutions.id:I2802166871,publication_year:2020-2024",2026-09-25T22:38:18+00:00,api
openalex,Universidad Catolica del Norte,2024,2020-2024,publicaciones_openalex_paratext,2,trabajos,Trabajos de tipo «paratext»,"https://api.openalex.org/works?filter=institutions.id:I2802166871,publication_year:2020-2024",2026-09-25T22:38:18+00:00,api
openalex,Universidad Catolica del Norte,2024,2020-2024,publicaciones_openalex_peer-review,35,trabajos,Trabajos de tipo «peer-review»,"https://api.openalex.org/works?filter=institutions.id:I2802166871,publication_year:2020-2024",2026-09-25T22:38:18+00:00,api
openalex,Universidad Catolica del Norte,2024,2020-2024,publicaciones_openalex_preprint,201,trabajos,Trabajos de tipo «preprint»,"https://api.openalex.org/works?filter=institutions.id:I2802166871,publication_year:2020-2024",2026-09-25T22:38:18+00:00,api
openalex,Universidad Catolica del Norte,2024,2020-2024,publicaciones_openalex_reference-entry,7,trabajos,Trabajos de tipo «reference-entry»,"https://api.openalex.org/works?filter=institutions.id:I2802166871,publication_year:2020-2024",2026-09-25T22:38:18+00:00,api
openalex,Universidad Catolica del Norte,2024,2020-2024,publicaciones_openalex_report,1,trabajos,Trabajos de tipo «report»,"https://api.openalex.org/works?filter=institutions.id:I2802166871,publication_year:2020-2024",2026-09-25T22:38:18+00:00,api
openalex,Universidad Catolica del Norte,2024,2020-2024,publicaciones_openalex_retraction,1,trabajos,Trabajos de tipo «retraction»,"https://api.openalex.org/works?filter=institutions.id:I2802166871,publication_year:2020-2024",2026-09-25T22:38:18+00:00,api
openalex,Universidad Catolica del Norte,2024,2020-2024,publicaciones_openalex_review,28,trabajos,Trabajos de tipo «review»,"https://api.openalex.org/works?filter=institutions.id:I2802166871,publication_year:2020-2024",2026-09-25T22:38:18+00:00,api
openalex,Universidad Catolica del Norte,2024,2020-2024,publicaciones_openalex_supplementary-materials,1,trabajos,Trabajos de tipo «supplementary-materials»,"https://api.openalex.org/works?filter=institutions.id:I2802166871,publication_year:2020-2024",2026-09-25T22:38:18+00:00,api
openalex,Universidad Catolica del Norte,2024,2020-2024,citas_openalex,58639,citas,Citas recibidas por los trabajos de la ventana (histograma sobre 4340 de 4351),"https://api.openalex.org/works?filter=institutions.id:I2802166871,publication_year:2020-2024",2026-09-25T22:38:18+00:00,api
openalex,Universidad Catolica del Norte,2024,2020-2024,citas_por_documento_openalex,13.511,citas por documento,"Citas por trabajo, sobre los trabajos del histograma","https://api.openalex.org/works?filter=institutions.id:I2802166871,publication_year:2020-2024",2026-09-25T22:38:18+00:00,api
openalex,Universidad Catolica del Norte,2024,2020-2024,pct_colaboracion_internacional,63.78,%,Trabajos con coautor de una institución de otro país,"https://api.openalex.org/works?filter=institutions.id:I2802166871,publication_year:2020-2024",2026-09-25T22:38:18+00:00,api
openalex,Universidad Catolica del Norte,2024,2020-2024,socios_recurrentes,199,instituciones,Instituciones con 3 o más trabajos conjuntos,https://api.openalex.org/works,2026-09-25T22:38:18+00:00,api
openalex,Universidad Catolica del Norte,2024,2020-2024,socios_recurrentes_paises,197,países,Países distintos entre los socios recurrentes,https://api.openalex.org/works,2026-09-25T22:38:18+00:00,api
openalex,Universidad Central de Chile,2022,2018-2022,publicaciones_openalex,828,trabajos,Trabajos con al menos un autor de la institución,"https://api.openalex.org/works?filter=institutions.id:I4210156023,publication_year:2018-2022",2026-09-25T22:38:18+00:00,api
openalex,Universidad Central de Chile,2022,2018-2022,publicaciones_openalex_article,721,trabajos,Trabajos de tipo «article»,"https://api.openalex.org/works?filter=institutions.id:I4210156023,publication_year:2018-2022",2026-09-25T22:38:18+00:00,api
openalex,Universidad Central de Chile,2022,2018-2022,publicaciones_openalex_book,6,trabajos,Trabajos de tipo «book»,"https://api.openalex.org/works?filter=institutions.id:I4210156023,publication_year:2018-2022",2026-09-25T22:38:18+00:00,api
openalex,Universidad Central de Chile,2022,2018-2022,publicaciones_openalex_book-chapter,24,trabajos,Trabajos de tipo «book-chapter»,"https://api.openalex.org/works?filter=institutions.id:I4210156023,publication_year:2018-2022",2026-09-25T22:38:18+00:00,api
openalex,Universidad Central de Chile,2022,2018-2022,publicaciones_openalex_book-review,5,trabajos,Trabajos de tipo «book-review»,"https://api.openalex.org/works?filter=institutions.id:I4210156023,publication_year:2018-2022",2026-09-25T22:38:18+00:00,api
openalex,Universidad Central de Chile,2022,2018-2022,publicaciones_openalex_conference-abstract,1,trabajos,Trabajos de tipo «conference-abstract»,"https://api.openalex.org/works?filter=institutions.id:I4210156023,publication_year:2018-2022",2026-09-25T22:38:18+00:00,api
openalex,Universidad Central de Chile,2022,2018-2022,publicaciones_openalex_conference-paper,24,trabajos,Trabajos de tipo «conference-paper»,"https://api.openalex.org/works?filter=institutions.id:I4210156023,publication_year:2018-2022",2026-09-25T22:38:18+00:00,api
openalex,Universidad Central de Chile,2022,2018-2022,publicaciones_openalex_editorial,11,trabajos,Trabajos de tipo «editorial»,"https://api.openalex.org/works?filter=institutions.id:I4210156023,publication_year:2018-2022",2026-09-25T22:38:18+00:00,api
openalex,Universidad Central de Chile,2022,2018-2022,publicaciones_openalex_erratum,4,trabajos,Trabajos de tipo «erratum»,"https://api.openalex.org/works?filter=institutions.id:I4210156023,publication_year:2018-2022",2026-09-25T22:38:18+00:00,api
openalex,Universidad Central de Chile,2022,2018-2022,publicaciones_openalex_other,2,trabajos,Trabajos de tipo «other»,"https://api.openalex.org/works?filter=institutions.id:I4210156023,publication_year:2018-2022",2026-09-25T22:38:18+00:00,api
openalex,Universidad Central de Chile,2022,2018-2022,publicaciones_openalex_paratext,5,trabajos,Trabajos de tipo «paratext»,"https://api.openalex.org/works?filter=institutions.id:I4210156023,publication_year:2018-2022",2026-09-25T22:38:18+00:00,api
openalex,Universidad Central de Chile,2022,2018-2022,publicaciones_openalex_peer-review,2,trabajos,Trabajos de tipo «peer-review»,"https://api.openalex.org/works?filter=institutions.id:I4210156023,publication_year:2018-2022",2026-09-25T22:38:18+00:00,api
openalex,Universidad Central de Chile,2022,2018-2022,publicaciones_openalex_preprint,15,trabajos,Trabajos de tipo «preprint»,"https://api.openalex.org/works?filter=institutions.id:I4210156023,publication_year:2018-2022",2026-09-25T22:38:18+00:00,api
openalex,Universidad Central de Chile,2022,2018-2022,publicaciones_openalex_reference-entry,2,trabajos,Trabajos de tipo «reference-entry»,"https://api.openalex.org/works?filter=institutions.id:I4210156023,publication_year:2018-2022",2026-09-25T22:38:18+00:00,api
openalex,Universidad Central de Chile,2022,2018-2022,publicaciones_openalex_report,1,trabajos,Trabajos de tipo «report»,"https://api.openalex.org/works?filter=institutions.id:I4210156023,publication_year:2018-2022",2026-09-25T22:38:18+00:00,api
openalex,Universidad Central de Chile,2022,2018-2022,publicaciones_openalex_review,5,trabajos,Trabajos de tipo «review»,"https://api.openalex.org/works?filter=institutions.id:I4210156023,publication_year:2018-2022",2026-09-25T22:38:18+00:00,api
openalex,Universidad Central de Chile,2022,2018-2022,citas_openalex,13241,citas,Citas recibidas por los trabajos de la ventana (histograma sobre 825 de 828),"https://api.openalex.org/works?filter=institutions.id:I4210156023,publication_year:2018-2022",2026-09-25T22:38:18+00:00,api
openalex,Universidad Central de Chile,2022,2018-2022,citas_por_documento_openalex,16.05,citas por documento,"Citas por trabajo, sobre los trabajos del histograma","https://api.openalex.org/works?filter=institutions.id:I4210156023,publication_year:2018-2022",2026-09-25T22:38:18+00:00,api
openalex,Universidad Central de Chile,2022,2018-2022,pct_colaboracion_internacional,41.55,%,Trabajos con coautor de una institución de otro país,"https://api.openalex.org/works?filter=institutions.id:I4210156023,publication_year:2018-2022",2026-09-25T22:38:18+00:00,api
openalex,Universidad Central de Chile,2023,2019-2023,publicaciones_openalex,937,trabajos,Trabajos con al menos un autor de la institución,"https://api.openalex.org/works?filter=institutions.id:I4210156023,publication_year:2019-2023",2026-09-25T22:38:18+00:00,api
openalex,Universidad Central de Chile,2023,2019-2023,publicaciones_openalex_article,805,trabajos,Trabajos de tipo «article»,"https://api.openalex.org/works?filter=institutions.id:I4210156023,publication_year:2019-2023",2026-09-25T22:38:18+00:00,api
openalex,Universidad Central de Chile,2023,2019-2023,publicaciones_openalex_book,8,trabajos,Trabajos de tipo «book»,"https://api.openalex.org/works?filter=institutions.id:I4210156023,publication_year:2019-2023",2026-09-25T22:38:18+00:00,api
openalex,Universidad Central de Chile,2023,2019-2023,publicaciones_openalex_book-chapter,27,trabajos,Trabajos de tipo «book-chapter»,"https://api.openalex.org/works?filter=institutions.id:I4210156023,publication_year:2019-2023",2026-09-25T22:38:18+00:00,api
openalex,Universidad Central de Chile,2023,2019-2023,publicaciones_openalex_book-review,4,trabajos,Trabajos de tipo «book-review»,"https://api.openalex.org/works?filter=institutions.id:I4210156023,publication_year:2019-2023",2026-09-25T22:38:18+00:00,api
openalex,Universidad Central de Chile,2023,2019-2023,publicaciones_openalex_conference-abstract,1,trabajos,Trabajos de tipo «conference-abstract»,"https://api.openalex.org/works?filter=institutions.id:I4210156023,publication_year:2019-2023",2026-09-25T22:38:18+00:00,api
openalex,Universidad Central de Chile,2023,2019-2023,publicaciones_openalex_conference-paper,26,trabajos,Trabajos de tipo «conference-paper»,"https://api.openalex.org/works?filter=institutions.id:I4210156023,publication_year:2019-2023",2026-09-25T22:38:18+00:00,api
openalex,Universidad Central de Chile,2023,2019-2023,publicaciones_openalex_dataset,6,trabajos,Trabajos de tipo «dataset»,"https://api.openalex.org/works?filter=institutions.id:I4210156023,publication_year:2019-2023",2026-09-25T22:38:18+00:00,api
openalex,Universidad Central de Chile,2023,2019-2023,publicaciones_openalex_dissertation,1,trabajos,Trabajos de tipo «dissertation»,"https://api.openalex.org/works?filter=institutions.id:I4210156023,publication_year:2019-2023",2026-09-25T22:38:18+00:00,api
openalex,Universidad Central de Chile,2023,2019-2023,publicaciones_openalex_editorial,13,trabajos,Trabajos de tipo «editorial»,"https://api.openalex.org/works?filter=institutions.id:I4210156023,publication_year:2019-2023",2026-09-25T22:38:18+00:00,api
openalex,Universidad Central de Chile,2023,2019-2023,publicaciones_openalex_erratum,4,trabajos,Trabajos de tipo «erratum»,"https://api.openalex.org/works?filter=institutions.id:I4210156023,publication_year:2019-2023",2026-09-25T22:38:18+00:00,api
openalex,Universidad Central de Chile,2023,2019-2023,publicaciones_openalex_other,1,trabajos,Trabajos de tipo «other»,"https://api.openalex.org/works?filter=institutions.id:I4210156023,publication_year:2019-2023",2026-09-25T22:38:18+00:00,api
openalex,Universidad Central de Chile,2023,2019-2023,publicaciones_openalex_paratext,4,trabajos,Trabajos de tipo «paratext»,"https://api.openalex.org/works?filter=institutions.id:I4210156023,publication_year:2019-2023",2026-09-25T22:38:18+00:00,api
openalex,Universidad Central de Chile,2023,2019-2023,publicaciones_openalex_peer-review,2,trabajos,Trabajos de tipo «peer-review»,"https://api.openalex.org/works?filter=institutions.id:I4210156023,publication_year:2019-2023",2026-09-25T22:38:18+00:00,api
openalex,Universidad Central de Chile,2023,2019-2023,publicaciones_openalex_preprint,25,trabajos,Trabajos de tipo «preprint»,"https://api.openalex.org/works?filter=institutions.id:I4210156023,publication_year:2019-2023",2026-09-25T22:38:18+00:00,api
openalex,Universidad Central de Chile,2023,2019-2023,publicaciones_openalex_reference-entry,3,trabajos,Trabajos de tipo «reference-entry»,"https://api.openalex.org/works?filter=institutions.id:I4210156023,publication_year:2019-2023",2026-09-25T22:38:18+00:00,api
openalex,Universidad Central de Chile,2023,2019-2023,publicaciones_openalex_report,1,trabajos,Trabajos de tipo «report»,"https://api.openalex.org/works?filter=institutions.id:I4210156023,publication_year:2019-2023",2026-09-25T22:38:18+00:00,api
openalex,Universidad Central de Chile,2023,2019-2023,publicaciones_openalex_review,6,trabajos,Trabajos de tipo «review»,"https://api.openalex.org/works?filter=institutions.id:I4210156023,publication_year:2019-2023",2026-09-25T22:38:18+00:00,api
openalex,Universidad Central de Chile,2023,2019-2023,citas_openalex,11590,citas,Citas recibidas por los trabajos de la ventana (histograma sobre 933 de 937),"https://api.openalex.org/works?filter=institutions.id:I4210156023,publication_year:2019-2023",2026-09-25T22:38:18+00:00,api
openalex,Universidad Central de Chile,2023,2019-2023,citas_por_documento_openalex,12.422,citas por documento,"Citas por trabajo, sobre los trabajos del histograma","https://api.openalex.org/works?filter=institutions.id:I4210156023,publication_year:2019-2023",2026-09-25T22:38:18+00:00,api
openalex,Universidad Central de Chile,2023,2019-2023,pct_colaboracion_internacional,43.33,%,Trabajos con coautor de una institución de otro país,"https://api.openalex.org/works?filter=institutions.id:I4210156023,publication_year:2019-2023",2026-09-25T22:38:18+00:00,api
openalex,Universidad Central de Chile,2024,2020-2024,publicaciones_openalex,1100,trabajos,Trabajos con al menos un autor de la institución,"https://api.openalex.org/works?filter=institutions.id:I4210156023,publication_year:2020-2024",2026-09-25T22:38:18+00:00,api
openalex,Universidad Central de Chile,2024,2020-2024,publicaciones_openalex_article,938,trabajos,Trabajos de tipo «article»,"https://api.openalex.org/works?filter=institutions.id:I4210156023,publication_year:2020-2024",2026-09-25T22:38:18+00:00,api
openalex,Universidad Central de Chile,2024,2020-2024,publicaciones_openalex_book,9,trabajos,Trabajos de tipo «book»,"https://api.openalex.org/works?filter=institutions.id:I4210156023,publication_year:2020-2024",2026-09-25T22:38:18+00:00,api
openalex,Universidad Central de Chile,2024,2020-2024,publicaciones_openalex_book-chapter,28,trabajos,Trabajos de tipo «book-chapter»,"https://api.openalex.org/works?filter=institutions.id:I4210156023,publication_year:2020-2024",2026-09-25T22:38:18+00:00,api
openalex,Universidad Central de Chile,2024,2020-2024,publicaciones_openalex_book-review,4,trabajos,Trabajos de tipo «book-review»,"https://api.openalex.org/works?filter=institutions.id:I4210156023,publication_year:2020-2024",2026-09-25T22:38:18+00:00,api
openalex,Universidad Central de Chile,2024,2020-2024,publicaciones_openalex_conference-abstract,1,trabajos,Trabajos de tipo «conference-abstract»,"https://api.openalex.org/works?filter=institutions.id:I4210156023,publication_year:2020-2024",2026-09-25T22:38:18+00:00,api
openalex,Universidad Central de Chile,2024,2020-2024,publicaciones_openalex_conference-paper,33,trabajos,Trabajos de tipo «conference-paper»,"https://api.openalex.org/works?filter=institutions.id:I4210156023,publication_year:2020-2024",2026-09-25T22:38:18+00:00,api
openalex,Universidad Central de Chile,2024,2020-2024,publicaciones_openalex_dataset,7,trabajos,Trabajos de tipo «dataset»,"https://api.openalex.org/works?filter=institutions.id:I4210156023,publication_year:2020-2024",2026-09-25T22:38:18+00:00,api
openalex,Universidad Central de Chile,2024,2020-2024,publicaciones_openalex_dissertation,1,trabajos,Trabajos de tipo «dissertation»,"https://api.openalex.org/works?filter=institutions.id:I4210156023,publication_year:2020-2024",2026-09-25T22:38:18+00:00,api
openalex,Universidad Central de Chile,2024,2020-2024,publicaciones_openalex_editorial,16,trabajos,Trabajos de tipo «editorial»,"https://api.openalex.org/works?filter=institutions.id:I4210156023,publication_year:2020-2024",2026-09-25T22:38:18+00:00,api
openalex,Universidad Central de Chile,2024,2020-2024,publicaciones_openalex_erratum,4,trabajos,Trabajos de tipo «erratum»,"https://api.openalex.org/works?filter=institutions.id:I4210156023,publication_year:2020-2024",2026-09-25T22:38:18+00:00,api
openalex,Universidad Central de Chile,2024,2020-2024,publicaciones_openalex_other,3,trabajos,Trabajos de tipo «other»,"https://api.openalex.org/works?filter=institutions.id:I4210156023,publication_year:2020-2024",2026-09-25T22:38:18+00:00,api
openalex,Universidad Central de Chile,2024,2020-2024,publicaciones_openalex_paratext,4,trabajos,Trabajos de tipo «paratext»,"https://api.openalex.org/works?filter=institutions.id:I4210156023,publication_year:2020-2024",2026-09-25T22:38:18+00:00,api
openalex,Universidad Central de Chile,2024,2020-2024,publicaciones_openalex_preprint,40,trabajos,Trabajos de tipo «preprint»,"https://api.openalex.org/works?filter=institutions.id:I4210156023,publication_year:2020-2024",2026-09-25T22:38:18+00:00,api
openalex,Universidad Central de Chile,2024,2020-2024,publicaciones_openalex_reference-entry,2,trabajos,Trabajos de tipo «reference-entry»,"https://api.openalex.org/works?filter=institutions.id:I4210156023,publication_year:2020-2024",2026-09-25T22:38:18+00:00,api
openalex,Universidad Central de Chile,2024,2020-2024,publicaciones_openalex_report,2,trabajos,Trabajos de tipo «report»,"https://api.openalex.org/works?filter=institutions.id:I4210156023,publication_year:2020-2024",2026-09-25T22:38:18+00:00,api
openalex,Universidad Central de Chile,2024,2020-2024,publicaciones_openalex_review,8,trabajos,Trabajos de tipo «review»,"https://api.openalex.org/works?filter=institutions.id:I4210156023,publication_year:2020-2024",2026-09-25T22:38:18+00:00,api
openalex,Universidad Central de Chile,2024,2020-2024,citas_openalex,10748,citas,Citas recibidas por los trabajos de la ventana (histograma sobre 1097 de 1100),"https://api.openalex.org/works?filter=institutions.id:I4210156023,publication_year:2020-2024",2026-09-25T22:38:18+00:00,api
openalex,Universidad Central de Chile,2024,2020-2024,citas_por_documento_openalex,9.798,citas por documento,"Citas por trabajo, sobre los trabajos del histograma","https://api.openalex.org/works?filter=institutions.id:I4210156023,publication_year:2020-2024",2026-09-25T22:38:18+00:00,api
openalex,Universidad Central de Chile,2024,2020-2024,pct_colaboracion_internacional,42.91,%,Trabajos con coautor de una institución de otro país,"https://api.openalex.org/works?filter=institutions.id:I4210156023,publication_year:2020-2024",2026-09-25T22:38:18+00:00,api
openalex,Universidad Central de Chile,2024,2020-2024,socios_recurrentes,199,instituciones,Instituciones con 3 o más trabajos conjuntos,https://api.openalex.org/works,2026-09-25T22:38:18+00:00,api
openalex,Universidad Central de Chile,2024,2020-2024,socios_recurrentes_paises,196,países,Países distintos entre los socios recurrentes,https://api.openalex.org/works,2026-09-25T22:38:18+00:00,api
openalex,Universidad Diego Portales,2022,2018-2022,publicaciones_openalex,3529,trabajos,Trabajos con al menos un autor de la institución,"https://api.openalex.org/works?filter=institutions.id:I911713783,publication_year:2018-2022",2026-09-25T22:38:18+00:00,api
openalex,Universidad Diego Portales,2022,2018-2022,publicaciones_openalex_article,2942,trabajos,Trabajos de tipo «article»,"https://api.openalex.org/works?filter=institutions.id:I911713783,publication_year:2018-2022",2026-09-25T22:38:18+00:00,api
openalex,Universidad Diego Portales,2022,2018-2022,publicaciones_openalex_book,14,trabajos,Trabajos de tipo «book»,"https://api.openalex.org/works?filter=institutions.id:I911713783,publication_year:2018-2022",2026-09-25T22:38:18+00:00,api
openalex,Universidad Diego Portales,2022,2018-2022,publicaciones_openalex_book-chapter,103,trabajos,Trabajos de tipo «book-chapter»,"https://api.openalex.org/works?filter=institutions.id:I911713783,publication_year:2018-2022",2026-09-25T22:38:18+00:00,api
openalex,Universidad Diego Portales,2022,2018-2022,publicaciones_openalex_book-review,39,trabajos,Trabajos de tipo «book-review»,"https://api.openalex.org/works?filter=institutions.id:I911713783,publication_year:2018-2022",2026-09-25T22:38:18+00:00,api
openalex,Universidad Diego Portales,2022,2018-2022,publicaciones_openalex_conference-abstract,15,trabajos,Trabajos de tipo «conference-abstract»,"https://api.openalex.org/works?filter=institutions.id:I911713783,publication_year:2018-2022",2026-09-25T22:38:18+00:00,api
openalex,Universidad Diego Portales,2022,2018-2022,publicaciones_openalex_conference-paper,69,trabajos,Trabajos de tipo «conference-paper»,"https://api.openalex.org/works?filter=institutions.id:I911713783,publication_year:2018-2022",2026-09-25T22:38:18+00:00,api
openalex,Universidad Diego Portales,2022,2018-2022,publicaciones_openalex_data-paper,3,trabajos,Trabajos de tipo «data-paper»,"https://api.openalex.org/works?filter=institutions.id:I911713783,publication_year:2018-2022",2026-09-25T22:38:18+00:00,api
openalex,Universidad Diego Portales,2022,2018-2022,publicaciones_openalex_dataset,88,trabajos,Trabajos de tipo «dataset»,"https://api.openalex.org/works?filter=institutions.id:I911713783,publication_year:2018-2022",2026-09-25T22:38:18+00:00,api
openalex,Universidad Diego Portales,2022,2018-2022,publicaciones_openalex_dissertation,2,trabajos,Trabajos de tipo «dissertation»,"https://api.openalex.org/works?filter=institutions.id:I911713783,publication_year:2018-2022",2026-09-25T22:38:18+00:00,api
openalex,Universidad Diego Portales,2022,2018-2022,publicaciones_openalex_editorial,17,trabajos,Trabajos de tipo «editorial»,"https://api.openalex.org/works?filter=institutions.id:I911713783,publication_year:2018-2022",2026-09-25T22:38:18+00:00,api
openalex,Universidad Diego Portales,2022,2018-2022,publicaciones_openalex_erratum,22,trabajos,Trabajos de tipo «erratum»,"https://api.openalex.org/works?filter=institutions.id:I911713783,publication_year:2018-2022",2026-09-25T22:38:18+00:00,api
openalex,Universidad Diego Portales,2022,2018-2022,publicaciones_openalex_letter,3,trabajos,Trabajos de tipo «letter»,"https://api.openalex.org/works?filter=institutions.id:I911713783,publication_year:2018-2022",2026-09-25T22:38:18+00:00,api
openalex,Universidad Diego Portales,2022,2018-2022,publicaciones_openalex_other,21,trabajos,Trabajos de tipo «other»,"https://api.openalex.org/works?filter=institutions.id:I911713783,publication_year:2018-2022",2026-09-25T22:38:18+00:00,api
openalex,Universidad Diego Portales,2022,2018-2022,publicaciones_openalex_paratext,8,trabajos,Trabajos de tipo «paratext»,"https://api.openalex.org/works?filter=institutions.id:I911713783,publication_year:2018-2022",2026-09-25T22:38:18+00:00,api
openalex,Universidad Diego Portales,2022,2018-2022,publicaciones_openalex_peer-review,6,trabajos,Trabajos de tipo «peer-review»,"https://api.openalex.org/works?filter=institutions.id:I911713783,publication_year:2018-2022",2026-09-25T22:38:18+00:00,api
openalex,Universidad Diego Portales,2022,2018-2022,publicaciones_openalex_preprint,136,trabajos,Trabajos de tipo «preprint»,"https://api.openalex.org/works?filter=institutions.id:I911713783,publication_year:2018-2022",2026-09-25T22:38:18+00:00,api
openalex,Universidad Diego Portales,2022,2018-2022,publicaciones_openalex_reference-entry,13,trabajos,Trabajos de tipo «reference-entry»,"https://api.openalex.org/works?filter=institutions.id:I911713783,publication_year:2018-2022",2026-09-25T22:38:18+00:00,api
openalex,Universidad Diego Portales,2022,2018-2022,publicaciones_openalex_report,5,trabajos,Trabajos de tipo «report»,"https://api.openalex.org/works?filter=institutions.id:I911713783,publication_year:2018-2022",2026-09-25T22:38:18+00:00,api
openalex,Universidad Diego Portales,2022,2018-2022,publicaciones_openalex_review,22,trabajos,Trabajos de tipo «review»,"https://api.openalex.org/works?filter=institutions.id:I911713783,publication_year:2018-2022",2026-09-25T22:38:18+00:00,api
openalex,Universidad Diego Portales,2022,2018-2022,publicaciones_openalex_software-paper,1,trabajos,Trabajos de tipo «software-paper»,"https://api.openalex.org/works?filter=institutions.id:I911713783,publication_year:2018-2022",2026-09-25T22:38:18+00:00,api
openalex,Universidad Diego Portales,2022,2018-2022,citas_openalex,69288,citas,Citas recibidas por los trabajos de la ventana (histograma sobre 3507 de 3529),"https://api.openalex.org/works?filter=institutions.id:I911713783,publication_year:2018-2022",2026-09-25T22:38:18+00:00,api
openalex,Universidad Diego Portales,2022,2018-2022,citas_por_documento_openalex,19.757,citas por documento,"Citas por trabajo, sobre los trabajos del histograma","https://api.openalex.org/works?filter=institutions.id:I911713783,publication_year:2018-2022",2026-09-25T22:38:18+00:00,api
openalex,Universidad Diego Portales,2022,2018-2022,pct_colaboracion_internacional,51.23,%,Trabajos con coautor de una institución de otro país,"https://api.openalex.org/works?filter=institutions.id:I911713783,publication_year:2018-2022",2026-09-25T22:38:18+00:00,api
openalex,Universidad Diego Portales,2023,2019-2023,publicaciones_openalex,3673,trabajos,Trabajos con al menos un autor de la institución,"https://api.openalex.org/works?filter=institutions.id:I911713783,publication_year:2019-2023",2026-09-25T22:38:18+00:00,api
openalex,Universidad Diego Portales,2023,2019-2023,publicaciones_openalex_article,3060,trabajos,Trabajos de tipo «article»,"https://api.openalex.org/works?filter=institutions.id:I911713783,publication_year:2019-2023",2026-09-25T22:38:18+00:00,api
openalex,Universidad Diego Portales,2023,2019-2023,publicaciones_openalex_book,13,trabajos,Trabajos de tipo «book»,"https://api.openalex.org/works?filter=institutions.id:I911713783,publication_year:2019-2023",2026-09-25T22:38:18+00:00,api
openalex,Universidad Diego Portales,2023,2019-2023,publicaciones_openalex_book-chapter,98,trabajos,Trabajos de tipo «book-chapter»,"https://api.openalex.org/works?filter=institutions.id:I911713783,publication_year:2019-2023",2026-09-25T22:38:18+00:00,api
openalex,Universidad Diego Portales,2023,2019-2023,publicaciones_openalex_book-review,31,trabajos,Trabajos de tipo «book-review»,"https://api.openalex.org/works?filter=institutions.id:I911713783,publication_year:2019-2023",2026-09-25T22:38:18+00:00,api
openalex,Universidad Diego Portales,2023,2019-2023,publicaciones_openalex_conference-abstract,18,trabajos,Trabajos de tipo «conference-abstract»,"https://api.openalex.org/works?filter=institutions.id:I911713783,publication_year:2019-2023",2026-09-25T22:38:18+00:00,api
openalex,Universidad Diego Portales,2023,2019-2023,publicaciones_openalex_conference-paper,70,trabajos,Trabajos de tipo «conference-paper»,"https://api.openalex.org/works?filter=institutions.id:I911713783,publication_year:2019-2023",2026-09-25T22:38:18+00:00,api
openalex,Universidad Diego Portales,2023,2019-2023,publicaciones_openalex_data-paper,3,trabajos,Trabajos de tipo «data-paper»,"https://api.openalex.org/works?filter=institutions.id:I911713783,publication_year:2019-2023",2026-09-25T22:38:18+00:00,api
openalex,Universidad Diego Portales,2023,2019-2023,publicaciones_openalex_dataset,86,trabajos,Trabajos de tipo «dataset»,"https://api.openalex.org/works?filter=institutions.id:I911713783,publication_year:2019-2023",2026-09-25T22:38:18+00:00,api
openalex,Universidad Diego Portales,2023,2019-2023,publicaciones_openalex_editorial,21,trabajos,Trabajos de tipo «editorial»,"https://api.openalex.org/works?filter=institutions.id:I911713783,publication_year:2019-2023",2026-09-25T22:38:18+00:00,api
openalex,Universidad Diego Portales,2023,2019-2023,publicaciones_openalex_erratum,25,trabajos,Trabajos de tipo «erratum»,"https://api.openalex.org/works?filter=institutions.id:I911713783,publication_year:2019-2023",2026-09-25T22:38:18+00:00,api
openalex,Universidad Diego Portales,2023,2019-2023,publicaciones_openalex_letter,4,trabajos,Trabajos de tipo «letter»,"https://api.openalex.org/works?filter=institutions.id:I911713783,publication_year:2019-2023",2026-09-25T22:38:18+00:00,api
openalex,Universidad Diego Portales,2023,2019-2023,publicaciones_openalex_other,20,trabajos,Trabajos de tipo «other»,"https://api.openalex.org/works?filter=institutions.id:I911713783,publication_year:2019-2023",2026-09-25T22:38:18+00:00,api
openalex,Universidad Diego Portales,2023,2019-2023,publicaciones_openalex_paratext,8,trabajos,Trabajos de tipo «paratext»,"https://api.openalex.org/works?filter=institutions.id:I911713783,publication_year:2019-2023",2026-09-25T22:38:18+00:00,api
openalex,Universidad Diego Portales,2023,2019-2023,publicaciones_openalex_peer-review,6,trabajos,Trabajos de tipo «peer-review»,"https://api.openalex.org/works?filter=institutions.id:I911713783,publication_year:2019-2023",2026-09-25T22:38:18+00:00,api
openalex,Universidad Diego Portales,2023,2019-2023,publicaciones_openalex_preprint,164,trabajos,Trabajos de tipo «preprint»,"https://api.openalex.org/works?filter=institutions.id:I911713783,publication_year:2019-2023",2026-09-25T22:38:18+00:00,api
openalex,Universidad Diego Portales,2023,2019-2023,publicaciones_openalex_reference-entry,13,trabajos,Trabajos de tipo «reference-entry»,"https://api.openalex.org/works?filter=institutions.id:I911713783,publication_year:2019-2023",2026-09-25T22:38:18+00:00,api
openalex,Universidad Diego Portales,2023,2019-2023,publicaciones_openalex_report,5,trabajos,Trabajos de tipo «report»,"https://api.openalex.org/works?filter=institutions.id:I911713783,publication_year:2019-2023",2026-09-25T22:38:18+00:00,api
openalex,Universidad Diego Portales,2023,2019-2023,publicaciones_openalex_review,27,trabajos,Trabajos de tipo «review»,"https://api.openalex.org/works?filter=institutions.id:I911713783,publication_year:2019-2023",2026-09-25T22:38:18+00:00,api
openalex,Universidad Diego Portales,2023,2019-2023,publicaciones_openalex_software-paper,1,trabajos,Trabajos de tipo «software-paper»,"https://api.openalex.org/works?filter=institutions.id:I911713783,publication_year:2019-2023",2026-09-25T22:38:18+00:00,api
openalex,Universidad Diego Portales,2023,2019-2023,citas_openalex,58180,citas,Citas recibidas por los trabajos de la ventana (histograma sobre 3654 de 3673),"https://api.openalex.org/works?filter=institutions.id:I911713783,publication_year:2019-2023",2026-09-25T22:38:18+00:00,api
openalex,Universidad Diego Portales,2023,2019-2023,citas_por_documento_openalex,15.922,citas por documento,"Citas por trabajo, sobre los trabajos del histograma","https://api.openalex.org/works?filter=institutions.id:I911713783,publication_year:2019-2023",2026-09-25T22:38:18+00:00,api
openalex,Universidad Diego Portales,2023,2019-2023,pct_colaboracion_internacional,52.6,%,Trabajos con coautor de una institución de otro país,"https://api.openalex.org/works?filter=institutions.id:I911713783,publication_year:2019-2023",2026-09-25T22:38:18+00:00,api
openalex,Universidad Diego Portales,2024,2020-2024,publicaciones_openalex,3718,trabajos,Trabajos con al menos un autor de la institución,"https://api.openalex.org/works?filter=institutions.id:I911713783,publication_year:2020-2024",2026-09-25T22:38:18+00:00,api
openalex,Universidad Diego Portales,2024,2020-2024,publicaciones_openalex_article,3062,trabajos,Trabajos de tipo «article»,"https://api.openalex.org/works?filter=institutions.id:I911713783,publication_year:2020-2024",2026-09-25T22:38:18+00:00,api
openalex,Universidad Diego Portales,2024,2020-2024,publicaciones_openalex_book,17,trabajos,Trabajos de tipo «book»,"https://api.openalex.org/works?filter=institutions.id:I911713783,publication_year:2020-2024",2026-09-25T22:38:18+00:00,api
openalex,Universidad Diego Portales,2024,2020-2024,publicaciones_openalex_book-chapter,100,trabajos,Trabajos de tipo «book-chapter»,"https://api.openalex.org/works?filter=institutions.id:I911713783,publication_year:2020-2024",2026-09-25T22:38:18+00:00,api
openalex,Universidad Diego Portales,2024,2020-2024,publicaciones_openalex_book-review,33,trabajos,Trabajos de tipo «book-review»,"https://api.openalex.org/works?filter=institutions.id:I911713783,publication_year:2020-2024",2026-09-25T22:38:18+00:00,api
openalex,Universidad Diego Portales,2024,2020-2024,publicaciones_openalex_conference-abstract,25,trabajos,Trabajos de tipo «conference-abstract»,"https://api.openalex.org/works?filter=institutions.id:I911713783,publication_year:2020-2024",2026-09-25T22:38:18+00:00,api
openalex,Universidad Diego Portales,2024,2020-2024,publicaciones_openalex_conference-paper,80,trabajos,Trabajos de tipo «conference-paper»,"https://api.openalex.org/works?filter=institutions.id:I911713783,publication_year:2020-2024",2026-09-25T22:38:18+00:00,api
openalex,Universidad Diego Portales,2024,2020-2024,publicaciones_openalex_data-paper,1,trabajos,Trabajos de tipo «data-paper»,"https://api.openalex.org/works?filter=institutions.id:I911713783,publication_year:2020-2024",2026-09-25T22:38:18+00:00,api
openalex,Universidad Diego Portales,2024,2020-2024,publicaciones_openalex_dataset,72,trabajos,Trabajos de tipo «dataset»,"https://api.openalex.org/works?filter=institutions.id:I911713783,publication_year:2020-2024",2026-09-25T22:38:18+00:00,api
openalex,Universidad Diego Portales,2024,2020-2024,publicaciones_openalex_editorial,23,trabajos,Trabajos de tipo «editorial»,"https://api.openalex.org/works?filter=institutions.id:I911713783,publication_year:2020-2024",2026-09-25T22:38:18+00:00,api
openalex,Universidad Diego Portales,2024,2020-2024,publicaciones_openalex_erratum,29,trabajos,Trabajos de tipo «erratum»,"https://api.openalex.org/works?filter=institutions.id:I911713783,publication_year:2020-2024",2026-09-25T22:38:18+00:00,api
openalex,Universidad Diego Portales,2024,2020-2024,publicaciones_openalex_letter,2,trabajos,Trabajos de tipo «letter»,"https://api.openalex.org/works?filter=institutions.id:I911713783,publication_year:2020-2024",2026-09-25T22:38:18+00:00,api
openalex,Universidad Diego Portales,2024,2020-2024,publicaciones_openalex_other,14,trabajos,Trabajos de tipo «other»,"https://api.openalex.org/works?filter=institutions.id:I911713783,publication_year:2020-2024",2026-09-25T22:38:18+00:00,api
openalex,Universidad Diego Portales,2024,2020-2024,publicaciones_openalex_paratext,9,trabajos,Trabajos de tipo «paratext»,"https://api.openalex.org/works?filter=institutions.id:I911713783,publication_year:2020-2024",2026-09-25T22:38:18+00:00,api
openalex,Universidad Diego Portales,2024,2020-2024,publicaciones_openalex_peer-review,7,trabajos,Trabajos de tipo «peer-review»,"https://api.openalex.org/works?filter=institutions.id:I911713783,publication_year:2020-2024",2026-09-25T22:38:18+00:00,api
openalex,Universidad Diego Portales,2024,2020-2024,publicaciones_openalex_preprint,188,trabajos,Trabajos de tipo «preprint»,"https://api.openalex.org/works?filter=institutions.id:I911713783,publication_year:2020-2024",2026-09-25T22:38:18+00:00,api
openalex,Universidad Diego Portales,2024,2020-2024,publicaciones_openalex_reference-entry,13,trabajos,Trabajos de tipo «reference-entry»,"https://api.openalex.org/works?filter=institutions.id:I911713783,publication_year:2020-2024",2026-09-25T22:38:18+00:00,api
openalex,Universidad Diego Portales,2024,2020-2024,publicaciones_openalex_report,5,trabajos,Trabajos de tipo «report»,"https://api.openalex.org/works?filter=institutions.id:I911713783,publication_year:2020-2024",2026-09-25T22:38:18+00:00,api
openalex,Universidad Diego Portales,2024,2020-2024,publicaciones_openalex_review,37,trabajos,Trabajos de tipo «review»,"https://api.openalex.org/works?filter=institutions.id:I911713783,publication_year:2020-2024",2026-09-25T22:38:18+00:00,api
openalex,Universidad Diego Portales,2024,2020-2024,publicaciones_openalex_software-paper,1,trabajos,Trabajos de tipo «software-paper»,"https://api.openalex.org/works?filter=institutions.id:I911713783,publication_year:2020-2024",2026-09-25T22:38:18+00:00,api
openalex,Universidad Diego Portales,2024,2020-2024,citas_openalex,48889,citas,Citas recibidas por los trabajos de la ventana (histograma sobre 3707 de 3718),"https://api.openalex.org/works?filter=institutions.id:I911713783,publication_year:2020-2024",2026-09-25T22:38:18+00:00,api
openalex,Universidad Diego Portales,2024,2020-2024,citas_por_documento_openalex,13.188,citas por documento,"Citas por trabajo, sobre los trabajos del histograma","https://api.openalex.org/works?filter=institutions.id:I911713783,publication_year:2020-2024",2026-09-25T22:38:18+00:00,api
openalex,Universidad Diego Portales,2024,2020-2024,pct_colaboracion_internacional,55.06,%,Trabajos con coautor de una institución de otro país,"https://api.openalex.org/works?filter=institutions.id:I911713783,publication_year:2020-2024",2026-09-25T22:38:18+00:00,api
openalex,Universidad Diego Portales,2024,2020-2024,socios_recurrentes,199,instituciones,Instituciones con 3 o más trabajos conjuntos,https://api.openalex.org/works,2026-09-25T22:38:18+00:00,api
openalex,Universidad Diego Portales,2024,2020-2024,socios_recurrentes_paises,198,países,Países distintos entre los socios recurrentes,https://api.openalex.org/works,2026-09-25T22:38:18+00:00,api
openalex,Universidad Finis Terrae,2022,2018-2022,publicaciones_openalex,1048,trabajos,Trabajos con al menos un autor de la institución,"https://api.openalex.org/works?filter=institutions.id:I4210113179,publication_year:2018-2022",2026-09-25T22:38:18+00:00,api
openalex,Universidad Finis Terrae,2022,2018-2022,publicaciones_openalex_article,882,trabajos,Trabajos de tipo «article»,"https://api.openalex.org/works?filter=institutions.id:I4210113179,publication_year:2018-2022",2026-09-25T22:38:18+00:00,api
openalex,Universidad Finis Terrae,2022,2018-2022,publicaciones_openalex_book,2,trabajos,Trabajos de tipo «book»,"https://api.openalex.org/works?filter=institutions.id:I4210113179,publication_year:2018-2022",2026-09-25T22:38:18+00:00,api
openalex,Universidad Finis Terrae,2022,2018-2022,publicaciones_openalex_book-chapter,45,trabajos,Trabajos de tipo «book-chapter»,"https://api.openalex.org/works?filter=institutions.id:I4210113179,publication_year:2018-2022",2026-09-25T22:38:18+00:00,api
openalex,Universidad Finis Terrae,2022,2018-2022,publicaciones_openalex_book-review,8,trabajos,Trabajos de tipo «book-review»,"https://api.openalex.org/works?filter=institutions.id:I4210113179,publication_year:2018-2022",2026-09-25T22:38:18+00:00,api
openalex,Universidad Finis Terrae,2022,2018-2022,publicaciones_openalex_conference-abstract,4,trabajos,Trabajos de tipo «conference-abstract»,"https://api.openalex.org/works?filter=institutions.id:I4210113179,publication_year:2018-2022",2026-09-25T22:38:18+00:00,api
openalex,Universidad Finis Terrae,2022,2018-2022,publicaciones_openalex_conference-paper,36,trabajos,Trabajos de tipo «conference-paper»,"https://api.openalex.org/works?filter=institutions.id:I4210113179,publication_year:2018-2022",2026-09-25T22:38:18+00:00,api
openalex,Universidad Finis Terrae,2022,2018-2022,publicaciones_openalex_dataset,2,trabajos,Trabajos de tipo «dataset»,"https://api.openalex.org/works?filter=institutions.id:I4210113179,publication_year:2018-2022",2026-09-25T22:38:18+00:00,api
openalex,Universidad Finis Terrae,2022,2018-2022,publicaciones_openalex_dissertation,1,trabajos,Trabajos de tipo «dissertation»,"https://api.openalex.org/works?filter=institutions.id:I4210113179,publication_year:2018-2022",2026-09-25T22:38:18+00:00,api
openalex,Universidad Finis Terrae,2022,2018-2022,publicaciones_openalex_editorial,18,trabajos,Trabajos de tipo «editorial»,"https://api.openalex.org/works?filter=institutions.id:I4210113179,publication_year:2018-2022",2026-09-25T22:38:18+00:00,api
openalex,Universidad Finis Terrae,2022,2018-2022,publicaciones_openalex_erratum,4,trabajos,Trabajos de tipo «erratum»,"https://api.openalex.org/works?filter=institutions.id:I4210113179,publication_year:2018-2022",2026-09-25T22:38:18+00:00,api
openalex,Universidad Finis Terrae,2022,2018-2022,publicaciones_openalex_letter,1,trabajos,Trabajos de tipo «letter»,"https://api.openalex.org/works?filter=institutions.id:I4210113179,publication_year:2018-2022",2026-09-25T22:38:18+00:00,api
openalex,Universidad Finis Terrae,2022,2018-2022,publicaciones_openalex_paratext,2,trabajos,Trabajos de tipo «paratext»,"https://api.openalex.org/works?filter=institutions.id:I4210113179,publication_year:2018-2022",2026-09-25T22:38:18+00:00,api
openalex,Universidad Finis Terrae,2022,2018-2022,publicaciones_openalex_preprint,25,trabajos,Trabajos de tipo «preprint»,"https://api.openalex.org/works?filter=institutions.id:I4210113179,publication_year:2018-2022",2026-09-25T22:38:18+00:00,api
openalex,Universidad Finis Terrae,2022,2018-2022,publicaciones_openalex_reference-entry,2,trabajos,Trabajos de tipo «reference-entry»,"https://api.openalex.org/works?filter=institutions.id:I4210113179,publication_year:2018-2022",2026-09-25T22:38:18+00:00,api
openalex,Universidad Finis Terrae,2022,2018-2022,publicaciones_openalex_report,1,trabajos,Trabajos de tipo «report»,"https://api.openalex.org/works?filter=institutions.id:I4210113179,publication_year:2018-2022",2026-09-25T22:38:18+00:00,api
openalex,Universidad Finis Terrae,2022,2018-2022,publicaciones_openalex_retraction,1,trabajos,Trabajos de tipo «retraction»,"https://api.openalex.org/works?filter=institutions.id:I4210113179,publication_year:2018-2022",2026-09-25T22:38:18+00:00,api
openalex,Universidad Finis Terrae,2022,2018-2022,publicaciones_openalex_review,14,trabajos,Trabajos de tipo «review»,"https://api.openalex.org/works?filter=institutions.id:I4210113179,publication_year:2018-2022",2026-09-25T22:38:18+00:00,api
openalex,Universidad Finis Terrae,2022,2018-2022,citas_openalex,11627,citas,Citas recibidas por los trabajos de la ventana (histograma sobre 1047 de 1048),"https://api.openalex.org/works?filter=institutions.id:I4210113179,publication_year:2018-2022",2026-09-25T22:38:18+00:00,api
openalex,Universidad Finis Terrae,2022,2018-2022,citas_por_documento_openalex,11.105,citas por documento,"Citas por trabajo, sobre los trabajos del histograma","https://api.openalex.org/works?filter=institutions.id:I4210113179,publication_year:2018-2022",2026-09-25T22:38:18+00:00,api
openalex,Universidad Finis Terrae,2022,2018-2022,pct_colaboracion_internacional,39.5,%,Trabajos con coautor de una institución de otro país,"https://api.openalex.org/works?filter=institutions.id:I4210113179,publication_year:2018-2022",2026-09-25T22:38:18+00:00,api
openalex,Universidad Finis Terrae,2023,2019-2023,publicaciones_openalex,1220,trabajos,Trabajos con al menos un autor de la institución,"https://api.openalex.org/works?filter=institutions.id:I4210113179,publication_year:2019-2023",2026-09-25T22:38:18+00:00,api
openalex,Universidad Finis Terrae,2023,2019-2023,publicaciones_openalex_article,1039,trabajos,Trabajos de tipo «article»,"https://api.openalex.org/works?filter=institutions.id:I4210113179,publication_year:2019-2023",2026-09-25T22:38:18+00:00,api
openalex,Universidad Finis Terrae,2023,2019-2023,publicaciones_openalex_book,4,trabajos,Trabajos de tipo «book»,"https://api.openalex.org/works?filter=institutions.id:I4210113179,publication_year:2019-2023",2026-09-25T22:38:18+00:00,api
openalex,Universidad Finis Terrae,2023,2019-2023,publicaciones_openalex_book-chapter,49,trabajos,Trabajos de tipo «book-chapter»,"https://api.openalex.org/works?filter=institutions.id:I4210113179,publication_year:2019-2023",2026-09-25T22:38:18+00:00,api
openalex,Universidad Finis Terrae,2023,2019-2023,publicaciones_openalex_book-review,7,trabajos,Trabajos de tipo «book-review»,"https://api.openalex.org/works?filter=institutions.id:I4210113179,publication_year:2019-2023",2026-09-25T22:38:18+00:00,api
openalex,Universidad Finis Terrae,2023,2019-2023,publicaciones_openalex_conference-abstract,4,trabajos,Trabajos de tipo «conference-abstract»,"https://api.openalex.org/works?filter=institutions.id:I4210113179,publication_year:2019-2023",2026-09-25T22:38:18+00:00,api
openalex,Universidad Finis Terrae,2023,2019-2023,publicaciones_openalex_conference-paper,27,trabajos,Trabajos de tipo «conference-paper»,"https://api.openalex.org/works?filter=institutions.id:I4210113179,publication_year:2019-2023",2026-09-25T22:38:18+00:00,api
openalex,Universidad Finis Terrae,2023,2019-2023,publicaciones_openalex_dataset,2,trabajos,Trabajos de tipo «dataset»,"https://api.openalex.org/works?filter=institutions.id:I4210113179,publication_year:2019-2023",2026-09-25T22:38:18+00:00,api
openalex,Universidad Finis Terrae,2023,2019-2023,publicaciones_openalex_editorial,23,trabajos,Trabajos de tipo «editorial»,"https://api.openalex.org/works?filter=institutions.id:I4210113179,publication_year:2019-2023",2026-09-25T22:38:18+00:00,api
openalex,Universidad Finis Terrae,2023,2019-2023,publicaciones_openalex_erratum,5,trabajos,Trabajos de tipo «erratum»,"https://api.openalex.org/works?filter=institutions.id:I4210113179,publication_year:2019-2023",2026-09-25T22:38:18+00:00,api
openalex,Universidad Finis Terrae,2023,2019-2023,publicaciones_openalex_letter,1,trabajos,Trabajos de tipo «letter»,"https://api.openalex.org/works?filter=institutions.id:I4210113179,publication_year:2019-2023",2026-09-25T22:38:18+00:00,api
openalex,Universidad Finis Terrae,2023,2019-2023,publicaciones_openalex_paratext,4,trabajos,Trabajos de tipo «paratext»,"https://api.openalex.org/works?filter=institutions.id:I4210113179,publication_year:2019-2023",2026-09-25T22:38:18+00:00,api
openalex,Universidad Finis Terrae,2023,2019-2023,publicaciones_openalex_peer-review,1,trabajos,Trabajos de tipo «peer-review»,"https://api.openalex.org/works?filter=institutions.id:I4210113179,publication_year:2019-2023",2026-09-25T22:38:18+00:00,api
openalex,Universidad Finis Terrae,2023,2019-2023,publicaciones_openalex_preprint,31,trabajos,Trabajos de tipo «preprint»,"https://api.openalex.org/works?filter=institutions.id:I4210113179,publication_year:2019-2023",2026-09-25T22:38:18+00:00,api
openalex,Universidad Finis Terrae,2023,2019-2023,publicaciones_openalex_reference-entry,1,trabajos,Trabajos de tipo «reference-entry»,"https://api.openalex.org/works?filter=institutions.id:I4210113179,publication_year:2019-2023",2026-09-25T22:38:18+00:00,api
openalex,Universidad Finis Terrae,2023,2019-2023,publicaciones_openalex_review,22,trabajos,Trabajos de tipo «review»,"https://api.openalex.org/works?filter=institutions.id:I4210113179,publication_year:2019-2023",2026-09-25T22:38:18+00:00,api
openalex,Universidad Finis Terrae,2023,2019-2023,citas_openalex,11758,citas,Citas recibidas por los trabajos de la ventana (histograma sobre 1219 de 1220),"https://api.openalex.org/works?filter=institutions.id:I4210113179,publication_year:2019-2023",2026-09-25T22:38:18+00:00,api
openalex,Universidad Finis Terrae,2023,2019-2023,citas_por_documento_openalex,9.646,citas por documento,"Citas por trabajo, sobre los trabajos del histograma","https://api.openalex.org/works?filter=institutions.id:I4210113179,publication_year:2019-2023",2026-09-25T22:38:18+00:00,api
openalex,Universidad Finis Terrae,2023,2019-2023,pct_colaboracion_internacional,40.49,%,Trabajos con coautor de una institución de otro país,"https://api.openalex.org/works?filter=institutions.id:I4210113179,publication_year:2019-2023",2026-09-25T22:38:18+00:00,api
openalex,Universidad Finis Terrae,2024,2020-2024,publicaciones_openalex,1442,trabajos,Trabajos con al menos un autor de la institución,"https://api.openalex.org/works?filter=institutions.id:I4210113179,publication_year:2020-2024",2026-09-25T22:38:18+00:00,api
openalex,Universidad Finis Terrae,2024,2020-2024,publicaciones_openalex_article,1189,trabajos,Trabajos de tipo «article»,"https://api.openalex.org/works?filter=institutions.id:I4210113179,publication_year:2020-2024",2026-09-25T22:38:18+00:00,api
openalex,Universidad Finis Terrae,2024,2020-2024,publicaciones_openalex_book,4,trabajos,Trabajos de tipo «book»,"https://api.openalex.org/works?filter=institutions.id:I4210113179,publication_year:2020-2024",2026-09-25T22:38:18+00:00,api
openalex,Universidad Finis Terrae,2024,2020-2024,publicaciones_openalex_book-chapter,60,trabajos,Trabajos de tipo «book-chapter»,"https://api.openalex.org/works?filter=institutions.id:I4210113179,publication_year:2020-2024",2026-09-25T22:38:18+00:00,api
openalex,Universidad Finis Terrae,2024,2020-2024,publicaciones_openalex_book-review,8,trabajos,Trabajos de tipo «book-review»,"https://api.openalex.org/works?filter=institutions.id:I4210113179,publication_year:2020-2024",2026-09-25T22:38:18+00:00,api
openalex,Universidad Finis Terrae,2024,2020-2024,publicaciones_openalex_conference-abstract,13,trabajos,Trabajos de tipo «conference-abstract»,"https://api.openalex.org/works?filter=institutions.id:I4210113179,publication_year:2020-2024",2026-09-25T22:38:18+00:00,api
openalex,Universidad Finis Terrae,2024,2020-2024,publicaciones_openalex_conference-paper,27,trabajos,Trabajos de tipo «conference-paper»,"https://api.openalex.org/works?filter=institutions.id:I4210113179,publication_year:2020-2024",2026-09-25T22:38:18+00:00,api
openalex,Universidad Finis Terrae,2024,2020-2024,publicaciones_openalex_dataset,2,trabajos,Trabajos de tipo «dataset»,"https://api.openalex.org/works?filter=institutions.id:I4210113179,publication_year:2020-2024",2026-09-25T22:38:18+00:00,api
openalex,Universidad Finis Terrae,2024,2020-2024,publicaciones_openalex_editorial,23,trabajos,Trabajos de tipo «editorial»,"https://api.openalex.org/works?filter=institutions.id:I4210113179,publication_year:2020-2024",2026-09-25T22:38:18+00:00,api
openalex,Universidad Finis Terrae,2024,2020-2024,publicaciones_openalex_erratum,7,trabajos,Trabajos de tipo «erratum»,"https://api.openalex.org/works?filter=institutions.id:I4210113179,publication_year:2020-2024",2026-09-25T22:38:18+00:00,api
openalex,Universidad Finis Terrae,2024,2020-2024,publicaciones_openalex_letter,1,trabajos,Trabajos de tipo «letter»,"https://api.openalex.org/works?filter=institutions.id:I4210113179,publication_year:2020-2024",2026-09-25T22:38:18+00:00,api
openalex,Universidad Finis Terrae,2024,2020-2024,publicaciones_openalex_other,5,trabajos,Trabajos de tipo «other»,"https://api.openalex.org/works?filter=institutions.id:I4210113179,publication_year:2020-2024",2026-09-25T22:38:18+00:00,api
openalex,Universidad Finis Terrae,2024,2020-2024,publicaciones_openalex_paratext,4,trabajos,Trabajos de tipo «paratext»,"https://api.openalex.org/works?filter=institutions.id:I4210113179,publication_year:2020-2024",2026-09-25T22:38:18+00:00,api
openalex,Universidad Finis Terrae,2024,2020-2024,publicaciones_openalex_peer-review,4,trabajos,Trabajos de tipo «peer-review»,"https://api.openalex.org/works?filter=institutions.id:I4210113179,publication_year:2020-2024",2026-09-25T22:38:18+00:00,api
openalex,Universidad Finis Terrae,2024,2020-2024,publicaciones_openalex_preprint,46,trabajos,Trabajos de tipo «preprint»,"https://api.openalex.org/works?filter=institutions.id:I4210113179,publication_year:2020-2024",2026-09-25T22:38:18+00:00,api
openalex,Universidad Finis Terrae,2024,2020-2024,publicaciones_openalex_reference-entry,1,trabajos,Trabajos de tipo «reference-entry»,"https://api.openalex.org/works?filter=institutions.id:I4210113179,publication_year:2020-2024",2026-09-25T22:38:18+00:00,api
openalex,Universidad Finis Terrae,2024,2020-2024,publicaciones_openalex_review,48,trabajos,Trabajos de tipo «review»,"https://api.openalex.org/works?filter=institutions.id:I4210113179,publication_year:2020-2024",2026-09-25T22:38:18+00:00,api
openalex,Universidad Finis Terrae,2024,2020-2024,citas_openalex,11795,citas,Citas recibidas por los trabajos de la ventana (histograma sobre 1441 de 1442),"https://api.openalex.org/works?filter=institutions.id:I4210113179,publication_year:2020-2024",2026-09-25T22:38:18+00:00,api
openalex,Universidad Finis Terrae,2024,2020-2024,citas_por_documento_openalex,8.185,citas por documento,"Citas por trabajo, sobre los trabajos del histograma","https://api.openalex.org/works?filter=institutions.id:I4210113179,publication_year:2020-2024",2026-09-25T22:38:18+00:00,api
openalex,Universidad Finis Terrae,2024,2020-2024,pct_colaboracion_internacional,43.9,%,Trabajos con coautor de una institución de otro país,"https://api.openalex.org/works?filter=institutions.id:I4210113179,publication_year:2020-2024",2026-09-25T22:38:18+00:00,api
openalex,Universidad Finis Terrae,2024,2020-2024,socios_recurrentes,199,instituciones,Instituciones con 3 o más trabajos conjuntos,https://api.openalex.org/works,2026-09-25T22:38:18+00:00,api
openalex,Universidad Finis Terrae,2024,2020-2024,socios_recurrentes_paises,197,países,Países distintos entre los socios recurrentes,https://api.openalex.org/works,2026-09-25T22:38:18+00:00,api
openalex,Universidad Gabriela Mistral,2022,2018-2022,publicaciones_openalex,133,trabajos,Trabajos con al menos un autor de la institución,"https://api.openalex.org/works?filter=institutions.id:I3129898985,publication_year:2018-2022",2026-09-25T22:38:18+00:00,api
openalex,Universidad Gabriela Mistral,2022,2018-2022,publicaciones_openalex_article,103,trabajos,Trabajos de tipo «article»,"https://api.openalex.org/works?filter=institutions.id:I3129898985,publication_year:2018-2022",2026-09-25T22:38:18+00:00,api
openalex,Universidad Gabriela Mistral,2022,2018-2022,publicaciones_openalex_book,2,trabajos,Trabajos de tipo «book»,"https://api.openalex.org/works?filter=institutions.id:I3129898985,publication_year:2018-2022",2026-09-25T22:38:18+00:00,api
openalex,Universidad Gabriela Mistral,2022,2018-2022,publicaciones_openalex_book-chapter,4,trabajos,Trabajos de tipo «book-chapter»,"https://api.openalex.org/works?filter=institutions.id:I3129898985,publication_year:2018-2022",2026-09-25T22:38:18+00:00,api
openalex,Universidad Gabriela Mistral,2022,2018-2022,publicaciones_openalex_book-review,3,trabajos,Trabajos de tipo «book-review»,"https://api.openalex.org/works?filter=institutions.id:I3129898985,publication_year:2018-2022",2026-09-25T22:38:18+00:00,api
openalex,Universidad Gabriela Mistral,2022,2018-2022,publicaciones_openalex_conference-paper,1,trabajos,Trabajos de tipo «conference-paper»,"https://api.openalex.org/works?filter=institutions.id:I3129898985,publication_year:2018-2022",2026-09-25T22:38:18+00:00,api
openalex,Universidad Gabriela Mistral,2022,2018-2022,publicaciones_openalex_editorial,10,trabajos,Trabajos de tipo «editorial»,"https://api.openalex.org/works?filter=institutions.id:I3129898985,publication_year:2018-2022",2026-09-25T22:38:18+00:00,api
openalex,Universidad Gabriela Mistral,2022,2018-2022,publicaciones_openalex_letter,1,trabajos,Trabajos de tipo «letter»,"https://api.openalex.org/works?filter=institutions.id:I3129898985,publication_year:2018-2022",2026-09-25T22:38:18+00:00,api
openalex,Universidad Gabriela Mistral,2022,2018-2022,publicaciones_openalex_paratext,1,trabajos,Trabajos de tipo «paratext»,"https://api.openalex.org/works?filter=institutions.id:I3129898985,publication_year:2018-2022",2026-09-25T22:38:18+00:00,api
openalex,Universidad Gabriela Mistral,2022,2018-2022,publicaciones_openalex_preprint,1,trabajos,Trabajos de tipo «preprint»,"https://api.openalex.org/works?filter=institutions.id:I3129898985,publication_year:2018-2022",2026-09-25T22:38:18+00:00,api
openalex,Universidad Gabriela Mistral,2022,2018-2022,publicaciones_openalex_review,7,trabajos,Trabajos de tipo «review»,"https://api.openalex.org/works?filter=institutions.id:I3129898985,publication_year:2018-2022",2026-09-25T22:38:18+00:00,api
openalex,Universidad Gabriela Mistral,2022,2018-2022,citas_openalex,421,citas,Citas recibidas por los trabajos de la ventana (histograma sobre 132 de 133),"https://api.openalex.org/works?filter=institutions.id:I3129898985,publication_year:2018-2022",2026-09-25T22:38:18+00:00,api
openalex,Universidad Gabriela Mistral,2022,2018-2022,citas_por_documento_openalex,3.189,citas por documento,"Citas por trabajo, sobre los trabajos del histograma","https://api.openalex.org/works?filter=institutions.id:I3129898985,publication_year:2018-2022",2026-09-25T22:38:18+00:00,api
openalex,Universidad Gabriela Mistral,2022,2018-2022,pct_colaboracion_internacional,33.83,%,Trabajos con coautor de una institución de otro país,"https://api.openalex.org/works?filter=institutions.id:I3129898985,publication_year:2018-2022",2026-09-25T22:38:18+00:00,api
openalex,Universidad Gabriela Mistral,2023,2019-2023,publicaciones_openalex,146,trabajos,Trabajos con al menos un autor de la institución,"https://api.openalex.org/works?filter=institutions.id:I3129898985,publication_year:2019-2023",2026-09-25T22:38:18+00:00,api
openalex,Universidad Gabriela Mistral,2023,2019-2023,publicaciones_openalex_article,109,trabajos,Trabajos de tipo «article»,"https://api.openalex.org/works?filter=institutions.id:I3129898985,publication_year:2019-2023",2026-09-25T22:38:18+00:00,api
openalex,Universidad Gabriela Mistral,2023,2019-2023,publicaciones_openalex_book,2,trabajos,Trabajos de tipo «book»,"https://api.openalex.org/works?filter=institutions.id:I3129898985,publication_year:2019-2023",2026-09-25T22:38:18+00:00,api
openalex,Universidad Gabriela Mistral,2023,2019-2023,publicaciones_openalex_book-chapter,7,trabajos,Trabajos de tipo «book-chapter»,"https://api.openalex.org/works?filter=institutions.id:I3129898985,publication_year:2019-2023",2026-09-25T22:38:18+00:00,api
openalex,Universidad Gabriela Mistral,2023,2019-2023,publicaciones_openalex_book-review,3,trabajos,Trabajos de tipo «book-review»,"https://api.openalex.org/works?filter=institutions.id:I3129898985,publication_year:2019-2023",2026-09-25T22:38:18+00:00,api
openalex,Universidad Gabriela Mistral,2023,2019-2023,publicaciones_openalex_conference-paper,4,trabajos,Trabajos de tipo «conference-paper»,"https://api.openalex.org/works?filter=institutions.id:I3129898985,publication_year:2019-2023",2026-09-25T22:38:18+00:00,api
openalex,Universidad Gabriela Mistral,2023,2019-2023,publicaciones_openalex_editorial,10,trabajos,Trabajos de tipo «editorial»,"https://api.openalex.org/works?filter=institutions.id:I3129898985,publication_year:2019-2023",2026-09-25T22:38:18+00:00,api
openalex,Universidad Gabriela Mistral,2023,2019-2023,publicaciones_openalex_letter,1,trabajos,Trabajos de tipo «letter»,"https://api.openalex.org/works?filter=institutions.id:I3129898985,publication_year:2019-2023",2026-09-25T22:38:18+00:00,api
openalex,Universidad Gabriela Mistral,2023,2019-2023,publicaciones_openalex_paratext,1,trabajos,Trabajos de tipo «paratext»,"https://api.openalex.org/works?filter=institutions.id:I3129898985,publication_year:2019-2023",2026-09-25T22:38:18+00:00,api
openalex,Universidad Gabriela Mistral,2023,2019-2023,publicaciones_openalex_preprint,1,trabajos,Trabajos de tipo «preprint»,"https://api.openalex.org/works?filter=institutions.id:I3129898985,publication_year:2019-2023",2026-09-25T22:38:18+00:00,api
openalex,Universidad Gabriela Mistral,2023,2019-2023,publicaciones_openalex_review,8,trabajos,Trabajos de tipo «review»,"https://api.openalex.org/works?filter=institutions.id:I3129898985,publication_year:2019-2023",2026-09-25T22:38:18+00:00,api
openalex,Universidad Gabriela Mistral,2023,2019-2023,citas_openalex,373,citas,Citas recibidas por los trabajos de la ventana (histograma sobre 146 de 146),"https://api.openalex.org/works?filter=institutions.id:I3129898985,publication_year:2019-2023",2026-09-25T22:38:18+00:00,api
openalex,Universidad Gabriela Mistral,2023,2019-2023,citas_por_documento_openalex,2.555,citas por documento,"Citas por trabajo, sobre los trabajos del histograma","https://api.openalex.org/works?filter=institutions.id:I3129898985,publication_year:2019-2023",2026-09-25T22:38:18+00:00,api
openalex,Universidad Gabriela Mistral,2023,2019-2023,pct_colaboracion_internacional,41.78,%,Trabajos con coautor de una institución de otro país,"https://api.openalex.org/works?filter=institutions.id:I3129898985,publication_year:2019-2023",2026-09-25T22:38:18+00:00,api
openalex,Universidad Gabriela Mistral,2024,2020-2024,publicaciones_openalex,172,trabajos,Trabajos con al menos un autor de la institución,"https://api.openalex.org/works?filter=institutions.id:I3129898985,publication_year:2020-2024",2026-09-25T22:38:18+00:00,api
openalex,Universidad Gabriela Mistral,2024,2020-2024,publicaciones_openalex_article,131,trabajos,Trabajos de tipo «article»,"https://api.openalex.org/works?filter=institutions.id:I3129898985,publication_year:2020-2024",2026-09-25T22:38:18+00:00,api
openalex,Universidad Gabriela Mistral,2024,2020-2024,publicaciones_openalex_book,3,trabajos,Trabajos de tipo «book»,"https://api.openalex.org/works?filter=institutions.id:I3129898985,publication_year:2020-2024",2026-09-25T22:38:18+00:00,api
openalex,Universidad Gabriela Mistral,2024,2020-2024,publicaciones_openalex_book-chapter,9,trabajos,Trabajos de tipo «book-chapter»,"https://api.openalex.org/works?filter=institutions.id:I3129898985,publication_year:2020-2024",2026-09-25T22:38:18+00:00,api
openalex,Universidad Gabriela Mistral,2024,2020-2024,publicaciones_openalex_book-review,2,trabajos,Trabajos de tipo «book-review»,"https://api.openalex.org/works?filter=institutions.id:I3129898985,publication_year:2020-2024",2026-09-25T22:38:18+00:00,api
openalex,Universidad Gabriela Mistral,2024,2020-2024,publicaciones_openalex_conference-paper,5,trabajos,Trabajos de tipo «conference-paper»,"https://api.openalex.org/works?filter=institutions.id:I3129898985,publication_year:2020-2024",2026-09-25T22:38:18+00:00,api
openalex,Universidad Gabriela Mistral,2024,2020-2024,publicaciones_openalex_editorial,11,trabajos,Trabajos de tipo «editorial»,"https://api.openalex.org/works?filter=institutions.id:I3129898985,publication_year:2020-2024",2026-09-25T22:38:18+00:00,api
openalex,Universidad Gabriela Mistral,2024,2020-2024,publicaciones_openalex_letter,1,trabajos,Trabajos de tipo «letter»,"https://api.openalex.org/works?filter=institutions.id:I3129898985,publication_year:2020-2024",2026-09-25T22:38:18+00:00,api
openalex,Universidad Gabriela Mistral,2024,2020-2024,publicaciones_openalex_paratext,1,trabajos,Trabajos de tipo «paratext»,"https://api.openalex.org/works?filter=institutions.id:I3129898985,publication_year:2020-2024",2026-09-25T22:38:18+00:00,api
openalex,Universidad Gabriela Mistral,2024,2020-2024,publicaciones_openalex_preprint,2,trabajos,Trabajos de tipo «preprint»,"https://api.openalex.org/works?filter=institutions.id:I3129898985,publication_year:2020-2024",2026-09-25T22:38:18+00:00,api
openalex,Universidad Gabriela Mistral,2024,2020-2024,publicaciones_openalex_review,7,trabajos,Trabajos de tipo «review»,"https://api.openalex.org/works?filter=institutions.id:I3129898985,publication_year:2020-2024",2026-09-25T22:38:18+00:00,api
openalex,Universidad Gabriela Mistral,2024,2020-2024,citas_openalex,371,citas,Citas recibidas por los trabajos de la ventana (histograma sobre 172 de 172),"https://api.openalex.org/works?filter=institutions.id:I3129898985,publication_year:2020-2024",2026-09-25T22:38:18+00:00,api
openalex,Universidad Gabriela Mistral,2024,2020-2024,citas_por_documento_openalex,2.157,citas por documento,"Citas por trabajo, sobre los trabajos del histograma","https://api.openalex.org/works?filter=institutions.id:I3129898985,publication_year:2020-2024",2026-09-25T22:38:18+00:00,api
openalex,Universidad Gabriela Mistral,2024,2020-2024,pct_colaboracion_internacional,39.53,%,Trabajos con coautor de una institución de otro país,"https://api.openalex.org/works?filter=institutions.id:I3129898985,publication_year:2020-2024",2026-09-25T22:38:18+00:00,api
openalex,Universidad Gabriela Mistral,2024,2020-2024,socios_recurrentes,27,instituciones,Instituciones con 3 o más trabajos conjuntos,https://api.openalex.org/works,2026-09-25T22:38:18+00:00,api
openalex,Universidad Gabriela Mistral,2024,2020-2024,socios_recurrentes_paises,27,países,Países distintos entre los socios recurrentes,https://api.openalex.org/works,2026-09-25T22:38:18+00:00,api
openalex,Universidad Iberoamericana de Ciencias y Tecnologia,2022,2018-2022,publicaciones_openalex,24,trabajos,Trabajos con al menos un autor de la institución,"https://api.openalex.org/works?filter=institutions.id:I4210093507,publication_year:2018-2022",2026-09-25T22:38:18+00:00,api
openalex,Universidad Iberoamericana de Ciencias y Tecnologia,2022,2018-2022,publicaciones_openalex_article,21,trabajos,Trabajos de tipo «article»,"https://api.openalex.org/works?filter=institutions.id:I4210093507,publication_year:2018-2022",2026-09-25T22:38:18+00:00,api
openalex,Universidad Iberoamericana de Ciencias y Tecnologia,2022,2018-2022,publicaciones_openalex_book-chapter,1,trabajos,Trabajos de tipo «book-chapter»,"https://api.openalex.org/works?filter=institutions.id:I4210093507,publication_year:2018-2022",2026-09-25T22:38:18+00:00,api
openalex,Universidad Iberoamericana de Ciencias y Tecnologia,2022,2018-2022,publicaciones_openalex_conference-paper,1,trabajos,Trabajos de tipo «conference-paper»,"https://api.openalex.org/works?filter=institutions.id:I4210093507,publication_year:2018-2022",2026-09-25T22:38:18+00:00,api
openalex,Universidad Iberoamericana de Ciencias y Tecnologia,2022,2018-2022,publicaciones_openalex_editorial,1,trabajos,Trabajos de tipo «editorial»,"https://api.openalex.org/works?filter=institutions.id:I4210093507,publication_year:2018-2022",2026-09-25T22:38:18+00:00,api
openalex,Universidad Iberoamericana de Ciencias y Tecnologia,2022,2018-2022,citas_openalex,256,citas,Citas recibidas por los trabajos de la ventana (histograma sobre 24 de 24),"https://api.openalex.org/works?filter=institutions.id:I4210093507,publication_year:2018-2022",2026-09-25T22:38:18+00:00,api
openalex,Universidad Iberoamericana de Ciencias y Tecnologia,2022,2018-2022,citas_por_documento_openalex,10.667,citas por documento,"Citas por trabajo, sobre los trabajos del histograma","https://api.openalex.org/works?filter=institutions.id:I4210093507,publication_year:2018-2022",2026-09-25T22:38:18+00:00,api
openalex,Universidad Iberoamericana de Ciencias y Tecnologia,2022,2018-2022,pct_colaboracion_internacional,54.17,%,Trabajos con coautor de una institución de otro país,"https://api.openalex.org/works?filter=institutions.id:I4210093507,publication_year:2018-2022",2026-09-25T22:38:18+00:00,api
openalex,Universidad Iberoamericana de Ciencias y Tecnologia,2023,2019-2023,publicaciones_openalex,25,trabajos,Trabajos con al menos un autor de la institución,"https://api.openalex.org/works?filter=institutions.id:I4210093507,publication_year:2019-2023",2026-09-25T22:38:18+00:00,api
openalex,Universidad Iberoamericana de Ciencias y Tecnologia,2023,2019-2023,publicaciones_openalex_article,21,trabajos,Trabajos de tipo «article»,"https://api.openalex.org/works?filter=institutions.id:I4210093507,publication_year:2019-2023",2026-09-25T22:38:18+00:00,api
openalex,Universidad Iberoamericana de Ciencias y Tecnologia,2023,2019-2023,publicaciones_openalex_book-chapter,1,trabajos,Trabajos de tipo «book-chapter»,"https://api.openalex.org/works?filter=institutions.id:I4210093507,publication_year:2019-2023",2026-09-25T22:38:18+00:00,api
openalex,Universidad Iberoamericana de Ciencias y Tecnologia,2023,2019-2023,publicaciones_openalex_editorial,1,trabajos,Trabajos de tipo «editorial»,"https://api.openalex.org/works?filter=institutions.id:I4210093507,publication_year:2019-2023",2026-09-25T22:38:18+00:00,api
openalex,Universidad Iberoamericana de Ciencias y Tecnologia,2023,2019-2023,publicaciones_openalex_preprint,2,trabajos,Trabajos de tipo «preprint»,"https://api.openalex.org/works?filter=institutions.id:I4210093507,publication_year:2019-2023",2026-09-25T22:38:18+00:00,api
openalex,Universidad Iberoamericana de Ciencias y Tecnologia,2023,2019-2023,citas_openalex,180,citas,Citas recibidas por los trabajos de la ventana (histograma sobre 25 de 25),"https://api.openalex.org/works?filter=institutions.id:I4210093507,publication_year:2019-2023",2026-09-25T22:38:18+00:00,api
openalex,Universidad Iberoamericana de Ciencias y Tecnologia,2023,2019-2023,citas_por_documento_openalex,7.2,citas por documento,"Citas por trabajo, sobre los trabajos del histograma","https://api.openalex.org/works?filter=institutions.id:I4210093507,publication_year:2019-2023",2026-09-25T22:38:18+00:00,api
openalex,Universidad Iberoamericana de Ciencias y Tecnologia,2023,2019-2023,pct_colaboracion_internacional,36.0,%,Trabajos con coautor de una institución de otro país,"https://api.openalex.org/works?filter=institutions.id:I4210093507,publication_year:2019-2023",2026-09-25T22:38:18+00:00,api
openalex,Universidad Iberoamericana de Ciencias y Tecnologia,2024,2020-2024,publicaciones_openalex,25,trabajos,Trabajos con al menos un autor de la institución,"https://api.openalex.org/works?filter=institutions.id:I4210093507,publication_year:2020-2024",2026-09-25T22:38:18+00:00,api
openalex,Universidad Iberoamericana de Ciencias y Tecnologia,2024,2020-2024,publicaciones_openalex_article,21,trabajos,Trabajos de tipo «article»,"https://api.openalex.org/works?filter=institutions.id:I4210093507,publication_year:2020-2024",2026-09-25T22:38:18+00:00,api
openalex,Universidad Iberoamericana de Ciencias y Tecnologia,2024,2020-2024,publicaciones_openalex_book-chapter,1,trabajos,Trabajos de tipo «book-chapter»,"https://api.openalex.org/works?filter=institutions.id:I4210093507,publication_year:2020-2024",2026-09-25T22:38:18+00:00,api
openalex,Universidad Iberoamericana de Ciencias y Tecnologia,2024,2020-2024,publicaciones_openalex_editorial,1,trabajos,Trabajos de tipo «editorial»,"https://api.openalex.org/works?filter=institutions.id:I4210093507,publication_year:2020-2024",2026-09-25T22:38:18+00:00,api
openalex,Universidad Iberoamericana de Ciencias y Tecnologia,2024,2020-2024,publicaciones_openalex_preprint,2,trabajos,Trabajos de tipo «preprint»,"https://api.openalex.org/works?filter=institutions.id:I4210093507,publication_year:2020-2024",2026-09-25T22:38:18+00:00,api
openalex,Universidad Iberoamericana de Ciencias y Tecnologia,2024,2020-2024,citas_openalex,169,citas,Citas recibidas por los trabajos de la ventana (histograma sobre 25 de 25),"https://api.openalex.org/works?filter=institutions.id:I4210093507,publication_year:2020-2024",2026-09-25T22:38:18+00:00,api
openalex,Universidad Iberoamericana de Ciencias y Tecnologia,2024,2020-2024,citas_por_documento_openalex,6.76,citas por documento,"Citas por trabajo, sobre los trabajos del histograma","https://api.openalex.org/works?filter=institutions.id:I4210093507,publication_year:2020-2024",2026-09-25T22:38:18+00:00,api
openalex,Universidad Iberoamericana de Ciencias y Tecnologia,2024,2020-2024,pct_colaboracion_internacional,44.0,%,Trabajos con coautor de una institución de otro país,"https://api.openalex.org/works?filter=institutions.id:I4210093507,publication_year:2020-2024",2026-09-25T22:38:18+00:00,api
openalex,Universidad Iberoamericana de Ciencias y Tecnologia,2024,2020-2024,socios_recurrentes,4,instituciones,Instituciones con 3 o más trabajos conjuntos,https://api.openalex.org/works,2026-09-25T22:38:18+00:00,api
openalex,Universidad Iberoamericana de Ciencias y Tecnologia,2024,2020-2024,socios_recurrentes_paises,4,países,Países distintos entre los socios recurrentes,https://api.openalex.org/works,2026-09-25T22:38:18+00:00,api
openalex,Universidad Internacional SEK Chile,2022,2018-2022,publicaciones_openalex,160,trabajos,Trabajos con al menos un autor de la institución,"https://api.openalex.org/works?filter=institutions.id:I4210090200,publication_year:2018-2022",2026-09-25T22:38:18+00:00,api
openalex,Universidad Internacional SEK Chile,2022,2018-2022,publicaciones_openalex_article,133,trabajos,Trabajos de tipo «article»,"https://api.openalex.org/works?filter=institutions.id:I4210090200,publication_year:2018-2022",2026-09-25T22:38:18+00:00,api
openalex,Universidad Internacional SEK Chile,2022,2018-2022,publicaciones_openalex_book-chapter,4,trabajos,Trabajos de tipo «book-chapter»,"https://api.openalex.org/works?filter=institutions.id:I4210090200,publication_year:2018-2022",2026-09-25T22:38:18+00:00,api
openalex,Universidad Internacional SEK Chile,2022,2018-2022,publicaciones_openalex_book-review,1,trabajos,Trabajos de tipo «book-review»,"https://api.openalex.org/works?filter=institutions.id:I4210090200,publication_year:2018-2022",2026-09-25T22:38:18+00:00,api
openalex,Universidad Internacional SEK Chile,2022,2018-2022,publicaciones_openalex_conference-paper,5,trabajos,Trabajos de tipo «conference-paper»,"https://api.openalex.org/works?filter=institutions.id:I4210090200,publication_year:2018-2022",2026-09-25T22:38:18+00:00,api
openalex,Universidad Internacional SEK Chile,2022,2018-2022,publicaciones_openalex_data-paper,1,trabajos,Trabajos de tipo «data-paper»,"https://api.openalex.org/works?filter=institutions.id:I4210090200,publication_year:2018-2022",2026-09-25T22:38:18+00:00,api
openalex,Universidad Internacional SEK Chile,2022,2018-2022,publicaciones_openalex_erratum,1,trabajos,Trabajos de tipo «erratum»,"https://api.openalex.org/works?filter=institutions.id:I4210090200,publication_year:2018-2022",2026-09-25T22:38:18+00:00,api
openalex,Universidad Internacional SEK Chile,2022,2018-2022,publicaciones_openalex_letter,3,trabajos,Trabajos de tipo «letter»,"https://api.openalex.org/works?filter=institutions.id:I4210090200,publication_year:2018-2022",2026-09-25T22:38:18+00:00,api
openalex,Universidad Internacional SEK Chile,2022,2018-2022,publicaciones_openalex_preprint,2,trabajos,Trabajos de tipo «preprint»,"https://api.openalex.org/works?filter=institutions.id:I4210090200,publication_year:2018-2022",2026-09-25T22:38:18+00:00,api
openalex,Universidad Internacional SEK Chile,2022,2018-2022,publicaciones_openalex_review,10,trabajos,Trabajos de tipo «review»,"https://api.openalex.org/works?filter=institutions.id:I4210090200,publication_year:2018-2022",2026-09-25T22:38:18+00:00,api
openalex,Universidad Internacional SEK Chile,2022,2018-2022,citas_openalex,1607,citas,Citas recibidas por los trabajos de la ventana (histograma sobre 160 de 160),"https://api.openalex.org/works?filter=institutions.id:I4210090200,publication_year:2018-2022",2026-09-25T22:38:18+00:00,api
openalex,Universidad Internacional SEK Chile,2022,2018-2022,citas_por_documento_openalex,10.044,citas por documento,"Citas por trabajo, sobre los trabajos del histograma","https://api.openalex.org/works?filter=institutions.id:I4210090200,publication_year:2018-2022",2026-09-25T22:38:18+00:00,api
openalex,Universidad Internacional SEK Chile,2022,2018-2022,pct_colaboracion_internacional,57.5,%,Trabajos con coautor de una institución de otro país,"https://api.openalex.org/works?filter=institutions.id:I4210090200,publication_year:2018-2022",2026-09-25T22:38:18+00:00,api
openalex,Universidad Internacional SEK Chile,2023,2019-2023,publicaciones_openalex,178,trabajos,Trabajos con al menos un autor de la institución,"https://api.openalex.org/works?filter=institutions.id:I4210090200,publication_year:2019-2023",2026-09-25T22:38:18+00:00,api
openalex,Universidad Internacional SEK Chile,2023,2019-2023,publicaciones_openalex_article,152,trabajos,Trabajos de tipo «article»,"https://api.openalex.org/works?filter=institutions.id:I4210090200,publication_year:2019-2023",2026-09-25T22:38:18+00:00,api
openalex,Universidad Internacional SEK Chile,2023,2019-2023,publicaciones_openalex_book-chapter,3,trabajos,Trabajos de tipo «book-chapter»,"https://api.openalex.org/works?filter=institutions.id:I4210090200,publication_year:2019-2023",2026-09-25T22:38:18+00:00,api
openalex,Universidad Internacional SEK Chile,2023,2019-2023,publicaciones_openalex_book-review,1,trabajos,Trabajos de tipo «book-review»,"https://api.openalex.org/works?filter=institutions.id:I4210090200,publication_year:2019-2023",2026-09-25T22:38:18+00:00,api
openalex,Universidad Internacional SEK Chile,2023,2019-2023,publicaciones_openalex_conference-paper,4,trabajos,Trabajos de tipo «conference-paper»,"https://api.openalex.org/works?filter=institutions.id:I4210090200,publication_year:2019-2023",2026-09-25T22:38:18+00:00,api
openalex,Universidad Internacional SEK Chile,2023,2019-2023,publicaciones_openalex_erratum,1,trabajos,Trabajos de tipo «erratum»,"https://api.openalex.org/works?filter=institutions.id:I4210090200,publication_year:2019-2023",2026-09-25T22:38:18+00:00,api
openalex,Universidad Internacional SEK Chile,2023,2019-2023,publicaciones_openalex_letter,3,trabajos,Trabajos de tipo «letter»,"https://api.openalex.org/works?filter=institutions.id:I4210090200,publication_year:2019-2023",2026-09-25T22:38:18+00:00,api
openalex,Universidad Internacional SEK Chile,2023,2019-2023,publicaciones_openalex_paratext,1,trabajos,Trabajos de tipo «paratext»,"https://api.openalex.org/works?filter=institutions.id:I4210090200,publication_year:2019-2023",2026-09-25T22:38:18+00:00,api
openalex,Universidad Internacional SEK Chile,2023,2019-2023,publicaciones_openalex_preprint,3,trabajos,Trabajos de tipo «preprint»,"https://api.openalex.org/works?filter=institutions.id:I4210090200,publication_year:2019-2023",2026-09-25T22:38:18+00:00,api
openalex,Universidad Internacional SEK Chile,2023,2019-2023,publicaciones_openalex_review,10,trabajos,Trabajos de tipo «review»,"https://api.openalex.org/works?filter=institutions.id:I4210090200,publication_year:2019-2023",2026-09-25T22:38:18+00:00,api
openalex,Universidad Internacional SEK Chile,2023,2019-2023,citas_openalex,1621,citas,Citas recibidas por los trabajos de la ventana (histograma sobre 178 de 178),"https://api.openalex.org/works?filter=institutions.id:I4210090200,publication_year:2019-2023",2026-09-25T22:38:18+00:00,api
openalex,Universidad Internacional SEK Chile,2023,2019-2023,citas_por_documento_openalex,9.107,citas por documento,"Citas por trabajo, sobre los trabajos del histograma","https://api.openalex.org/works?filter=institutions.id:I4210090200,publication_year:2019-2023",2026-09-25T22:38:18+00:00,api
openalex,Universidad Internacional SEK Chile,2023,2019-2023,pct_colaboracion_internacional,57.87,%,Trabajos con coautor de una institución de otro país,"https://api.openalex.org/works?filter=institutions.id:I4210090200,publication_year:2019-2023",2026-09-25T22:38:18+00:00,api
openalex,Universidad Internacional SEK Chile,2024,2020-2024,publicaciones_openalex,181,trabajos,Trabajos con al menos un autor de la institución,"https://api.openalex.org/works?filter=institutions.id:I4210090200,publication_year:2020-2024",2026-09-25T22:38:18+00:00,api
openalex,Universidad Internacional SEK Chile,2024,2020-2024,publicaciones_openalex_article,152,trabajos,Trabajos de tipo «article»,"https://api.openalex.org/works?filter=institutions.id:I4210090200,publication_year:2020-2024",2026-09-25T22:38:18+00:00,api
openalex,Universidad Internacional SEK Chile,2024,2020-2024,publicaciones_openalex_book-chapter,3,trabajos,Trabajos de tipo «book-chapter»,"https://api.openalex.org/works?filter=institutions.id:I4210090200,publication_year:2020-2024",2026-09-25T22:38:18+00:00,api
openalex,Universidad Internacional SEK Chile,2024,2020-2024,publicaciones_openalex_book-review,1,trabajos,Trabajos de tipo «book-review»,"https://api.openalex.org/works?filter=institutions.id:I4210090200,publication_year:2020-2024",2026-09-25T22:38:18+00:00,api
openalex,Universidad Internacional SEK Chile,2024,2020-2024,publicaciones_openalex_conference-paper,3,trabajos,Trabajos de tipo «conference-paper»,"https://api.openalex.org/works?filter=institutions.id:I4210090200,publication_year:2020-2024",2026-09-25T22:38:18+00:00,api
openalex,Universidad Internacional SEK Chile,2024,2020-2024,publicaciones_openalex_erratum,2,trabajos,Trabajos de tipo «erratum»,"https://api.openalex.org/works?filter=institutions.id:I4210090200,publication_year:2020-2024",2026-09-25T22:38:18+00:00,api
openalex,Universidad Internacional SEK Chile,2024,2020-2024,publicaciones_openalex_letter,3,trabajos,Trabajos de tipo «letter»,"https://api.openalex.org/works?filter=institutions.id:I4210090200,publication_year:2020-2024",2026-09-25T22:38:18+00:00,api
openalex,Universidad Internacional SEK Chile,2024,2020-2024,publicaciones_openalex_paratext,1,trabajos,Trabajos de tipo «paratext»,"https://api.openalex.org/works?filter=institutions.id:I4210090200,publication_year:2020-2024",2026-09-25T22:38:18+00:00,api
openalex,Universidad Internacional SEK Chile,2024,2020-2024,publicaciones_openalex_preprint,7,trabajos,Trabajos de tipo «preprint»,"https://api.openalex.org/works?filter=institutions.id:I4210090200,publication_year:2020-2024",2026-09-25T22:38:18+00:00,api
openalex,Universidad Internacional SEK Chile,2024,2020-2024,publicaciones_openalex_review,9,trabajos,Trabajos de tipo «review»,"https://api.openalex.org/works?filter=institutions.id:I4210090200,publication_year:2020-2024",2026-09-25T22:38:18+00:00,api
openalex,Universidad Internacional SEK Chile,2024,2020-2024,citas_openalex,1324,citas,Citas recibidas por los trabajos de la ventana (histograma sobre 181 de 181),"https://api.openalex.org/works?filter=institutions.id:I4210090200,publication_year:2020-2024",2026-09-25T22:38:18+00:00,api
openalex,Universidad Internacional SEK Chile,2024,2020-2024,citas_por_documento_openalex,7.315,citas por documento,"Citas por trabajo, sobre los trabajos del histograma","https://api.openalex.org/works?filter=institutions.id:I4210090200,publication_year:2020-2024",2026-09-25T22:38:18+00:00,api
openalex,Universidad Internacional SEK Chile,2024,2020-2024,pct_colaboracion_internacional,62.43,%,Trabajos con coautor de una institución de otro país,"https://api.openalex.org/works?filter=institutions.id:I4210090200,publication_year:2020-2024",2026-09-25T22:38:18+00:00,api
openalex,Universidad Internacional SEK Chile,2024,2020-2024,socios_recurrentes,82,instituciones,Instituciones con 3 o más trabajos conjuntos,https://api.openalex.org/works,2026-09-25T22:38:18+00:00,api
openalex,Universidad Internacional SEK Chile,2024,2020-2024,socios_recurrentes_paises,82,países,Países distintos entre los socios recurrentes,https://api.openalex.org/works,2026-09-25T22:38:18+00:00,api
openalex,Universidad La Republica,2022,2018-2022,publicaciones_openalex,1167,trabajos,Trabajos con al menos un autor de la institución,"https://api.openalex.org/works?filter=institutions.id:I4210166370,publication_year:2018-2022",2026-09-25T22:38:18+00:00,api
openalex,Universidad La Republica,2022,2018-2022,publicaciones_openalex_article,959,trabajos,Trabajos de tipo «article»,"https://api.openalex.org/works?filter=institutions.id:I4210166370,publication_year:2018-2022",2026-09-25T22:38:18+00:00,api
openalex,Universidad La Republica,2022,2018-2022,publicaciones_openalex_book,16,trabajos,Trabajos de tipo «book»,"https://api.openalex.org/works?filter=institutions.id:I4210166370,publication_year:2018-2022",2026-09-25T22:38:18+00:00,api
openalex,Universidad La Republica,2022,2018-2022,publicaciones_openalex_book-chapter,21,trabajos,Trabajos de tipo «book-chapter»,"https://api.openalex.org/works?filter=institutions.id:I4210166370,publication_year:2018-2022",2026-09-25T22:38:18+00:00,api
openalex,Universidad La Republica,2022,2018-2022,publicaciones_openalex_book-review,9,trabajos,Trabajos de tipo «book-review»,"https://api.openalex.org/works?filter=institutions.id:I4210166370,publication_year:2018-2022",2026-09-25T22:38:18+00:00,api
openalex,Universidad La Republica,2022,2018-2022,publicaciones_openalex_conference-abstract,4,trabajos,Trabajos de tipo «conference-abstract»,"https://api.openalex.org/works?filter=institutions.id:I4210166370,publication_year:2018-2022",2026-09-25T22:38:18+00:00,api
openalex,Universidad La Republica,2022,2018-2022,publicaciones_openalex_conference-paper,35,trabajos,Trabajos de tipo «conference-paper»,"https://api.openalex.org/works?filter=institutions.id:I4210166370,publication_year:2018-2022",2026-09-25T22:38:18+00:00,api
openalex,Universidad La Republica,2022,2018-2022,publicaciones_openalex_dataset,24,trabajos,Trabajos de tipo «dataset»,"https://api.openalex.org/works?filter=institutions.id:I4210166370,publication_year:2018-2022",2026-09-25T22:38:18+00:00,api
openalex,Universidad La Republica,2022,2018-2022,publicaciones_openalex_dissertation,1,trabajos,Trabajos de tipo «dissertation»,"https://api.openalex.org/works?filter=institutions.id:I4210166370,publication_year:2018-2022",2026-09-25T22:38:18+00:00,api
openalex,Universidad La Republica,2022,2018-2022,publicaciones_openalex_editorial,19,trabajos,Trabajos de tipo «editorial»,"https://api.openalex.org/works?filter=institutions.id:I4210166370,publication_year:2018-2022",2026-09-25T22:38:18+00:00,api
openalex,Universidad La Republica,2022,2018-2022,publicaciones_openalex_erratum,1,trabajos,Trabajos de tipo «erratum»,"https://api.openalex.org/works?filter=institutions.id:I4210166370,publication_year:2018-2022",2026-09-25T22:38:18+00:00,api
openalex,Universidad La Republica,2022,2018-2022,publicaciones_openalex_paratext,2,trabajos,Trabajos de tipo «paratext»,"https://api.openalex.org/works?filter=institutions.id:I4210166370,publication_year:2018-2022",2026-09-25T22:38:18+00:00,api
openalex,Universidad La Republica,2022,2018-2022,publicaciones_openalex_peer-review,2,trabajos,Trabajos de tipo «peer-review»,"https://api.openalex.org/works?filter=institutions.id:I4210166370,publication_year:2018-2022",2026-09-25T22:38:18+00:00,api
openalex,Universidad La Republica,2022,2018-2022,publicaciones_openalex_preprint,72,trabajos,Trabajos de tipo «preprint»,"https://api.openalex.org/works?filter=institutions.id:I4210166370,publication_year:2018-2022",2026-09-25T22:38:18+00:00,api
openalex,Universidad La Republica,2022,2018-2022,publicaciones_openalex_report,2,trabajos,Trabajos de tipo «report»,"https://api.openalex.org/works?filter=institutions.id:I4210166370,publication_year:2018-2022",2026-09-25T22:38:18+00:00,api
openalex,Universidad La Republica,2022,2018-2022,citas_openalex,5389,citas,Citas recibidas por los trabajos de la ventana (histograma sobre 1160 de 1167),"https://api.openalex.org/works?filter=institutions.id:I4210166370,publication_year:2018-2022",2026-09-25T22:38:18+00:00,api
openalex,Universidad La Republica,2022,2018-2022,citas_por_documento_openalex,4.646,citas por documento,"Citas por trabajo, sobre los trabajos del histograma","https://api.openalex.org/works?filter=institutions.id:I4210166370,publication_year:2018-2022",2026-09-25T22:38:18+00:00,api
openalex,Universidad La Republica,2022,2018-2022,pct_colaboracion_internacional,97.17,%,Trabajos con coautor de una institución de otro país,"https://api.openalex.org/works?filter=institutions.id:I4210166370,publication_year:2018-2022",2026-09-25T22:38:18+00:00,api
openalex,Universidad La Republica,2023,2019-2023,publicaciones_openalex,1228,trabajos,Trabajos con al menos un autor de la institución,"https://api.openalex.org/works?filter=institutions.id:I4210166370,publication_year:2019-2023",2026-09-25T22:38:18+00:00,api
openalex,Universidad La Republica,2023,2019-2023,publicaciones_openalex_article,964,trabajos,Trabajos de tipo «article»,"https://api.openalex.org/works?filter=institutions.id:I4210166370,publication_year:2019-2023",2026-09-25T22:38:18+00:00,api
openalex,Universidad La Republica,2023,2019-2023,publicaciones_openalex_book,16,trabajos,Trabajos de tipo «book»,"https://api.openalex.org/works?filter=institutions.id:I4210166370,publication_year:2019-2023",2026-09-25T22:38:18+00:00,api
openalex,Universidad La Republica,2023,2019-2023,publicaciones_openalex_book-chapter,24,trabajos,Trabajos de tipo «book-chapter»,"https://api.openalex.org/works?filter=institutions.id:I4210166370,publication_year:2019-2023",2026-09-25T22:38:18+00:00,api
openalex,Universidad La Republica,2023,2019-2023,publicaciones_openalex_book-review,9,trabajos,Trabajos de tipo «book-review»,"https://api.openalex.org/works?filter=institutions.id:I4210166370,publication_year:2019-2023",2026-09-25T22:38:18+00:00,api
openalex,Universidad La Republica,2023,2019-2023,publicaciones_openalex_conference-abstract,4,trabajos,Trabajos de tipo «conference-abstract»,"https://api.openalex.org/works?filter=institutions.id:I4210166370,publication_year:2019-2023",2026-09-25T22:38:18+00:00,api
openalex,Universidad La Republica,2023,2019-2023,publicaciones_openalex_conference-paper,34,trabajos,Trabajos de tipo «conference-paper»,"https://api.openalex.org/works?filter=institutions.id:I4210166370,publication_year:2019-2023",2026-09-25T22:38:18+00:00,api
openalex,Universidad La Republica,2023,2019-2023,publicaciones_openalex_dataset,27,trabajos,Trabajos de tipo «dataset»,"https://api.openalex.org/works?filter=institutions.id:I4210166370,publication_year:2019-2023",2026-09-25T22:38:18+00:00,api
openalex,Universidad La Republica,2023,2019-2023,publicaciones_openalex_dissertation,1,trabajos,Trabajos de tipo «dissertation»,"https://api.openalex.org/works?filter=institutions.id:I4210166370,publication_year:2019-2023",2026-09-25T22:38:18+00:00,api
openalex,Universidad La Republica,2023,2019-2023,publicaciones_openalex_editorial,23,trabajos,Trabajos de tipo «editorial»,"https://api.openalex.org/works?filter=institutions.id:I4210166370,publication_year:2019-2023",2026-09-25T22:38:18+00:00,api
openalex,Universidad La Republica,2023,2019-2023,publicaciones_openalex_erratum,1,trabajos,Trabajos de tipo «erratum»,"https://api.openalex.org/works?filter=institutions.id:I4210166370,publication_year:2019-2023",2026-09-25T22:38:18+00:00,api
openalex,Universidad La Republica,2023,2019-2023,publicaciones_openalex_letter,1,trabajos,Trabajos de tipo «letter»,"https://api.openalex.org/works?filter=institutions.id:I4210166370,publication_year:2019-2023",2026-09-25T22:38:18+00:00,api
openalex,Universidad La Republica,2023,2019-2023,publicaciones_openalex_peer-review,14,trabajos,Trabajos de tipo «peer-review»,"https://api.openalex.org/works?filter=institutions.id:I4210166370,publication_year:2019-2023",2026-09-25T22:38:18+00:00,api
openalex,Universidad La Republica,2023,2019-2023,publicaciones_openalex_preprint,104,trabajos,Trabajos de tipo «preprint»,"https://api.openalex.org/works?filter=institutions.id:I4210166370,publication_year:2019-2023",2026-09-25T22:38:18+00:00,api
openalex,Universidad La Republica,2023,2019-2023,publicaciones_openalex_report,4,trabajos,Trabajos de tipo «report»,"https://api.openalex.org/works?filter=institutions.id:I4210166370,publication_year:2019-2023",2026-09-25T22:38:18+00:00,api
openalex,Universidad La Republica,2023,2019-2023,publicaciones_openalex_review,2,trabajos,Trabajos de tipo «review»,"https://api.openalex.org/works?filter=institutions.id:I4210166370,publication_year:2019-2023",2026-09-25T22:38:18+00:00,api
openalex,Universidad La Republica,2023,2019-2023,citas_openalex,5168,citas,Citas recibidas por los trabajos de la ventana (histograma sobre 1223 de 1228),"https://api.openalex.org/works?filter=institutions.id:I4210166370,publication_year:2019-2023",2026-09-25T22:38:18+00:00,api
openalex,Universidad La Republica,2023,2019-2023,citas_por_documento_openalex,4.226,citas por documento,"Citas por trabajo, sobre los trabajos del histograma","https://api.openalex.org/works?filter=institutions.id:I4210166370,publication_year:2019-2023",2026-09-25T22:38:18+00:00,api
openalex,Universidad La Republica,2023,2019-2023,pct_colaboracion_internacional,97.15,%,Trabajos con coautor de una institución de otro país,"https://api.openalex.org/works?filter=institutions.id:I4210166370,publication_year:2019-2023",2026-09-25T22:38:18+00:00,api
openalex,Universidad La Republica,2024,2020-2024,publicaciones_openalex,1319,trabajos,Trabajos con al menos un autor de la institución,"https://api.openalex.org/works?filter=institutions.id:I4210166370,publication_year:2020-2024",2026-09-25T22:38:18+00:00,api
openalex,Universidad La Republica,2024,2020-2024,publicaciones_openalex_article,1007,trabajos,Trabajos de tipo «article»,"https://api.openalex.org/works?filter=institutions.id:I4210166370,publication_year:2020-2024",2026-09-25T22:38:18+00:00,api
openalex,Universidad La Republica,2024,2020-2024,publicaciones_openalex_book,18,trabajos,Trabajos de tipo «book»,"https://api.openalex.org/works?filter=institutions.id:I4210166370,publication_year:2020-2024",2026-09-25T22:38:18+00:00,api
openalex,Universidad La Republica,2024,2020-2024,publicaciones_openalex_book-chapter,23,trabajos,Trabajos de tipo «book-chapter»,"https://api.openalex.org/works?filter=institutions.id:I4210166370,publication_year:2020-2024",2026-09-25T22:38:18+00:00,api
openalex,Universidad La Republica,2024,2020-2024,publicaciones_openalex_book-review,12,trabajos,Trabajos de tipo «book-review»,"https://api.openalex.org/works?filter=institutions.id:I4210166370,publication_year:2020-2024",2026-09-25T22:38:18+00:00,api
openalex,Universidad La Republica,2024,2020-2024,publicaciones_openalex_conference-abstract,4,trabajos,Trabajos de tipo «conference-abstract»,"https://api.openalex.org/works?filter=institutions.id:I4210166370,publication_year:2020-2024",2026-09-25T22:38:18+00:00,api
openalex,Universidad La Republica,2024,2020-2024,publicaciones_openalex_conference-paper,28,trabajos,Trabajos de tipo «conference-paper»,"https://api.openalex.org/works?filter=institutions.id:I4210166370,publication_year:2020-2024",2026-09-25T22:38:18+00:00,api
openalex,Universidad La Republica,2024,2020-2024,publicaciones_openalex_dataset,23,trabajos,Trabajos de tipo «dataset»,"https://api.openalex.org/works?filter=institutions.id:I4210166370,publication_year:2020-2024",2026-09-25T22:38:18+00:00,api
openalex,Universidad La Republica,2024,2020-2024,publicaciones_openalex_editorial,19,trabajos,Trabajos de tipo «editorial»,"https://api.openalex.org/works?filter=institutions.id:I4210166370,publication_year:2020-2024",2026-09-25T22:38:18+00:00,api
openalex,Universidad La Republica,2024,2020-2024,publicaciones_openalex_erratum,1,trabajos,Trabajos de tipo «erratum»,"https://api.openalex.org/works?filter=institutions.id:I4210166370,publication_year:2020-2024",2026-09-25T22:38:18+00:00,api
openalex,Universidad La Republica,2024,2020-2024,publicaciones_openalex_letter,1,trabajos,Trabajos de tipo «letter»,"https://api.openalex.org/works?filter=institutions.id:I4210166370,publication_year:2020-2024",2026-09-25T22:38:18+00:00,api
openalex,Universidad La Republica,2024,2020-2024,publicaciones_openalex_other,1,trabajos,Trabajos de tipo «other»,"https://api.openalex.org/works?filter=institutions.id:I4210166370,publication_year:2020-2024",2026-09-25T22:38:18+00:00,api
openalex,Universidad La Republica,2024,2020-2024,publicaciones_openalex_peer-review,26,trabajos,Trabajos de tipo «peer-review»,"https://api.openalex.org/works?filter=institutions.id:I4210166370,publication_year:2020-2024",2026-09-25T22:38:18+00:00,api
openalex,Universidad La Republica,2024,2020-2024,publicaciones_openalex_preprint,144,trabajos,Trabajos de tipo «preprint»,"https://api.openalex.org/works?filter=institutions.id:I4210166370,publication_year:2020-2024",2026-09-25T22:38:18+00:00,api
openalex,Universidad La Republica,2024,2020-2024,publicaciones_openalex_report,7,trabajos,Trabajos de tipo «report»,"https://api.openalex.org/works?filter=institutions.id:I4210166370,publication_year:2020-2024",2026-09-25T22:38:18+00:00,api
openalex,Universidad La Republica,2024,2020-2024,publicaciones_openalex_review,5,trabajos,Trabajos de tipo «review»,"https://api.openalex.org/works?filter=institutions.id:I4210166370,publication_year:2020-2024",2026-09-25T22:38:18+00:00,api
openalex,Universidad La Republica,2024,2020-2024,citas_openalex,4847,citas,Citas recibidas por los trabajos de la ventana (histograma sobre 1316 de 1319),"https://api.openalex.org/works?filter=institutions.id:I4210166370,publication_year:2020-2024",2026-09-25T22:38:18+00:00,api
openalex,Universidad La Republica,2024,2020-2024,citas_por_documento_openalex,3.683,citas por documento,"Citas por trabajo, sobre los trabajos del histograma","https://api.openalex.org/works?filter=institutions.id:I4210166370,publication_year:2020-2024",2026-09-25T22:38:18+00:00,api
openalex,Universidad La Republica,2024,2020-2024,pct_colaboracion_internacional,97.19,%,Trabajos con coautor de una institución de otro país,"https://api.openalex.org/works?filter=institutions.id:I4210166370,publication_year:2020-2024",2026-09-25T22:38:18+00:00,api
openalex,Universidad La Republica,2024,2020-2024,socios_recurrentes,198,instituciones,Instituciones con 3 o más trabajos conjuntos,https://api.openalex.org/works,2026-09-25T22:38:18+00:00,api
openalex,Universidad La Republica,2024,2020-2024,socios_recurrentes_paises,197,países,Países distintos entre los socios recurrentes,https://api.openalex.org/works,2026-09-25T22:38:18+00:00,api
openalex,Universidad Los Leones,2022,2018-2022,publicaciones_openalex,5,trabajos,Trabajos con al menos un autor de la institución,"https://api.openalex.org/works?filter=institutions.id:I4210114049,publication_year:2018-2022",2026-09-25T22:38:18+00:00,api
openalex,Universidad Los Leones,2022,2018-2022,publicaciones_openalex_article,5,trabajos,Trabajos de tipo «article»,"https://api.openalex.org/works?filter=institutions.id:I4210114049,publication_year:2018-2022",2026-09-25T22:38:18+00:00,api
openalex,Universidad Los Leones,2022,2018-2022,citas_openalex,11,citas,Citas recibidas por los trabajos de la ventana (histograma sobre 5 de 5),"https://api.openalex.org/works?filter=institutions.id:I4210114049,publication_year:2018-2022",2026-09-25T22:38:18+00:00,api
openalex,Universidad Los Leones,2022,2018-2022,citas_por_documento_openalex,2.2,citas por documento,"Citas por trabajo, sobre los trabajos del histograma","https://api.openalex.org/works?filter=institutions.id:I4210114049,publication_year:2018-2022",2026-09-25T22:38:18+00:00,api
openalex,Universidad Los Leones,2022,2018-2022,pct_colaboracion_internacional,80.0,%,Trabajos con coautor de una institución de otro país,"https://api.openalex.org/works?filter=institutions.id:I4210114049,publication_year:2018-2022",2026-09-25T22:38:18+00:00,api
openalex,Universidad Los Leones,2023,2019-2023,publicaciones_openalex,2,trabajos,Trabajos con al menos un autor de la institución,"https://api.openalex.org/works?filter=institutions.id:I4210114049,publication_year:2019-2023",2026-09-25T22:38:18+00:00,api
openalex,Universidad Los Leones,2023,2019-2023,publicaciones_openalex_article,2,trabajos,Trabajos de tipo «article»,"https://api.openalex.org/works?filter=institutions.id:I4210114049,publication_year:2019-2023",2026-09-25T22:38:18+00:00,api
openalex,Universidad Los Leones,2023,2019-2023,pct_colaboracion_internacional,100.0,%,Trabajos con coautor de una institución de otro país,"https://api.openalex.org/works?filter=institutions.id:I4210114049,publication_year:2019-2023",2026-09-25T22:38:18+00:00,api
openalex,Universidad Los Leones,2024,2020-2024,publicaciones_openalex,9,trabajos,Trabajos con al menos un autor de la institución,"https://api.openalex.org/works?filter=institutions.id:I4210114049,publication_year:2020-2024",2026-09-25T22:38:18+00:00,api
openalex,Universidad Los Leones,2024,2020-2024,publicaciones_openalex_article,5,trabajos,Trabajos de tipo «article»,"https://api.openalex.org/works?filter=institutions.id:I4210114049,publication_year:2020-2024",2026-09-25T22:38:18+00:00,api
openalex,Universidad Los Leones,2024,2020-2024,publicaciones_openalex_preprint,4,trabajos,Trabajos de tipo «preprint»,"https://api.openalex.org/works?filter=institutions.id:I4210114049,publication_year:2020-2024",2026-09-25T22:38:18+00:00,api
openalex,Universidad Los Leones,2024,2020-2024,citas_openalex,10,citas,Citas recibidas por los trabajos de la ventana (histograma sobre 9 de 9),"https://api.openalex.org/works?filter=institutions.id:I4210114049,publication_year:2020-2024",2026-09-25T22:38:18+00:00,api
openalex,Universidad Los Leones,2024,2020-2024,citas_por_documento_openalex,1.111,citas por documento,"Citas por trabajo, sobre los trabajos del histograma","https://api.openalex.org/works?filter=institutions.id:I4210114049,publication_year:2020-2024",2026-09-25T22:38:18+00:00,api
openalex,Universidad Los Leones,2024,2020-2024,pct_colaboracion_internacional,33.33,%,Trabajos con coautor de una institución de otro país,"https://api.openalex.org/works?filter=institutions.id:I4210114049,publication_year:2020-2024",2026-09-25T22:38:18+00:00,api
openalex,Universidad Mayor,2022,2018-2022,publicaciones_openalex,2865,trabajos,Trabajos con al menos un autor de la institución,"https://api.openalex.org/works?filter=institutions.id:I116419501,publication_year:2018-2022",2026-09-25T22:38:18+00:00,api
openalex,Universidad Mayor,2022,2018-2022,publicaciones_openalex_article,2364,trabajos,Trabajos de tipo «article»,"https://api.openalex.org/works?filter=institutions.id:I116419501,publication_year:2018-2022",2026-09-25T22:38:18+00:00,api
openalex,Universidad Mayor,2022,2018-2022,publicaciones_openalex_book,2,trabajos,Trabajos de tipo «book»,"https://api.openalex.org/works?filter=institutions.id:I116419501,publication_year:2018-2022",2026-09-25T22:38:18+00:00,api
openalex,Universidad Mayor,2022,2018-2022,publicaciones_openalex_book-chapter,68,trabajos,Trabajos de tipo «book-chapter»,"https://api.openalex.org/works?filter=institutions.id:I116419501,publication_year:2018-2022",2026-09-25T22:38:18+00:00,api
openalex,Universidad Mayor,2022,2018-2022,publicaciones_openalex_book-review,5,trabajos,Trabajos de tipo «book-review»,"https://api.openalex.org/works?filter=institutions.id:I116419501,publication_year:2018-2022",2026-09-25T22:38:18+00:00,api
openalex,Universidad Mayor,2022,2018-2022,publicaciones_openalex_conference-abstract,34,trabajos,Trabajos de tipo «conference-abstract»,"https://api.openalex.org/works?filter=institutions.id:I116419501,publication_year:2018-2022",2026-09-25T22:38:18+00:00,api
openalex,Universidad Mayor,2022,2018-2022,publicaciones_openalex_conference-paper,89,trabajos,Trabajos de tipo «conference-paper»,"https://api.openalex.org/works?filter=institutions.id:I116419501,publication_year:2018-2022",2026-09-25T22:38:18+00:00,api
openalex,Universidad Mayor,2022,2018-2022,publicaciones_openalex_data-paper,1,trabajos,Trabajos de tipo «data-paper»,"https://api.openalex.org/works?filter=institutions.id:I116419501,publication_year:2018-2022",2026-09-25T22:38:18+00:00,api
openalex,Universidad Mayor,2022,2018-2022,publicaciones_openalex_dataset,20,trabajos,Trabajos de tipo «dataset»,"https://api.openalex.org/works?filter=institutions.id:I116419501,publication_year:2018-2022",2026-09-25T22:38:18+00:00,api
openalex,Universidad Mayor,2022,2018-2022,publicaciones_openalex_dissertation,4,trabajos,Trabajos de tipo «dissertation»,"https://api.openalex.org/works?filter=institutions.id:I116419501,publication_year:2018-2022",2026-09-25T22:38:18+00:00,api
openalex,Universidad Mayor,2022,2018-2022,publicaciones_openalex_editorial,14,trabajos,Trabajos de tipo «editorial»,"https://api.openalex.org/works?filter=institutions.id:I116419501,publication_year:2018-2022",2026-09-25T22:38:18+00:00,api
openalex,Universidad Mayor,2022,2018-2022,publicaciones_openalex_erratum,21,trabajos,Trabajos de tipo «erratum»,"https://api.openalex.org/works?filter=institutions.id:I116419501,publication_year:2018-2022",2026-09-25T22:38:18+00:00,api
openalex,Universidad Mayor,2022,2018-2022,publicaciones_openalex_letter,1,trabajos,Trabajos de tipo «letter»,"https://api.openalex.org/works?filter=institutions.id:I116419501,publication_year:2018-2022",2026-09-25T22:38:18+00:00,api
openalex,Universidad Mayor,2022,2018-2022,publicaciones_openalex_other,10,trabajos,Trabajos de tipo «other»,"https://api.openalex.org/works?filter=institutions.id:I116419501,publication_year:2018-2022",2026-09-25T22:38:18+00:00,api
openalex,Universidad Mayor,2022,2018-2022,publicaciones_openalex_paratext,3,trabajos,Trabajos de tipo «paratext»,"https://api.openalex.org/works?filter=institutions.id:I116419501,publication_year:2018-2022",2026-09-25T22:38:18+00:00,api
openalex,Universidad Mayor,2022,2018-2022,publicaciones_openalex_peer-review,6,trabajos,Trabajos de tipo «peer-review»,"https://api.openalex.org/works?filter=institutions.id:I116419501,publication_year:2018-2022",2026-09-25T22:38:18+00:00,api
openalex,Universidad Mayor,2022,2018-2022,publicaciones_openalex_preprint,145,trabajos,Trabajos de tipo «preprint»,"https://api.openalex.org/works?filter=institutions.id:I116419501,publication_year:2018-2022",2026-09-25T22:38:18+00:00,api
openalex,Universidad Mayor,2022,2018-2022,publicaciones_openalex_reference-entry,4,trabajos,Trabajos de tipo «reference-entry»,"https://api.openalex.org/works?filter=institutions.id:I116419501,publication_year:2018-2022",2026-09-25T22:38:18+00:00,api
openalex,Universidad Mayor,2022,2018-2022,publicaciones_openalex_report,4,trabajos,Trabajos de tipo «report»,"https://api.openalex.org/works?filter=institutions.id:I116419501,publication_year:2018-2022",2026-09-25T22:38:18+00:00,api
openalex,Universidad Mayor,2022,2018-2022,publicaciones_openalex_review,70,trabajos,Trabajos de tipo «review»,"https://api.openalex.org/works?filter=institutions.id:I116419501,publication_year:2018-2022",2026-09-25T22:38:18+00:00,api
openalex,Universidad Mayor,2022,2018-2022,citas_openalex,65392,citas,Citas recibidas por los trabajos de la ventana (histograma sobre 2857 de 2865),"https://api.openalex.org/works?filter=institutions.id:I116419501,publication_year:2018-2022",2026-09-25T22:38:18+00:00,api
openalex,Universidad Mayor,2022,2018-2022,citas_por_documento_openalex,22.888,citas por documento,"Citas por trabajo, sobre los trabajos del histograma","https://api.openalex.org/works?filter=institutions.id:I116419501,publication_year:2018-2022",2026-09-25T22:38:18+00:00,api
openalex,Universidad Mayor,2022,2018-2022,pct_colaboracion_internacional,59.58,%,Trabajos con coautor de una institución de otro país,"https://api.openalex.org/works?filter=institutions.id:I116419501,publication_year:2018-2022",2026-09-25T22:38:18+00:00,api
openalex,Universidad Mayor,2023,2019-2023,publicaciones_openalex,2972,trabajos,Trabajos con al menos un autor de la institución,"https://api.openalex.org/works?filter=institutions.id:I116419501,publication_year:2019-2023",2026-09-25T22:38:18+00:00,api
openalex,Universidad Mayor,2023,2019-2023,publicaciones_openalex_article,2403,trabajos,Trabajos de tipo «article»,"https://api.openalex.org/works?filter=institutions.id:I116419501,publication_year:2019-2023",2026-09-25T22:38:18+00:00,api
openalex,Universidad Mayor,2023,2019-2023,publicaciones_openalex_book,7,trabajos,Trabajos de tipo «book»,"https://api.openalex.org/works?filter=institutions.id:I116419501,publication_year:2019-2023",2026-09-25T22:38:18+00:00,api
openalex,Universidad Mayor,2023,2019-2023,publicaciones_openalex_book-chapter,69,trabajos,Trabajos de tipo «book-chapter»,"https://api.openalex.org/works?filter=institutions.id:I116419501,publication_year:2019-2023",2026-09-25T22:38:18+00:00,api
openalex,Universidad Mayor,2023,2019-2023,publicaciones_openalex_book-review,4,trabajos,Trabajos de tipo «book-review»,"https://api.openalex.org/works?filter=institutions.id:I116419501,publication_year:2019-2023",2026-09-25T22:38:18+00:00,api
openalex,Universidad Mayor,2023,2019-2023,publicaciones_openalex_conference-abstract,34,trabajos,Trabajos de tipo «conference-abstract»,"https://api.openalex.org/works?filter=institutions.id:I116419501,publication_year:2019-2023",2026-09-25T22:38:18+00:00,api
openalex,Universidad Mayor,2023,2019-2023,publicaciones_openalex_conference-paper,99,trabajos,Trabajos de tipo «conference-paper»,"https://api.openalex.org/works?filter=institutions.id:I116419501,publication_year:2019-2023",2026-09-25T22:38:18+00:00,api
openalex,Universidad Mayor,2023,2019-2023,publicaciones_openalex_data-paper,2,trabajos,Trabajos de tipo «data-paper»,"https://api.openalex.org/works?filter=institutions.id:I116419501,publication_year:2019-2023",2026-09-25T22:38:18+00:00,api
openalex,Universidad Mayor,2023,2019-2023,publicaciones_openalex_dataset,28,trabajos,Trabajos de tipo «dataset»,"https://api.openalex.org/works?filter=institutions.id:I116419501,publication_year:2019-2023",2026-09-25T22:38:18+00:00,api
openalex,Universidad Mayor,2023,2019-2023,publicaciones_openalex_dissertation,7,trabajos,Trabajos de tipo «dissertation»,"https://api.openalex.org/works?filter=institutions.id:I116419501,publication_year:2019-2023",2026-09-25T22:38:18+00:00,api
openalex,Universidad Mayor,2023,2019-2023,publicaciones_openalex_editorial,18,trabajos,Trabajos de tipo «editorial»,"https://api.openalex.org/works?filter=institutions.id:I116419501,publication_year:2019-2023",2026-09-25T22:38:18+00:00,api
openalex,Universidad Mayor,2023,2019-2023,publicaciones_openalex_erratum,21,trabajos,Trabajos de tipo «erratum»,"https://api.openalex.org/works?filter=institutions.id:I116419501,publication_year:2019-2023",2026-09-25T22:38:18+00:00,api
openalex,Universidad Mayor,2023,2019-2023,publicaciones_openalex_letter,1,trabajos,Trabajos de tipo «letter»,"https://api.openalex.org/works?filter=institutions.id:I116419501,publication_year:2019-2023",2026-09-25T22:38:18+00:00,api
openalex,Universidad Mayor,2023,2019-2023,publicaciones_openalex_other,9,trabajos,Trabajos de tipo «other»,"https://api.openalex.org/works?filter=institutions.id:I116419501,publication_year:2019-2023",2026-09-25T22:38:18+00:00,api
openalex,Universidad Mayor,2023,2019-2023,publicaciones_openalex_paratext,3,trabajos,Trabajos de tipo «paratext»,"https://api.openalex.org/works?filter=institutions.id:I116419501,publication_year:2019-2023",2026-09-25T22:38:18+00:00,api
openalex,Universidad Mayor,2023,2019-2023,publicaciones_openalex_peer-review,14,trabajos,Trabajos de tipo «peer-review»,"https://api.openalex.org/works?filter=institutions.id:I116419501,publication_year:2019-2023",2026-09-25T22:38:18+00:00,api
openalex,Universidad Mayor,2023,2019-2023,publicaciones_openalex_preprint,170,trabajos,Trabajos de tipo «preprint»,"https://api.openalex.org/works?filter=institutions.id:I116419501,publication_year:2019-2023",2026-09-25T22:38:18+00:00,api
openalex,Universidad Mayor,2023,2019-2023,publicaciones_openalex_reference-entry,6,trabajos,Trabajos de tipo «reference-entry»,"https://api.openalex.org/works?filter=institutions.id:I116419501,publication_year:2019-2023",2026-09-25T22:38:18+00:00,api
openalex,Universidad Mayor,2023,2019-2023,publicaciones_openalex_report,4,trabajos,Trabajos de tipo «report»,"https://api.openalex.org/works?filter=institutions.id:I116419501,publication_year:2019-2023",2026-09-25T22:38:18+00:00,api
openalex,Universidad Mayor,2023,2019-2023,publicaciones_openalex_review,72,trabajos,Trabajos de tipo «review»,"https://api.openalex.org/works?filter=institutions.id:I116419501,publication_year:2019-2023",2026-09-25T22:38:18+00:00,api
openalex,Universidad Mayor,2023,2019-2023,publicaciones_openalex_supplementary-materials,1,trabajos,Trabajos de tipo «supplementary-materials»,"https://api.openalex.org/works?filter=institutions.id:I116419501,publication_year:2019-2023",2026-09-25T22:38:18+00:00,api
openalex,Universidad Mayor,2023,2019-2023,citas_openalex,61677,citas,Citas recibidas por los trabajos de la ventana (histograma sobre 2967 de 2972),"https://api.openalex.org/works?filter=institutions.id:I116419501,publication_year:2019-2023",2026-09-25T22:38:18+00:00,api
openalex,Universidad Mayor,2023,2019-2023,citas_por_documento_openalex,20.788,citas por documento,"Citas por trabajo, sobre los trabajos del histograma","https://api.openalex.org/works?filter=institutions.id:I116419501,publication_year:2019-2023",2026-09-25T22:38:18+00:00,api
openalex,Universidad Mayor,2023,2019-2023,pct_colaboracion_internacional,60.46,%,Trabajos con coautor de una institución de otro país,"https://api.openalex.org/works?filter=institutions.id:I116419501,publication_year:2019-2023",2026-09-25T22:38:18+00:00,api
openalex,Universidad Mayor,2024,2020-2024,publicaciones_openalex,3066,trabajos,Trabajos con al menos un autor de la institución,"https://api.openalex.org/works?filter=institutions.id:I116419501,publication_year:2020-2024",2026-09-25T22:38:18+00:00,api
openalex,Universidad Mayor,2024,2020-2024,publicaciones_openalex_article,2418,trabajos,Trabajos de tipo «article»,"https://api.openalex.org/works?filter=institutions.id:I116419501,publication_year:2020-2024",2026-09-25T22:38:18+00:00,api
openalex,Universidad Mayor,2024,2020-2024,publicaciones_openalex_book,8,trabajos,Trabajos de tipo «book»,"https://api.openalex.org/works?filter=institutions.id:I116419501,publication_year:2020-2024",2026-09-25T22:38:18+00:00,api
openalex,Universidad Mayor,2024,2020-2024,publicaciones_openalex_book-chapter,92,trabajos,Trabajos de tipo «book-chapter»,"https://api.openalex.org/works?filter=institutions.id:I116419501,publication_year:2020-2024",2026-09-25T22:38:18+00:00,api
openalex,Universidad Mayor,2024,2020-2024,publicaciones_openalex_book-review,2,trabajos,Trabajos de tipo «book-review»,"https://api.openalex.org/works?filter=institutions.id:I116419501,publication_year:2020-2024",2026-09-25T22:38:18+00:00,api
openalex,Universidad Mayor,2024,2020-2024,publicaciones_openalex_conference-abstract,44,trabajos,Trabajos de tipo «conference-abstract»,"https://api.openalex.org/works?filter=institutions.id:I116419501,publication_year:2020-2024",2026-09-25T22:38:18+00:00,api
openalex,Universidad Mayor,2024,2020-2024,publicaciones_openalex_conference-paper,101,trabajos,Trabajos de tipo «conference-paper»,"https://api.openalex.org/works?filter=institutions.id:I116419501,publication_year:2020-2024",2026-09-25T22:38:18+00:00,api
openalex,Universidad Mayor,2024,2020-2024,publicaciones_openalex_data-paper,2,trabajos,Trabajos de tipo «data-paper»,"https://api.openalex.org/works?filter=institutions.id:I116419501,publication_year:2020-2024",2026-09-25T22:38:18+00:00,api
openalex,Universidad Mayor,2024,2020-2024,publicaciones_openalex_dataset,28,trabajos,Trabajos de tipo «dataset»,"https://api.openalex.org/works?filter=institutions.id:I116419501,publication_year:2020-2024",2026-09-25T22:38:18+00:00,api
openalex,Universidad Mayor,2024,2020-2024,publicaciones_openalex_dissertation,7,trabajos,Trabajos de tipo «dissertation»,"https://api.openalex.org/works?filter=institutions.id:I116419501,publication_year:2020-2024",2026-09-25T22:38:18+00:00,api
openalex,Universidad Mayor,2024,2020-2024,publicaciones_openalex_editorial,16,trabajos,Trabajos de tipo «editorial»,"https://api.openalex.org/works?filter=institutions.id:I116419501,publication_year:2020-2024",2026-09-25T22:38:18+00:00,api
openalex,Universidad Mayor,2024,2020-2024,publicaciones_openalex_erratum,20,trabajos,Trabajos de tipo «erratum»,"https://api.openalex.org/works?filter=institutions.id:I116419501,publication_year:2020-2024",2026-09-25T22:38:18+00:00,api
openalex,Universidad Mayor,2024,2020-2024,publicaciones_openalex_letter,1,trabajos,Trabajos de tipo «letter»,"https://api.openalex.org/works?filter=institutions.id:I116419501,publication_year:2020-2024",2026-09-25T22:38:18+00:00,api
openalex,Universidad Mayor,2024,2020-2024,publicaciones_openalex_other,4,trabajos,Trabajos de tipo «other»,"https://api.openalex.org/works?filter=institutions.id:I116419501,publication_year:2020-2024",2026-09-25T22:38:18+00:00,api
openalex,Universidad Mayor,2024,2020-2024,publicaciones_openalex_paratext,2,trabajos,Trabajos de tipo «paratext»,"https://api.openalex.org/works?filter=institutions.id:I116419501,publication_year:2020-2024",2026-09-25T22:38:18+00:00,api
openalex,Universidad Mayor,2024,2020-2024,publicaciones_openalex_peer-review,14,trabajos,Trabajos de tipo «peer-review»,"https://api.openalex.org/works?filter=institutions.id:I116419501,publication_year:2020-2024",2026-09-25T22:38:18+00:00,api
openalex,Universidad Mayor,2024,2020-2024,publicaciones_openalex_preprint,208,trabajos,Trabajos de tipo «preprint»,"https://api.openalex.org/works?filter=institutions.id:I116419501,publication_year:2020-2024",2026-09-25T22:38:18+00:00,api
openalex,Universidad Mayor,2024,2020-2024,publicaciones_openalex_reference-entry,6,trabajos,Trabajos de tipo «reference-entry»,"https://api.openalex.org/works?filter=institutions.id:I116419501,publication_year:2020-2024",2026-09-25T22:38:18+00:00,api
openalex,Universidad Mayor,2024,2020-2024,publicaciones_openalex_report,8,trabajos,Trabajos de tipo «report»,"https://api.openalex.org/works?filter=institutions.id:I116419501,publication_year:2020-2024",2026-09-25T22:38:18+00:00,api
openalex,Universidad Mayor,2024,2020-2024,publicaciones_openalex_review,84,trabajos,Trabajos de tipo «review»,"https://api.openalex.org/works?filter=institutions.id:I116419501,publication_year:2020-2024",2026-09-25T22:38:18+00:00,api
openalex,Universidad Mayor,2024,2020-2024,publicaciones_openalex_supplementary-materials,1,trabajos,Trabajos de tipo «supplementary-materials»,"https://api.openalex.org/works?filter=institutions.id:I116419501,publication_year:2020-2024",2026-09-25T22:38:18+00:00,api
openalex,Universidad Mayor,2024,2020-2024,citas_openalex,49745,citas,Citas recibidas por los trabajos de la ventana (histograma sobre 3062 de 3066),"https://api.openalex.org/works?filter=institutions.id:I116419501,publication_year:2020-2024",2026-09-25T22:38:18+00:00,api
openalex,Universidad Mayor,2024,2020-2024,citas_por_documento_openalex,16.246,citas por documento,"Citas por trabajo, sobre los trabajos del histograma","https://api.openalex.org/works?filter=institutions.id:I116419501,publication_year:2020-2024",2026-09-25T22:38:18+00:00,api
openalex,Universidad Mayor,2024,2020-2024,pct_colaboracion_internacional,59.3,%,Trabajos con coautor de una institución de otro país,"https://api.openalex.org/works?filter=institutions.id:I116419501,publication_year:2020-2024",2026-09-25T22:38:18+00:00,api
openalex,Universidad Mayor,2024,2020-2024,socios_recurrentes,199,instituciones,Instituciones con 3 o más trabajos conjuntos,https://api.openalex.org/works,2026-09-25T22:38:18+00:00,api
openalex,Universidad Mayor,2024,2020-2024,socios_recurrentes_paises,197,países,Países distintos entre los socios recurrentes,https://api.openalex.org/works,2026-09-25T22:38:18+00:00,api
openalex,Universidad Metropolitana de Ciencias de la Educacion,2022,2018-2022,publicaciones_openalex,771,trabajos,Trabajos con al menos un autor de la institución,"https://api.openalex.org/works?filter=institutions.id:I2802066150,publication_year:2018-2022",2026-09-25T22:38:18+00:00,api
openalex,Universidad Metropolitana de Ciencias de la Educacion,2022,2018-2022,publicaciones_openalex_article,673,trabajos,Trabajos de tipo «article»,"https://api.openalex.org/works?filter=institutions.id:I2802066150,publication_year:2018-2022",2026-09-25T22:38:18+00:00,api
openalex,Universidad Metropolitana de Ciencias de la Educacion,2022,2018-2022,publicaciones_openalex_book,10,trabajos,Trabajos de tipo «book»,"https://api.openalex.org/works?filter=institutions.id:I2802066150,publication_year:2018-2022",2026-09-25T22:38:18+00:00,api
openalex,Universidad Metropolitana de Ciencias de la Educacion,2022,2018-2022,publicaciones_openalex_book-chapter,20,trabajos,Trabajos de tipo «book-chapter»,"https://api.openalex.org/works?filter=institutions.id:I2802066150,publication_year:2018-2022",2026-09-25T22:38:18+00:00,api
openalex,Universidad Metropolitana de Ciencias de la Educacion,2022,2018-2022,publicaciones_openalex_book-review,3,trabajos,Trabajos de tipo «book-review»,"https://api.openalex.org/works?filter=institutions.id:I2802066150,publication_year:2018-2022",2026-09-25T22:38:18+00:00,api
openalex,Universidad Metropolitana de Ciencias de la Educacion,2022,2018-2022,publicaciones_openalex_conference-paper,9,trabajos,Trabajos de tipo «conference-paper»,"https://api.openalex.org/works?filter=institutions.id:I2802066150,publication_year:2018-2022",2026-09-25T22:38:18+00:00,api
openalex,Universidad Metropolitana de Ciencias de la Educacion,2022,2018-2022,publicaciones_openalex_dataset,10,trabajos,Trabajos de tipo «dataset»,"https://api.openalex.org/works?filter=institutions.id:I2802066150,publication_year:2018-2022",2026-09-25T22:38:18+00:00,api
openalex,Universidad Metropolitana de Ciencias de la Educacion,2022,2018-2022,publicaciones_openalex_editorial,1,trabajos,Trabajos de tipo «editorial»,"https://api.openalex.org/works?filter=institutions.id:I2802066150,publication_year:2018-2022",2026-09-25T22:38:18+00:00,api
openalex,Universidad Metropolitana de Ciencias de la Educacion,2022,2018-2022,publicaciones_openalex_erratum,2,trabajos,Trabajos de tipo «erratum»,"https://api.openalex.org/works?filter=institutions.id:I2802066150,publication_year:2018-2022",2026-09-25T22:38:18+00:00,api
openalex,Universidad Metropolitana de Ciencias de la Educacion,2022,2018-2022,publicaciones_openalex_letter,1,trabajos,Trabajos de tipo «letter»,"https://api.openalex.org/works?filter=institutions.id:I2802066150,publication_year:2018-2022",2026-09-25T22:38:18+00:00,api
openalex,Universidad Metropolitana de Ciencias de la Educacion,2022,2018-2022,publicaciones_openalex_other,1,trabajos,Trabajos de tipo «other»,"https://api.openalex.org/works?filter=institutions.id:I2802066150,publication_year:2018-2022",2026-09-25T22:38:18+00:00,api
openalex,Universidad Metropolitana de Ciencias de la Educacion,2022,2018-2022,publicaciones_openalex_preprint,35,trabajos,Trabajos de tipo «preprint»,"https://api.openalex.org/works?filter=institutions.id:I2802066150,publication_year:2018-2022",2026-09-25T22:38:18+00:00,api
openalex,Universidad Metropolitana de Ciencias de la Educacion,2022,2018-2022,publicaciones_openalex_review,6,trabajos,Trabajos de tipo «review»,"https://api.openalex.org/works?filter=institutions.id:I2802066150,publication_year:2018-2022",2026-09-25T22:38:18+00:00,api
openalex,Universidad Metropolitana de Ciencias de la Educacion,2022,2018-2022,citas_openalex,5251,citas,Citas recibidas por los trabajos de la ventana (histograma sobre 770 de 771),"https://api.openalex.org/works?filter=institutions.id:I2802066150,publication_year:2018-2022",2026-09-25T22:38:18+00:00,api
openalex,Universidad Metropolitana de Ciencias de la Educacion,2022,2018-2022,citas_por_documento_openalex,6.819,citas por documento,"Citas por trabajo, sobre los trabajos del histograma","https://api.openalex.org/works?filter=institutions.id:I2802066150,publication_year:2018-2022",2026-09-25T22:38:18+00:00,api
openalex,Universidad Metropolitana de Ciencias de la Educacion,2022,2018-2022,pct_colaboracion_internacional,40.86,%,Trabajos con coautor de una institución de otro país,"https://api.openalex.org/works?filter=institutions.id:I2802066150,publication_year:2018-2022",2026-09-25T22:38:18+00:00,api
openalex,Universidad Metropolitana de Ciencias de la Educacion,2023,2019-2023,publicaciones_openalex,843,trabajos,Trabajos con al menos un autor de la institución,"https://api.openalex.org/works?filter=institutions.id:I2802066150,publication_year:2019-2023",2026-09-25T22:38:18+00:00,api
openalex,Universidad Metropolitana de Ciencias de la Educacion,2023,2019-2023,publicaciones_openalex_article,729,trabajos,Trabajos de tipo «article»,"https://api.openalex.org/works?filter=institutions.id:I2802066150,publication_year:2019-2023",2026-09-25T22:38:18+00:00,api
openalex,Universidad Metropolitana de Ciencias de la Educacion,2023,2019-2023,publicaciones_openalex_book,15,trabajos,Trabajos de tipo «book»,"https://api.openalex.org/works?filter=institutions.id:I2802066150,publication_year:2019-2023",2026-09-25T22:38:18+00:00,api
openalex,Universidad Metropolitana de Ciencias de la Educacion,2023,2019-2023,publicaciones_openalex_book-chapter,18,trabajos,Trabajos de tipo «book-chapter»,"https://api.openalex.org/works?filter=institutions.id:I2802066150,publication_year:2019-2023",2026-09-25T22:38:18+00:00,api
openalex,Universidad Metropolitana de Ciencias de la Educacion,2023,2019-2023,publicaciones_openalex_book-review,3,trabajos,Trabajos de tipo «book-review»,"https://api.openalex.org/works?filter=institutions.id:I2802066150,publication_year:2019-2023",2026-09-25T22:38:18+00:00,api
openalex,Universidad Metropolitana de Ciencias de la Educacion,2023,2019-2023,publicaciones_openalex_conference-paper,13,trabajos,Trabajos de tipo «conference-paper»,"https://api.openalex.org/works?filter=institutions.id:I2802066150,publication_year:2019-2023",2026-09-25T22:38:18+00:00,api
openalex,Universidad Metropolitana de Ciencias de la Educacion,2023,2019-2023,publicaciones_openalex_dataset,6,trabajos,Trabajos de tipo «dataset»,"https://api.openalex.org/works?filter=institutions.id:I2802066150,publication_year:2019-2023",2026-09-25T22:38:18+00:00,api
openalex,Universidad Metropolitana de Ciencias de la Educacion,2023,2019-2023,publicaciones_openalex_editorial,3,trabajos,Trabajos de tipo «editorial»,"https://api.openalex.org/works?filter=institutions.id:I2802066150,publication_year:2019-2023",2026-09-25T22:38:18+00:00,api
openalex,Universidad Metropolitana de Ciencias de la Educacion,2023,2019-2023,publicaciones_openalex_erratum,4,trabajos,Trabajos de tipo «erratum»,"https://api.openalex.org/works?filter=institutions.id:I2802066150,publication_year:2019-2023",2026-09-25T22:38:18+00:00,api
openalex,Universidad Metropolitana de Ciencias de la Educacion,2023,2019-2023,publicaciones_openalex_letter,1,trabajos,Trabajos de tipo «letter»,"https://api.openalex.org/works?filter=institutions.id:I2802066150,publication_year:2019-2023",2026-09-25T22:38:18+00:00,api
openalex,Universidad Metropolitana de Ciencias de la Educacion,2023,2019-2023,publicaciones_openalex_peer-review,3,trabajos,Trabajos de tipo «peer-review»,"https://api.openalex.org/works?filter=institutions.id:I2802066150,publication_year:2019-2023",2026-09-25T22:38:18+00:00,api
openalex,Universidad Metropolitana de Ciencias de la Educacion,2023,2019-2023,publicaciones_openalex_preprint,41,trabajos,Trabajos de tipo «preprint»,"https://api.openalex.org/works?filter=institutions.id:I2802066150,publication_year:2019-2023",2026-09-25T22:38:18+00:00,api
openalex,Universidad Metropolitana de Ciencias de la Educacion,2023,2019-2023,publicaciones_openalex_review,7,trabajos,Trabajos de tipo «review»,"https://api.openalex.org/works?filter=institutions.id:I2802066150,publication_year:2019-2023",2026-09-25T22:38:18+00:00,api
openalex,Universidad Metropolitana de Ciencias de la Educacion,2023,2019-2023,citas_openalex,5600,citas,Citas recibidas por los trabajos de la ventana (histograma sobre 842 de 843),"https://api.openalex.org/works?filter=institutions.id:I2802066150,publication_year:2019-2023",2026-09-25T22:38:18+00:00,api
openalex,Universidad Metropolitana de Ciencias de la Educacion,2023,2019-2023,citas_por_documento_openalex,6.651,citas por documento,"Citas por trabajo, sobre los trabajos del histograma","https://api.openalex.org/works?filter=institutions.id:I2802066150,publication_year:2019-2023",2026-09-25T22:38:18+00:00,api
openalex,Universidad Metropolitana de Ciencias de la Educacion,2023,2019-2023,pct_colaboracion_internacional,42.59,%,Trabajos con coautor de una institución de otro país,"https://api.openalex.org/works?filter=institutions.id:I2802066150,publication_year:2019-2023",2026-09-25T22:38:18+00:00,api
openalex,Universidad Metropolitana de Ciencias de la Educacion,2024,2020-2024,publicaciones_openalex,904,trabajos,Trabajos con al menos un autor de la institución,"https://api.openalex.org/works?filter=institutions.id:I2802066150,publication_year:2020-2024",2026-09-25T22:38:18+00:00,api
openalex,Universidad Metropolitana de Ciencias de la Educacion,2024,2020-2024,publicaciones_openalex_article,786,trabajos,Trabajos de tipo «article»,"https://api.openalex.org/works?filter=institutions.id:I2802066150,publication_year:2020-2024",2026-09-25T22:38:18+00:00,api
openalex,Universidad Metropolitana de Ciencias de la Educacion,2024,2020-2024,publicaciones_openalex_book,16,trabajos,Trabajos de tipo «book»,"https://api.openalex.org/works?filter=institutions.id:I2802066150,publication_year:2020-2024",2026-09-25T22:38:18+00:00,api
openalex,Universidad Metropolitana de Ciencias de la Educacion,2024,2020-2024,publicaciones_openalex_book-chapter,23,trabajos,Trabajos de tipo «book-chapter»,"https://api.openalex.org/works?filter=institutions.id:I2802066150,publication_year:2020-2024",2026-09-25T22:38:18+00:00,api
openalex,Universidad Metropolitana de Ciencias de la Educacion,2024,2020-2024,publicaciones_openalex_book-review,4,trabajos,Trabajos de tipo «book-review»,"https://api.openalex.org/works?filter=institutions.id:I2802066150,publication_year:2020-2024",2026-09-25T22:38:18+00:00,api
openalex,Universidad Metropolitana de Ciencias de la Educacion,2024,2020-2024,publicaciones_openalex_conference-paper,13,trabajos,Trabajos de tipo «conference-paper»,"https://api.openalex.org/works?filter=institutions.id:I2802066150,publication_year:2020-2024",2026-09-25T22:38:18+00:00,api
openalex,Universidad Metropolitana de Ciencias de la Educacion,2024,2020-2024,publicaciones_openalex_dataset,4,trabajos,Trabajos de tipo «dataset»,"https://api.openalex.org/works?filter=institutions.id:I2802066150,publication_year:2020-2024",2026-09-25T22:38:18+00:00,api
openalex,Universidad Metropolitana de Ciencias de la Educacion,2024,2020-2024,publicaciones_openalex_editorial,2,trabajos,Trabajos de tipo «editorial»,"https://api.openalex.org/works?filter=institutions.id:I2802066150,publication_year:2020-2024",2026-09-25T22:38:18+00:00,api
openalex,Universidad Metropolitana de Ciencias de la Educacion,2024,2020-2024,publicaciones_openalex_erratum,3,trabajos,Trabajos de tipo «erratum»,"https://api.openalex.org/works?filter=institutions.id:I2802066150,publication_year:2020-2024",2026-09-25T22:38:18+00:00,api
openalex,Universidad Metropolitana de Ciencias de la Educacion,2024,2020-2024,publicaciones_openalex_letter,1,trabajos,Trabajos de tipo «letter»,"https://api.openalex.org/works?filter=institutions.id:I2802066150,publication_year:2020-2024",2026-09-25T22:38:18+00:00,api
openalex,Universidad Metropolitana de Ciencias de la Educacion,2024,2020-2024,publicaciones_openalex_other,1,trabajos,Trabajos de tipo «other»,"https://api.openalex.org/works?filter=institutions.id:I2802066150,publication_year:2020-2024",2026-09-25T22:38:18+00:00,api
openalex,Universidad Metropolitana de Ciencias de la Educacion,2024,2020-2024,publicaciones_openalex_paratext,1,trabajos,Trabajos de tipo «paratext»,"https://api.openalex.org/works?filter=institutions.id:I2802066150,publication_year:2020-2024",2026-09-25T22:38:18+00:00,api
openalex,Universidad Metropolitana de Ciencias de la Educacion,2024,2020-2024,publicaciones_openalex_peer-review,3,trabajos,Trabajos de tipo «peer-review»,"https://api.openalex.org/works?filter=institutions.id:I2802066150,publication_year:2020-2024",2026-09-25T22:38:18+00:00,api
openalex,Universidad Metropolitana de Ciencias de la Educacion,2024,2020-2024,publicaciones_openalex_preprint,40,trabajos,Trabajos de tipo «preprint»,"https://api.openalex.org/works?filter=institutions.id:I2802066150,publication_year:2020-2024",2026-09-25T22:38:18+00:00,api
openalex,Universidad Metropolitana de Ciencias de la Educacion,2024,2020-2024,publicaciones_openalex_review,7,trabajos,Trabajos de tipo «review»,"https://api.openalex.org/works?filter=institutions.id:I2802066150,publication_year:2020-2024",2026-09-25T22:38:18+00:00,api
openalex,Universidad Metropolitana de Ciencias de la Educacion,2024,2020-2024,citas_openalex,4943,citas,Citas recibidas por los trabajos de la ventana (histograma sobre 904 de 904),"https://api.openalex.org/works?filter=institutions.id:I2802066150,publication_year:2020-2024",2026-09-25T22:38:18+00:00,api
openalex,Universidad Metropolitana de Ciencias de la Educacion,2024,2020-2024,citas_por_documento_openalex,5.468,citas por documento,"Citas por trabajo, sobre los trabajos del histograma","https://api.openalex.org/works?filter=institutions.id:I2802066150,publication_year:2020-2024",2026-09-25T22:38:18+00:00,api
openalex,Universidad Metropolitana de Ciencias de la Educacion,2024,2020-2024,pct_colaboracion_internacional,43.92,%,Trabajos con coautor de una institución de otro país,"https://api.openalex.org/works?filter=institutions.id:I2802066150,publication_year:2020-2024",2026-09-25T22:38:18+00:00,api
openalex,Universidad Metropolitana de Ciencias de la Educacion,2024,2020-2024,socios_recurrentes,158,instituciones,Instituciones con 3 o más trabajos conjuntos,https://api.openalex.org/works,2026-09-25T22:38:18+00:00,api
openalex,Universidad Metropolitana de Ciencias de la Educacion,2024,2020-2024,socios_recurrentes_paises,155,países,Países distintos entre los socios recurrentes,https://api.openalex.org/works,2026-09-25T22:38:18+00:00,api
openalex,Universidad Miguel de Cervantes,2022,2018-2022,publicaciones_openalex,106,trabajos,Trabajos con al menos un autor de la institución,"https://api.openalex.org/works?filter=institutions.id:I4210155153,publication_year:2018-2022",2026-09-25T22:38:18+00:00,api
openalex,Universidad Miguel de Cervantes,2022,2018-2022,publicaciones_openalex_article,101,trabajos,Trabajos de tipo «article»,"https://api.openalex.org/works?filter=institutions.id:I4210155153,publication_year:2018-2022",2026-09-25T22:38:18+00:00,api
openalex,Universidad Miguel de Cervantes,2022,2018-2022,publicaciones_openalex_book-chapter,3,trabajos,Trabajos de tipo «book-chapter»,"https://api.openalex.org/works?filter=institutions.id:I4210155153,publication_year:2018-2022",2026-09-25T22:38:18+00:00,api
openalex,Universidad Miguel de Cervantes,2022,2018-2022,publicaciones_openalex_conference-paper,2,trabajos,Trabajos de tipo «conference-paper»,"https://api.openalex.org/works?filter=institutions.id:I4210155153,publication_year:2018-2022",2026-09-25T22:38:18+00:00,api
openalex,Universidad Miguel de Cervantes,2022,2018-2022,citas_openalex,433,citas,Citas recibidas por los trabajos de la ventana (histograma sobre 106 de 106),"https://api.openalex.org/works?filter=institutions.id:I4210155153,publication_year:2018-2022",2026-09-25T22:38:18+00:00,api
openalex,Universidad Miguel de Cervantes,2022,2018-2022,citas_por_documento_openalex,4.085,citas por documento,"Citas por trabajo, sobre los trabajos del histograma","https://api.openalex.org/works?filter=institutions.id:I4210155153,publication_year:2018-2022",2026-09-25T22:38:18+00:00,api
openalex,Universidad Miguel de Cervantes,2022,2018-2022,pct_colaboracion_internacional,23.58,%,Trabajos con coautor de una institución de otro país,"https://api.openalex.org/works?filter=institutions.id:I4210155153,publication_year:2018-2022",2026-09-25T22:38:18+00:00,api
openalex,Universidad Miguel de Cervantes,2023,2019-2023,publicaciones_openalex,120,trabajos,Trabajos con al menos un autor de la institución,"https://api.openalex.org/works?filter=institutions.id:I4210155153,publication_year:2019-2023",2026-09-25T22:38:18+00:00,api
openalex,Universidad Miguel de Cervantes,2023,2019-2023,publicaciones_openalex_article,114,trabajos,Trabajos de tipo «article»,"https://api.openalex.org/works?filter=institutions.id:I4210155153,publication_year:2019-2023",2026-09-25T22:38:18+00:00,api
openalex,Universidad Miguel de Cervantes,2023,2019-2023,publicaciones_openalex_book-chapter,3,trabajos,Trabajos de tipo «book-chapter»,"https://api.openalex.org/works?filter=institutions.id:I4210155153,publication_year:2019-2023",2026-09-25T22:38:18+00:00,api
openalex,Universidad Miguel de Cervantes,2023,2019-2023,publicaciones_openalex_conference-paper,2,trabajos,Trabajos de tipo «conference-paper»,"https://api.openalex.org/works?filter=institutions.id:I4210155153,publication_year:2019-2023",2026-09-25T22:38:18+00:00,api
openalex,Universidad Miguel de Cervantes,2023,2019-2023,publicaciones_openalex_preprint,1,trabajos,Trabajos de tipo «preprint»,"https://api.openalex.org/works?filter=institutions.id:I4210155153,publication_year:2019-2023",2026-09-25T22:38:18+00:00,api
openalex,Universidad Miguel de Cervantes,2023,2019-2023,citas_openalex,443,citas,Citas recibidas por los trabajos de la ventana (histograma sobre 120 de 120),"https://api.openalex.org/works?filter=institutions.id:I4210155153,publication_year:2019-2023",2026-09-25T22:38:18+00:00,api
openalex,Universidad Miguel de Cervantes,2023,2019-2023,citas_por_documento_openalex,3.692,citas por documento,"Citas por trabajo, sobre los trabajos del histograma","https://api.openalex.org/works?filter=institutions.id:I4210155153,publication_year:2019-2023",2026-09-25T22:38:18+00:00,api
openalex,Universidad Miguel de Cervantes,2023,2019-2023,pct_colaboracion_internacional,22.5,%,Trabajos con coautor de una institución de otro país,"https://api.openalex.org/works?filter=institutions.id:I4210155153,publication_year:2019-2023",2026-09-25T22:38:18+00:00,api
openalex,Universidad Miguel de Cervantes,2024,2020-2024,publicaciones_openalex,105,trabajos,Trabajos con al menos un autor de la institución,"https://api.openalex.org/works?filter=institutions.id:I4210155153,publication_year:2020-2024",2026-09-25T22:38:18+00:00,api
openalex,Universidad Miguel de Cervantes,2024,2020-2024,publicaciones_openalex_article,100,trabajos,Trabajos de tipo «article»,"https://api.openalex.org/works?filter=institutions.id:I4210155153,publication_year:2020-2024",2026-09-25T22:38:18+00:00,api
openalex,Universidad Miguel de Cervantes,2024,2020-2024,publicaciones_openalex_book-chapter,3,trabajos,Trabajos de tipo «book-chapter»,"https://api.openalex.org/works?filter=institutions.id:I4210155153,publication_year:2020-2024",2026-09-25T22:38:18+00:00,api
openalex,Universidad Miguel de Cervantes,2024,2020-2024,publicaciones_openalex_conference-paper,1,trabajos,Trabajos de tipo «conference-paper»,"https://api.openalex.org/works?filter=institutions.id:I4210155153,publication_year:2020-2024",2026-09-25T22:38:18+00:00,api
openalex,Universidad Miguel de Cervantes,2024,2020-2024,publicaciones_openalex_preprint,1,trabajos,Trabajos de tipo «preprint»,"https://api.openalex.org/works?filter=institutions.id:I4210155153,publication_year:2020-2024",2026-09-25T22:38:18+00:00,api
openalex,Universidad Miguel de Cervantes,2024,2020-2024,citas_openalex,336,citas,Citas recibidas por los trabajos de la ventana (histograma sobre 105 de 105),"https://api.openalex.org/works?filter=institutions.id:I4210155153,publication_year:2020-2024",2026-09-25T22:38:18+00:00,api
openalex,Universidad Miguel de Cervantes,2024,2020-2024,citas_por_documento_openalex,3.2,citas por documento,"Citas por trabajo, sobre los trabajos del histograma","https://api.openalex.org/works?filter=institutions.id:I4210155153,publication_year:2020-2024",2026-09-25T22:38:18+00:00,api
openalex,Universidad Miguel de Cervantes,2024,2020-2024,pct_colaboracion_internacional,30.48,%,Trabajos con coautor de una institución de otro país,"https://api.openalex.org/works?filter=institutions.id:I4210155153,publication_year:2020-2024",2026-09-25T22:38:18+00:00,api
openalex,Universidad Miguel de Cervantes,2024,2020-2024,socios_recurrentes,13,instituciones,Instituciones con 3 o más trabajos conjuntos,https://api.openalex.org/works,2026-09-25T22:38:18+00:00,api
openalex,Universidad Miguel de Cervantes,2024,2020-2024,socios_recurrentes_paises,13,países,Países distintos entre los socios recurrentes,https://api.openalex.org/works,2026-09-25T22:38:18+00:00,api
openalex,Universidad Pedro de Valdivia,2022,2018-2022,publicaciones_openalex,207,trabajos,Trabajos con al menos un autor de la institución,"https://api.openalex.org/works?filter=institutions.id:I4210112547,publication_year:2018-2022",2026-09-25T22:38:18+00:00,api
openalex,Universidad Pedro de Valdivia,2022,2018-2022,publicaciones_openalex_article,124,trabajos,Trabajos de tipo «article»,"https://api.openalex.org/works?filter=institutions.id:I4210112547,publication_year:2018-2022",2026-09-25T22:38:18+00:00,api
openalex,Universidad Pedro de Valdivia,2022,2018-2022,publicaciones_openalex_book,1,trabajos,Trabajos de tipo «book»,"https://api.openalex.org/works?filter=institutions.id:I4210112547,publication_year:2018-2022",2026-09-25T22:38:18+00:00,api
openalex,Universidad Pedro de Valdivia,2022,2018-2022,publicaciones_openalex_book-chapter,1,trabajos,Trabajos de tipo «book-chapter»,"https://api.openalex.org/works?filter=institutions.id:I4210112547,publication_year:2018-2022",2026-09-25T22:38:18+00:00,api
openalex,Universidad Pedro de Valdivia,2022,2018-2022,publicaciones_openalex_conference-abstract,2,trabajos,Trabajos de tipo «conference-abstract»,"https://api.openalex.org/works?filter=institutions.id:I4210112547,publication_year:2018-2022",2026-09-25T22:38:18+00:00,api
openalex,Universidad Pedro de Valdivia,2022,2018-2022,publicaciones_openalex_conference-paper,38,trabajos,Trabajos de tipo «conference-paper»,"https://api.openalex.org/works?filter=institutions.id:I4210112547,publication_year:2018-2022",2026-09-25T22:38:18+00:00,api
openalex,Universidad Pedro de Valdivia,2022,2018-2022,publicaciones_openalex_dataset,13,trabajos,Trabajos de tipo «dataset»,"https://api.openalex.org/works?filter=institutions.id:I4210112547,publication_year:2018-2022",2026-09-25T22:38:18+00:00,api
openalex,Universidad Pedro de Valdivia,2022,2018-2022,publicaciones_openalex_dissertation,1,trabajos,Trabajos de tipo «dissertation»,"https://api.openalex.org/works?filter=institutions.id:I4210112547,publication_year:2018-2022",2026-09-25T22:38:18+00:00,api
openalex,Universidad Pedro de Valdivia,2022,2018-2022,publicaciones_openalex_preprint,9,trabajos,Trabajos de tipo «preprint»,"https://api.openalex.org/works?filter=institutions.id:I4210112547,publication_year:2018-2022",2026-09-25T22:38:18+00:00,api
openalex,Universidad Pedro de Valdivia,2022,2018-2022,publicaciones_openalex_reference-entry,1,trabajos,Trabajos de tipo «reference-entry»,"https://api.openalex.org/works?filter=institutions.id:I4210112547,publication_year:2018-2022",2026-09-25T22:38:18+00:00,api
openalex,Universidad Pedro de Valdivia,2022,2018-2022,publicaciones_openalex_report,17,trabajos,Trabajos de tipo «report»,"https://api.openalex.org/works?filter=institutions.id:I4210112547,publication_year:2018-2022",2026-09-25T22:38:18+00:00,api
openalex,Universidad Pedro de Valdivia,2022,2018-2022,citas_openalex,743,citas,Citas recibidas por los trabajos de la ventana (histograma sobre 207 de 207),"https://api.openalex.org/works?filter=institutions.id:I4210112547,publication_year:2018-2022",2026-09-25T22:38:18+00:00,api
openalex,Universidad Pedro de Valdivia,2022,2018-2022,citas_por_documento_openalex,3.589,citas por documento,"Citas por trabajo, sobre los trabajos del histograma","https://api.openalex.org/works?filter=institutions.id:I4210112547,publication_year:2018-2022",2026-09-25T22:38:18+00:00,api
openalex,Universidad Pedro de Valdivia,2022,2018-2022,pct_colaboracion_internacional,51.21,%,Trabajos con coautor de una institución de otro país,"https://api.openalex.org/works?filter=institutions.id:I4210112547,publication_year:2018-2022",2026-09-25T22:38:18+00:00,api
openalex,Universidad Pedro de Valdivia,2023,2019-2023,publicaciones_openalex,209,trabajos,Trabajos con al menos un autor de la institución,"https://api.openalex.org/works?filter=institutions.id:I4210112547,publication_year:2019-2023",2026-09-25T22:38:18+00:00,api
openalex,Universidad Pedro de Valdivia,2023,2019-2023,publicaciones_openalex_article,117,trabajos,Trabajos de tipo «article»,"https://api.openalex.org/works?filter=institutions.id:I4210112547,publication_year:2019-2023",2026-09-25T22:38:18+00:00,api
openalex,Universidad Pedro de Valdivia,2023,2019-2023,publicaciones_openalex_book,1,trabajos,Trabajos de tipo «book»,"https://api.openalex.org/works?filter=institutions.id:I4210112547,publication_year:2019-2023",2026-09-25T22:38:18+00:00,api
openalex,Universidad Pedro de Valdivia,2023,2019-2023,publicaciones_openalex_conference-abstract,1,trabajos,Trabajos de tipo «conference-abstract»,"https://api.openalex.org/works?filter=institutions.id:I4210112547,publication_year:2019-2023",2026-09-25T22:38:18+00:00,api
openalex,Universidad Pedro de Valdivia,2023,2019-2023,publicaciones_openalex_conference-paper,44,trabajos,Trabajos de tipo «conference-paper»,"https://api.openalex.org/works?filter=institutions.id:I4210112547,publication_year:2019-2023",2026-09-25T22:38:18+00:00,api
openalex,Universidad Pedro de Valdivia,2023,2019-2023,publicaciones_openalex_dataset,15,trabajos,Trabajos de tipo «dataset»,"https://api.openalex.org/works?filter=institutions.id:I4210112547,publication_year:2019-2023",2026-09-25T22:38:18+00:00,api
openalex,Universidad Pedro de Valdivia,2023,2019-2023,publicaciones_openalex_dissertation,1,trabajos,Trabajos de tipo «dissertation»,"https://api.openalex.org/works?filter=institutions.id:I4210112547,publication_year:2019-2023",2026-09-25T22:38:18+00:00,api
openalex,Universidad Pedro de Valdivia,2023,2019-2023,publicaciones_openalex_preprint,11,trabajos,Trabajos de tipo «preprint»,"https://api.openalex.org/works?filter=institutions.id:I4210112547,publication_year:2019-2023",2026-09-25T22:38:18+00:00,api
openalex,Universidad Pedro de Valdivia,2023,2019-2023,publicaciones_openalex_reference-entry,1,trabajos,Trabajos de tipo «reference-entry»,"https://api.openalex.org/works?filter=institutions.id:I4210112547,publication_year:2019-2023",2026-09-25T22:38:18+00:00,api
openalex,Universidad Pedro de Valdivia,2023,2019-2023,publicaciones_openalex_report,18,trabajos,Trabajos de tipo «report»,"https://api.openalex.org/works?filter=institutions.id:I4210112547,publication_year:2019-2023",2026-09-25T22:38:18+00:00,api
openalex,Universidad Pedro de Valdivia,2023,2019-2023,citas_openalex,710,citas,Citas recibidas por los trabajos de la ventana (histograma sobre 209 de 209),"https://api.openalex.org/works?filter=institutions.id:I4210112547,publication_year:2019-2023",2026-09-25T22:38:18+00:00,api
openalex,Universidad Pedro de Valdivia,2023,2019-2023,citas_por_documento_openalex,3.397,citas por documento,"Citas por trabajo, sobre los trabajos del histograma","https://api.openalex.org/works?filter=institutions.id:I4210112547,publication_year:2019-2023",2026-09-25T22:38:18+00:00,api
openalex,Universidad Pedro de Valdivia,2023,2019-2023,pct_colaboracion_internacional,50.72,%,Trabajos con coautor de una institución de otro país,"https://api.openalex.org/works?filter=institutions.id:I4210112547,publication_year:2019-2023",2026-09-25T22:38:18+00:00,api
openalex,Universidad Pedro de Valdivia,2024,2020-2024,publicaciones_openalex,182,trabajos,Trabajos con al menos un autor de la institución,"https://api.openalex.org/works?filter=institutions.id:I4210112547,publication_year:2020-2024",2026-09-25T22:38:18+00:00,api
openalex,Universidad Pedro de Valdivia,2024,2020-2024,publicaciones_openalex_article,97,trabajos,Trabajos de tipo «article»,"https://api.openalex.org/works?filter=institutions.id:I4210112547,publication_year:2020-2024",2026-09-25T22:38:18+00:00,api
openalex,Universidad Pedro de Valdivia,2024,2020-2024,publicaciones_openalex_book,1,trabajos,Trabajos de tipo «book»,"https://api.openalex.org/works?filter=institutions.id:I4210112547,publication_year:2020-2024",2026-09-25T22:38:18+00:00,api
openalex,Universidad Pedro de Valdivia,2024,2020-2024,publicaciones_openalex_book-chapter,1,trabajos,Trabajos de tipo «book-chapter»,"https://api.openalex.org/works?filter=institutions.id:I4210112547,publication_year:2020-2024",2026-09-25T22:38:18+00:00,api
openalex,Universidad Pedro de Valdivia,2024,2020-2024,publicaciones_openalex_conference-abstract,1,trabajos,Trabajos de tipo «conference-abstract»,"https://api.openalex.org/works?filter=institutions.id:I4210112547,publication_year:2020-2024",2026-09-25T22:38:18+00:00,api
openalex,Universidad Pedro de Valdivia,2024,2020-2024,publicaciones_openalex_conference-paper,40,trabajos,Trabajos de tipo «conference-paper»,"https://api.openalex.org/works?filter=institutions.id:I4210112547,publication_year:2020-2024",2026-09-25T22:38:18+00:00,api
openalex,Universidad Pedro de Valdivia,2024,2020-2024,publicaciones_openalex_dataset,11,trabajos,Trabajos de tipo «dataset»,"https://api.openalex.org/works?filter=institutions.id:I4210112547,publication_year:2020-2024",2026-09-25T22:38:18+00:00,api
openalex,Universidad Pedro de Valdivia,2024,2020-2024,publicaciones_openalex_dissertation,1,trabajos,Trabajos de tipo «dissertation»,"https://api.openalex.org/works?filter=institutions.id:I4210112547,publication_year:2020-2024",2026-09-25T22:38:18+00:00,api
openalex,Universidad Pedro de Valdivia,2024,2020-2024,publicaciones_openalex_erratum,1,trabajos,Trabajos de tipo «erratum»,"https://api.openalex.org/works?filter=institutions.id:I4210112547,publication_year:2020-2024",2026-09-25T22:38:18+00:00,api
openalex,Universidad Pedro de Valdivia,2024,2020-2024,publicaciones_openalex_preprint,12,trabajos,Trabajos de tipo «preprint»,"https://api.openalex.org/works?filter=institutions.id:I4210112547,publication_year:2020-2024",2026-09-25T22:38:18+00:00,api
openalex,Universidad Pedro de Valdivia,2024,2020-2024,publicaciones_openalex_report,17,trabajos,Trabajos de tipo «report»,"https://api.openalex.org/works?filter=institutions.id:I4210112547,publication_year:2020-2024",2026-09-25T22:38:18+00:00,api
openalex,Universidad Pedro de Valdivia,2024,2020-2024,citas_openalex,629,citas,Citas recibidas por los trabajos de la ventana (histograma sobre 182 de 182),"https://api.openalex.org/works?filter=institutions.id:I4210112547,publication_year:2020-2024",2026-09-25T22:38:18+00:00,api
openalex,Universidad Pedro de Valdivia,2024,2020-2024,citas_por_documento_openalex,3.456,citas por documento,"Citas por trabajo, sobre los trabajos del histograma","https://api.openalex.org/works?filter=institutions.id:I4210112547,publication_year:2020-2024",2026-09-25T22:38:18+00:00,api
openalex,Universidad Pedro de Valdivia,2024,2020-2024,pct_colaboracion_internacional,53.3,%,Trabajos con coautor de una institución de otro país,"https://api.openalex.org/works?filter=institutions.id:I4210112547,publication_year:2020-2024",2026-09-25T22:38:18+00:00,api
openalex,Universidad Pedro de Valdivia,2024,2020-2024,socios_recurrentes,36,instituciones,Instituciones con 3 o más trabajos conjuntos,https://api.openalex.org/works,2026-09-25T22:38:18+00:00,api
openalex,Universidad Pedro de Valdivia,2024,2020-2024,socios_recurrentes_paises,36,países,Países distintos entre los socios recurrentes,https://api.openalex.org/works,2026-09-25T22:38:18+00:00,api
openalex,Universidad San Sebastian,2022,2018-2022,publicaciones_openalex,2347,trabajos,Trabajos con al menos un autor de la institución,"https://api.openalex.org/works?filter=institutions.id:I3124150290,publication_year:2018-2022",2026-09-25T22:38:18+00:00,api
openalex,Universidad San Sebastian,2022,2018-2022,publicaciones_openalex_article,1989,trabajos,Trabajos de tipo «article»,"https://api.openalex.org/works?filter=institutions.id:I3124150290,publication_year:2018-2022",2026-09-25T22:38:18+00:00,api
openalex,Universidad San Sebastian,2022,2018-2022,publicaciones_openalex_book,4,trabajos,Trabajos de tipo «book»,"https://api.openalex.org/works?filter=institutions.id:I3124150290,publication_year:2018-2022",2026-09-25T22:38:18+00:00,api
openalex,Universidad San Sebastian,2022,2018-2022,publicaciones_openalex_book-chapter,67,trabajos,Trabajos de tipo «book-chapter»,"https://api.openalex.org/works?filter=institutions.id:I3124150290,publication_year:2018-2022",2026-09-25T22:38:18+00:00,api
openalex,Universidad San Sebastian,2022,2018-2022,publicaciones_openalex_book-review,11,trabajos,Trabajos de tipo «book-review»,"https://api.openalex.org/works?filter=institutions.id:I3124150290,publication_year:2018-2022",2026-09-25T22:38:18+00:00,api
openalex,Universidad San Sebastian,2022,2018-2022,publicaciones_openalex_conference-abstract,27,trabajos,Trabajos de tipo «conference-abstract»,"https://api.openalex.org/works?filter=institutions.id:I3124150290,publication_year:2018-2022",2026-09-25T22:38:18+00:00,api
openalex,Universidad San Sebastian,2022,2018-2022,publicaciones_openalex_conference-paper,70,trabajos,Trabajos de tipo «conference-paper»,"https://api.openalex.org/works?filter=institutions.id:I3124150290,publication_year:2018-2022",2026-09-25T22:38:18+00:00,api
openalex,Universidad San Sebastian,2022,2018-2022,publicaciones_openalex_dataset,8,trabajos,Trabajos de tipo «dataset»,"https://api.openalex.org/works?filter=institutions.id:I3124150290,publication_year:2018-2022",2026-09-25T22:38:18+00:00,api
openalex,Universidad San Sebastian,2022,2018-2022,publicaciones_openalex_dissertation,6,trabajos,Trabajos de tipo «dissertation»,"https://api.openalex.org/works?filter=institutions.id:I3124150290,publication_year:2018-2022",2026-09-25T22:38:18+00:00,api
openalex,Universidad San Sebastian,2022,2018-2022,publicaciones_openalex_editorial,7,trabajos,Trabajos de tipo «editorial»,"https://api.openalex.org/works?filter=institutions.id:I3124150290,publication_year:2018-2022",2026-09-25T22:38:18+00:00,api
openalex,Universidad San Sebastian,2022,2018-2022,publicaciones_openalex_erratum,16,trabajos,Trabajos de tipo «erratum»,"https://api.openalex.org/works?filter=institutions.id:I3124150290,publication_year:2018-2022",2026-09-25T22:38:18+00:00,api
openalex,Universidad San Sebastian,2022,2018-2022,publicaciones_openalex_letter,2,trabajos,Trabajos de tipo «letter»,"https://api.openalex.org/works?filter=institutions.id:I3124150290,publication_year:2018-2022",2026-09-25T22:38:18+00:00,api
openalex,Universidad San Sebastian,2022,2018-2022,publicaciones_openalex_other,2,trabajos,Trabajos de tipo «other»,"https://api.openalex.org/works?filter=institutions.id:I3124150290,publication_year:2018-2022",2026-09-25T22:38:18+00:00,api
openalex,Universidad San Sebastian,2022,2018-2022,publicaciones_openalex_paratext,2,trabajos,Trabajos de tipo «paratext»,"https://api.openalex.org/works?filter=institutions.id:I3124150290,publication_year:2018-2022",2026-09-25T22:38:18+00:00,api
openalex,Universidad San Sebastian,2022,2018-2022,publicaciones_openalex_peer-review,2,trabajos,Trabajos de tipo «peer-review»,"https://api.openalex.org/works?filter=institutions.id:I3124150290,publication_year:2018-2022",2026-09-25T22:38:18+00:00,api
openalex,Universidad San Sebastian,2022,2018-2022,publicaciones_openalex_preprint,75,trabajos,Trabajos de tipo «preprint»,"https://api.openalex.org/works?filter=institutions.id:I3124150290,publication_year:2018-2022",2026-09-25T22:38:18+00:00,api
openalex,Universidad San Sebastian,2022,2018-2022,publicaciones_openalex_reference-entry,6,trabajos,Trabajos de tipo «reference-entry»,"https://api.openalex.org/works?filter=institutions.id:I3124150290,publication_year:2018-2022",2026-09-25T22:38:18+00:00,api
openalex,Universidad San Sebastian,2022,2018-2022,publicaciones_openalex_report,5,trabajos,Trabajos de tipo «report»,"https://api.openalex.org/works?filter=institutions.id:I3124150290,publication_year:2018-2022",2026-09-25T22:38:18+00:00,api
openalex,Universidad San Sebastian,2022,2018-2022,publicaciones_openalex_review,48,trabajos,Trabajos de tipo «review»,"https://api.openalex.org/works?filter=institutions.id:I3124150290,publication_year:2018-2022",2026-09-25T22:38:18+00:00,api
openalex,Universidad San Sebastian,2022,2018-2022,citas_openalex,40196,citas,Citas recibidas por los trabajos de la ventana (histograma sobre 2345 de 2347),"https://api.openalex.org/works?filter=institutions.id:I3124150290,publication_year:2018-2022",2026-09-25T22:38:18+00:00,api
openalex,Universidad San Sebastian,2022,2018-2022,citas_por_documento_openalex,17.141,citas por documento,"Citas por trabajo, sobre los trabajos del histograma","https://api.openalex.org/works?filter=institutions.id:I3124150290,publication_year:2018-2022",2026-09-25T22:38:18+00:00,api
openalex,Universidad San Sebastian,2022,2018-2022,pct_colaboracion_internacional,47.85,%,Trabajos con coautor de una institución de otro país,"https://api.openalex.org/works?filter=institutions.id:I3124150290,publication_year:2018-2022",2026-09-25T22:38:18+00:00,api
openalex,Universidad San Sebastian,2023,2019-2023,publicaciones_openalex,2958,trabajos,Trabajos con al menos un autor de la institución,"https://api.openalex.org/works?filter=institutions.id:I3124150290,publication_year:2019-2023",2026-09-25T22:38:18+00:00,api
openalex,Universidad San Sebastian,2023,2019-2023,publicaciones_openalex_article,2396,trabajos,Trabajos de tipo «article»,"https://api.openalex.org/works?filter=institutions.id:I3124150290,publication_year:2019-2023",2026-09-25T22:38:18+00:00,api
openalex,Universidad San Sebastian,2023,2019-2023,publicaciones_openalex_book,7,trabajos,Trabajos de tipo «book»,"https://api.openalex.org/works?filter=institutions.id:I3124150290,publication_year:2019-2023",2026-09-25T22:38:18+00:00,api
openalex,Universidad San Sebastian,2023,2019-2023,publicaciones_openalex_book-chapter,81,trabajos,Trabajos de tipo «book-chapter»,"https://api.openalex.org/works?filter=institutions.id:I3124150290,publication_year:2019-2023",2026-09-25T22:38:18+00:00,api
openalex,Universidad San Sebastian,2023,2019-2023,publicaciones_openalex_book-review,14,trabajos,Trabajos de tipo «book-review»,"https://api.openalex.org/works?filter=institutions.id:I3124150290,publication_year:2019-2023",2026-09-25T22:38:18+00:00,api
openalex,Universidad San Sebastian,2023,2019-2023,publicaciones_openalex_conference-abstract,31,trabajos,Trabajos de tipo «conference-abstract»,"https://api.openalex.org/works?filter=institutions.id:I3124150290,publication_year:2019-2023",2026-09-25T22:38:18+00:00,api
openalex,Universidad San Sebastian,2023,2019-2023,publicaciones_openalex_conference-paper,127,trabajos,Trabajos de tipo «conference-paper»,"https://api.openalex.org/works?filter=institutions.id:I3124150290,publication_year:2019-2023",2026-09-25T22:38:18+00:00,api
openalex,Universidad San Sebastian,2023,2019-2023,publicaciones_openalex_data-paper,2,trabajos,Trabajos de tipo «data-paper»,"https://api.openalex.org/works?filter=institutions.id:I3124150290,publication_year:2019-2023",2026-09-25T22:38:18+00:00,api
openalex,Universidad San Sebastian,2023,2019-2023,publicaciones_openalex_dataset,15,trabajos,Trabajos de tipo «dataset»,"https://api.openalex.org/works?filter=institutions.id:I3124150290,publication_year:2019-2023",2026-09-25T22:38:18+00:00,api
openalex,Universidad San Sebastian,2023,2019-2023,publicaciones_openalex_dissertation,7,trabajos,Trabajos de tipo «dissertation»,"https://api.openalex.org/works?filter=institutions.id:I3124150290,publication_year:2019-2023",2026-09-25T22:38:18+00:00,api
openalex,Universidad San Sebastian,2023,2019-2023,publicaciones_openalex_editorial,8,trabajos,Trabajos de tipo «editorial»,"https://api.openalex.org/works?filter=institutions.id:I3124150290,publication_year:2019-2023",2026-09-25T22:38:18+00:00,api
openalex,Universidad San Sebastian,2023,2019-2023,publicaciones_openalex_erratum,20,trabajos,Trabajos de tipo «erratum»,"https://api.openalex.org/works?filter=institutions.id:I3124150290,publication_year:2019-2023",2026-09-25T22:38:18+00:00,api
openalex,Universidad San Sebastian,2023,2019-2023,publicaciones_openalex_letter,2,trabajos,Trabajos de tipo «letter»,"https://api.openalex.org/works?filter=institutions.id:I3124150290,publication_year:2019-2023",2026-09-25T22:38:18+00:00,api
openalex,Universidad San Sebastian,2023,2019-2023,publicaciones_openalex_other,7,trabajos,Trabajos de tipo «other»,"https://api.openalex.org/works?filter=institutions.id:I3124150290,publication_year:2019-2023",2026-09-25T22:38:18+00:00,api
openalex,Universidad San Sebastian,2023,2019-2023,publicaciones_openalex_paratext,3,trabajos,Trabajos de tipo «paratext»,"https://api.openalex.org/works?filter=institutions.id:I3124150290,publication_year:2019-2023",2026-09-25T22:38:18+00:00,api
openalex,Universidad San Sebastian,2023,2019-2023,publicaciones_openalex_peer-review,21,trabajos,Trabajos de tipo «peer-review»,"https://api.openalex.org/works?filter=institutions.id:I3124150290,publication_year:2019-2023",2026-09-25T22:38:18+00:00,api
openalex,Universidad San Sebastian,2023,2019-2023,publicaciones_openalex_preprint,137,trabajos,Trabajos de tipo «preprint»,"https://api.openalex.org/works?filter=institutions.id:I3124150290,publication_year:2019-2023",2026-09-25T22:38:18+00:00,api
openalex,Universidad San Sebastian,2023,2019-2023,publicaciones_openalex_reference-entry,7,trabajos,Trabajos de tipo «reference-entry»,"https://api.openalex.org/works?filter=institutions.id:I3124150290,publication_year:2019-2023",2026-09-25T22:38:18+00:00,api
openalex,Universidad San Sebastian,2023,2019-2023,publicaciones_openalex_report,6,trabajos,Trabajos de tipo «report»,"https://api.openalex.org/works?filter=institutions.id:I3124150290,publication_year:2019-2023",2026-09-25T22:38:18+00:00,api
openalex,Universidad San Sebastian,2023,2019-2023,publicaciones_openalex_review,64,trabajos,Trabajos de tipo «review»,"https://api.openalex.org/works?filter=institutions.id:I3124150290,publication_year:2019-2023",2026-09-25T22:38:18+00:00,api
openalex,Universidad San Sebastian,2023,2019-2023,publicaciones_openalex_supplementary-materials,3,trabajos,Trabajos de tipo «supplementary-materials»,"https://api.openalex.org/works?filter=institutions.id:I3124150290,publication_year:2019-2023",2026-09-25T22:38:18+00:00,api
openalex,Universidad San Sebastian,2023,2019-2023,citas_openalex,42486,citas,Citas recibidas por los trabajos de la ventana (histograma sobre 2959 de 2958),"https://api.openalex.org/works?filter=institutions.id:I3124150290,publication_year:2019-2023",2026-09-25T22:38:18+00:00,api
openalex,Universidad San Sebastian,2023,2019-2023,citas_por_documento_openalex,14.358,citas por documento,"Citas por trabajo, sobre los trabajos del histograma","https://api.openalex.org/works?filter=institutions.id:I3124150290,publication_year:2019-2023",2026-09-25T22:38:18+00:00,api
openalex,Universidad San Sebastian,2023,2019-2023,pct_colaboracion_internacional,51.99,%,Trabajos con coautor de una institución de otro país,"https://api.openalex.org/works?filter=institutions.id:I3124150290,publication_year:2019-2023",2026-09-25T22:38:18+00:00,api
openalex,Universidad San Sebastian,2024,2020-2024,publicaciones_openalex,3744,trabajos,Trabajos con al menos un autor de la institución,"https://api.openalex.org/works?filter=institutions.id:I3124150290,publication_year:2020-2024",2026-09-25T22:38:18+00:00,api
openalex,Universidad San Sebastian,2024,2020-2024,publicaciones_openalex_article,2937,trabajos,Trabajos de tipo «article»,"https://api.openalex.org/works?filter=institutions.id:I3124150290,publication_year:2020-2024",2026-09-25T22:38:18+00:00,api
openalex,Universidad San Sebastian,2024,2020-2024,publicaciones_openalex_book,9,trabajos,Trabajos de tipo «book»,"https://api.openalex.org/works?filter=institutions.id:I3124150290,publication_year:2020-2024",2026-09-25T22:38:18+00:00,api
openalex,Universidad San Sebastian,2024,2020-2024,publicaciones_openalex_book-chapter,108,trabajos,Trabajos de tipo «book-chapter»,"https://api.openalex.org/works?filter=institutions.id:I3124150290,publication_year:2020-2024",2026-09-25T22:38:18+00:00,api
openalex,Universidad San Sebastian,2024,2020-2024,publicaciones_openalex_book-review,17,trabajos,Trabajos de tipo «book-review»,"https://api.openalex.org/works?filter=institutions.id:I3124150290,publication_year:2020-2024",2026-09-25T22:38:18+00:00,api
openalex,Universidad San Sebastian,2024,2020-2024,publicaciones_openalex_conference-abstract,44,trabajos,Trabajos de tipo «conference-abstract»,"https://api.openalex.org/works?filter=institutions.id:I3124150290,publication_year:2020-2024",2026-09-25T22:38:18+00:00,api
openalex,Universidad San Sebastian,2024,2020-2024,publicaciones_openalex_conference-paper,204,trabajos,Trabajos de tipo «conference-paper»,"https://api.openalex.org/works?filter=institutions.id:I3124150290,publication_year:2020-2024",2026-09-25T22:38:18+00:00,api
openalex,Universidad San Sebastian,2024,2020-2024,publicaciones_openalex_data-paper,2,trabajos,Trabajos de tipo «data-paper»,"https://api.openalex.org/works?filter=institutions.id:I3124150290,publication_year:2020-2024",2026-09-25T22:38:18+00:00,api
openalex,Universidad San Sebastian,2024,2020-2024,publicaciones_openalex_dataset,16,trabajos,Trabajos de tipo «dataset»,"https://api.openalex.org/works?filter=institutions.id:I3124150290,publication_year:2020-2024",2026-09-25T22:38:18+00:00,api
openalex,Universidad San Sebastian,2024,2020-2024,publicaciones_openalex_dissertation,8,trabajos,Trabajos de tipo «dissertation»,"https://api.openalex.org/works?filter=institutions.id:I3124150290,publication_year:2020-2024",2026-09-25T22:38:18+00:00,api
openalex,Universidad San Sebastian,2024,2020-2024,publicaciones_openalex_editorial,12,trabajos,Trabajos de tipo «editorial»,"https://api.openalex.org/works?filter=institutions.id:I3124150290,publication_year:2020-2024",2026-09-25T22:38:18+00:00,api
openalex,Universidad San Sebastian,2024,2020-2024,publicaciones_openalex_erratum,26,trabajos,Trabajos de tipo «erratum»,"https://api.openalex.org/works?filter=institutions.id:I3124150290,publication_year:2020-2024",2026-09-25T22:38:18+00:00,api
openalex,Universidad San Sebastian,2024,2020-2024,publicaciones_openalex_letter,1,trabajos,Trabajos de tipo «letter»,"https://api.openalex.org/works?filter=institutions.id:I3124150290,publication_year:2020-2024",2026-09-25T22:38:18+00:00,api
openalex,Universidad San Sebastian,2024,2020-2024,publicaciones_openalex_other,6,trabajos,Trabajos de tipo «other»,"https://api.openalex.org/works?filter=institutions.id:I3124150290,publication_year:2020-2024",2026-09-25T22:38:18+00:00,api
openalex,Universidad San Sebastian,2024,2020-2024,publicaciones_openalex_paratext,5,trabajos,Trabajos de tipo «paratext»,"https://api.openalex.org/works?filter=institutions.id:I3124150290,publication_year:2020-2024",2026-09-25T22:38:18+00:00,api
openalex,Universidad San Sebastian,2024,2020-2024,publicaciones_openalex_peer-review,40,trabajos,Trabajos de tipo «peer-review»,"https://api.openalex.org/works?filter=institutions.id:I3124150290,publication_year:2020-2024",2026-09-25T22:38:18+00:00,api
openalex,Universidad San Sebastian,2024,2020-2024,publicaciones_openalex_preprint,211,trabajos,Trabajos de tipo «preprint»,"https://api.openalex.org/works?filter=institutions.id:I3124150290,publication_year:2020-2024",2026-09-25T22:38:18+00:00,api
openalex,Universidad San Sebastian,2024,2020-2024,publicaciones_openalex_reference-entry,9,trabajos,Trabajos de tipo «reference-entry»,"https://api.openalex.org/works?filter=institutions.id:I3124150290,publication_year:2020-2024",2026-09-25T22:38:18+00:00,api
openalex,Universidad San Sebastian,2024,2020-2024,publicaciones_openalex_report,8,trabajos,Trabajos de tipo «report»,"https://api.openalex.org/works?filter=institutions.id:I3124150290,publication_year:2020-2024",2026-09-25T22:38:18+00:00,api
openalex,Universidad San Sebastian,2024,2020-2024,publicaciones_openalex_review,78,trabajos,Trabajos de tipo «review»,"https://api.openalex.org/works?filter=institutions.id:I3124150290,publication_year:2020-2024",2026-09-25T22:38:18+00:00,api
openalex,Universidad San Sebastian,2024,2020-2024,publicaciones_openalex_supplementary-materials,3,trabajos,Trabajos de tipo «supplementary-materials»,"https://api.openalex.org/works?filter=institutions.id:I3124150290,publication_year:2020-2024",2026-09-25T22:38:18+00:00,api
openalex,Universidad San Sebastian,2024,2020-2024,citas_openalex,41641,citas,Citas recibidas por los trabajos de la ventana (histograma sobre 3744 de 3744),"https://api.openalex.org/works?filter=institutions.id:I3124150290,publication_year:2020-2024",2026-09-25T22:38:18+00:00,api
openalex,Universidad San Sebastian,2024,2020-2024,citas_por_documento_openalex,11.122,citas por documento,"Citas por trabajo, sobre los trabajos del histograma","https://api.openalex.org/works?filter=institutions.id:I3124150290,publication_year:2020-2024",2026-09-25T22:38:18+00:00,api
openalex,Universidad San Sebastian,2024,2020-2024,pct_colaboracion_internacional,55.82,%,Trabajos con coautor de una institución de otro país,"https://api.openalex.org/works?filter=institutions.id:I3124150290,publication_year:2020-2024",2026-09-25T22:38:18+00:00,api
openalex,Universidad San Sebastian,2024,2020-2024,socios_recurrentes,199,instituciones,Instituciones con 3 o más trabajos conjuntos,https://api.openalex.org/works,2026-09-25T22:38:18+00:00,api
openalex,Universidad San Sebastian,2024,2020-2024,socios_recurrentes_paises,196,países,Países distintos entre los socios recurrentes,https://api.openalex.org/works,2026-09-25T22:38:18+00:00,api
openalex,Universidad Santo Tomas,2022,2018-2022,publicaciones_openalex,1597,trabajos,Trabajos con al menos un autor de la institución,"https://api.openalex.org/works?filter=institutions.id:I4210122369,publication_year:2018-2022",2026-09-25T22:38:18+00:00,api
openalex,Universidad Santo Tomas,2022,2018-2022,publicaciones_openalex_article,1382,trabajos,Trabajos de tipo «article»,"https://api.openalex.org/works?filter=institutions.id:I4210122369,publication_year:2018-2022",2026-09-25T22:38:18+00:00,api
openalex,Universidad Santo Tomas,2022,2018-2022,publicaciones_openalex_book,8,trabajos,Trabajos de tipo «book»,"https://api.openalex.org/works?filter=institutions.id:I4210122369,publication_year:2018-2022",2026-09-25T22:38:18+00:00,api
openalex,Universidad Santo Tomas,2022,2018-2022,publicaciones_openalex_book-chapter,20,trabajos,Trabajos de tipo «book-chapter»,"https://api.openalex.org/works?filter=institutions.id:I4210122369,publication_year:2018-2022",2026-09-25T22:38:18+00:00,api
openalex,Universidad Santo Tomas,2022,2018-2022,publicaciones_openalex_conference-abstract,6,trabajos,Trabajos de tipo «conference-abstract»,"https://api.openalex.org/works?filter=institutions.id:I4210122369,publication_year:2018-2022",2026-09-25T22:38:18+00:00,api
openalex,Universidad Santo Tomas,2022,2018-2022,publicaciones_openalex_conference-paper,13,trabajos,Trabajos de tipo «conference-paper»,"https://api.openalex.org/works?filter=institutions.id:I4210122369,publication_year:2018-2022",2026-09-25T22:38:18+00:00,api
openalex,Universidad Santo Tomas,2022,2018-2022,publicaciones_openalex_data-paper,2,trabajos,Trabajos de tipo «data-paper»,"https://api.openalex.org/works?filter=institutions.id:I4210122369,publication_year:2018-2022",2026-09-25T22:38:18+00:00,api
openalex,Universidad Santo Tomas,2022,2018-2022,publicaciones_openalex_dataset,75,trabajos,Trabajos de tipo «dataset»,"https://api.openalex.org/works?filter=institutions.id:I4210122369,publication_year:2018-2022",2026-09-25T22:38:18+00:00,api
openalex,Universidad Santo Tomas,2022,2018-2022,publicaciones_openalex_editorial,1,trabajos,Trabajos de tipo «editorial»,"https://api.openalex.org/works?filter=institutions.id:I4210122369,publication_year:2018-2022",2026-09-25T22:38:18+00:00,api
openalex,Universidad Santo Tomas,2022,2018-2022,publicaciones_openalex_erratum,4,trabajos,Trabajos de tipo «erratum»,"https://api.openalex.org/works?filter=institutions.id:I4210122369,publication_year:2018-2022",2026-09-25T22:38:18+00:00,api
openalex,Universidad Santo Tomas,2022,2018-2022,publicaciones_openalex_letter,2,trabajos,Trabajos de tipo «letter»,"https://api.openalex.org/works?filter=institutions.id:I4210122369,publication_year:2018-2022",2026-09-25T22:38:18+00:00,api
openalex,Universidad Santo Tomas,2022,2018-2022,publicaciones_openalex_other,3,trabajos,Trabajos de tipo «other»,"https://api.openalex.org/works?filter=institutions.id:I4210122369,publication_year:2018-2022",2026-09-25T22:38:18+00:00,api
openalex,Universidad Santo Tomas,2022,2018-2022,publicaciones_openalex_paratext,1,trabajos,Trabajos de tipo «paratext»,"https://api.openalex.org/works?filter=institutions.id:I4210122369,publication_year:2018-2022",2026-09-25T22:38:18+00:00,api
openalex,Universidad Santo Tomas,2022,2018-2022,publicaciones_openalex_peer-review,2,trabajos,Trabajos de tipo «peer-review»,"https://api.openalex.org/works?filter=institutions.id:I4210122369,publication_year:2018-2022",2026-09-25T22:38:18+00:00,api
openalex,Universidad Santo Tomas,2022,2018-2022,publicaciones_openalex_preprint,30,trabajos,Trabajos de tipo «preprint»,"https://api.openalex.org/works?filter=institutions.id:I4210122369,publication_year:2018-2022",2026-09-25T22:38:18+00:00,api
openalex,Universidad Santo Tomas,2022,2018-2022,publicaciones_openalex_report,1,trabajos,Trabajos de tipo «report»,"https://api.openalex.org/works?filter=institutions.id:I4210122369,publication_year:2018-2022",2026-09-25T22:38:18+00:00,api
openalex,Universidad Santo Tomas,2022,2018-2022,publicaciones_openalex_review,47,trabajos,Trabajos de tipo «review»,"https://api.openalex.org/works?filter=institutions.id:I4210122369,publication_year:2018-2022",2026-09-25T22:38:18+00:00,api
openalex,Universidad Santo Tomas,2022,2018-2022,citas_openalex,24032,citas,Citas recibidas por los trabajos de la ventana (histograma sobre 1591 de 1597),"https://api.openalex.org/works?filter=institutions.id:I4210122369,publication_year:2018-2022",2026-09-25T22:38:18+00:00,api
openalex,Universidad Santo Tomas,2022,2018-2022,citas_por_documento_openalex,15.105,citas por documento,"Citas por trabajo, sobre los trabajos del histograma","https://api.openalex.org/works?filter=institutions.id:I4210122369,publication_year:2018-2022",2026-09-25T22:38:18+00:00,api
openalex,Universidad Santo Tomas,2022,2018-2022,pct_colaboracion_internacional,52.72,%,Trabajos con coautor de una institución de otro país,"https://api.openalex.org/works?filter=institutions.id:I4210122369,publication_year:2018-2022",2026-09-25T22:38:18+00:00,api
openalex,Universidad Santo Tomas,2023,2019-2023,publicaciones_openalex,1740,trabajos,Trabajos con al menos un autor de la institución,"https://api.openalex.org/works?filter=institutions.id:I4210122369,publication_year:2019-2023",2026-09-25T22:38:18+00:00,api
openalex,Universidad Santo Tomas,2023,2019-2023,publicaciones_openalex_article,1556,trabajos,Trabajos de tipo «article»,"https://api.openalex.org/works?filter=institutions.id:I4210122369,publication_year:2019-2023",2026-09-25T22:38:18+00:00,api
openalex,Universidad Santo Tomas,2023,2019-2023,publicaciones_openalex_book,7,trabajos,Trabajos de tipo «book»,"https://api.openalex.org/works?filter=institutions.id:I4210122369,publication_year:2019-2023",2026-09-25T22:38:18+00:00,api
openalex,Universidad Santo Tomas,2023,2019-2023,publicaciones_openalex_book-chapter,19,trabajos,Trabajos de tipo «book-chapter»,"https://api.openalex.org/works?filter=institutions.id:I4210122369,publication_year:2019-2023",2026-09-25T22:38:18+00:00,api
openalex,Universidad Santo Tomas,2023,2019-2023,publicaciones_openalex_conference-abstract,9,trabajos,Trabajos de tipo «conference-abstract»,"https://api.openalex.org/works?filter=institutions.id:I4210122369,publication_year:2019-2023",2026-09-25T22:38:18+00:00,api
openalex,Universidad Santo Tomas,2023,2019-2023,publicaciones_openalex_conference-paper,13,trabajos,Trabajos de tipo «conference-paper»,"https://api.openalex.org/works?filter=institutions.id:I4210122369,publication_year:2019-2023",2026-09-25T22:38:18+00:00,api
openalex,Universidad Santo Tomas,2023,2019-2023,publicaciones_openalex_data-paper,2,trabajos,Trabajos de tipo «data-paper»,"https://api.openalex.org/works?filter=institutions.id:I4210122369,publication_year:2019-2023",2026-09-25T22:38:18+00:00,api
openalex,Universidad Santo Tomas,2023,2019-2023,publicaciones_openalex_dataset,4,trabajos,Trabajos de tipo «dataset»,"https://api.openalex.org/works?filter=institutions.id:I4210122369,publication_year:2019-2023",2026-09-25T22:38:18+00:00,api
openalex,Universidad Santo Tomas,2023,2019-2023,publicaciones_openalex_editorial,4,trabajos,Trabajos de tipo «editorial»,"https://api.openalex.org/works?filter=institutions.id:I4210122369,publication_year:2019-2023",2026-09-25T22:38:18+00:00,api
openalex,Universidad Santo Tomas,2023,2019-2023,publicaciones_openalex_erratum,7,trabajos,Trabajos de tipo «erratum»,"https://api.openalex.org/works?filter=institutions.id:I4210122369,publication_year:2019-2023",2026-09-25T22:38:18+00:00,api
openalex,Universidad Santo Tomas,2023,2019-2023,publicaciones_openalex_letter,1,trabajos,Trabajos de tipo «letter»,"https://api.openalex.org/works?filter=institutions.id:I4210122369,publication_year:2019-2023",2026-09-25T22:38:18+00:00,api
openalex,Universidad Santo Tomas,2023,2019-2023,publicaciones_openalex_other,4,trabajos,Trabajos de tipo «other»,"https://api.openalex.org/works?filter=institutions.id:I4210122369,publication_year:2019-2023",2026-09-25T22:38:18+00:00,api
openalex,Universidad Santo Tomas,2023,2019-2023,publicaciones_openalex_paratext,1,trabajos,Trabajos de tipo «paratext»,"https://api.openalex.org/works?filter=institutions.id:I4210122369,publication_year:2019-2023",2026-09-25T22:38:18+00:00,api
openalex,Universidad Santo Tomas,2023,2019-2023,publicaciones_openalex_peer-review,6,trabajos,Trabajos de tipo «peer-review»,"https://api.openalex.org/works?filter=institutions.id:I4210122369,publication_year:2019-2023",2026-09-25T22:38:18+00:00,api
openalex,Universidad Santo Tomas,2023,2019-2023,publicaciones_openalex_preprint,39,trabajos,Trabajos de tipo «preprint»,"https://api.openalex.org/works?filter=institutions.id:I4210122369,publication_year:2019-2023",2026-09-25T22:38:18+00:00,api
openalex,Universidad Santo Tomas,2023,2019-2023,publicaciones_openalex_report,1,trabajos,Trabajos de tipo «report»,"https://api.openalex.org/works?filter=institutions.id:I4210122369,publication_year:2019-2023",2026-09-25T22:38:18+00:00,api
openalex,Universidad Santo Tomas,2023,2019-2023,publicaciones_openalex_review,67,trabajos,Trabajos de tipo «review»,"https://api.openalex.org/works?filter=institutions.id:I4210122369,publication_year:2019-2023",2026-09-25T22:38:18+00:00,api
openalex,Universidad Santo Tomas,2023,2019-2023,citas_openalex,24112,citas,Citas recibidas por los trabajos de la ventana (histograma sobre 1733 de 1740),"https://api.openalex.org/works?filter=institutions.id:I4210122369,publication_year:2019-2023",2026-09-25T22:38:18+00:00,api
openalex,Universidad Santo Tomas,2023,2019-2023,citas_por_documento_openalex,13.913,citas por documento,"Citas por trabajo, sobre los trabajos del histograma","https://api.openalex.org/works?filter=institutions.id:I4210122369,publication_year:2019-2023",2026-09-25T22:38:18+00:00,api
openalex,Universidad Santo Tomas,2023,2019-2023,pct_colaboracion_internacional,55.4,%,Trabajos con coautor de una institución de otro país,"https://api.openalex.org/works?filter=institutions.id:I4210122369,publication_year:2019-2023",2026-09-25T22:38:18+00:00,api
openalex,Universidad Santo Tomas,2024,2020-2024,publicaciones_openalex,1942,trabajos,Trabajos con al menos un autor de la institución,"https://api.openalex.org/works?filter=institutions.id:I4210122369,publication_year:2020-2024",2026-09-25T22:38:18+00:00,api
openalex,Universidad Santo Tomas,2024,2020-2024,publicaciones_openalex_article,1719,trabajos,Trabajos de tipo «article»,"https://api.openalex.org/works?filter=institutions.id:I4210122369,publication_year:2020-2024",2026-09-25T22:38:18+00:00,api
openalex,Universidad Santo Tomas,2024,2020-2024,publicaciones_openalex_book,6,trabajos,Trabajos de tipo «book»,"https://api.openalex.org/works?filter=institutions.id:I4210122369,publication_year:2020-2024",2026-09-25T22:38:18+00:00,api
openalex,Universidad Santo Tomas,2024,2020-2024,publicaciones_openalex_book-chapter,25,trabajos,Trabajos de tipo «book-chapter»,"https://api.openalex.org/works?filter=institutions.id:I4210122369,publication_year:2020-2024",2026-09-25T22:38:18+00:00,api
openalex,Universidad Santo Tomas,2024,2020-2024,publicaciones_openalex_conference-abstract,9,trabajos,Trabajos de tipo «conference-abstract»,"https://api.openalex.org/works?filter=institutions.id:I4210122369,publication_year:2020-2024",2026-09-25T22:38:18+00:00,api
openalex,Universidad Santo Tomas,2024,2020-2024,publicaciones_openalex_conference-paper,17,trabajos,Trabajos de tipo «conference-paper»,"https://api.openalex.org/works?filter=institutions.id:I4210122369,publication_year:2020-2024",2026-09-25T22:38:18+00:00,api
openalex,Universidad Santo Tomas,2024,2020-2024,publicaciones_openalex_data-paper,2,trabajos,Trabajos de tipo «data-paper»,"https://api.openalex.org/works?filter=institutions.id:I4210122369,publication_year:2020-2024",2026-09-25T22:38:18+00:00,api
openalex,Universidad Santo Tomas,2024,2020-2024,publicaciones_openalex_dataset,4,trabajos,Trabajos de tipo «dataset»,"https://api.openalex.org/works?filter=institutions.id:I4210122369,publication_year:2020-2024",2026-09-25T22:38:18+00:00,api
openalex,Universidad Santo Tomas,2024,2020-2024,publicaciones_openalex_editorial,7,trabajos,Trabajos de tipo «editorial»,"https://api.openalex.org/works?filter=institutions.id:I4210122369,publication_year:2020-2024",2026-09-25T22:38:18+00:00,api
openalex,Universidad Santo Tomas,2024,2020-2024,publicaciones_openalex_erratum,9,trabajos,Trabajos de tipo «erratum»,"https://api.openalex.org/works?filter=institutions.id:I4210122369,publication_year:2020-2024",2026-09-25T22:38:18+00:00,api
openalex,Universidad Santo Tomas,2024,2020-2024,publicaciones_openalex_letter,1,trabajos,Trabajos de tipo «letter»,"https://api.openalex.org/works?filter=institutions.id:I4210122369,publication_year:2020-2024",2026-09-25T22:38:18+00:00,api
openalex,Universidad Santo Tomas,2024,2020-2024,publicaciones_openalex_other,4,trabajos,Trabajos de tipo «other»,"https://api.openalex.org/works?filter=institutions.id:I4210122369,publication_year:2020-2024",2026-09-25T22:38:18+00:00,api
openalex,Universidad Santo Tomas,2024,2020-2024,publicaciones_openalex_paratext,2,trabajos,Trabajos de tipo «paratext»,"https://api.openalex.org/works?filter=institutions.id:I4210122369,publication_year:2020-2024",2026-09-25T22:38:18+00:00,api
openalex,Universidad Santo Tomas,2024,2020-2024,publicaciones_openalex_peer-review,6,trabajos,Trabajos de tipo «peer-review»,"https://api.openalex.org/works?filter=institutions.id:I4210122369,publication_year:2020-2024",2026-09-25T22:38:18+00:00,api
openalex,Universidad Santo Tomas,2024,2020-2024,publicaciones_openalex_preprint,49,trabajos,Trabajos de tipo «preprint»,"https://api.openalex.org/works?filter=institutions.id:I4210122369,publication_year:2020-2024",2026-09-25T22:38:18+00:00,api
openalex,Universidad Santo Tomas,2024,2020-2024,publicaciones_openalex_report,1,trabajos,Trabajos de tipo «report»,"https://api.openalex.org/works?filter=institutions.id:I4210122369,publication_year:2020-2024",2026-09-25T22:38:18+00:00,api
openalex,Universidad Santo Tomas,2024,2020-2024,publicaciones_openalex_retraction,1,trabajos,Trabajos de tipo «retraction»,"https://api.openalex.org/works?filter=institutions.id:I4210122369,publication_year:2020-2024",2026-09-25T22:38:18+00:00,api
openalex,Universidad Santo Tomas,2024,2020-2024,publicaciones_openalex_review,80,trabajos,Trabajos de tipo «review»,"https://api.openalex.org/works?filter=institutions.id:I4210122369,publication_year:2020-2024",2026-09-25T22:38:18+00:00,api
openalex,Universidad Santo Tomas,2024,2020-2024,citas_openalex,23181,citas,Citas recibidas por los trabajos de la ventana (histograma sobre 1937 de 1942),"https://api.openalex.org/works?filter=institutions.id:I4210122369,publication_year:2020-2024",2026-09-25T22:38:18+00:00,api
openalex,Universidad Santo Tomas,2024,2020-2024,citas_por_documento_openalex,11.967,citas por documento,"Citas por trabajo, sobre los trabajos del histograma","https://api.openalex.org/works?filter=institutions.id:I4210122369,publication_year:2020-2024",2026-09-25T22:38:18+00:00,api
openalex,Universidad Santo Tomas,2024,2020-2024,pct_colaboracion_internacional,57.11,%,Trabajos con coautor de una institución de otro país,"https://api.openalex.org/works?filter=institutions.id:I4210122369,publication_year:2020-2024",2026-09-25T22:38:18+00:00,api
openalex,Universidad Santo Tomas,2024,2020-2024,socios_recurrentes,199,instituciones,Instituciones con 3 o más trabajos conjuntos,https://api.openalex.org/works,2026-09-25T22:38:18+00:00,api
openalex,Universidad Santo Tomas,2024,2020-2024,socios_recurrentes_paises,195,países,Países distintos entre los socios recurrentes,https://api.openalex.org/works,2026-09-25T22:38:18+00:00,api
openalex,Universidad Tecnica Federico Santa Maria,2022,2018-2022,publicaciones_openalex,4039,trabajos,Trabajos con al menos un autor de la institución,"https://api.openalex.org/works?filter=institutions.id:I75778554,publication_year:2018-2022",2026-09-25T22:38:18+00:00,api
openalex,Universidad Tecnica Federico Santa Maria,2022,2018-2022,publicaciones_openalex_article,3004,trabajos,Trabajos de tipo «article»,"https://api.openalex.org/works?filter=institutions.id:I75778554,publication_year:2018-2022",2026-09-25T22:38:18+00:00,api
openalex,Universidad Tecnica Federico Santa Maria,2022,2018-2022,publicaciones_openalex_book,3,trabajos,Trabajos de tipo «book»,"https://api.openalex.org/works?filter=institutions.id:I75778554,publication_year:2018-2022",2026-09-25T22:38:18+00:00,api
openalex,Universidad Tecnica Federico Santa Maria,2022,2018-2022,publicaciones_openalex_book-chapter,96,trabajos,Trabajos de tipo «book-chapter»,"https://api.openalex.org/works?filter=institutions.id:I75778554,publication_year:2018-2022",2026-09-25T22:38:18+00:00,api
openalex,Universidad Tecnica Federico Santa Maria,2022,2018-2022,publicaciones_openalex_book-review,2,trabajos,Trabajos de tipo «book-review»,"https://api.openalex.org/works?filter=institutions.id:I75778554,publication_year:2018-2022",2026-09-25T22:38:18+00:00,api
openalex,Universidad Tecnica Federico Santa Maria,2022,2018-2022,publicaciones_openalex_conference-abstract,17,trabajos,Trabajos de tipo «conference-abstract»,"https://api.openalex.org/works?filter=institutions.id:I75778554,publication_year:2018-2022",2026-09-25T22:38:18+00:00,api
openalex,Universidad Tecnica Federico Santa Maria,2022,2018-2022,publicaciones_openalex_conference-paper,663,trabajos,Trabajos de tipo «conference-paper»,"https://api.openalex.org/works?filter=institutions.id:I75778554,publication_year:2018-2022",2026-09-25T22:38:18+00:00,api
openalex,Universidad Tecnica Federico Santa Maria,2022,2018-2022,publicaciones_openalex_data-paper,2,trabajos,Trabajos de tipo «data-paper»,"https://api.openalex.org/works?filter=institutions.id:I75778554,publication_year:2018-2022",2026-09-25T22:38:18+00:00,api
openalex,Universidad Tecnica Federico Santa Maria,2022,2018-2022,publicaciones_openalex_dataset,25,trabajos,Trabajos de tipo «dataset»,"https://api.openalex.org/works?filter=institutions.id:I75778554,publication_year:2018-2022",2026-09-25T22:38:18+00:00,api
openalex,Universidad Tecnica Federico Santa Maria,2022,2018-2022,publicaciones_openalex_dissertation,1,trabajos,Trabajos de tipo «dissertation»,"https://api.openalex.org/works?filter=institutions.id:I75778554,publication_year:2018-2022",2026-09-25T22:38:18+00:00,api
openalex,Universidad Tecnica Federico Santa Maria,2022,2018-2022,publicaciones_openalex_editorial,9,trabajos,Trabajos de tipo «editorial»,"https://api.openalex.org/works?filter=institutions.id:I75778554,publication_year:2018-2022",2026-09-25T22:38:18+00:00,api
openalex,Universidad Tecnica Federico Santa Maria,2022,2018-2022,publicaciones_openalex_erratum,32,trabajos,Trabajos de tipo «erratum»,"https://api.openalex.org/works?filter=institutions.id:I75778554,publication_year:2018-2022",2026-09-25T22:38:18+00:00,api
openalex,Universidad Tecnica Federico Santa Maria,2022,2018-2022,publicaciones_openalex_letter,1,trabajos,Trabajos de tipo «letter»,"https://api.openalex.org/works?filter=institutions.id:I75778554,publication_year:2018-2022",2026-09-25T22:38:18+00:00,api
openalex,Universidad Tecnica Federico Santa Maria,2022,2018-2022,publicaciones_openalex_other,2,trabajos,Trabajos de tipo «other»,"https://api.openalex.org/works?filter=institutions.id:I75778554,publication_year:2018-2022",2026-09-25T22:38:18+00:00,api
openalex,Universidad Tecnica Federico Santa Maria,2022,2018-2022,publicaciones_openalex_paratext,5,trabajos,Trabajos de tipo «paratext»,"https://api.openalex.org/works?filter=institutions.id:I75778554,publication_year:2018-2022",2026-09-25T22:38:18+00:00,api
openalex,Universidad Tecnica Federico Santa Maria,2022,2018-2022,publicaciones_openalex_peer-review,24,trabajos,Trabajos de tipo «peer-review»,"https://api.openalex.org/works?filter=institutions.id:I75778554,publication_year:2018-2022",2026-09-25T22:38:18+00:00,api
openalex,Universidad Tecnica Federico Santa Maria,2022,2018-2022,publicaciones_openalex_preprint,132,trabajos,Trabajos de tipo «preprint»,"https://api.openalex.org/works?filter=institutions.id:I75778554,publication_year:2018-2022",2026-09-25T22:38:18+00:00,api
openalex,Universidad Tecnica Federico Santa Maria,2022,2018-2022,publicaciones_openalex_reference-entry,5,trabajos,Trabajos de tipo «reference-entry»,"https://api.openalex.org/works?filter=institutions.id:I75778554,publication_year:2018-2022",2026-09-25T22:38:18+00:00,api
openalex,Universidad Tecnica Federico Santa Maria,2022,2018-2022,publicaciones_openalex_report,5,trabajos,Trabajos de tipo «report»,"https://api.openalex.org/works?filter=institutions.id:I75778554,publication_year:2018-2022",2026-09-25T22:38:18+00:00,api
openalex,Universidad Tecnica Federico Santa Maria,2022,2018-2022,publicaciones_openalex_retraction,2,trabajos,Trabajos de tipo «retraction»,"https://api.openalex.org/works?filter=institutions.id:I75778554,publication_year:2018-2022",2026-09-25T22:38:18+00:00,api
openalex,Universidad Tecnica Federico Santa Maria,2022,2018-2022,publicaciones_openalex_review,8,trabajos,Trabajos de tipo «review»,"https://api.openalex.org/works?filter=institutions.id:I75778554,publication_year:2018-2022",2026-09-25T22:38:18+00:00,api
openalex,Universidad Tecnica Federico Santa Maria,2022,2018-2022,publicaciones_openalex_software-paper,1,trabajos,Trabajos de tipo «software-paper»,"https://api.openalex.org/works?filter=institutions.id:I75778554,publication_year:2018-2022",2026-09-25T22:38:18+00:00,api
openalex,Universidad Tecnica Federico Santa Maria,2022,2018-2022,citas_openalex,89429,citas,Citas recibidas por los trabajos de la ventana (histograma sobre 4026 de 4039),"https://api.openalex.org/works?filter=institutions.id:I75778554,publication_year:2018-2022",2026-09-25T22:38:18+00:00,api
openalex,Universidad Tecnica Federico Santa Maria,2022,2018-2022,citas_por_documento_openalex,22.213,citas por documento,"Citas por trabajo, sobre los trabajos del histograma","https://api.openalex.org/works?filter=institutions.id:I75778554,publication_year:2018-2022",2026-09-25T22:38:18+00:00,api
openalex,Universidad Tecnica Federico Santa Maria,2022,2018-2022,pct_colaboracion_internacional,68.68,%,Trabajos con coautor de una institución de otro país,"https://api.openalex.org/works?filter=institutions.id:I75778554,publication_year:2018-2022",2026-09-25T22:38:18+00:00,api
openalex,Universidad Tecnica Federico Santa Maria,2023,2019-2023,publicaciones_openalex,4283,trabajos,Trabajos con al menos un autor de la institución,"https://api.openalex.org/works?filter=institutions.id:I75778554,publication_year:2019-2023",2026-09-25T22:38:18+00:00,api
openalex,Universidad Tecnica Federico Santa Maria,2023,2019-2023,publicaciones_openalex_article,3158,trabajos,Trabajos de tipo «article»,"https://api.openalex.org/works?filter=institutions.id:I75778554,publication_year:2019-2023",2026-09-25T22:38:18+00:00,api
openalex,Universidad Tecnica Federico Santa Maria,2023,2019-2023,publicaciones_openalex_book,6,trabajos,Trabajos de tipo «book»,"https://api.openalex.org/works?filter=institutions.id:I75778554,publication_year:2019-2023",2026-09-25T22:38:18+00:00,api
openalex,Universidad Tecnica Federico Santa Maria,2023,2019-2023,publicaciones_openalex_book-chapter,99,trabajos,Trabajos de tipo «book-chapter»,"https://api.openalex.org/works?filter=institutions.id:I75778554,publication_year:2019-2023",2026-09-25T22:38:18+00:00,api
openalex,Universidad Tecnica Federico Santa Maria,2023,2019-2023,publicaciones_openalex_book-review,1,trabajos,Trabajos de tipo «book-review»,"https://api.openalex.org/works?filter=institutions.id:I75778554,publication_year:2019-2023",2026-09-25T22:38:18+00:00,api
openalex,Universidad Tecnica Federico Santa Maria,2023,2019-2023,publicaciones_openalex_conference-abstract,20,trabajos,Trabajos de tipo «conference-abstract»,"https://api.openalex.org/works?filter=institutions.id:I75778554,publication_year:2019-2023",2026-09-25T22:38:18+00:00,api
openalex,Universidad Tecnica Federico Santa Maria,2023,2019-2023,publicaciones_openalex_conference-paper,686,trabajos,Trabajos de tipo «conference-paper»,"https://api.openalex.org/works?filter=institutions.id:I75778554,publication_year:2019-2023",2026-09-25T22:38:18+00:00,api
openalex,Universidad Tecnica Federico Santa Maria,2023,2019-2023,publicaciones_openalex_data-paper,2,trabajos,Trabajos de tipo «data-paper»,"https://api.openalex.org/works?filter=institutions.id:I75778554,publication_year:2019-2023",2026-09-25T22:38:18+00:00,api
openalex,Universidad Tecnica Federico Santa Maria,2023,2019-2023,publicaciones_openalex_dataset,28,trabajos,Trabajos de tipo «dataset»,"https://api.openalex.org/works?filter=institutions.id:I75778554,publication_year:2019-2023",2026-09-25T22:38:18+00:00,api
openalex,Universidad Tecnica Federico Santa Maria,2023,2019-2023,publicaciones_openalex_dissertation,1,trabajos,Trabajos de tipo «dissertation»,"https://api.openalex.org/works?filter=institutions.id:I75778554,publication_year:2019-2023",2026-09-25T22:38:18+00:00,api
openalex,Universidad Tecnica Federico Santa Maria,2023,2019-2023,publicaciones_openalex_editorial,12,trabajos,Trabajos de tipo «editorial»,"https://api.openalex.org/works?filter=institutions.id:I75778554,publication_year:2019-2023",2026-09-25T22:38:18+00:00,api
openalex,Universidad Tecnica Federico Santa Maria,2023,2019-2023,publicaciones_openalex_erratum,33,trabajos,Trabajos de tipo «erratum»,"https://api.openalex.org/works?filter=institutions.id:I75778554,publication_year:2019-2023",2026-09-25T22:38:18+00:00,api
openalex,Universidad Tecnica Federico Santa Maria,2023,2019-2023,publicaciones_openalex_letter,1,trabajos,Trabajos de tipo «letter»,"https://api.openalex.org/works?filter=institutions.id:I75778554,publication_year:2019-2023",2026-09-25T22:38:18+00:00,api
openalex,Universidad Tecnica Federico Santa Maria,2023,2019-2023,publicaciones_openalex_other,2,trabajos,Trabajos de tipo «other»,"https://api.openalex.org/works?filter=institutions.id:I75778554,publication_year:2019-2023",2026-09-25T22:38:18+00:00,api
openalex,Universidad Tecnica Federico Santa Maria,2023,2019-2023,publicaciones_openalex_paratext,6,trabajos,Trabajos de tipo «paratext»,"https://api.openalex.org/works?filter=institutions.id:I75778554,publication_year:2019-2023",2026-09-25T22:38:18+00:00,api
openalex,Universidad Tecnica Federico Santa Maria,2023,2019-2023,publicaciones_openalex_peer-review,32,trabajos,Trabajos de tipo «peer-review»,"https://api.openalex.org/works?filter=institutions.id:I75778554,publication_year:2019-2023",2026-09-25T22:38:18+00:00,api
openalex,Universidad Tecnica Federico Santa Maria,2023,2019-2023,publicaciones_openalex_preprint,168,trabajos,Trabajos de tipo «preprint»,"https://api.openalex.org/works?filter=institutions.id:I75778554,publication_year:2019-2023",2026-09-25T22:38:18+00:00,api
openalex,Universidad Tecnica Federico Santa Maria,2023,2019-2023,publicaciones_openalex_reference-entry,12,trabajos,Trabajos de tipo «reference-entry»,"https://api.openalex.org/works?filter=institutions.id:I75778554,publication_year:2019-2023",2026-09-25T22:38:18+00:00,api
openalex,Universidad Tecnica Federico Santa Maria,2023,2019-2023,publicaciones_openalex_report,4,trabajos,Trabajos de tipo «report»,"https://api.openalex.org/works?filter=institutions.id:I75778554,publication_year:2019-2023",2026-09-25T22:38:18+00:00,api
openalex,Universidad Tecnica Federico Santa Maria,2023,2019-2023,publicaciones_openalex_review,10,trabajos,Trabajos de tipo «review»,"https://api.openalex.org/works?filter=institutions.id:I75778554,publication_year:2019-2023",2026-09-25T22:38:18+00:00,api
openalex,Universidad Tecnica Federico Santa Maria,2023,2019-2023,publicaciones_openalex_software-paper,2,trabajos,Trabajos de tipo «software-paper»,"https://api.openalex.org/works?filter=institutions.id:I75778554,publication_year:2019-2023",2026-09-25T22:38:18+00:00,api
openalex,Universidad Tecnica Federico Santa Maria,2023,2019-2023,citas_openalex,79241,citas,Citas recibidas por los trabajos de la ventana (histograma sobre 4273 de 4283),"https://api.openalex.org/works?filter=institutions.id:I75778554,publication_year:2019-2023",2026-09-25T22:38:18+00:00,api
openalex,Universidad Tecnica Federico Santa Maria,2023,2019-2023,citas_por_documento_openalex,18.545,citas por documento,"Citas por trabajo, sobre los trabajos del histograma","https://api.openalex.org/works?filter=institutions.id:I75778554,publication_year:2019-2023",2026-09-25T22:38:18+00:00,api
openalex,Universidad Tecnica Federico Santa Maria,2023,2019-2023,pct_colaboracion_internacional,68.43,%,Trabajos con coautor de una institución de otro país,"https://api.openalex.org/works?filter=institutions.id:I75778554,publication_year:2019-2023",2026-09-25T22:38:18+00:00,api
openalex,Universidad Tecnica Federico Santa Maria,2024,2020-2024,publicaciones_openalex,4338,trabajos,Trabajos con al menos un autor de la institución,"https://api.openalex.org/works?filter=institutions.id:I75778554,publication_year:2020-2024",2026-09-25T22:38:18+00:00,api
openalex,Universidad Tecnica Federico Santa Maria,2024,2020-2024,publicaciones_openalex_article,3183,trabajos,Trabajos de tipo «article»,"https://api.openalex.org/works?filter=institutions.id:I75778554,publication_year:2020-2024",2026-09-25T22:38:18+00:00,api
openalex,Universidad Tecnica Federico Santa Maria,2024,2020-2024,publicaciones_openalex_book,6,trabajos,Trabajos de tipo «book»,"https://api.openalex.org/works?filter=institutions.id:I75778554,publication_year:2020-2024",2026-09-25T22:38:18+00:00,api
openalex,Universidad Tecnica Federico Santa Maria,2024,2020-2024,publicaciones_openalex_book-chapter,91,trabajos,Trabajos de tipo «book-chapter»,"https://api.openalex.org/works?filter=institutions.id:I75778554,publication_year:2020-2024",2026-09-25T22:38:18+00:00,api
openalex,Universidad Tecnica Federico Santa Maria,2024,2020-2024,publicaciones_openalex_book-review,1,trabajos,Trabajos de tipo «book-review»,"https://api.openalex.org/works?filter=institutions.id:I75778554,publication_year:2020-2024",2026-09-25T22:38:18+00:00,api
openalex,Universidad Tecnica Federico Santa Maria,2024,2020-2024,publicaciones_openalex_conference-abstract,27,trabajos,Trabajos de tipo «conference-abstract»,"https://api.openalex.org/works?filter=institutions.id:I75778554,publication_year:2020-2024",2026-09-25T22:38:18+00:00,api
openalex,Universidad Tecnica Federico Santa Maria,2024,2020-2024,publicaciones_openalex_conference-paper,673,trabajos,Trabajos de tipo «conference-paper»,"https://api.openalex.org/works?filter=institutions.id:I75778554,publication_year:2020-2024",2026-09-25T22:38:18+00:00,api
openalex,Universidad Tecnica Federico Santa Maria,2024,2020-2024,publicaciones_openalex_data-paper,2,trabajos,Trabajos de tipo «data-paper»,"https://api.openalex.org/works?filter=institutions.id:I75778554,publication_year:2020-2024",2026-09-25T22:38:18+00:00,api
openalex,Universidad Tecnica Federico Santa Maria,2024,2020-2024,publicaciones_openalex_dataset,24,trabajos,Trabajos de tipo «dataset»,"https://api.openalex.org/works?filter=institutions.id:I75778554,publication_year:2020-2024",2026-09-25T22:38:18+00:00,api
openalex,Universidad Tecnica Federico Santa Maria,2024,2020-2024,publicaciones_openalex_dissertation,1,trabajos,Trabajos de tipo «dissertation»,"https://api.openalex.org/works?filter=institutions.id:I75778554,publication_year:2020-2024",2026-09-25T22:38:18+00:00,api
openalex,Universidad Tecnica Federico Santa Maria,2024,2020-2024,publicaciones_openalex_editorial,12,trabajos,Trabajos de tipo «editorial»,"https://api.openalex.org/works?filter=institutions.id:I75778554,publication_year:2020-2024",2026-09-25T22:38:18+00:00,api
openalex,Universidad Tecnica Federico Santa Maria,2024,2020-2024,publicaciones_openalex_erratum,35,trabajos,Trabajos de tipo «erratum»,"https://api.openalex.org/works?filter=institutions.id:I75778554,publication_year:2020-2024",2026-09-25T22:38:18+00:00,api
openalex,Universidad Tecnica Federico Santa Maria,2024,2020-2024,publicaciones_openalex_other,2,trabajos,Trabajos de tipo «other»,"https://api.openalex.org/works?filter=institutions.id:I75778554,publication_year:2020-2024",2026-09-25T22:38:18+00:00,api
openalex,Universidad Tecnica Federico Santa Maria,2024,2020-2024,publicaciones_openalex_paratext,5,trabajos,Trabajos de tipo «paratext»,"https://api.openalex.org/works?filter=institutions.id:I75778554,publication_year:2020-2024",2026-09-25T22:38:18+00:00,api
openalex,Universidad Tecnica Federico Santa Maria,2024,2020-2024,publicaciones_openalex_peer-review,36,trabajos,Trabajos de tipo «peer-review»,"https://api.openalex.org/works?filter=institutions.id:I75778554,publication_year:2020-2024",2026-09-25T22:38:18+00:00,api
openalex,Universidad Tecnica Federico Santa Maria,2024,2020-2024,publicaciones_openalex_preprint,207,trabajos,Trabajos de tipo «preprint»,"https://api.openalex.org/works?filter=institutions.id:I75778554,publication_year:2020-2024",2026-09-25T22:38:18+00:00,api
openalex,Universidad Tecnica Federico Santa Maria,2024,2020-2024,publicaciones_openalex_reference-entry,13,trabajos,Trabajos de tipo «reference-entry»,"https://api.openalex.org/works?filter=institutions.id:I75778554,publication_year:2020-2024",2026-09-25T22:38:18+00:00,api
openalex,Universidad Tecnica Federico Santa Maria,2024,2020-2024,publicaciones_openalex_report,4,trabajos,Trabajos de tipo «report»,"https://api.openalex.org/works?filter=institutions.id:I75778554,publication_year:2020-2024",2026-09-25T22:38:18+00:00,api
openalex,Universidad Tecnica Federico Santa Maria,2024,2020-2024,publicaciones_openalex_review,13,trabajos,Trabajos de tipo «review»,"https://api.openalex.org/works?filter=institutions.id:I75778554,publication_year:2020-2024",2026-09-25T22:38:18+00:00,api
openalex,Universidad Tecnica Federico Santa Maria,2024,2020-2024,publicaciones_openalex_software-paper,3,trabajos,Trabajos de tipo «software-paper»,"https://api.openalex.org/works?filter=institutions.id:I75778554,publication_year:2020-2024",2026-09-25T22:38:18+00:00,api
openalex,Universidad Tecnica Federico Santa Maria,2024,2020-2024,citas_openalex,65762,citas,Citas recibidas por los trabajos de la ventana (histograma sobre 4330 de 4338),"https://api.openalex.org/works?filter=institutions.id:I75778554,publication_year:2020-2024",2026-09-25T22:38:18+00:00,api
openalex,Universidad Tecnica Federico Santa Maria,2024,2020-2024,citas_por_documento_openalex,15.188,citas por documento,"Citas por trabajo, sobre los trabajos del histograma","https://api.openalex.org/works?filter=institutions.id:I75778554,publication_year:2020-2024",2026-09-25T22:38:18+00:00,api
openalex,Universidad Tecnica Federico Santa Maria,2024,2020-2024,pct_colaboracion_internacional,68.14,%,Trabajos con coautor de una institución de otro país,"https://api.openalex.org/works?filter=institutions.id:I75778554,publication_year:2020-2024",2026-09-25T22:38:18+00:00,api
openalex,Universidad Tecnica Federico Santa Maria,2024,2020-2024,socios_recurrentes,199,instituciones,Instituciones con 3 o más trabajos conjuntos,https://api.openalex.org/works,2026-09-25T22:38:18+00:00,api
openalex,Universidad Tecnica Federico Santa Maria,2024,2020-2024,socios_recurrentes_paises,199,países,Países distintos entre los socios recurrentes,https://api.openalex.org/works,2026-09-25T22:38:18+00:00,api
openalex,Universidad Tecnologica Metropolitana,2022,2018-2022,publicaciones_openalex,1063,trabajos,Trabajos con al menos un autor de la institución,"https://api.openalex.org/works?filter=institutions.id:I4210144223,publication_year:2018-2022",2026-09-25T22:38:18+00:00,api
openalex,Universidad Tecnologica Metropolitana,2022,2018-2022,publicaciones_openalex_article,840,trabajos,Trabajos de tipo «article»,"https://api.openalex.org/works?filter=institutions.id:I4210144223,publication_year:2018-2022",2026-09-25T22:38:18+00:00,api
openalex,Universidad Tecnologica Metropolitana,2022,2018-2022,publicaciones_openalex_book,2,trabajos,Trabajos de tipo «book»,"https://api.openalex.org/works?filter=institutions.id:I4210144223,publication_year:2018-2022",2026-09-25T22:38:18+00:00,api
openalex,Universidad Tecnologica Metropolitana,2022,2018-2022,publicaciones_openalex_book-chapter,36,trabajos,Trabajos de tipo «book-chapter»,"https://api.openalex.org/works?filter=institutions.id:I4210144223,publication_year:2018-2022",2026-09-25T22:38:18+00:00,api
openalex,Universidad Tecnologica Metropolitana,2022,2018-2022,publicaciones_openalex_conference-abstract,2,trabajos,Trabajos de tipo «conference-abstract»,"https://api.openalex.org/works?filter=institutions.id:I4210144223,publication_year:2018-2022",2026-09-25T22:38:18+00:00,api
openalex,Universidad Tecnologica Metropolitana,2022,2018-2022,publicaciones_openalex_conference-paper,116,trabajos,Trabajos de tipo «conference-paper»,"https://api.openalex.org/works?filter=institutions.id:I4210144223,publication_year:2018-2022",2026-09-25T22:38:18+00:00,api
openalex,Universidad Tecnologica Metropolitana,2022,2018-2022,publicaciones_openalex_data-paper,1,trabajos,Trabajos de tipo «data-paper»,"https://api.openalex.org/works?filter=institutions.id:I4210144223,publication_year:2018-2022",2026-09-25T22:38:18+00:00,api
openalex,Universidad Tecnologica Metropolitana,2022,2018-2022,publicaciones_openalex_dataset,10,trabajos,Trabajos de tipo «dataset»,"https://api.openalex.org/works?filter=institutions.id:I4210144223,publication_year:2018-2022",2026-09-25T22:38:18+00:00,api
openalex,Universidad Tecnologica Metropolitana,2022,2018-2022,publicaciones_openalex_editorial,3,trabajos,Trabajos de tipo «editorial»,"https://api.openalex.org/works?filter=institutions.id:I4210144223,publication_year:2018-2022",2026-09-25T22:38:18+00:00,api
openalex,Universidad Tecnologica Metropolitana,2022,2018-2022,publicaciones_openalex_erratum,4,trabajos,Trabajos de tipo «erratum»,"https://api.openalex.org/works?filter=institutions.id:I4210144223,publication_year:2018-2022",2026-09-25T22:38:18+00:00,api
openalex,Universidad Tecnologica Metropolitana,2022,2018-2022,publicaciones_openalex_other,5,trabajos,Trabajos de tipo «other»,"https://api.openalex.org/works?filter=institutions.id:I4210144223,publication_year:2018-2022",2026-09-25T22:38:18+00:00,api
openalex,Universidad Tecnologica Metropolitana,2022,2018-2022,publicaciones_openalex_paratext,2,trabajos,Trabajos de tipo «paratext»,"https://api.openalex.org/works?filter=institutions.id:I4210144223,publication_year:2018-2022",2026-09-25T22:38:18+00:00,api
openalex,Universidad Tecnologica Metropolitana,2022,2018-2022,publicaciones_openalex_peer-review,3,trabajos,Trabajos de tipo «peer-review»,"https://api.openalex.org/works?filter=institutions.id:I4210144223,publication_year:2018-2022",2026-09-25T22:38:18+00:00,api
openalex,Universidad Tecnologica Metropolitana,2022,2018-2022,publicaciones_openalex_preprint,35,trabajos,Trabajos de tipo «preprint»,"https://api.openalex.org/works?filter=institutions.id:I4210144223,publication_year:2018-2022",2026-09-25T22:38:18+00:00,api
openalex,Universidad Tecnologica Metropolitana,2022,2018-2022,publicaciones_openalex_reference-entry,2,trabajos,Trabajos de tipo «reference-entry»,"https://api.openalex.org/works?filter=institutions.id:I4210144223,publication_year:2018-2022",2026-09-25T22:38:18+00:00,api
openalex,Universidad Tecnologica Metropolitana,2022,2018-2022,publicaciones_openalex_report,1,trabajos,Trabajos de tipo «report»,"https://api.openalex.org/works?filter=institutions.id:I4210144223,publication_year:2018-2022",2026-09-25T22:38:18+00:00,api
openalex,Universidad Tecnologica Metropolitana,2022,2018-2022,publicaciones_openalex_review,1,trabajos,Trabajos de tipo «review»,"https://api.openalex.org/works?filter=institutions.id:I4210144223,publication_year:2018-2022",2026-09-25T22:38:18+00:00,api
openalex,Universidad Tecnologica Metropolitana,2022,2018-2022,citas_openalex,15850,citas,Citas recibidas por los trabajos de la ventana (histograma sobre 1063 de 1063),"https://api.openalex.org/works?filter=institutions.id:I4210144223,publication_year:2018-2022",2026-09-25T22:38:18+00:00,api
openalex,Universidad Tecnologica Metropolitana,2022,2018-2022,citas_por_documento_openalex,14.911,citas por documento,"Citas por trabajo, sobre los trabajos del histograma","https://api.openalex.org/works?filter=institutions.id:I4210144223,publication_year:2018-2022",2026-09-25T22:38:18+00:00,api
openalex,Universidad Tecnologica Metropolitana,2022,2018-2022,pct_colaboracion_internacional,48.45,%,Trabajos con coautor de una institución de otro país,"https://api.openalex.org/works?filter=institutions.id:I4210144223,publication_year:2018-2022",2026-09-25T22:38:18+00:00,api
openalex,Universidad Tecnologica Metropolitana,2023,2019-2023,publicaciones_openalex,1227,trabajos,Trabajos con al menos un autor de la institución,"https://api.openalex.org/works?filter=institutions.id:I4210144223,publication_year:2019-2023",2026-09-25T22:38:18+00:00,api
openalex,Universidad Tecnologica Metropolitana,2023,2019-2023,publicaciones_openalex_article,958,trabajos,Trabajos de tipo «article»,"https://api.openalex.org/works?filter=institutions.id:I4210144223,publication_year:2019-2023",2026-09-25T22:38:18+00:00,api
openalex,Universidad Tecnologica Metropolitana,2023,2019-2023,publicaciones_openalex_book,10,trabajos,Trabajos de tipo «book»,"https://api.openalex.org/works?filter=institutions.id:I4210144223,publication_year:2019-2023",2026-09-25T22:38:18+00:00,api
openalex,Universidad Tecnologica Metropolitana,2023,2019-2023,publicaciones_openalex_book-chapter,52,trabajos,Trabajos de tipo «book-chapter»,"https://api.openalex.org/works?filter=institutions.id:I4210144223,publication_year:2019-2023",2026-09-25T22:38:18+00:00,api
openalex,Universidad Tecnologica Metropolitana,2023,2019-2023,publicaciones_openalex_conference-abstract,2,trabajos,Trabajos de tipo «conference-abstract»,"https://api.openalex.org/works?filter=institutions.id:I4210144223,publication_year:2019-2023",2026-09-25T22:38:18+00:00,api
openalex,Universidad Tecnologica Metropolitana,2023,2019-2023,publicaciones_openalex_conference-paper,126,trabajos,Trabajos de tipo «conference-paper»,"https://api.openalex.org/works?filter=institutions.id:I4210144223,publication_year:2019-2023",2026-09-25T22:38:18+00:00,api
openalex,Universidad Tecnologica Metropolitana,2023,2019-2023,publicaciones_openalex_data-paper,1,trabajos,Trabajos de tipo «data-paper»,"https://api.openalex.org/works?filter=institutions.id:I4210144223,publication_year:2019-2023",2026-09-25T22:38:18+00:00,api
openalex,Universidad Tecnologica Metropolitana,2023,2019-2023,publicaciones_openalex_dataset,10,trabajos,Trabajos de tipo «dataset»,"https://api.openalex.org/works?filter=institutions.id:I4210144223,publication_year:2019-2023",2026-09-25T22:38:18+00:00,api
openalex,Universidad Tecnologica Metropolitana,2023,2019-2023,publicaciones_openalex_editorial,3,trabajos,Trabajos de tipo «editorial»,"https://api.openalex.org/works?filter=institutions.id:I4210144223,publication_year:2019-2023",2026-09-25T22:38:18+00:00,api
openalex,Universidad Tecnologica Metropolitana,2023,2019-2023,publicaciones_openalex_erratum,8,trabajos,Trabajos de tipo «erratum»,"https://api.openalex.org/works?filter=institutions.id:I4210144223,publication_year:2019-2023",2026-09-25T22:38:18+00:00,api
openalex,Universidad Tecnologica Metropolitana,2023,2019-2023,publicaciones_openalex_other,6,trabajos,Trabajos de tipo «other»,"https://api.openalex.org/works?filter=institutions.id:I4210144223,publication_year:2019-2023",2026-09-25T22:38:18+00:00,api
openalex,Universidad Tecnologica Metropolitana,2023,2019-2023,publicaciones_openalex_paratext,3,trabajos,Trabajos de tipo «paratext»,"https://api.openalex.org/works?filter=institutions.id:I4210144223,publication_year:2019-2023",2026-09-25T22:38:18+00:00,api
openalex,Universidad Tecnologica Metropolitana,2023,2019-2023,publicaciones_openalex_peer-review,3,trabajos,Trabajos de tipo «peer-review»,"https://api.openalex.org/works?filter=institutions.id:I4210144223,publication_year:2019-2023",2026-09-25T22:38:18+00:00,api
openalex,Universidad Tecnologica Metropolitana,2023,2019-2023,publicaciones_openalex_preprint,41,trabajos,Trabajos de tipo «preprint»,"https://api.openalex.org/works?filter=institutions.id:I4210144223,publication_year:2019-2023",2026-09-25T22:38:18+00:00,api
openalex,Universidad Tecnologica Metropolitana,2023,2019-2023,publicaciones_openalex_reference-entry,2,trabajos,Trabajos de tipo «reference-entry»,"https://api.openalex.org/works?filter=institutions.id:I4210144223,publication_year:2019-2023",2026-09-25T22:38:18+00:00,api
openalex,Universidad Tecnologica Metropolitana,2023,2019-2023,publicaciones_openalex_report,1,trabajos,Trabajos de tipo «report»,"https://api.openalex.org/works?filter=institutions.id:I4210144223,publication_year:2019-2023",2026-09-25T22:38:18+00:00,api
openalex,Universidad Tecnologica Metropolitana,2023,2019-2023,publicaciones_openalex_review,1,trabajos,Trabajos de tipo «review»,"https://api.openalex.org/works?filter=institutions.id:I4210144223,publication_year:2019-2023",2026-09-25T22:38:18+00:00,api
openalex,Universidad Tecnologica Metropolitana,2023,2019-2023,citas_openalex,16144,citas,Citas recibidas por los trabajos de la ventana (histograma sobre 1227 de 1227),"https://api.openalex.org/works?filter=institutions.id:I4210144223,publication_year:2019-2023",2026-09-25T22:38:18+00:00,api
openalex,Universidad Tecnologica Metropolitana,2023,2019-2023,citas_por_documento_openalex,13.157,citas por documento,"Citas por trabajo, sobre los trabajos del histograma","https://api.openalex.org/works?filter=institutions.id:I4210144223,publication_year:2019-2023",2026-09-25T22:38:18+00:00,api
openalex,Universidad Tecnologica Metropolitana,2023,2019-2023,pct_colaboracion_internacional,50.45,%,Trabajos con coautor de una institución de otro país,"https://api.openalex.org/works?filter=institutions.id:I4210144223,publication_year:2019-2023",2026-09-25T22:38:18+00:00,api
openalex,Universidad Tecnologica Metropolitana,2024,2020-2024,publicaciones_openalex,1533,trabajos,Trabajos con al menos un autor de la institución,"https://api.openalex.org/works?filter=institutions.id:I4210144223,publication_year:2020-2024",2026-09-25T22:38:18+00:00,api
openalex,Universidad Tecnologica Metropolitana,2024,2020-2024,publicaciones_openalex_article,1234,trabajos,Trabajos de tipo «article»,"https://api.openalex.org/works?filter=institutions.id:I4210144223,publication_year:2020-2024",2026-09-25T22:38:18+00:00,api
openalex,Universidad Tecnologica Metropolitana,2024,2020-2024,publicaciones_openalex_book,10,trabajos,Trabajos de tipo «book»,"https://api.openalex.org/works?filter=institutions.id:I4210144223,publication_year:2020-2024",2026-09-25T22:38:18+00:00,api
openalex,Universidad Tecnologica Metropolitana,2024,2020-2024,publicaciones_openalex_book-chapter,52,trabajos,Trabajos de tipo «book-chapter»,"https://api.openalex.org/works?filter=institutions.id:I4210144223,publication_year:2020-2024",2026-09-25T22:38:18+00:00,api
openalex,Universidad Tecnologica Metropolitana,2024,2020-2024,publicaciones_openalex_conference-abstract,3,trabajos,Trabajos de tipo «conference-abstract»,"https://api.openalex.org/works?filter=institutions.id:I4210144223,publication_year:2020-2024",2026-09-25T22:38:18+00:00,api
openalex,Universidad Tecnologica Metropolitana,2024,2020-2024,publicaciones_openalex_conference-paper,120,trabajos,Trabajos de tipo «conference-paper»,"https://api.openalex.org/works?filter=institutions.id:I4210144223,publication_year:2020-2024",2026-09-25T22:38:18+00:00,api
openalex,Universidad Tecnologica Metropolitana,2024,2020-2024,publicaciones_openalex_data-paper,1,trabajos,Trabajos de tipo «data-paper»,"https://api.openalex.org/works?filter=institutions.id:I4210144223,publication_year:2020-2024",2026-09-25T22:38:18+00:00,api
openalex,Universidad Tecnologica Metropolitana,2024,2020-2024,publicaciones_openalex_dataset,10,trabajos,Trabajos de tipo «dataset»,"https://api.openalex.org/works?filter=institutions.id:I4210144223,publication_year:2020-2024",2026-09-25T22:38:18+00:00,api
openalex,Universidad Tecnologica Metropolitana,2024,2020-2024,publicaciones_openalex_editorial,3,trabajos,Trabajos de tipo «editorial»,"https://api.openalex.org/works?filter=institutions.id:I4210144223,publication_year:2020-2024",2026-09-25T22:38:18+00:00,api
openalex,Universidad Tecnologica Metropolitana,2024,2020-2024,publicaciones_openalex_erratum,11,trabajos,Trabajos de tipo «erratum»,"https://api.openalex.org/works?filter=institutions.id:I4210144223,publication_year:2020-2024",2026-09-25T22:38:18+00:00,api
openalex,Universidad Tecnologica Metropolitana,2024,2020-2024,publicaciones_openalex_other,7,trabajos,Trabajos de tipo «other»,"https://api.openalex.org/works?filter=institutions.id:I4210144223,publication_year:2020-2024",2026-09-25T22:38:18+00:00,api
openalex,Universidad Tecnologica Metropolitana,2024,2020-2024,publicaciones_openalex_paratext,3,trabajos,Trabajos de tipo «paratext»,"https://api.openalex.org/works?filter=institutions.id:I4210144223,publication_year:2020-2024",2026-09-25T22:38:18+00:00,api
openalex,Universidad Tecnologica Metropolitana,2024,2020-2024,publicaciones_openalex_peer-review,4,trabajos,Trabajos de tipo «peer-review»,"https://api.openalex.org/works?filter=institutions.id:I4210144223,publication_year:2020-2024",2026-09-25T22:38:18+00:00,api
openalex,Universidad Tecnologica Metropolitana,2024,2020-2024,publicaciones_openalex_preprint,68,trabajos,Trabajos de tipo «preprint»,"https://api.openalex.org/works?filter=institutions.id:I4210144223,publication_year:2020-2024",2026-09-25T22:38:18+00:00,api
openalex,Universidad Tecnologica Metropolitana,2024,2020-2024,publicaciones_openalex_reference-entry,1,trabajos,Trabajos de tipo «reference-entry»,"https://api.openalex.org/works?filter=institutions.id:I4210144223,publication_year:2020-2024",2026-09-25T22:38:18+00:00,api
openalex,Universidad Tecnologica Metropolitana,2024,2020-2024,publicaciones_openalex_report,3,trabajos,Trabajos de tipo «report»,"https://api.openalex.org/works?filter=institutions.id:I4210144223,publication_year:2020-2024",2026-09-25T22:38:18+00:00,api
openalex,Universidad Tecnologica Metropolitana,2024,2020-2024,publicaciones_openalex_review,2,trabajos,Trabajos de tipo «review»,"https://api.openalex.org/works?filter=institutions.id:I4210144223,publication_year:2020-2024",2026-09-25T22:38:18+00:00,api
openalex,Universidad Tecnologica Metropolitana,2024,2020-2024,publicaciones_openalex_software-paper,1,trabajos,Trabajos de tipo «software-paper»,"https://api.openalex.org/works?filter=institutions.id:I4210144223,publication_year:2020-2024",2026-09-25T22:38:18+00:00,api
openalex,Universidad Tecnologica Metropolitana,2024,2020-2024,citas_openalex,17503,citas,Citas recibidas por los trabajos de la ventana (histograma sobre 1533 de 1533),"https://api.openalex.org/works?filter=institutions.id:I4210144223,publication_year:2020-2024",2026-09-25T22:38:18+00:00,api
openalex,Universidad Tecnologica Metropolitana,2024,2020-2024,citas_por_documento_openalex,11.417,citas por documento,"Citas por trabajo, sobre los trabajos del histograma","https://api.openalex.org/works?filter=institutions.id:I4210144223,publication_year:2020-2024",2026-09-25T22:38:18+00:00,api
openalex,Universidad Tecnologica Metropolitana,2024,2020-2024,pct_colaboracion_internacional,55.32,%,Trabajos con coautor de una institución de otro país,"https://api.openalex.org/works?filter=institutions.id:I4210144223,publication_year:2020-2024",2026-09-25T22:38:18+00:00,api
openalex,Universidad Tecnologica Metropolitana,2024,2020-2024,socios_recurrentes,199,instituciones,Instituciones con 3 o más trabajos conjuntos,https://api.openalex.org/works,2026-09-25T22:38:18+00:00,api
openalex,Universidad Tecnologica Metropolitana,2024,2020-2024,socios_recurrentes_paises,197,países,Países distintos entre los socios recurrentes,https://api.openalex.org/works,2026-09-25T22:38:18+00:00,api
openalex,Universidad Tecnologica de Chile,2022,2018-2022,publicaciones_openalex,221,trabajos,Trabajos con al menos un autor de la institución,"https://api.openalex.org/works?filter=institutions.id:I4405254948,publication_year:2018-2022",2026-09-25T22:38:18+00:00,api
openalex,Universidad Tecnologica de Chile,2022,2018-2022,publicaciones_openalex_article,178,trabajos,Trabajos de tipo «article»,"https://api.openalex.org/works?filter=institutions.id:I4405254948,publication_year:2018-2022",2026-09-25T22:38:18+00:00,api
openalex,Universidad Tecnologica de Chile,2022,2018-2022,publicaciones_openalex_book-chapter,5,trabajos,Trabajos de tipo «book-chapter»,"https://api.openalex.org/works?filter=institutions.id:I4405254948,publication_year:2018-2022",2026-09-25T22:38:18+00:00,api
openalex,Universidad Tecnologica de Chile,2022,2018-2022,publicaciones_openalex_conference-paper,32,trabajos,Trabajos de tipo «conference-paper»,"https://api.openalex.org/works?filter=institutions.id:I4405254948,publication_year:2018-2022",2026-09-25T22:38:18+00:00,api
openalex,Universidad Tecnologica de Chile,2022,2018-2022,publicaciones_openalex_dataset,2,trabajos,Trabajos de tipo «dataset»,"https://api.openalex.org/works?filter=institutions.id:I4405254948,publication_year:2018-2022",2026-09-25T22:38:18+00:00,api
openalex,Universidad Tecnologica de Chile,2022,2018-2022,publicaciones_openalex_editorial,1,trabajos,Trabajos de tipo «editorial»,"https://api.openalex.org/works?filter=institutions.id:I4405254948,publication_year:2018-2022",2026-09-25T22:38:18+00:00,api
openalex,Universidad Tecnologica de Chile,2022,2018-2022,publicaciones_openalex_erratum,1,trabajos,Trabajos de tipo «erratum»,"https://api.openalex.org/works?filter=institutions.id:I4405254948,publication_year:2018-2022",2026-09-25T22:38:18+00:00,api
openalex,Universidad Tecnologica de Chile,2022,2018-2022,publicaciones_openalex_preprint,2,trabajos,Trabajos de tipo «preprint»,"https://api.openalex.org/works?filter=institutions.id:I4405254948,publication_year:2018-2022",2026-09-25T22:38:18+00:00,api
openalex,Universidad Tecnologica de Chile,2022,2018-2022,citas_openalex,2527,citas,Citas recibidas por los trabajos de la ventana (histograma sobre 221 de 221),"https://api.openalex.org/works?filter=institutions.id:I4405254948,publication_year:2018-2022",2026-09-25T22:38:18+00:00,api
openalex,Universidad Tecnologica de Chile,2022,2018-2022,citas_por_documento_openalex,11.434,citas por documento,"Citas por trabajo, sobre los trabajos del histograma","https://api.openalex.org/works?filter=institutions.id:I4405254948,publication_year:2018-2022",2026-09-25T22:38:18+00:00,api
openalex,Universidad Tecnologica de Chile,2022,2018-2022,pct_colaboracion_internacional,42.08,%,Trabajos con coautor de una institución de otro país,"https://api.openalex.org/works?filter=institutions.id:I4405254948,publication_year:2018-2022",2026-09-25T22:38:18+00:00,api
openalex,Universidad Tecnologica de Chile,2023,2019-2023,publicaciones_openalex,160,trabajos,Trabajos con al menos un autor de la institución,"https://api.openalex.org/works?filter=institutions.id:I4405254948,publication_year:2019-2023",2026-09-25T22:38:18+00:00,api
openalex,Universidad Tecnologica de Chile,2023,2019-2023,publicaciones_openalex_article,131,trabajos,Trabajos de tipo «article»,"https://api.openalex.org/works?filter=institutions.id:I4405254948,publication_year:2019-2023",2026-09-25T22:38:18+00:00,api
openalex,Universidad Tecnologica de Chile,2023,2019-2023,publicaciones_openalex_book-chapter,4,trabajos,Trabajos de tipo «book-chapter»,"https://api.openalex.org/works?filter=institutions.id:I4405254948,publication_year:2019-2023",2026-09-25T22:38:18+00:00,api
openalex,Universidad Tecnologica de Chile,2023,2019-2023,publicaciones_openalex_conference-paper,19,trabajos,Trabajos de tipo «conference-paper»,"https://api.openalex.org/works?filter=institutions.id:I4405254948,publication_year:2019-2023",2026-09-25T22:38:18+00:00,api
openalex,Universidad Tecnologica de Chile,2023,2019-2023,publicaciones_openalex_dataset,2,trabajos,Trabajos de tipo «dataset»,"https://api.openalex.org/works?filter=institutions.id:I4405254948,publication_year:2019-2023",2026-09-25T22:38:18+00:00,api
openalex,Universidad Tecnologica de Chile,2023,2019-2023,publicaciones_openalex_editorial,1,trabajos,Trabajos de tipo «editorial»,"https://api.openalex.org/works?filter=institutions.id:I4405254948,publication_year:2019-2023",2026-09-25T22:38:18+00:00,api
openalex,Universidad Tecnologica de Chile,2023,2019-2023,publicaciones_openalex_erratum,1,trabajos,Trabajos de tipo «erratum»,"https://api.openalex.org/works?filter=institutions.id:I4405254948,publication_year:2019-2023",2026-09-25T22:38:18+00:00,api
openalex,Universidad Tecnologica de Chile,2023,2019-2023,publicaciones_openalex_preprint,2,trabajos,Trabajos de tipo «preprint»,"https://api.openalex.org/works?filter=institutions.id:I4405254948,publication_year:2019-2023",2026-09-25T22:38:18+00:00,api
openalex,Universidad Tecnologica de Chile,2023,2019-2023,citas_openalex,1449,citas,Citas recibidas por los trabajos de la ventana (histograma sobre 160 de 160),"https://api.openalex.org/works?filter=institutions.id:I4405254948,publication_year:2019-2023",2026-09-25T22:38:18+00:00,api
openalex,Universidad Tecnologica de Chile,2023,2019-2023,citas_por_documento_openalex,9.056,citas por documento,"Citas por trabajo, sobre los trabajos del histograma","https://api.openalex.org/works?filter=institutions.id:I4405254948,publication_year:2019-2023",2026-09-25T22:38:18+00:00,api
openalex,Universidad Tecnologica de Chile,2023,2019-2023,pct_colaboracion_internacional,37.5,%,Trabajos con coautor de una institución de otro país,"https://api.openalex.org/works?filter=institutions.id:I4405254948,publication_year:2019-2023",2026-09-25T22:38:18+00:00,api
openalex,Universidad Tecnologica de Chile,2024,2020-2024,publicaciones_openalex,85,trabajos,Trabajos con al menos un autor de la institución,"https://api.openalex.org/works?filter=institutions.id:I4405254948,publication_year:2020-2024",2026-09-25T22:38:18+00:00,api
openalex,Universidad Tecnologica de Chile,2024,2020-2024,publicaciones_openalex_article,70,trabajos,Trabajos de tipo «article»,"https://api.openalex.org/works?filter=institutions.id:I4405254948,publication_year:2020-2024",2026-09-25T22:38:18+00:00,api
openalex,Universidad Tecnologica de Chile,2024,2020-2024,publicaciones_openalex_book-chapter,1,trabajos,Trabajos de tipo «book-chapter»,"https://api.openalex.org/works?filter=institutions.id:I4405254948,publication_year:2020-2024",2026-09-25T22:38:18+00:00,api
openalex,Universidad Tecnologica de Chile,2024,2020-2024,publicaciones_openalex_conference-paper,10,trabajos,Trabajos de tipo «conference-paper»,"https://api.openalex.org/works?filter=institutions.id:I4405254948,publication_year:2020-2024",2026-09-25T22:38:18+00:00,api
openalex,Universidad Tecnologica de Chile,2024,2020-2024,publicaciones_openalex_dataset,2,trabajos,Trabajos de tipo «dataset»,"https://api.openalex.org/works?filter=institutions.id:I4405254948,publication_year:2020-2024",2026-09-25T22:38:18+00:00,api
openalex,Universidad Tecnologica de Chile,2024,2020-2024,publicaciones_openalex_erratum,1,trabajos,Trabajos de tipo «erratum»,"https://api.openalex.org/works?filter=institutions.id:I4405254948,publication_year:2020-2024",2026-09-25T22:38:18+00:00,api
openalex,Universidad Tecnologica de Chile,2024,2020-2024,publicaciones_openalex_preprint,1,trabajos,Trabajos de tipo «preprint»,"https://api.openalex.org/works?filter=institutions.id:I4405254948,publication_year:2020-2024",2026-09-25T22:38:18+00:00,api
openalex,Universidad Tecnologica de Chile,2024,2020-2024,citas_openalex,512,citas,Citas recibidas por los trabajos de la ventana (histograma sobre 85 de 85),"https://api.openalex.org/works?filter=institutions.id:I4405254948,publication_year:2020-2024",2026-09-25T22:38:18+00:00,api
openalex,Universidad Tecnologica de Chile,2024,2020-2024,citas_por_documento_openalex,6.024,citas por documento,"Citas por trabajo, sobre los trabajos del histograma","https://api.openalex.org/works?filter=institutions.id:I4405254948,publication_year:2020-2024",2026-09-25T22:38:18+00:00,api
openalex,Universidad Tecnologica de Chile,2024,2020-2024,pct_colaboracion_internacional,38.82,%,Trabajos con coautor de una institución de otro país,"https://api.openalex.org/works?filter=institutions.id:I4405254948,publication_year:2020-2024",2026-09-25T22:38:18+00:00,api
openalex,Universidad Tecnologica de Chile,2024,2020-2024,socios_recurrentes,26,instituciones,Instituciones con 3 o más trabajos conjuntos,https://api.openalex.org/works,2026-09-25T22:38:18+00:00,api
openalex,Universidad Tecnologica de Chile,2024,2020-2024,socios_recurrentes_paises,26,países,Países distintos entre los socios recurrentes,https://api.openalex.org/works,2026-09-25T22:38:18+00:00,api
openalex,Universidad UNIACC,2022,2018-2022,publicaciones_openalex,96,trabajos,Trabajos con al menos un autor de la institución,"https://api.openalex.org/works?filter=institutions.id:I4210107569,publication_year:2018-2022",2026-09-25T22:38:18+00:00,api
openalex,Universidad UNIACC,2022,2018-2022,publicaciones_openalex_article,81,trabajos,Trabajos de tipo «article»,"https://api.openalex.org/works?filter=institutions.id:I4210107569,publication_year:2018-2022",2026-09-25T22:38:18+00:00,api
openalex,Universidad UNIACC,2022,2018-2022,publicaciones_openalex_book,1,trabajos,Trabajos de tipo «book»,"https://api.openalex.org/works?filter=institutions.id:I4210107569,publication_year:2018-2022",2026-09-25T22:38:18+00:00,api
openalex,Universidad UNIACC,2022,2018-2022,publicaciones_openalex_book-chapter,2,trabajos,Trabajos de tipo «book-chapter»,"https://api.openalex.org/works?filter=institutions.id:I4210107569,publication_year:2018-2022",2026-09-25T22:38:18+00:00,api
openalex,Universidad UNIACC,2022,2018-2022,publicaciones_openalex_book-review,1,trabajos,Trabajos de tipo «book-review»,"https://api.openalex.org/works?filter=institutions.id:I4210107569,publication_year:2018-2022",2026-09-25T22:38:18+00:00,api
openalex,Universidad UNIACC,2022,2018-2022,publicaciones_openalex_conference-paper,2,trabajos,Trabajos de tipo «conference-paper»,"https://api.openalex.org/works?filter=institutions.id:I4210107569,publication_year:2018-2022",2026-09-25T22:38:18+00:00,api
openalex,Universidad UNIACC,2022,2018-2022,publicaciones_openalex_dissertation,2,trabajos,Trabajos de tipo «dissertation»,"https://api.openalex.org/works?filter=institutions.id:I4210107569,publication_year:2018-2022",2026-09-25T22:38:18+00:00,api
openalex,Universidad UNIACC,2022,2018-2022,publicaciones_openalex_other,5,trabajos,Trabajos de tipo «other»,"https://api.openalex.org/works?filter=institutions.id:I4210107569,publication_year:2018-2022",2026-09-25T22:38:18+00:00,api
openalex,Universidad UNIACC,2022,2018-2022,publicaciones_openalex_preprint,2,trabajos,Trabajos de tipo «preprint»,"https://api.openalex.org/works?filter=institutions.id:I4210107569,publication_year:2018-2022",2026-09-25T22:38:18+00:00,api
openalex,Universidad UNIACC,2022,2018-2022,citas_openalex,261,citas,Citas recibidas por los trabajos de la ventana (histograma sobre 95 de 96),"https://api.openalex.org/works?filter=institutions.id:I4210107569,publication_year:2018-2022",2026-09-25T22:38:18+00:00,api
openalex,Universidad UNIACC,2022,2018-2022,citas_por_documento_openalex,2.747,citas por documento,"Citas por trabajo, sobre los trabajos del histograma","https://api.openalex.org/works?filter=institutions.id:I4210107569,publication_year:2018-2022",2026-09-25T22:38:18+00:00,api
openalex,Universidad UNIACC,2022,2018-2022,pct_colaboracion_internacional,32.29,%,Trabajos con coautor de una institución de otro país,"https://api.openalex.org/works?filter=institutions.id:I4210107569,publication_year:2018-2022",2026-09-25T22:38:18+00:00,api
openalex,Universidad UNIACC,2023,2019-2023,publicaciones_openalex,79,trabajos,Trabajos con al menos un autor de la institución,"https://api.openalex.org/works?filter=institutions.id:I4210107569,publication_year:2019-2023",2026-09-25T22:38:18+00:00,api
openalex,Universidad UNIACC,2023,2019-2023,publicaciones_openalex_article,64,trabajos,Trabajos de tipo «article»,"https://api.openalex.org/works?filter=institutions.id:I4210107569,publication_year:2019-2023",2026-09-25T22:38:18+00:00,api
openalex,Universidad UNIACC,2023,2019-2023,publicaciones_openalex_book,1,trabajos,Trabajos de tipo «book»,"https://api.openalex.org/works?filter=institutions.id:I4210107569,publication_year:2019-2023",2026-09-25T22:38:18+00:00,api
openalex,Universidad UNIACC,2023,2019-2023,publicaciones_openalex_book-chapter,2,trabajos,Trabajos de tipo «book-chapter»,"https://api.openalex.org/works?filter=institutions.id:I4210107569,publication_year:2019-2023",2026-09-25T22:38:18+00:00,api
openalex,Universidad UNIACC,2023,2019-2023,publicaciones_openalex_book-review,1,trabajos,Trabajos de tipo «book-review»,"https://api.openalex.org/works?filter=institutions.id:I4210107569,publication_year:2019-2023",2026-09-25T22:38:18+00:00,api
openalex,Universidad UNIACC,2023,2019-2023,publicaciones_openalex_conference-paper,2,trabajos,Trabajos de tipo «conference-paper»,"https://api.openalex.org/works?filter=institutions.id:I4210107569,publication_year:2019-2023",2026-09-25T22:38:18+00:00,api
openalex,Universidad UNIACC,2023,2019-2023,publicaciones_openalex_dissertation,2,trabajos,Trabajos de tipo «dissertation»,"https://api.openalex.org/works?filter=institutions.id:I4210107569,publication_year:2019-2023",2026-09-25T22:38:18+00:00,api
openalex,Universidad UNIACC,2023,2019-2023,publicaciones_openalex_other,5,trabajos,Trabajos de tipo «other»,"https://api.openalex.org/works?filter=institutions.id:I4210107569,publication_year:2019-2023",2026-09-25T22:38:18+00:00,api
openalex,Universidad UNIACC,2023,2019-2023,publicaciones_openalex_preprint,2,trabajos,Trabajos de tipo «preprint»,"https://api.openalex.org/works?filter=institutions.id:I4210107569,publication_year:2019-2023",2026-09-25T22:38:18+00:00,api
openalex,Universidad UNIACC,2023,2019-2023,citas_openalex,245,citas,Citas recibidas por los trabajos de la ventana (histograma sobre 79 de 79),"https://api.openalex.org/works?filter=institutions.id:I4210107569,publication_year:2019-2023",2026-09-25T22:38:18+00:00,api
openalex,Universidad UNIACC,2023,2019-2023,citas_por_documento_openalex,3.101,citas por documento,"Citas por trabajo, sobre los trabajos del histograma","https://api.openalex.org/works?filter=institutions.id:I4210107569,publication_year:2019-2023",2026-09-25T22:38:18+00:00,api
openalex,Universidad UNIACC,2023,2019-2023,pct_colaboracion_internacional,37.97,%,Trabajos con coautor de una institución de otro país,"https://api.openalex.org/works?filter=institutions.id:I4210107569,publication_year:2019-2023",2026-09-25T22:38:18+00:00,api
openalex,Universidad UNIACC,2024,2020-2024,publicaciones_openalex,83,trabajos,Trabajos con al menos un autor de la institución,"https://api.openalex.org/works?filter=institutions.id:I4210107569,publication_year:2020-2024",2026-09-25T22:38:18+00:00,api
openalex,Universidad UNIACC,2024,2020-2024,publicaciones_openalex_article,68,trabajos,Trabajos de tipo «article»,"https://api.openalex.org/works?filter=institutions.id:I4210107569,publication_year:2020-2024",2026-09-25T22:38:18+00:00,api
openalex,Universidad UNIACC,2024,2020-2024,publicaciones_openalex_book,1,trabajos,Trabajos de tipo «book»,"https://api.openalex.org/works?filter=institutions.id:I4210107569,publication_year:2020-2024",2026-09-25T22:38:18+00:00,api
openalex,Universidad UNIACC,2024,2020-2024,publicaciones_openalex_book-chapter,3,trabajos,Trabajos de tipo «book-chapter»,"https://api.openalex.org/works?filter=institutions.id:I4210107569,publication_year:2020-2024",2026-09-25T22:38:18+00:00,api
openalex,Universidad UNIACC,2024,2020-2024,publicaciones_openalex_book-review,1,trabajos,Trabajos de tipo «book-review»,"https://api.openalex.org/works?filter=institutions.id:I4210107569,publication_year:2020-2024",2026-09-25T22:38:18+00:00,api
openalex,Universidad UNIACC,2024,2020-2024,publicaciones_openalex_conference-paper,2,trabajos,Trabajos de tipo «conference-paper»,"https://api.openalex.org/works?filter=institutions.id:I4210107569,publication_year:2020-2024",2026-09-25T22:38:18+00:00,api
openalex,Universidad UNIACC,2024,2020-2024,publicaciones_openalex_dissertation,2,trabajos,Trabajos de tipo «dissertation»,"https://api.openalex.org/works?filter=institutions.id:I4210107569,publication_year:2020-2024",2026-09-25T22:38:18+00:00,api
openalex,Universidad UNIACC,2024,2020-2024,publicaciones_openalex_other,2,trabajos,Trabajos de tipo «other»,"https://api.openalex.org/works?filter=institutions.id:I4210107569,publication_year:2020-2024",2026-09-25T22:38:18+00:00,api
openalex,Universidad UNIACC,2024,2020-2024,publicaciones_openalex_preprint,3,trabajos,Trabajos de tipo «preprint»,"https://api.openalex.org/works?filter=institutions.id:I4210107569,publication_year:2020-2024",2026-09-25T22:38:18+00:00,api
openalex,Universidad UNIACC,2024,2020-2024,publicaciones_openalex_review,1,trabajos,Trabajos de tipo «review»,"https://api.openalex.org/works?filter=institutions.id:I4210107569,publication_year:2020-2024",2026-09-25T22:38:18+00:00,api
openalex,Universidad UNIACC,2024,2020-2024,citas_openalex,189,citas,Citas recibidas por los trabajos de la ventana (histograma sobre 83 de 83),"https://api.openalex.org/works?filter=institutions.id:I4210107569,publication_year:2020-2024",2026-09-25T22:38:18+00:00,api
openalex,Universidad UNIACC,2024,2020-2024,citas_por_documento_openalex,2.277,citas por documento,"Citas por trabajo, sobre los trabajos del histograma","https://api.openalex.org/works?filter=institutions.id:I4210107569,publication_year:2020-2024",2026-09-25T22:38:18+00:00,api
openalex,Universidad UNIACC,2024,2020-2024,pct_colaboracion_internacional,38.55,%,Trabajos con coautor de una institución de otro país,"https://api.openalex.org/works?filter=institutions.id:I4210107569,publication_year:2020-2024",2026-09-25T22:38:18+00:00,api
openalex,Universidad UNIACC,2024,2020-2024,socios_recurrentes,4,instituciones,Instituciones con 3 o más trabajos conjuntos,https://api.openalex.org/works,2026-09-25T22:38:18+00:00,api
openalex,Universidad UNIACC,2024,2020-2024,socios_recurrentes_paises,4,países,Países distintos entre los socios recurrentes,https://api.openalex.org/works,2026-09-25T22:38:18+00:00,api
openalex,Universidad de Antofagasta,2022,2018-2022,publicaciones_openalex,2276,trabajos,Trabajos con al menos un autor de la institución,"https://api.openalex.org/works?filter=institutions.id:I129739261,publication_year:2018-2022",2026-09-25T22:38:18+00:00,api
openalex,Universidad de Antofagasta,2022,2018-2022,publicaciones_openalex_article,1976,trabajos,Trabajos de tipo «article»,"https://api.openalex.org/works?filter=institutions.id:I129739261,publication_year:2018-2022",2026-09-25T22:38:18+00:00,api
openalex,Universidad de Antofagasta,2022,2018-2022,publicaciones_openalex_book,2,trabajos,Trabajos de tipo «book»,"https://api.openalex.org/works?filter=institutions.id:I129739261,publication_year:2018-2022",2026-09-25T22:38:18+00:00,api
openalex,Universidad de Antofagasta,2022,2018-2022,publicaciones_openalex_book-chapter,39,trabajos,Trabajos de tipo «book-chapter»,"https://api.openalex.org/works?filter=institutions.id:I129739261,publication_year:2018-2022",2026-09-25T22:38:18+00:00,api
openalex,Universidad de Antofagasta,2022,2018-2022,publicaciones_openalex_book-review,1,trabajos,Trabajos de tipo «book-review»,"https://api.openalex.org/works?filter=institutions.id:I129739261,publication_year:2018-2022",2026-09-25T22:38:18+00:00,api
openalex,Universidad de Antofagasta,2022,2018-2022,publicaciones_openalex_conference-abstract,9,trabajos,Trabajos de tipo «conference-abstract»,"https://api.openalex.org/works?filter=institutions.id:I129739261,publication_year:2018-2022",2026-09-25T22:38:18+00:00,api
openalex,Universidad de Antofagasta,2022,2018-2022,publicaciones_openalex_conference-paper,82,trabajos,Trabajos de tipo «conference-paper»,"https://api.openalex.org/works?filter=institutions.id:I129739261,publication_year:2018-2022",2026-09-25T22:38:18+00:00,api
openalex,Universidad de Antofagasta,2022,2018-2022,publicaciones_openalex_data-paper,1,trabajos,Trabajos de tipo «data-paper»,"https://api.openalex.org/works?filter=institutions.id:I129739261,publication_year:2018-2022",2026-09-25T22:38:18+00:00,api
openalex,Universidad de Antofagasta,2022,2018-2022,publicaciones_openalex_dataset,17,trabajos,Trabajos de tipo «dataset»,"https://api.openalex.org/works?filter=institutions.id:I129739261,publication_year:2018-2022",2026-09-25T22:38:18+00:00,api
openalex,Universidad de Antofagasta,2022,2018-2022,publicaciones_openalex_editorial,4,trabajos,Trabajos de tipo «editorial»,"https://api.openalex.org/works?filter=institutions.id:I129739261,publication_year:2018-2022",2026-09-25T22:38:18+00:00,api
openalex,Universidad de Antofagasta,2022,2018-2022,publicaciones_openalex_erratum,18,trabajos,Trabajos de tipo «erratum»,"https://api.openalex.org/works?filter=institutions.id:I129739261,publication_year:2018-2022",2026-09-25T22:38:18+00:00,api
openalex,Universidad de Antofagasta,2022,2018-2022,publicaciones_openalex_letter,2,trabajos,Trabajos de tipo «letter»,"https://api.openalex.org/works?filter=institutions.id:I129739261,publication_year:2018-2022",2026-09-25T22:38:18+00:00,api
openalex,Universidad de Antofagasta,2022,2018-2022,publicaciones_openalex_other,5,trabajos,Trabajos de tipo «other»,"https://api.openalex.org/works?filter=institutions.id:I129739261,publication_year:2018-2022",2026-09-25T22:38:18+00:00,api
openalex,Universidad de Antofagasta,2022,2018-2022,publicaciones_openalex_paratext,2,trabajos,Trabajos de tipo «paratext»,"https://api.openalex.org/works?filter=institutions.id:I129739261,publication_year:2018-2022",2026-09-25T22:38:18+00:00,api
openalex,Universidad de Antofagasta,2022,2018-2022,publicaciones_openalex_peer-review,2,trabajos,Trabajos de tipo «peer-review»,"https://api.openalex.org/works?filter=institutions.id:I129739261,publication_year:2018-2022",2026-09-25T22:38:18+00:00,api
openalex,Universidad de Antofagasta,2022,2018-2022,publicaciones_openalex_preprint,89,trabajos,Trabajos de tipo «preprint»,"https://api.openalex.org/works?filter=institutions.id:I129739261,publication_year:2018-2022",2026-09-25T22:38:18+00:00,api
openalex,Universidad de Antofagasta,2022,2018-2022,publicaciones_openalex_reference-entry,11,trabajos,Trabajos de tipo «reference-entry»,"https://api.openalex.org/works?filter=institutions.id:I129739261,publication_year:2018-2022",2026-09-25T22:38:18+00:00,api
openalex,Universidad de Antofagasta,2022,2018-2022,publicaciones_openalex_report,2,trabajos,Trabajos de tipo «report»,"https://api.openalex.org/works?filter=institutions.id:I129739261,publication_year:2018-2022",2026-09-25T22:38:18+00:00,api
openalex,Universidad de Antofagasta,2022,2018-2022,publicaciones_openalex_retraction,1,trabajos,Trabajos de tipo «retraction»,"https://api.openalex.org/works?filter=institutions.id:I129739261,publication_year:2018-2022",2026-09-25T22:38:18+00:00,api
openalex,Universidad de Antofagasta,2022,2018-2022,publicaciones_openalex_review,12,trabajos,Trabajos de tipo «review»,"https://api.openalex.org/works?filter=institutions.id:I129739261,publication_year:2018-2022",2026-09-25T22:38:18+00:00,api
openalex,Universidad de Antofagasta,2022,2018-2022,publicaciones_openalex_supplementary-materials,1,trabajos,Trabajos de tipo «supplementary-materials»,"https://api.openalex.org/works?filter=institutions.id:I129739261,publication_year:2018-2022",2026-09-25T22:38:18+00:00,api
openalex,Universidad de Antofagasta,2022,2018-2022,citas_openalex,91772,citas,Citas recibidas por los trabajos de la ventana (histograma sobre 2265 de 2276),"https://api.openalex.org/works?filter=institutions.id:I129739261,publication_year:2018-2022",2026-09-25T22:38:18+00:00,api
openalex,Universidad de Antofagasta,2022,2018-2022,citas_por_documento_openalex,40.517,citas por documento,"Citas por trabajo, sobre los trabajos del histograma","https://api.openalex.org/works?filter=institutions.id:I129739261,publication_year:2018-2022",2026-09-25T22:38:18+00:00,api
openalex,Universidad de Antofagasta,2022,2018-2022,pct_colaboracion_internacional,65.86,%,Trabajos con coautor de una institución de otro país,"https://api.openalex.org/works?filter=institutions.id:I129739261,publication_year:2018-2022",2026-09-25T22:38:18+00:00,api
openalex,Universidad de Antofagasta,2023,2019-2023,publicaciones_openalex,2334,trabajos,Trabajos con al menos un autor de la institución,"https://api.openalex.org/works?filter=institutions.id:I129739261,publication_year:2019-2023",2026-09-25T22:38:18+00:00,api
openalex,Universidad de Antofagasta,2023,2019-2023,publicaciones_openalex_article,2030,trabajos,Trabajos de tipo «article»,"https://api.openalex.org/works?filter=institutions.id:I129739261,publication_year:2019-2023",2026-09-25T22:38:18+00:00,api
openalex,Universidad de Antofagasta,2023,2019-2023,publicaciones_openalex_book,3,trabajos,Trabajos de tipo «book»,"https://api.openalex.org/works?filter=institutions.id:I129739261,publication_year:2019-2023",2026-09-25T22:38:18+00:00,api
openalex,Universidad de Antofagasta,2023,2019-2023,publicaciones_openalex_book-chapter,30,trabajos,Trabajos de tipo «book-chapter»,"https://api.openalex.org/works?filter=institutions.id:I129739261,publication_year:2019-2023",2026-09-25T22:38:18+00:00,api
openalex,Universidad de Antofagasta,2023,2019-2023,publicaciones_openalex_book-review,1,trabajos,Trabajos de tipo «book-review»,"https://api.openalex.org/works?filter=institutions.id:I129739261,publication_year:2019-2023",2026-09-25T22:38:18+00:00,api
openalex,Universidad de Antofagasta,2023,2019-2023,publicaciones_openalex_conference-abstract,9,trabajos,Trabajos de tipo «conference-abstract»,"https://api.openalex.org/works?filter=institutions.id:I129739261,publication_year:2019-2023",2026-09-25T22:38:18+00:00,api
openalex,Universidad de Antofagasta,2023,2019-2023,publicaciones_openalex_conference-paper,67,trabajos,Trabajos de tipo «conference-paper»,"https://api.openalex.org/works?filter=institutions.id:I129739261,publication_year:2019-2023",2026-09-25T22:38:18+00:00,api
openalex,Universidad de Antofagasta,2023,2019-2023,publicaciones_openalex_data-paper,1,trabajos,Trabajos de tipo «data-paper»,"https://api.openalex.org/works?filter=institutions.id:I129739261,publication_year:2019-2023",2026-09-25T22:38:18+00:00,api
openalex,Universidad de Antofagasta,2023,2019-2023,publicaciones_openalex_dataset,20,trabajos,Trabajos de tipo «dataset»,"https://api.openalex.org/works?filter=institutions.id:I129739261,publication_year:2019-2023",2026-09-25T22:38:18+00:00,api
openalex,Universidad de Antofagasta,2023,2019-2023,publicaciones_openalex_dissertation,1,trabajos,Trabajos de tipo «dissertation»,"https://api.openalex.org/works?filter=institutions.id:I129739261,publication_year:2019-2023",2026-09-25T22:38:18+00:00,api
openalex,Universidad de Antofagasta,2023,2019-2023,publicaciones_openalex_editorial,6,trabajos,Trabajos de tipo «editorial»,"https://api.openalex.org/works?filter=institutions.id:I129739261,publication_year:2019-2023",2026-09-25T22:38:18+00:00,api
openalex,Universidad de Antofagasta,2023,2019-2023,publicaciones_openalex_erratum,21,trabajos,Trabajos de tipo «erratum»,"https://api.openalex.org/works?filter=institutions.id:I129739261,publication_year:2019-2023",2026-09-25T22:38:18+00:00,api
openalex,Universidad de Antofagasta,2023,2019-2023,publicaciones_openalex_letter,3,trabajos,Trabajos de tipo «letter»,"https://api.openalex.org/works?filter=institutions.id:I129739261,publication_year:2019-2023",2026-09-25T22:38:18+00:00,api
openalex,Universidad de Antofagasta,2023,2019-2023,publicaciones_openalex_other,1,trabajos,Trabajos de tipo «other»,"https://api.openalex.org/works?filter=institutions.id:I129739261,publication_year:2019-2023",2026-09-25T22:38:18+00:00,api
openalex,Universidad de Antofagasta,2023,2019-2023,publicaciones_openalex_paratext,3,trabajos,Trabajos de tipo «paratext»,"https://api.openalex.org/works?filter=institutions.id:I129739261,publication_year:2019-2023",2026-09-25T22:38:18+00:00,api
openalex,Universidad de Antofagasta,2023,2019-2023,publicaciones_openalex_peer-review,2,trabajos,Trabajos de tipo «peer-review»,"https://api.openalex.org/works?filter=institutions.id:I129739261,publication_year:2019-2023",2026-09-25T22:38:18+00:00,api
openalex,Universidad de Antofagasta,2023,2019-2023,publicaciones_openalex_preprint,108,trabajos,Trabajos de tipo «preprint»,"https://api.openalex.org/works?filter=institutions.id:I129739261,publication_year:2019-2023",2026-09-25T22:38:18+00:00,api
openalex,Universidad de Antofagasta,2023,2019-2023,publicaciones_openalex_reference-entry,12,trabajos,Trabajos de tipo «reference-entry»,"https://api.openalex.org/works?filter=institutions.id:I129739261,publication_year:2019-2023",2026-09-25T22:38:18+00:00,api
openalex,Universidad de Antofagasta,2023,2019-2023,publicaciones_openalex_report,2,trabajos,Trabajos de tipo «report»,"https://api.openalex.org/works?filter=institutions.id:I129739261,publication_year:2019-2023",2026-09-25T22:38:18+00:00,api
openalex,Universidad de Antofagasta,2023,2019-2023,publicaciones_openalex_retraction,1,trabajos,Trabajos de tipo «retraction»,"https://api.openalex.org/works?filter=institutions.id:I129739261,publication_year:2019-2023",2026-09-25T22:38:18+00:00,api
openalex,Universidad de Antofagasta,2023,2019-2023,publicaciones_openalex_review,12,trabajos,Trabajos de tipo «review»,"https://api.openalex.org/works?filter=institutions.id:I129739261,publication_year:2019-2023",2026-09-25T22:38:18+00:00,api
openalex,Universidad de Antofagasta,2023,2019-2023,publicaciones_openalex_supplementary-materials,1,trabajos,Trabajos de tipo «supplementary-materials»,"https://api.openalex.org/works?filter=institutions.id:I129739261,publication_year:2019-2023",2026-09-25T22:38:18+00:00,api
openalex,Universidad de Antofagasta,2023,2019-2023,citas_openalex,56235,citas,Citas recibidas por los trabajos de la ventana (histograma sobre 2324 de 2334),"https://api.openalex.org/works?filter=institutions.id:I129739261,publication_year:2019-2023",2026-09-25T22:38:18+00:00,api
openalex,Universidad de Antofagasta,2023,2019-2023,citas_por_documento_openalex,24.198,citas por documento,"Citas por trabajo, sobre los trabajos del histograma","https://api.openalex.org/works?filter=institutions.id:I129739261,publication_year:2019-2023",2026-09-25T22:38:18+00:00,api
openalex,Universidad de Antofagasta,2023,2019-2023,pct_colaboracion_internacional,65.3,%,Trabajos con coautor de una institución de otro país,"https://api.openalex.org/works?filter=institutions.id:I129739261,publication_year:2019-2023",2026-09-25T22:38:18+00:00,api
openalex,Universidad de Antofagasta,2024,2020-2024,publicaciones_openalex,2314,trabajos,Trabajos con al menos un autor de la institución,"https://api.openalex.org/works?filter=institutions.id:I129739261,publication_year:2020-2024",2026-09-25T22:38:18+00:00,api
openalex,Universidad de Antofagasta,2024,2020-2024,publicaciones_openalex_article,1974,trabajos,Trabajos de tipo «article»,"https://api.openalex.org/works?filter=institutions.id:I129739261,publication_year:2020-2024",2026-09-25T22:38:18+00:00,api
openalex,Universidad de Antofagasta,2024,2020-2024,publicaciones_openalex_book,3,trabajos,Trabajos de tipo «book»,"https://api.openalex.org/works?filter=institutions.id:I129739261,publication_year:2020-2024",2026-09-25T22:38:18+00:00,api
openalex,Universidad de Antofagasta,2024,2020-2024,publicaciones_openalex_book-chapter,37,trabajos,Trabajos de tipo «book-chapter»,"https://api.openalex.org/works?filter=institutions.id:I129739261,publication_year:2020-2024",2026-09-25T22:38:18+00:00,api
openalex,Universidad de Antofagasta,2024,2020-2024,publicaciones_openalex_book-review,1,trabajos,Trabajos de tipo «book-review»,"https://api.openalex.org/works?filter=institutions.id:I129739261,publication_year:2020-2024",2026-09-25T22:38:18+00:00,api
openalex,Universidad de Antofagasta,2024,2020-2024,publicaciones_openalex_conference-abstract,8,trabajos,Trabajos de tipo «conference-abstract»,"https://api.openalex.org/works?filter=institutions.id:I129739261,publication_year:2020-2024",2026-09-25T22:38:18+00:00,api
openalex,Universidad de Antofagasta,2024,2020-2024,publicaciones_openalex_conference-paper,74,trabajos,Trabajos de tipo «conference-paper»,"https://api.openalex.org/works?filter=institutions.id:I129739261,publication_year:2020-2024",2026-09-25T22:38:18+00:00,api
openalex,Universidad de Antofagasta,2024,2020-2024,publicaciones_openalex_data-paper,3,trabajos,Trabajos de tipo «data-paper»,"https://api.openalex.org/works?filter=institutions.id:I129739261,publication_year:2020-2024",2026-09-25T22:38:18+00:00,api
openalex,Universidad de Antofagasta,2024,2020-2024,publicaciones_openalex_dataset,17,trabajos,Trabajos de tipo «dataset»,"https://api.openalex.org/works?filter=institutions.id:I129739261,publication_year:2020-2024",2026-09-25T22:38:18+00:00,api
openalex,Universidad de Antofagasta,2024,2020-2024,publicaciones_openalex_dissertation,1,trabajos,Trabajos de tipo «dissertation»,"https://api.openalex.org/works?filter=institutions.id:I129739261,publication_year:2020-2024",2026-09-25T22:38:18+00:00,api
openalex,Universidad de Antofagasta,2024,2020-2024,publicaciones_openalex_editorial,8,trabajos,Trabajos de tipo «editorial»,"https://api.openalex.org/works?filter=institutions.id:I129739261,publication_year:2020-2024",2026-09-25T22:38:18+00:00,api
openalex,Universidad de Antofagasta,2024,2020-2024,publicaciones_openalex_erratum,21,trabajos,Trabajos de tipo «erratum»,"https://api.openalex.org/works?filter=institutions.id:I129739261,publication_year:2020-2024",2026-09-25T22:38:18+00:00,api
openalex,Universidad de Antofagasta,2024,2020-2024,publicaciones_openalex_letter,3,trabajos,Trabajos de tipo «letter»,"https://api.openalex.org/works?filter=institutions.id:I129739261,publication_year:2020-2024",2026-09-25T22:38:18+00:00,api
openalex,Universidad de Antofagasta,2024,2020-2024,publicaciones_openalex_other,1,trabajos,Trabajos de tipo «other»,"https://api.openalex.org/works?filter=institutions.id:I129739261,publication_year:2020-2024",2026-09-25T22:38:18+00:00,api
openalex,Universidad de Antofagasta,2024,2020-2024,publicaciones_openalex_paratext,4,trabajos,Trabajos de tipo «paratext»,"https://api.openalex.org/works?filter=institutions.id:I129739261,publication_year:2020-2024",2026-09-25T22:38:18+00:00,api
openalex,Universidad de Antofagasta,2024,2020-2024,publicaciones_openalex_peer-review,5,trabajos,Trabajos de tipo «peer-review»,"https://api.openalex.org/works?filter=institutions.id:I129739261,publication_year:2020-2024",2026-09-25T22:38:18+00:00,api
openalex,Universidad de Antofagasta,2024,2020-2024,publicaciones_openalex_preprint,124,trabajos,Trabajos de tipo «preprint»,"https://api.openalex.org/works?filter=institutions.id:I129739261,publication_year:2020-2024",2026-09-25T22:38:18+00:00,api
openalex,Universidad de Antofagasta,2024,2020-2024,publicaciones_openalex_reference-entry,13,trabajos,Trabajos de tipo «reference-entry»,"https://api.openalex.org/works?filter=institutions.id:I129739261,publication_year:2020-2024",2026-09-25T22:38:18+00:00,api
openalex,Universidad de Antofagasta,2024,2020-2024,publicaciones_openalex_report,2,trabajos,Trabajos de tipo «report»,"https://api.openalex.org/works?filter=institutions.id:I129739261,publication_year:2020-2024",2026-09-25T22:38:18+00:00,api
openalex,Universidad de Antofagasta,2024,2020-2024,publicaciones_openalex_retraction,1,trabajos,Trabajos de tipo «retraction»,"https://api.openalex.org/works?filter=institutions.id:I129739261,publication_year:2020-2024",2026-09-25T22:38:18+00:00,api
openalex,Universidad de Antofagasta,2024,2020-2024,publicaciones_openalex_review,13,trabajos,Trabajos de tipo «review»,"https://api.openalex.org/works?filter=institutions.id:I129739261,publication_year:2020-2024",2026-09-25T22:38:18+00:00,api
openalex,Universidad de Antofagasta,2024,2020-2024,publicaciones_openalex_supplementary-materials,1,trabajos,Trabajos de tipo «supplementary-materials»,"https://api.openalex.org/works?filter=institutions.id:I129739261,publication_year:2020-2024",2026-09-25T22:38:18+00:00,api
openalex,Universidad de Antofagasta,2024,2020-2024,citas_openalex,46003,citas,Citas recibidas por los trabajos de la ventana (histograma sobre 2311 de 2314),"https://api.openalex.org/works?filter=institutions.id:I129739261,publication_year:2020-2024",2026-09-25T22:38:18+00:00,api
openalex,Universidad de Antofagasta,2024,2020-2024,citas_por_documento_openalex,19.906,citas por documento,"Citas por trabajo, sobre los trabajos del histograma","https://api.openalex.org/works?filter=institutions.id:I129739261,publication_year:2020-2024",2026-09-25T22:38:18+00:00,api
openalex,Universidad de Antofagasta,2024,2020-2024,pct_colaboracion_internacional,63.48,%,Trabajos con coautor de una institución de otro país,"https://api.openalex.org/works?filter=institutions.id:I129739261,publication_year:2020-2024",2026-09-25T22:38:18+00:00,api
openalex,Universidad de Antofagasta,2024,2020-2024,socios_recurrentes,199,instituciones,Instituciones con 3 o más trabajos conjuntos,https://api.openalex.org/works,2026-09-25T22:38:18+00:00,api
openalex,Universidad de Antofagasta,2024,2020-2024,socios_recurrentes_paises,198,países,Países distintos entre los socios recurrentes,https://api.openalex.org/works,2026-09-25T22:38:18+00:00,api
openalex,Universidad de Atacama,2022,2018-2022,publicaciones_openalex,1349,trabajos,Trabajos con al menos un autor de la institución,"https://api.openalex.org/works?filter=institutions.id:I201487725,publication_year:2018-2022",2026-09-25T22:38:18+00:00,api
openalex,Universidad de Atacama,2022,2018-2022,publicaciones_openalex_article,1148,trabajos,Trabajos de tipo «article»,"https://api.openalex.org/works?filter=institutions.id:I201487725,publication_year:2018-2022",2026-09-25T22:38:18+00:00,api
openalex,Universidad de Atacama,2022,2018-2022,publicaciones_openalex_book,3,trabajos,Trabajos de tipo «book»,"https://api.openalex.org/works?filter=institutions.id:I201487725,publication_year:2018-2022",2026-09-25T22:38:18+00:00,api
openalex,Universidad de Atacama,2022,2018-2022,publicaciones_openalex_book-chapter,40,trabajos,Trabajos de tipo «book-chapter»,"https://api.openalex.org/works?filter=institutions.id:I201487725,publication_year:2018-2022",2026-09-25T22:38:18+00:00,api
openalex,Universidad de Atacama,2022,2018-2022,publicaciones_openalex_book-review,2,trabajos,Trabajos de tipo «book-review»,"https://api.openalex.org/works?filter=institutions.id:I201487725,publication_year:2018-2022",2026-09-25T22:38:18+00:00,api
openalex,Universidad de Atacama,2022,2018-2022,publicaciones_openalex_conference-abstract,12,trabajos,Trabajos de tipo «conference-abstract»,"https://api.openalex.org/works?filter=institutions.id:I201487725,publication_year:2018-2022",2026-09-25T22:38:18+00:00,api
openalex,Universidad de Atacama,2022,2018-2022,publicaciones_openalex_conference-paper,58,trabajos,Trabajos de tipo «conference-paper»,"https://api.openalex.org/works?filter=institutions.id:I201487725,publication_year:2018-2022",2026-09-25T22:38:18+00:00,api
openalex,Universidad de Atacama,2022,2018-2022,publicaciones_openalex_data-paper,1,trabajos,Trabajos de tipo «data-paper»,"https://api.openalex.org/works?filter=institutions.id:I201487725,publication_year:2018-2022",2026-09-25T22:38:18+00:00,api
openalex,Universidad de Atacama,2022,2018-2022,publicaciones_openalex_dataset,16,trabajos,Trabajos de tipo «dataset»,"https://api.openalex.org/works?filter=institutions.id:I201487725,publication_year:2018-2022",2026-09-25T22:38:18+00:00,api
openalex,Universidad de Atacama,2022,2018-2022,publicaciones_openalex_dissertation,1,trabajos,Trabajos de tipo «dissertation»,"https://api.openalex.org/works?filter=institutions.id:I201487725,publication_year:2018-2022",2026-09-25T22:38:18+00:00,api
openalex,Universidad de Atacama,2022,2018-2022,publicaciones_openalex_editorial,3,trabajos,Trabajos de tipo «editorial»,"https://api.openalex.org/works?filter=institutions.id:I201487725,publication_year:2018-2022",2026-09-25T22:38:18+00:00,api
openalex,Universidad de Atacama,2022,2018-2022,publicaciones_openalex_erratum,10,trabajos,Trabajos de tipo «erratum»,"https://api.openalex.org/works?filter=institutions.id:I201487725,publication_year:2018-2022",2026-09-25T22:38:18+00:00,api
openalex,Universidad de Atacama,2022,2018-2022,publicaciones_openalex_other,1,trabajos,Trabajos de tipo «other»,"https://api.openalex.org/works?filter=institutions.id:I201487725,publication_year:2018-2022",2026-09-25T22:38:18+00:00,api
openalex,Universidad de Atacama,2022,2018-2022,publicaciones_openalex_peer-review,2,trabajos,Trabajos de tipo «peer-review»,"https://api.openalex.org/works?filter=institutions.id:I201487725,publication_year:2018-2022",2026-09-25T22:38:18+00:00,api
openalex,Universidad de Atacama,2022,2018-2022,publicaciones_openalex_preprint,41,trabajos,Trabajos de tipo «preprint»,"https://api.openalex.org/works?filter=institutions.id:I201487725,publication_year:2018-2022",2026-09-25T22:38:18+00:00,api
openalex,Universidad de Atacama,2022,2018-2022,publicaciones_openalex_report,1,trabajos,Trabajos de tipo «report»,"https://api.openalex.org/works?filter=institutions.id:I201487725,publication_year:2018-2022",2026-09-25T22:38:18+00:00,api
openalex,Universidad de Atacama,2022,2018-2022,publicaciones_openalex_review,10,trabajos,Trabajos de tipo «review»,"https://api.openalex.org/works?filter=institutions.id:I201487725,publication_year:2018-2022",2026-09-25T22:38:18+00:00,api
openalex,Universidad de Atacama,2022,2018-2022,citas_openalex,28012,citas,Citas recibidas por los trabajos de la ventana (histograma sobre 1344 de 1349),"https://api.openalex.org/works?filter=institutions.id:I201487725,publication_year:2018-2022",2026-09-25T22:38:18+00:00,api
openalex,Universidad de Atacama,2022,2018-2022,citas_por_documento_openalex,20.842,citas por documento,"Citas por trabajo, sobre los trabajos del histograma","https://api.openalex.org/works?filter=institutions.id:I201487725,publication_year:2018-2022",2026-09-25T22:38:18+00:00,api
openalex,Universidad de Atacama,2022,2018-2022,pct_colaboracion_internacional,65.6,%,Trabajos con coautor de una institución de otro país,"https://api.openalex.org/works?filter=institutions.id:I201487725,publication_year:2018-2022",2026-09-25T22:38:18+00:00,api
openalex,Universidad de Atacama,2023,2019-2023,publicaciones_openalex,1507,trabajos,Trabajos con al menos un autor de la institución,"https://api.openalex.org/works?filter=institutions.id:I201487725,publication_year:2019-2023",2026-09-25T22:38:18+00:00,api
openalex,Universidad de Atacama,2023,2019-2023,publicaciones_openalex_article,1267,trabajos,Trabajos de tipo «article»,"https://api.openalex.org/works?filter=institutions.id:I201487725,publication_year:2019-2023",2026-09-25T22:38:18+00:00,api
openalex,Universidad de Atacama,2023,2019-2023,publicaciones_openalex_book,5,trabajos,Trabajos de tipo «book»,"https://api.openalex.org/works?filter=institutions.id:I201487725,publication_year:2019-2023",2026-09-25T22:38:18+00:00,api
openalex,Universidad de Atacama,2023,2019-2023,publicaciones_openalex_book-chapter,49,trabajos,Trabajos de tipo «book-chapter»,"https://api.openalex.org/works?filter=institutions.id:I201487725,publication_year:2019-2023",2026-09-25T22:38:18+00:00,api
openalex,Universidad de Atacama,2023,2019-2023,publicaciones_openalex_book-review,2,trabajos,Trabajos de tipo «book-review»,"https://api.openalex.org/works?filter=institutions.id:I201487725,publication_year:2019-2023",2026-09-25T22:38:18+00:00,api
openalex,Universidad de Atacama,2023,2019-2023,publicaciones_openalex_conference-abstract,14,trabajos,Trabajos de tipo «conference-abstract»,"https://api.openalex.org/works?filter=institutions.id:I201487725,publication_year:2019-2023",2026-09-25T22:38:18+00:00,api
openalex,Universidad de Atacama,2023,2019-2023,publicaciones_openalex_conference-paper,58,trabajos,Trabajos de tipo «conference-paper»,"https://api.openalex.org/works?filter=institutions.id:I201487725,publication_year:2019-2023",2026-09-25T22:38:18+00:00,api
openalex,Universidad de Atacama,2023,2019-2023,publicaciones_openalex_data-paper,1,trabajos,Trabajos de tipo «data-paper»,"https://api.openalex.org/works?filter=institutions.id:I201487725,publication_year:2019-2023",2026-09-25T22:38:18+00:00,api
openalex,Universidad de Atacama,2023,2019-2023,publicaciones_openalex_dataset,16,trabajos,Trabajos de tipo «dataset»,"https://api.openalex.org/works?filter=institutions.id:I201487725,publication_year:2019-2023",2026-09-25T22:38:18+00:00,api
openalex,Universidad de Atacama,2023,2019-2023,publicaciones_openalex_dissertation,1,trabajos,Trabajos de tipo «dissertation»,"https://api.openalex.org/works?filter=institutions.id:I201487725,publication_year:2019-2023",2026-09-25T22:38:18+00:00,api
openalex,Universidad de Atacama,2023,2019-2023,publicaciones_openalex_editorial,4,trabajos,Trabajos de tipo «editorial»,"https://api.openalex.org/works?filter=institutions.id:I201487725,publication_year:2019-2023",2026-09-25T22:38:18+00:00,api
openalex,Universidad de Atacama,2023,2019-2023,publicaciones_openalex_erratum,11,trabajos,Trabajos de tipo «erratum»,"https://api.openalex.org/works?filter=institutions.id:I201487725,publication_year:2019-2023",2026-09-25T22:38:18+00:00,api
openalex,Universidad de Atacama,2023,2019-2023,publicaciones_openalex_other,2,trabajos,Trabajos de tipo «other»,"https://api.openalex.org/works?filter=institutions.id:I201487725,publication_year:2019-2023",2026-09-25T22:38:18+00:00,api
openalex,Universidad de Atacama,2023,2019-2023,publicaciones_openalex_paratext,1,trabajos,Trabajos de tipo «paratext»,"https://api.openalex.org/works?filter=institutions.id:I201487725,publication_year:2019-2023",2026-09-25T22:38:18+00:00,api
openalex,Universidad de Atacama,2023,2019-2023,publicaciones_openalex_peer-review,13,trabajos,Trabajos de tipo «peer-review»,"https://api.openalex.org/works?filter=institutions.id:I201487725,publication_year:2019-2023",2026-09-25T22:38:18+00:00,api
openalex,Universidad de Atacama,2023,2019-2023,publicaciones_openalex_preprint,49,trabajos,Trabajos de tipo «preprint»,"https://api.openalex.org/works?filter=institutions.id:I201487725,publication_year:2019-2023",2026-09-25T22:38:18+00:00,api
openalex,Universidad de Atacama,2023,2019-2023,publicaciones_openalex_reference-entry,2,trabajos,Trabajos de tipo «reference-entry»,"https://api.openalex.org/works?filter=institutions.id:I201487725,publication_year:2019-2023",2026-09-25T22:38:18+00:00,api
openalex,Universidad de Atacama,2023,2019-2023,publicaciones_openalex_report,1,trabajos,Trabajos de tipo «report»,"https://api.openalex.org/works?filter=institutions.id:I201487725,publication_year:2019-2023",2026-09-25T22:38:18+00:00,api
openalex,Universidad de Atacama,2023,2019-2023,publicaciones_openalex_review,11,trabajos,Trabajos de tipo «review»,"https://api.openalex.org/works?filter=institutions.id:I201487725,publication_year:2019-2023",2026-09-25T22:38:18+00:00,api
openalex,Universidad de Atacama,2023,2019-2023,citas_openalex,25373,citas,Citas recibidas por los trabajos de la ventana (histograma sobre 1503 de 1507),"https://api.openalex.org/works?filter=institutions.id:I201487725,publication_year:2019-2023",2026-09-25T22:38:18+00:00,api
openalex,Universidad de Atacama,2023,2019-2023,citas_por_documento_openalex,16.882,citas por documento,"Citas por trabajo, sobre los trabajos del histograma","https://api.openalex.org/works?filter=institutions.id:I201487725,publication_year:2019-2023",2026-09-25T22:38:18+00:00,api
openalex,Universidad de Atacama,2023,2019-2023,pct_colaboracion_internacional,65.16,%,Trabajos con coautor de una institución de otro país,"https://api.openalex.org/works?filter=institutions.id:I201487725,publication_year:2019-2023",2026-09-25T22:38:18+00:00,api
openalex,Universidad de Atacama,2024,2020-2024,publicaciones_openalex,1603,trabajos,Trabajos con al menos un autor de la institución,"https://api.openalex.org/works?filter=institutions.id:I201487725,publication_year:2020-2024",2026-09-25T22:38:18+00:00,api
openalex,Universidad de Atacama,2024,2020-2024,publicaciones_openalex_article,1316,trabajos,Trabajos de tipo «article»,"https://api.openalex.org/works?filter=institutions.id:I201487725,publication_year:2020-2024",2026-09-25T22:38:18+00:00,api
openalex,Universidad de Atacama,2024,2020-2024,publicaciones_openalex_book,6,trabajos,Trabajos de tipo «book»,"https://api.openalex.org/works?filter=institutions.id:I201487725,publication_year:2020-2024",2026-09-25T22:38:18+00:00,api
openalex,Universidad de Atacama,2024,2020-2024,publicaciones_openalex_book-chapter,49,trabajos,Trabajos de tipo «book-chapter»,"https://api.openalex.org/works?filter=institutions.id:I201487725,publication_year:2020-2024",2026-09-25T22:38:18+00:00,api
openalex,Universidad de Atacama,2024,2020-2024,publicaciones_openalex_book-review,1,trabajos,Trabajos de tipo «book-review»,"https://api.openalex.org/works?filter=institutions.id:I201487725,publication_year:2020-2024",2026-09-25T22:38:18+00:00,api
openalex,Universidad de Atacama,2024,2020-2024,publicaciones_openalex_conference-abstract,15,trabajos,Trabajos de tipo «conference-abstract»,"https://api.openalex.org/works?filter=institutions.id:I201487725,publication_year:2020-2024",2026-09-25T22:38:18+00:00,api
openalex,Universidad de Atacama,2024,2020-2024,publicaciones_openalex_conference-paper,74,trabajos,Trabajos de tipo «conference-paper»,"https://api.openalex.org/works?filter=institutions.id:I201487725,publication_year:2020-2024",2026-09-25T22:38:18+00:00,api
openalex,Universidad de Atacama,2024,2020-2024,publicaciones_openalex_data-paper,2,trabajos,Trabajos de tipo «data-paper»,"https://api.openalex.org/works?filter=institutions.id:I201487725,publication_year:2020-2024",2026-09-25T22:38:18+00:00,api
openalex,Universidad de Atacama,2024,2020-2024,publicaciones_openalex_dataset,16,trabajos,Trabajos de tipo «dataset»,"https://api.openalex.org/works?filter=institutions.id:I201487725,publication_year:2020-2024",2026-09-25T22:38:18+00:00,api
openalex,Universidad de Atacama,2024,2020-2024,publicaciones_openalex_dissertation,1,trabajos,Trabajos de tipo «dissertation»,"https://api.openalex.org/works?filter=institutions.id:I201487725,publication_year:2020-2024",2026-09-25T22:38:18+00:00,api
openalex,Universidad de Atacama,2024,2020-2024,publicaciones_openalex_editorial,6,trabajos,Trabajos de tipo «editorial»,"https://api.openalex.org/works?filter=institutions.id:I201487725,publication_year:2020-2024",2026-09-25T22:38:18+00:00,api
openalex,Universidad de Atacama,2024,2020-2024,publicaciones_openalex_erratum,12,trabajos,Trabajos de tipo «erratum»,"https://api.openalex.org/works?filter=institutions.id:I201487725,publication_year:2020-2024",2026-09-25T22:38:18+00:00,api
openalex,Universidad de Atacama,2024,2020-2024,publicaciones_openalex_other,6,trabajos,Trabajos de tipo «other»,"https://api.openalex.org/works?filter=institutions.id:I201487725,publication_year:2020-2024",2026-09-25T22:38:18+00:00,api
openalex,Universidad de Atacama,2024,2020-2024,publicaciones_openalex_paratext,4,trabajos,Trabajos de tipo «paratext»,"https://api.openalex.org/works?filter=institutions.id:I201487725,publication_year:2020-2024",2026-09-25T22:38:18+00:00,api
openalex,Universidad de Atacama,2024,2020-2024,publicaciones_openalex_peer-review,19,trabajos,Trabajos de tipo «peer-review»,"https://api.openalex.org/works?filter=institutions.id:I201487725,publication_year:2020-2024",2026-09-25T22:38:18+00:00,api
openalex,Universidad de Atacama,2024,2020-2024,publicaciones_openalex_preprint,59,trabajos,Trabajos de tipo «preprint»,"https://api.openalex.org/works?filter=institutions.id:I201487725,publication_year:2020-2024",2026-09-25T22:38:18+00:00,api
openalex,Universidad de Atacama,2024,2020-2024,publicaciones_openalex_reference-entry,2,trabajos,Trabajos de tipo «reference-entry»,"https://api.openalex.org/works?filter=institutions.id:I201487725,publication_year:2020-2024",2026-09-25T22:38:18+00:00,api
openalex,Universidad de Atacama,2024,2020-2024,publicaciones_openalex_report,1,trabajos,Trabajos de tipo «report»,"https://api.openalex.org/works?filter=institutions.id:I201487725,publication_year:2020-2024",2026-09-25T22:38:18+00:00,api
openalex,Universidad de Atacama,2024,2020-2024,publicaciones_openalex_retraction,1,trabajos,Trabajos de tipo «retraction»,"https://api.openalex.org/works?filter=institutions.id:I201487725,publication_year:2020-2024",2026-09-25T22:38:18+00:00,api
openalex,Universidad de Atacama,2024,2020-2024,publicaciones_openalex_review,13,trabajos,Trabajos de tipo «review»,"https://api.openalex.org/works?filter=institutions.id:I201487725,publication_year:2020-2024",2026-09-25T22:38:18+00:00,api
openalex,Universidad de Atacama,2024,2020-2024,citas_openalex,22046,citas,Citas recibidas por los trabajos de la ventana (histograma sobre 1600 de 1603),"https://api.openalex.org/works?filter=institutions.id:I201487725,publication_year:2020-2024",2026-09-25T22:38:18+00:00,api
openalex,Universidad de Atacama,2024,2020-2024,citas_por_documento_openalex,13.779,citas por documento,"Citas por trabajo, sobre los trabajos del histograma","https://api.openalex.org/works?filter=institutions.id:I201487725,publication_year:2020-2024",2026-09-25T22:38:18+00:00,api
openalex,Universidad de Atacama,2024,2020-2024,pct_colaboracion_internacional,64.19,%,Trabajos con coautor de una institución de otro país,"https://api.openalex.org/works?filter=institutions.id:I201487725,publication_year:2020-2024",2026-09-25T22:38:18+00:00,api
openalex,Universidad de Atacama,2024,2020-2024,socios_recurrentes,199,instituciones,Instituciones con 3 o más trabajos conjuntos,https://api.openalex.org/works,2026-09-25T22:38:18+00:00,api
openalex,Universidad de Atacama,2024,2020-2024,socios_recurrentes_paises,198,países,Países distintos entre los socios recurrentes,https://api.openalex.org/works,2026-09-25T22:38:18+00:00,api
openalex,Universidad de Chile,2022,2018-2022,publicaciones_openalex,24325,trabajos,Trabajos con al menos un autor de la institución,"https://api.openalex.org/works?filter=institutions.id:I69737025,publication_year:2018-2022",2026-09-25T22:38:19+00:00,api
openalex,Universidad de Chile,2022,2018-2022,publicaciones_openalex_article,19688,trabajos,Trabajos de tipo «article»,"https://api.openalex.org/works?filter=institutions.id:I69737025,publication_year:2018-2022",2026-09-25T22:38:19+00:00,api
openalex,Universidad de Chile,2022,2018-2022,publicaciones_openalex_book,46,trabajos,Trabajos de tipo «book»,"https://api.openalex.org/works?filter=institutions.id:I69737025,publication_year:2018-2022",2026-09-25T22:38:19+00:00,api
openalex,Universidad de Chile,2022,2018-2022,publicaciones_openalex_book-chapter,728,trabajos,Trabajos de tipo «book-chapter»,"https://api.openalex.org/works?filter=institutions.id:I69737025,publication_year:2018-2022",2026-09-25T22:38:19+00:00,api
openalex,Universidad de Chile,2022,2018-2022,publicaciones_openalex_book-review,97,trabajos,Trabajos de tipo «book-review»,"https://api.openalex.org/works?filter=institutions.id:I69737025,publication_year:2018-2022",2026-09-25T22:38:19+00:00,api
openalex,Universidad de Chile,2022,2018-2022,publicaciones_openalex_conference-abstract,328,trabajos,Trabajos de tipo «conference-abstract»,"https://api.openalex.org/works?filter=institutions.id:I69737025,publication_year:2018-2022",2026-09-25T22:38:19+00:00,api
openalex,Universidad de Chile,2022,2018-2022,publicaciones_openalex_conference-paper,1024,trabajos,Trabajos de tipo «conference-paper»,"https://api.openalex.org/works?filter=institutions.id:I69737025,publication_year:2018-2022",2026-09-25T22:38:19+00:00,api
openalex,Universidad de Chile,2022,2018-2022,publicaciones_openalex_data-paper,17,trabajos,Trabajos de tipo «data-paper»,"https://api.openalex.org/works?filter=institutions.id:I69737025,publication_year:2018-2022",2026-09-25T22:38:19+00:00,api
openalex,Universidad de Chile,2022,2018-2022,publicaciones_openalex_dataset,377,trabajos,Trabajos de tipo «dataset»,"https://api.openalex.org/works?filter=institutions.id:I69737025,publication_year:2018-2022",2026-09-25T22:38:19+00:00,api
openalex,Universidad de Chile,2022,2018-2022,publicaciones_openalex_dissertation,1,trabajos,Trabajos de tipo «dissertation»,"https://api.openalex.org/works?filter=institutions.id:I69737025,publication_year:2018-2022",2026-09-25T22:38:19+00:00,api
openalex,Universidad de Chile,2022,2018-2022,publicaciones_openalex_editorial,239,trabajos,Trabajos de tipo «editorial»,"https://api.openalex.org/works?filter=institutions.id:I69737025,publication_year:2018-2022",2026-09-25T22:38:19+00:00,api
openalex,Universidad de Chile,2022,2018-2022,publicaciones_openalex_erratum,117,trabajos,Trabajos de tipo «erratum»,"https://api.openalex.org/works?filter=institutions.id:I69737025,publication_year:2018-2022",2026-09-25T22:38:19+00:00,api
openalex,Universidad de Chile,2022,2018-2022,publicaciones_openalex_letter,29,trabajos,Trabajos de tipo «letter»,"https://api.openalex.org/works?filter=institutions.id:I69737025,publication_year:2018-2022",2026-09-25T22:38:19+00:00,api
openalex,Universidad de Chile,2022,2018-2022,publicaciones_openalex_other,53,trabajos,Trabajos de tipo «other»,"https://api.openalex.org/works?filter=institutions.id:I69737025,publication_year:2018-2022",2026-09-25T22:38:19+00:00,api
openalex,Universidad de Chile,2022,2018-2022,publicaciones_openalex_paratext,39,trabajos,Trabajos de tipo «paratext»,"https://api.openalex.org/works?filter=institutions.id:I69737025,publication_year:2018-2022",2026-09-25T22:38:19+00:00,api
openalex,Universidad de Chile,2022,2018-2022,publicaciones_openalex_peer-review,88,trabajos,Trabajos de tipo «peer-review»,"https://api.openalex.org/works?filter=institutions.id:I69737025,publication_year:2018-2022",2026-09-25T22:38:19+00:00,api
openalex,Universidad de Chile,2022,2018-2022,publicaciones_openalex_preprint,1048,trabajos,Trabajos de tipo «preprint»,"https://api.openalex.org/works?filter=institutions.id:I69737025,publication_year:2018-2022",2026-09-25T22:38:19+00:00,api
openalex,Universidad de Chile,2022,2018-2022,publicaciones_openalex_reference-entry,138,trabajos,Trabajos de tipo «reference-entry»,"https://api.openalex.org/works?filter=institutions.id:I69737025,publication_year:2018-2022",2026-09-25T22:38:19+00:00,api
openalex,Universidad de Chile,2022,2018-2022,publicaciones_openalex_report,48,trabajos,Trabajos de tipo «report»,"https://api.openalex.org/works?filter=institutions.id:I69737025,publication_year:2018-2022",2026-09-25T22:38:19+00:00,api
openalex,Universidad de Chile,2022,2018-2022,publicaciones_openalex_retraction,3,trabajos,Trabajos de tipo «retraction»,"https://api.openalex.org/works?filter=institutions.id:I69737025,publication_year:2018-2022",2026-09-25T22:38:19+00:00,api
openalex,Universidad de Chile,2022,2018-2022,publicaciones_openalex_review,201,trabajos,Trabajos de tipo «review»,"https://api.openalex.org/works?filter=institutions.id:I69737025,publication_year:2018-2022",2026-09-25T22:38:19+00:00,api
openalex,Universidad de Chile,2022,2018-2022,publicaciones_openalex_software,1,trabajos,Trabajos de tipo «software»,"https://api.openalex.org/works?filter=institutions.id:I69737025,publication_year:2018-2022",2026-09-25T22:38:19+00:00,api
openalex,Universidad de Chile,2022,2018-2022,publicaciones_openalex_supplementary-materials,15,trabajos,Trabajos de tipo «supplementary-materials»,"https://api.openalex.org/works?filter=institutions.id:I69737025,publication_year:2018-2022",2026-09-25T22:38:19+00:00,api
openalex,Universidad de Chile,2022,2018-2022,citas_openalex,350280,citas,Citas recibidas por los trabajos de la ventana (histograma sobre 24045 de 24325),"https://api.openalex.org/works?filter=institutions.id:I69737025,publication_year:2018-2022",2026-09-25T22:38:19+00:00,api
openalex,Universidad de Chile,2022,2018-2022,citas_por_documento_openalex,14.568,citas por documento,"Citas por trabajo, sobre los trabajos del histograma","https://api.openalex.org/works?filter=institutions.id:I69737025,publication_year:2018-2022",2026-09-25T22:38:19+00:00,api
openalex,Universidad de Chile,2022,2018-2022,pct_colaboracion_internacional,49.32,%,Trabajos con coautor de una institución de otro país,"https://api.openalex.org/works?filter=institutions.id:I69737025,publication_year:2018-2022",2026-09-25T22:38:19+00:00,api
openalex,Universidad de Chile,2023,2019-2023,publicaciones_openalex,24625,trabajos,Trabajos con al menos un autor de la institución,"https://api.openalex.org/works?filter=institutions.id:I69737025,publication_year:2019-2023",2026-09-25T22:38:19+00:00,api
openalex,Universidad de Chile,2023,2019-2023,publicaciones_openalex_article,19614,trabajos,Trabajos de tipo «article»,"https://api.openalex.org/works?filter=institutions.id:I69737025,publication_year:2019-2023",2026-09-25T22:38:19+00:00,api
openalex,Universidad de Chile,2023,2019-2023,publicaciones_openalex_book,55,trabajos,Trabajos de tipo «book»,"https://api.openalex.org/works?filter=institutions.id:I69737025,publication_year:2019-2023",2026-09-25T22:38:19+00:00,api
openalex,Universidad de Chile,2023,2019-2023,publicaciones_openalex_book-chapter,737,trabajos,Trabajos de tipo «book-chapter»,"https://api.openalex.org/works?filter=institutions.id:I69737025,publication_year:2019-2023",2026-09-25T22:38:19+00:00,api
openalex,Universidad de Chile,2023,2019-2023,publicaciones_openalex_book-review,98,trabajos,Trabajos de tipo «book-review»,"https://api.openalex.org/works?filter=institutions.id:I69737025,publication_year:2019-2023",2026-09-25T22:38:19+00:00,api
openalex,Universidad de Chile,2023,2019-2023,publicaciones_openalex_conference-abstract,326,trabajos,Trabajos de tipo «conference-abstract»,"https://api.openalex.org/works?filter=institutions.id:I69737025,publication_year:2019-2023",2026-09-25T22:38:19+00:00,api
openalex,Universidad de Chile,2023,2019-2023,publicaciones_openalex_conference-paper,960,trabajos,Trabajos de tipo «conference-paper»,"https://api.openalex.org/works?filter=institutions.id:I69737025,publication_year:2019-2023",2026-09-25T22:38:19+00:00,api
openalex,Universidad de Chile,2023,2019-2023,publicaciones_openalex_data-paper,20,trabajos,Trabajos de tipo «data-paper»,"https://api.openalex.org/works?filter=institutions.id:I69737025,publication_year:2019-2023",2026-09-25T22:38:19+00:00,api
openalex,Universidad de Chile,2023,2019-2023,publicaciones_openalex_dataset,389,trabajos,Trabajos de tipo «dataset»,"https://api.openalex.org/works?filter=institutions.id:I69737025,publication_year:2019-2023",2026-09-25T22:38:19+00:00,api
openalex,Universidad de Chile,2023,2019-2023,publicaciones_openalex_dissertation,3,trabajos,Trabajos de tipo «dissertation»,"https://api.openalex.org/works?filter=institutions.id:I69737025,publication_year:2019-2023",2026-09-25T22:38:19+00:00,api
openalex,Universidad de Chile,2023,2019-2023,publicaciones_openalex_editorial,243,trabajos,Trabajos de tipo «editorial»,"https://api.openalex.org/works?filter=institutions.id:I69737025,publication_year:2019-2023",2026-09-25T22:38:19+00:00,api
openalex,Universidad de Chile,2023,2019-2023,publicaciones_openalex_erratum,121,trabajos,Trabajos de tipo «erratum»,"https://api.openalex.org/works?filter=institutions.id:I69737025,publication_year:2019-2023",2026-09-25T22:38:19+00:00,api
openalex,Universidad de Chile,2023,2019-2023,publicaciones_openalex_letter,29,trabajos,Trabajos de tipo «letter»,"https://api.openalex.org/works?filter=institutions.id:I69737025,publication_year:2019-2023",2026-09-25T22:38:19+00:00,api
openalex,Universidad de Chile,2023,2019-2023,publicaciones_openalex_other,54,trabajos,Trabajos de tipo «other»,"https://api.openalex.org/works?filter=institutions.id:I69737025,publication_year:2019-2023",2026-09-25T22:38:19+00:00,api
openalex,Universidad de Chile,2023,2019-2023,publicaciones_openalex_paratext,39,trabajos,Trabajos de tipo «paratext»,"https://api.openalex.org/works?filter=institutions.id:I69737025,publication_year:2019-2023",2026-09-25T22:38:19+00:00,api
openalex,Universidad de Chile,2023,2019-2023,publicaciones_openalex_peer-review,191,trabajos,Trabajos de tipo «peer-review»,"https://api.openalex.org/works?filter=institutions.id:I69737025,publication_year:2019-2023",2026-09-25T22:38:19+00:00,api
openalex,Universidad de Chile,2023,2019-2023,publicaciones_openalex_preprint,1289,trabajos,Trabajos de tipo «preprint»,"https://api.openalex.org/works?filter=institutions.id:I69737025,publication_year:2019-2023",2026-09-25T22:38:19+00:00,api
openalex,Universidad de Chile,2023,2019-2023,publicaciones_openalex_reference-entry,142,trabajos,Trabajos de tipo «reference-entry»,"https://api.openalex.org/works?filter=institutions.id:I69737025,publication_year:2019-2023",2026-09-25T22:38:19+00:00,api
openalex,Universidad de Chile,2023,2019-2023,publicaciones_openalex_report,59,trabajos,Trabajos de tipo «report»,"https://api.openalex.org/works?filter=institutions.id:I69737025,publication_year:2019-2023",2026-09-25T22:38:19+00:00,api
openalex,Universidad de Chile,2023,2019-2023,publicaciones_openalex_retraction,5,trabajos,Trabajos de tipo «retraction»,"https://api.openalex.org/works?filter=institutions.id:I69737025,publication_year:2019-2023",2026-09-25T22:38:19+00:00,api
openalex,Universidad de Chile,2023,2019-2023,publicaciones_openalex_review,221,trabajos,Trabajos de tipo «review»,"https://api.openalex.org/works?filter=institutions.id:I69737025,publication_year:2019-2023",2026-09-25T22:38:19+00:00,api
openalex,Universidad de Chile,2023,2019-2023,publicaciones_openalex_software,1,trabajos,Trabajos de tipo «software»,"https://api.openalex.org/works?filter=institutions.id:I69737025,publication_year:2019-2023",2026-09-25T22:38:19+00:00,api
openalex,Universidad de Chile,2023,2019-2023,publicaciones_openalex_supplementary-materials,29,trabajos,Trabajos de tipo «supplementary-materials»,"https://api.openalex.org/works?filter=institutions.id:I69737025,publication_year:2019-2023",2026-09-25T22:38:19+00:00,api
openalex,Universidad de Chile,2023,2019-2023,citas_openalex,306609,citas,Citas recibidas por los trabajos de la ventana (histograma sobre 24417 de 24625),"https://api.openalex.org/works?filter=institutions.id:I69737025,publication_year:2019-2023",2026-09-25T22:38:19+00:00,api
openalex,Universidad de Chile,2023,2019-2023,citas_por_documento_openalex,12.557,citas por documento,"Citas por trabajo, sobre los trabajos del histograma","https://api.openalex.org/works?filter=institutions.id:I69737025,publication_year:2019-2023",2026-09-25T22:38:19+00:00,api
openalex,Universidad de Chile,2023,2019-2023,pct_colaboracion_internacional,50.05,%,Trabajos con coautor de una institución de otro país,"https://api.openalex.org/works?filter=institutions.id:I69737025,publication_year:2019-2023",2026-09-25T22:38:19+00:00,api
openalex,Universidad de Chile,2024,2020-2024,publicaciones_openalex,24648,trabajos,Trabajos con al menos un autor de la institución,"https://api.openalex.org/works?filter=institutions.id:I69737025,publication_year:2020-2024",2026-09-25T22:38:19+00:00,api
openalex,Universidad de Chile,2024,2020-2024,publicaciones_openalex_article,19537,trabajos,Trabajos de tipo «article»,"https://api.openalex.org/works?filter=institutions.id:I69737025,publication_year:2020-2024",2026-09-25T22:38:19+00:00,api
openalex,Universidad de Chile,2024,2020-2024,publicaciones_openalex_book,55,trabajos,Trabajos de tipo «book»,"https://api.openalex.org/works?filter=institutions.id:I69737025,publication_year:2020-2024",2026-09-25T22:38:19+00:00,api
openalex,Universidad de Chile,2024,2020-2024,publicaciones_openalex_book-chapter,661,trabajos,Trabajos de tipo «book-chapter»,"https://api.openalex.org/works?filter=institutions.id:I69737025,publication_year:2020-2024",2026-09-25T22:38:19+00:00,api
openalex,Universidad de Chile,2024,2020-2024,publicaciones_openalex_book-review,99,trabajos,Trabajos de tipo «book-review»,"https://api.openalex.org/works?filter=institutions.id:I69737025,publication_year:2020-2024",2026-09-25T22:38:19+00:00,api
openalex,Universidad de Chile,2024,2020-2024,publicaciones_openalex_conference-abstract,349,trabajos,Trabajos de tipo «conference-abstract»,"https://api.openalex.org/works?filter=institutions.id:I69737025,publication_year:2020-2024",2026-09-25T22:38:19+00:00,api
openalex,Universidad de Chile,2024,2020-2024,publicaciones_openalex_conference-paper,962,trabajos,Trabajos de tipo «conference-paper»,"https://api.openalex.org/works?filter=institutions.id:I69737025,publication_year:2020-2024",2026-09-25T22:38:19+00:00,api
openalex,Universidad de Chile,2024,2020-2024,publicaciones_openalex_data-paper,19,trabajos,Trabajos de tipo «data-paper»,"https://api.openalex.org/works?filter=institutions.id:I69737025,publication_year:2020-2024",2026-09-25T22:38:19+00:00,api
openalex,Universidad de Chile,2024,2020-2024,publicaciones_openalex_dataset,327,trabajos,Trabajos de tipo «dataset»,"https://api.openalex.org/works?filter=institutions.id:I69737025,publication_year:2020-2024",2026-09-25T22:38:19+00:00,api
openalex,Universidad de Chile,2024,2020-2024,publicaciones_openalex_dissertation,4,trabajos,Trabajos de tipo «dissertation»,"https://api.openalex.org/works?filter=institutions.id:I69737025,publication_year:2020-2024",2026-09-25T22:38:19+00:00,api
openalex,Universidad de Chile,2024,2020-2024,publicaciones_openalex_editorial,236,trabajos,Trabajos de tipo «editorial»,"https://api.openalex.org/works?filter=institutions.id:I69737025,publication_year:2020-2024",2026-09-25T22:38:19+00:00,api
openalex,Universidad de Chile,2024,2020-2024,publicaciones_openalex_erratum,125,trabajos,Trabajos de tipo «erratum»,"https://api.openalex.org/works?filter=institutions.id:I69737025,publication_year:2020-2024",2026-09-25T22:38:19+00:00,api
openalex,Universidad de Chile,2024,2020-2024,publicaciones_openalex_letter,27,trabajos,Trabajos de tipo «letter»,"https://api.openalex.org/works?filter=institutions.id:I69737025,publication_year:2020-2024",2026-09-25T22:38:19+00:00,api
openalex,Universidad de Chile,2024,2020-2024,publicaciones_openalex_other,49,trabajos,Trabajos de tipo «other»,"https://api.openalex.org/works?filter=institutions.id:I69737025,publication_year:2020-2024",2026-09-25T22:38:19+00:00,api
openalex,Universidad de Chile,2024,2020-2024,publicaciones_openalex_paratext,34,trabajos,Trabajos de tipo «paratext»,"https://api.openalex.org/works?filter=institutions.id:I69737025,publication_year:2020-2024",2026-09-25T22:38:19+00:00,api
openalex,Universidad de Chile,2024,2020-2024,publicaciones_openalex_peer-review,224,trabajos,Trabajos de tipo «peer-review»,"https://api.openalex.org/works?filter=institutions.id:I69737025,publication_year:2020-2024",2026-09-25T22:38:19+00:00,api
openalex,Universidad de Chile,2024,2020-2024,publicaciones_openalex_preprint,1452,trabajos,Trabajos de tipo «preprint»,"https://api.openalex.org/works?filter=institutions.id:I69737025,publication_year:2020-2024",2026-09-25T22:38:19+00:00,api
openalex,Universidad de Chile,2024,2020-2024,publicaciones_openalex_reference-entry,129,trabajos,Trabajos de tipo «reference-entry»,"https://api.openalex.org/works?filter=institutions.id:I69737025,publication_year:2020-2024",2026-09-25T22:38:19+00:00,api
openalex,Universidad de Chile,2024,2020-2024,publicaciones_openalex_report,64,trabajos,Trabajos de tipo «report»,"https://api.openalex.org/works?filter=institutions.id:I69737025,publication_year:2020-2024",2026-09-25T22:38:19+00:00,api
openalex,Universidad de Chile,2024,2020-2024,publicaciones_openalex_retraction,6,trabajos,Trabajos de tipo «retraction»,"https://api.openalex.org/works?filter=institutions.id:I69737025,publication_year:2020-2024",2026-09-25T22:38:19+00:00,api
openalex,Universidad de Chile,2024,2020-2024,publicaciones_openalex_review,259,trabajos,Trabajos de tipo «review»,"https://api.openalex.org/works?filter=institutions.id:I69737025,publication_year:2020-2024",2026-09-25T22:38:19+00:00,api
openalex,Universidad de Chile,2024,2020-2024,publicaciones_openalex_software-paper,1,trabajos,Trabajos de tipo «software-paper»,"https://api.openalex.org/works?filter=institutions.id:I69737025,publication_year:2020-2024",2026-09-25T22:38:19+00:00,api
openalex,Universidad de Chile,2024,2020-2024,publicaciones_openalex_supplementary-materials,29,trabajos,Trabajos de tipo «supplementary-materials»,"https://api.openalex.org/works?filter=institutions.id:I69737025,publication_year:2020-2024",2026-09-25T22:38:19+00:00,api
openalex,Universidad de Chile,2024,2020-2024,citas_openalex,257985,citas,Citas recibidas por los trabajos de la ventana (histograma sobre 24507 de 24648),"https://api.openalex.org/works?filter=institutions.id:I69737025,publication_year:2020-2024",2026-09-25T22:38:19+00:00,api
openalex,Universidad de Chile,2024,2020-2024,citas_por_documento_openalex,10.527,citas por documento,"Citas por trabajo, sobre los trabajos del histograma","https://api.openalex.org/works?filter=institutions.id:I69737025,publication_year:2020-2024",2026-09-25T22:38:19+00:00,api
openalex,Universidad de Chile,2024,2020-2024,pct_colaboracion_internacional,50.9,%,Trabajos con coautor de una institución de otro país,"https://api.openalex.org/works?filter=institutions.id:I69737025,publication_year:2020-2024",2026-09-25T22:38:19+00:00,api
openalex,Universidad de Chile,2024,2020-2024,socios_recurrentes,199,instituciones,Instituciones con 3 o más trabajos conjuntos,https://api.openalex.org/works,2026-09-25T22:38:19+00:00,api
openalex,Universidad de Chile,2024,2020-2024,socios_recurrentes_paises,197,países,Países distintos entre los socios recurrentes,https://api.openalex.org/works,2026-09-25T22:38:19+00:00,api
openalex,Universidad de Concepcion,2022,2018-2022,publicaciones_openalex,10177,trabajos,Trabajos con al menos un autor de la institución,"https://api.openalex.org/works?filter=institutions.id:I172787465,publication_year:2018-2022",2026-09-25T22:38:19+00:00,api
openalex,Universidad de Concepcion,2022,2018-2022,publicaciones_openalex_article,8658,trabajos,Trabajos de tipo «article»,"https://api.openalex.org/works?filter=institutions.id:I172787465,publication_year:2018-2022",2026-09-25T22:38:19+00:00,api
openalex,Universidad de Concepcion,2022,2018-2022,publicaciones_openalex_book,16,trabajos,Trabajos de tipo «book»,"https://api.openalex.org/works?filter=institutions.id:I172787465,publication_year:2018-2022",2026-09-25T22:38:19+00:00,api
openalex,Universidad de Concepcion,2022,2018-2022,publicaciones_openalex_book-chapter,209,trabajos,Trabajos de tipo «book-chapter»,"https://api.openalex.org/works?filter=institutions.id:I172787465,publication_year:2018-2022",2026-09-25T22:38:19+00:00,api
openalex,Universidad de Concepcion,2022,2018-2022,publicaciones_openalex_book-review,26,trabajos,Trabajos de tipo «book-review»,"https://api.openalex.org/works?filter=institutions.id:I172787465,publication_year:2018-2022",2026-09-25T22:38:19+00:00,api
openalex,Universidad de Concepcion,2022,2018-2022,publicaciones_openalex_conference-abstract,80,trabajos,Trabajos de tipo «conference-abstract»,"https://api.openalex.org/works?filter=institutions.id:I172787465,publication_year:2018-2022",2026-09-25T22:38:19+00:00,api
openalex,Universidad de Concepcion,2022,2018-2022,publicaciones_openalex_conference-paper,329,trabajos,Trabajos de tipo «conference-paper»,"https://api.openalex.org/works?filter=institutions.id:I172787465,publication_year:2018-2022",2026-09-25T22:38:19+00:00,api
openalex,Universidad de Concepcion,2022,2018-2022,publicaciones_openalex_data-paper,11,trabajos,Trabajos de tipo «data-paper»,"https://api.openalex.org/works?filter=institutions.id:I172787465,publication_year:2018-2022",2026-09-25T22:38:19+00:00,api
openalex,Universidad de Concepcion,2022,2018-2022,publicaciones_openalex_dataset,145,trabajos,Trabajos de tipo «dataset»,"https://api.openalex.org/works?filter=institutions.id:I172787465,publication_year:2018-2022",2026-09-25T22:38:19+00:00,api
openalex,Universidad de Concepcion,2022,2018-2022,publicaciones_openalex_dissertation,30,trabajos,Trabajos de tipo «dissertation»,"https://api.openalex.org/works?filter=institutions.id:I172787465,publication_year:2018-2022",2026-09-25T22:38:19+00:00,api
openalex,Universidad de Concepcion,2022,2018-2022,publicaciones_openalex_editorial,45,trabajos,Trabajos de tipo «editorial»,"https://api.openalex.org/works?filter=institutions.id:I172787465,publication_year:2018-2022",2026-09-25T22:38:19+00:00,api
openalex,Universidad de Concepcion,2022,2018-2022,publicaciones_openalex_erratum,58,trabajos,Trabajos de tipo «erratum»,"https://api.openalex.org/works?filter=institutions.id:I172787465,publication_year:2018-2022",2026-09-25T22:38:19+00:00,api
openalex,Universidad de Concepcion,2022,2018-2022,publicaciones_openalex_letter,6,trabajos,Trabajos de tipo «letter»,"https://api.openalex.org/works?filter=institutions.id:I172787465,publication_year:2018-2022",2026-09-25T22:38:19+00:00,api
openalex,Universidad de Concepcion,2022,2018-2022,publicaciones_openalex_other,23,trabajos,Trabajos de tipo «other»,"https://api.openalex.org/works?filter=institutions.id:I172787465,publication_year:2018-2022",2026-09-25T22:38:19+00:00,api
openalex,Universidad de Concepcion,2022,2018-2022,publicaciones_openalex_paratext,17,trabajos,Trabajos de tipo «paratext»,"https://api.openalex.org/works?filter=institutions.id:I172787465,publication_year:2018-2022",2026-09-25T22:38:19+00:00,api
openalex,Universidad de Concepcion,2022,2018-2022,publicaciones_openalex_peer-review,41,trabajos,Trabajos de tipo «peer-review»,"https://api.openalex.org/works?filter=institutions.id:I172787465,publication_year:2018-2022",2026-09-25T22:38:19+00:00,api
openalex,Universidad de Concepcion,2022,2018-2022,publicaciones_openalex_preprint,399,trabajos,Trabajos de tipo «preprint»,"https://api.openalex.org/works?filter=institutions.id:I172787465,publication_year:2018-2022",2026-09-25T22:38:19+00:00,api
openalex,Universidad de Concepcion,2022,2018-2022,publicaciones_openalex_reference-entry,13,trabajos,Trabajos de tipo «reference-entry»,"https://api.openalex.org/works?filter=institutions.id:I172787465,publication_year:2018-2022",2026-09-25T22:38:19+00:00,api
openalex,Universidad de Concepcion,2022,2018-2022,publicaciones_openalex_report,3,trabajos,Trabajos de tipo «report»,"https://api.openalex.org/works?filter=institutions.id:I172787465,publication_year:2018-2022",2026-09-25T22:38:19+00:00,api
openalex,Universidad de Concepcion,2022,2018-2022,publicaciones_openalex_retraction,1,trabajos,Trabajos de tipo «retraction»,"https://api.openalex.org/works?filter=institutions.id:I172787465,publication_year:2018-2022",2026-09-25T22:38:19+00:00,api
openalex,Universidad de Concepcion,2022,2018-2022,publicaciones_openalex_review,57,trabajos,Trabajos de tipo «review»,"https://api.openalex.org/works?filter=institutions.id:I172787465,publication_year:2018-2022",2026-09-25T22:38:19+00:00,api
openalex,Universidad de Concepcion,2022,2018-2022,publicaciones_openalex_software-paper,2,trabajos,Trabajos de tipo «software-paper»,"https://api.openalex.org/works?filter=institutions.id:I172787465,publication_year:2018-2022",2026-09-25T22:38:19+00:00,api
openalex,Universidad de Concepcion,2022,2018-2022,publicaciones_openalex_supplementary-materials,8,trabajos,Trabajos de tipo «supplementary-materials»,"https://api.openalex.org/works?filter=institutions.id:I172787465,publication_year:2018-2022",2026-09-25T22:38:19+00:00,api
openalex,Universidad de Concepcion,2022,2018-2022,citas_openalex,166696,citas,Citas recibidas por los trabajos de la ventana (histograma sobre 10045 de 10177),"https://api.openalex.org/works?filter=institutions.id:I172787465,publication_year:2018-2022",2026-09-25T22:38:19+00:00,api
openalex,Universidad de Concepcion,2022,2018-2022,citas_por_documento_openalex,16.595,citas por documento,"Citas por trabajo, sobre los trabajos del histograma","https://api.openalex.org/works?filter=institutions.id:I172787465,publication_year:2018-2022",2026-09-25T22:38:19+00:00,api
openalex,Universidad de Concepcion,2022,2018-2022,pct_colaboracion_internacional,55.94,%,Trabajos con coautor de una institución de otro país,"https://api.openalex.org/works?filter=institutions.id:I172787465,publication_year:2018-2022",2026-09-25T22:38:19+00:00,api
openalex,Universidad de Concepcion,2023,2019-2023,publicaciones_openalex,10559,trabajos,Trabajos con al menos un autor de la institución,"https://api.openalex.org/works?filter=institutions.id:I172787465,publication_year:2019-2023",2026-09-25T22:38:19+00:00,api
openalex,Universidad de Concepcion,2023,2019-2023,publicaciones_openalex_article,8711,trabajos,Trabajos de tipo «article»,"https://api.openalex.org/works?filter=institutions.id:I172787465,publication_year:2019-2023",2026-09-25T22:38:19+00:00,api
openalex,Universidad de Concepcion,2023,2019-2023,publicaciones_openalex_book,26,trabajos,Trabajos de tipo «book»,"https://api.openalex.org/works?filter=institutions.id:I172787465,publication_year:2019-2023",2026-09-25T22:38:19+00:00,api
openalex,Universidad de Concepcion,2023,2019-2023,publicaciones_openalex_book-chapter,242,trabajos,Trabajos de tipo «book-chapter»,"https://api.openalex.org/works?filter=institutions.id:I172787465,publication_year:2019-2023",2026-09-25T22:38:19+00:00,api
openalex,Universidad de Concepcion,2023,2019-2023,publicaciones_openalex_book-review,31,trabajos,Trabajos de tipo «book-review»,"https://api.openalex.org/works?filter=institutions.id:I172787465,publication_year:2019-2023",2026-09-25T22:38:19+00:00,api
openalex,Universidad de Concepcion,2023,2019-2023,publicaciones_openalex_conference-abstract,99,trabajos,Trabajos de tipo «conference-abstract»,"https://api.openalex.org/works?filter=institutions.id:I172787465,publication_year:2019-2023",2026-09-25T22:38:19+00:00,api
openalex,Universidad de Concepcion,2023,2019-2023,publicaciones_openalex_conference-paper,304,trabajos,Trabajos de tipo «conference-paper»,"https://api.openalex.org/works?filter=institutions.id:I172787465,publication_year:2019-2023",2026-09-25T22:38:19+00:00,api
openalex,Universidad de Concepcion,2023,2019-2023,publicaciones_openalex_data-paper,15,trabajos,Trabajos de tipo «data-paper»,"https://api.openalex.org/works?filter=institutions.id:I172787465,publication_year:2019-2023",2026-09-25T22:38:19+00:00,api
openalex,Universidad de Concepcion,2023,2019-2023,publicaciones_openalex_dataset,150,trabajos,Trabajos de tipo «dataset»,"https://api.openalex.org/works?filter=institutions.id:I172787465,publication_year:2019-2023",2026-09-25T22:38:19+00:00,api
openalex,Universidad de Concepcion,2023,2019-2023,publicaciones_openalex_dissertation,137,trabajos,Trabajos de tipo «dissertation»,"https://api.openalex.org/works?filter=institutions.id:I172787465,publication_year:2019-2023",2026-09-25T22:38:19+00:00,api
openalex,Universidad de Concepcion,2023,2019-2023,publicaciones_openalex_editorial,49,trabajos,Trabajos de tipo «editorial»,"https://api.openalex.org/works?filter=institutions.id:I172787465,publication_year:2019-2023",2026-09-25T22:38:19+00:00,api
openalex,Universidad de Concepcion,2023,2019-2023,publicaciones_openalex_erratum,58,trabajos,Trabajos de tipo «erratum»,"https://api.openalex.org/works?filter=institutions.id:I172787465,publication_year:2019-2023",2026-09-25T22:38:19+00:00,api
openalex,Universidad de Concepcion,2023,2019-2023,publicaciones_openalex_letter,6,trabajos,Trabajos de tipo «letter»,"https://api.openalex.org/works?filter=institutions.id:I172787465,publication_year:2019-2023",2026-09-25T22:38:19+00:00,api
openalex,Universidad de Concepcion,2023,2019-2023,publicaciones_openalex_other,20,trabajos,Trabajos de tipo «other»,"https://api.openalex.org/works?filter=institutions.id:I172787465,publication_year:2019-2023",2026-09-25T22:38:19+00:00,api
openalex,Universidad de Concepcion,2023,2019-2023,publicaciones_openalex_paratext,19,trabajos,Trabajos de tipo «paratext»,"https://api.openalex.org/works?filter=institutions.id:I172787465,publication_year:2019-2023",2026-09-25T22:38:19+00:00,api
openalex,Universidad de Concepcion,2023,2019-2023,publicaciones_openalex_peer-review,68,trabajos,Trabajos de tipo «peer-review»,"https://api.openalex.org/works?filter=institutions.id:I172787465,publication_year:2019-2023",2026-09-25T22:38:19+00:00,api
openalex,Universidad de Concepcion,2023,2019-2023,publicaciones_openalex_preprint,518,trabajos,Trabajos de tipo «preprint»,"https://api.openalex.org/works?filter=institutions.id:I172787465,publication_year:2019-2023",2026-09-25T22:38:19+00:00,api
openalex,Universidad de Concepcion,2023,2019-2023,publicaciones_openalex_reference-entry,10,trabajos,Trabajos de tipo «reference-entry»,"https://api.openalex.org/works?filter=institutions.id:I172787465,publication_year:2019-2023",2026-09-25T22:38:19+00:00,api
openalex,Universidad de Concepcion,2023,2019-2023,publicaciones_openalex_report,14,trabajos,Trabajos de tipo «report»,"https://api.openalex.org/works?filter=institutions.id:I172787465,publication_year:2019-2023",2026-09-25T22:38:19+00:00,api
openalex,Universidad de Concepcion,2023,2019-2023,publicaciones_openalex_retraction,2,trabajos,Trabajos de tipo «retraction»,"https://api.openalex.org/works?filter=institutions.id:I172787465,publication_year:2019-2023",2026-09-25T22:38:19+00:00,api
openalex,Universidad de Concepcion,2023,2019-2023,publicaciones_openalex_review,71,trabajos,Trabajos de tipo «review»,"https://api.openalex.org/works?filter=institutions.id:I172787465,publication_year:2019-2023",2026-09-25T22:38:19+00:00,api
openalex,Universidad de Concepcion,2023,2019-2023,publicaciones_openalex_software,1,trabajos,Trabajos de tipo «software»,"https://api.openalex.org/works?filter=institutions.id:I172787465,publication_year:2019-2023",2026-09-25T22:38:19+00:00,api
openalex,Universidad de Concepcion,2023,2019-2023,publicaciones_openalex_supplementary-materials,8,trabajos,Trabajos de tipo «supplementary-materials»,"https://api.openalex.org/works?filter=institutions.id:I172787465,publication_year:2019-2023",2026-09-25T22:38:19+00:00,api
openalex,Universidad de Concepcion,2023,2019-2023,citas_openalex,150354,citas,Citas recibidas por los trabajos de la ventana (histograma sobre 10468 de 10559),"https://api.openalex.org/works?filter=institutions.id:I172787465,publication_year:2019-2023",2026-09-25T22:38:19+00:00,api
openalex,Universidad de Concepcion,2023,2019-2023,citas_por_documento_openalex,14.363,citas por documento,"Citas por trabajo, sobre los trabajos del histograma","https://api.openalex.org/works?filter=institutions.id:I172787465,publication_year:2019-2023",2026-09-25T22:38:19+00:00,api
openalex,Universidad de Concepcion,2023,2019-2023,pct_colaboracion_internacional,57.08,%,Trabajos con coautor de una institución de otro país,"https://api.openalex.org/works?filter=institutions.id:I172787465,publication_year:2019-2023",2026-09-25T22:38:19+00:00,api
openalex,Universidad de Concepcion,2024,2020-2024,publicaciones_openalex,11123,trabajos,Trabajos con al menos un autor de la institución,"https://api.openalex.org/works?filter=institutions.id:I172787465,publication_year:2020-2024",2026-09-25T22:38:19+00:00,api
openalex,Universidad de Concepcion,2024,2020-2024,publicaciones_openalex_article,8773,trabajos,Trabajos de tipo «article»,"https://api.openalex.org/works?filter=institutions.id:I172787465,publication_year:2020-2024",2026-09-25T22:38:19+00:00,api
openalex,Universidad de Concepcion,2024,2020-2024,publicaciones_openalex_book,41,trabajos,Trabajos de tipo «book»,"https://api.openalex.org/works?filter=institutions.id:I172787465,publication_year:2020-2024",2026-09-25T22:38:19+00:00,api
openalex,Universidad de Concepcion,2024,2020-2024,publicaciones_openalex_book-chapter,246,trabajos,Trabajos de tipo «book-chapter»,"https://api.openalex.org/works?filter=institutions.id:I172787465,publication_year:2020-2024",2026-09-25T22:38:19+00:00,api
openalex,Universidad de Concepcion,2024,2020-2024,publicaciones_openalex_book-review,33,trabajos,Trabajos de tipo «book-review»,"https://api.openalex.org/works?filter=institutions.id:I172787465,publication_year:2020-2024",2026-09-25T22:38:19+00:00,api
openalex,Universidad de Concepcion,2024,2020-2024,publicaciones_openalex_conference-abstract,126,trabajos,Trabajos de tipo «conference-abstract»,"https://api.openalex.org/works?filter=institutions.id:I172787465,publication_year:2020-2024",2026-09-25T22:38:19+00:00,api
openalex,Universidad de Concepcion,2024,2020-2024,publicaciones_openalex_conference-paper,302,trabajos,Trabajos de tipo «conference-paper»,"https://api.openalex.org/works?filter=institutions.id:I172787465,publication_year:2020-2024",2026-09-25T22:38:19+00:00,api
openalex,Universidad de Concepcion,2024,2020-2024,publicaciones_openalex_data-paper,14,trabajos,Trabajos de tipo «data-paper»,"https://api.openalex.org/works?filter=institutions.id:I172787465,publication_year:2020-2024",2026-09-25T22:38:19+00:00,api
openalex,Universidad de Concepcion,2024,2020-2024,publicaciones_openalex_dataset,142,trabajos,Trabajos de tipo «dataset»,"https://api.openalex.org/works?filter=institutions.id:I172787465,publication_year:2020-2024",2026-09-25T22:38:19+00:00,api
openalex,Universidad de Concepcion,2024,2020-2024,publicaciones_openalex_dissertation,385,trabajos,Trabajos de tipo «dissertation»,"https://api.openalex.org/works?filter=institutions.id:I172787465,publication_year:2020-2024",2026-09-25T22:38:19+00:00,api
openalex,Universidad de Concepcion,2024,2020-2024,publicaciones_openalex_editorial,54,trabajos,Trabajos de tipo «editorial»,"https://api.openalex.org/works?filter=institutions.id:I172787465,publication_year:2020-2024",2026-09-25T22:38:19+00:00,api
openalex,Universidad de Concepcion,2024,2020-2024,publicaciones_openalex_erratum,66,trabajos,Trabajos de tipo «erratum»,"https://api.openalex.org/works?filter=institutions.id:I172787465,publication_year:2020-2024",2026-09-25T22:38:19+00:00,api
openalex,Universidad de Concepcion,2024,2020-2024,publicaciones_openalex_letter,6,trabajos,Trabajos de tipo «letter»,"https://api.openalex.org/works?filter=institutions.id:I172787465,publication_year:2020-2024",2026-09-25T22:38:19+00:00,api
openalex,Universidad de Concepcion,2024,2020-2024,publicaciones_openalex_other,16,trabajos,Trabajos de tipo «other»,"https://api.openalex.org/works?filter=institutions.id:I172787465,publication_year:2020-2024",2026-09-25T22:38:19+00:00,api
openalex,Universidad de Concepcion,2024,2020-2024,publicaciones_openalex_paratext,23,trabajos,Trabajos de tipo «paratext»,"https://api.openalex.org/works?filter=institutions.id:I172787465,publication_year:2020-2024",2026-09-25T22:38:19+00:00,api
openalex,Universidad de Concepcion,2024,2020-2024,publicaciones_openalex_peer-review,131,trabajos,Trabajos de tipo «peer-review»,"https://api.openalex.org/works?filter=institutions.id:I172787465,publication_year:2020-2024",2026-09-25T22:38:19+00:00,api
openalex,Universidad de Concepcion,2024,2020-2024,publicaciones_openalex_preprint,648,trabajos,Trabajos de tipo «preprint»,"https://api.openalex.org/works?filter=institutions.id:I172787465,publication_year:2020-2024",2026-09-25T22:38:19+00:00,api
openalex,Universidad de Concepcion,2024,2020-2024,publicaciones_openalex_reference-entry,11,trabajos,Trabajos de tipo «reference-entry»,"https://api.openalex.org/works?filter=institutions.id:I172787465,publication_year:2020-2024",2026-09-25T22:38:19+00:00,api
openalex,Universidad de Concepcion,2024,2020-2024,publicaciones_openalex_report,17,trabajos,Trabajos de tipo «report»,"https://api.openalex.org/works?filter=institutions.id:I172787465,publication_year:2020-2024",2026-09-25T22:38:19+00:00,api
openalex,Universidad de Concepcion,2024,2020-2024,publicaciones_openalex_retraction,2,trabajos,Trabajos de tipo «retraction»,"https://api.openalex.org/works?filter=institutions.id:I172787465,publication_year:2020-2024",2026-09-25T22:38:19+00:00,api
openalex,Universidad de Concepcion,2024,2020-2024,publicaciones_openalex_review,79,trabajos,Trabajos de tipo «review»,"https://api.openalex.org/works?filter=institutions.id:I172787465,publication_year:2020-2024",2026-09-25T22:38:19+00:00,api
openalex,Universidad de Concepcion,2024,2020-2024,publicaciones_openalex_software,1,trabajos,Trabajos de tipo «software»,"https://api.openalex.org/works?filter=institutions.id:I172787465,publication_year:2020-2024",2026-09-25T22:38:19+00:00,api
openalex,Universidad de Concepcion,2024,2020-2024,publicaciones_openalex_software-paper,1,trabajos,Trabajos de tipo «software-paper»,"https://api.openalex.org/works?filter=institutions.id:I172787465,publication_year:2020-2024",2026-09-25T22:38:19+00:00,api
openalex,Universidad de Concepcion,2024,2020-2024,publicaciones_openalex_supplementary-materials,6,trabajos,Trabajos de tipo «supplementary-materials»,"https://api.openalex.org/works?filter=institutions.id:I172787465,publication_year:2020-2024",2026-09-25T22:38:19+00:00,api
openalex,Universidad de Concepcion,2024,2020-2024,citas_openalex,132839,citas,Citas recibidas por los trabajos de la ventana (histograma sobre 11099 de 11123),"https://api.openalex.org/works?filter=institutions.id:I172787465,publication_year:2020-2024",2026-09-25T22:38:19+00:00,api
openalex,Universidad de Concepcion,2024,2020-2024,citas_por_documento_openalex,11.969,citas por documento,"Citas por trabajo, sobre los trabajos del histograma","https://api.openalex.org/works?filter=institutions.id:I172787465,publication_year:2020-2024",2026-09-25T22:38:19+00:00,api
openalex,Universidad de Concepcion,2024,2020-2024,pct_colaboracion_internacional,55.94,%,Trabajos con coautor de una institución de otro país,"https://api.openalex.org/works?filter=institutions.id:I172787465,publication_year:2020-2024",2026-09-25T22:38:19+00:00,api
openalex,Universidad de Concepcion,2024,2020-2024,socios_recurrentes,199,instituciones,Instituciones con 3 o más trabajos conjuntos,https://api.openalex.org/works,2026-09-25T22:38:19+00:00,api
openalex,Universidad de Concepcion,2024,2020-2024,socios_recurrentes_paises,196,países,Países distintos entre los socios recurrentes,https://api.openalex.org/works,2026-09-25T22:38:19+00:00,api
openalex,Universidad de La Serena,2022,2018-2022,publicaciones_openalex,1696,trabajos,Trabajos con al menos un autor de la institución,"https://api.openalex.org/works?filter=institutions.id:I74920221,publication_year:2018-2022",2026-09-25T22:38:19+00:00,api
openalex,Universidad de La Serena,2022,2018-2022,publicaciones_openalex_article,1497,trabajos,Trabajos de tipo «article»,"https://api.openalex.org/works?filter=institutions.id:I74920221,publication_year:2018-2022",2026-09-25T22:38:19+00:00,api
openalex,Universidad de La Serena,2022,2018-2022,publicaciones_openalex_book,1,trabajos,Trabajos de tipo «book»,"https://api.openalex.org/works?filter=institutions.id:I74920221,publication_year:2018-2022",2026-09-25T22:38:19+00:00,api
openalex,Universidad de La Serena,2022,2018-2022,publicaciones_openalex_book-chapter,19,trabajos,Trabajos de tipo «book-chapter»,"https://api.openalex.org/works?filter=institutions.id:I74920221,publication_year:2018-2022",2026-09-25T22:38:19+00:00,api
openalex,Universidad de La Serena,2022,2018-2022,publicaciones_openalex_book-review,2,trabajos,Trabajos de tipo «book-review»,"https://api.openalex.org/works?filter=institutions.id:I74920221,publication_year:2018-2022",2026-09-25T22:38:19+00:00,api
openalex,Universidad de La Serena,2022,2018-2022,publicaciones_openalex_conference-abstract,11,trabajos,Trabajos de tipo «conference-abstract»,"https://api.openalex.org/works?filter=institutions.id:I74920221,publication_year:2018-2022",2026-09-25T22:38:19+00:00,api
openalex,Universidad de La Serena,2022,2018-2022,publicaciones_openalex_conference-paper,25,trabajos,Trabajos de tipo «conference-paper»,"https://api.openalex.org/works?filter=institutions.id:I74920221,publication_year:2018-2022",2026-09-25T22:38:19+00:00,api
openalex,Universidad de La Serena,2022,2018-2022,publicaciones_openalex_data-paper,1,trabajos,Trabajos de tipo «data-paper»,"https://api.openalex.org/works?filter=institutions.id:I74920221,publication_year:2018-2022",2026-09-25T22:38:19+00:00,api
openalex,Universidad de La Serena,2022,2018-2022,publicaciones_openalex_dataset,37,trabajos,Trabajos de tipo «dataset»,"https://api.openalex.org/works?filter=institutions.id:I74920221,publication_year:2018-2022",2026-09-25T22:38:19+00:00,api
openalex,Universidad de La Serena,2022,2018-2022,publicaciones_openalex_dissertation,2,trabajos,Trabajos de tipo «dissertation»,"https://api.openalex.org/works?filter=institutions.id:I74920221,publication_year:2018-2022",2026-09-25T22:38:19+00:00,api
openalex,Universidad de La Serena,2022,2018-2022,publicaciones_openalex_editorial,1,trabajos,Trabajos de tipo «editorial»,"https://api.openalex.org/works?filter=institutions.id:I74920221,publication_year:2018-2022",2026-09-25T22:38:19+00:00,api
openalex,Universidad de La Serena,2022,2018-2022,publicaciones_openalex_erratum,5,trabajos,Trabajos de tipo «erratum»,"https://api.openalex.org/works?filter=institutions.id:I74920221,publication_year:2018-2022",2026-09-25T22:38:19+00:00,api
openalex,Universidad de La Serena,2022,2018-2022,publicaciones_openalex_other,3,trabajos,Trabajos de tipo «other»,"https://api.openalex.org/works?filter=institutions.id:I74920221,publication_year:2018-2022",2026-09-25T22:38:19+00:00,api
openalex,Universidad de La Serena,2022,2018-2022,publicaciones_openalex_paratext,4,trabajos,Trabajos de tipo «paratext»,"https://api.openalex.org/works?filter=institutions.id:I74920221,publication_year:2018-2022",2026-09-25T22:38:19+00:00,api
openalex,Universidad de La Serena,2022,2018-2022,publicaciones_openalex_peer-review,8,trabajos,Trabajos de tipo «peer-review»,"https://api.openalex.org/works?filter=institutions.id:I74920221,publication_year:2018-2022",2026-09-25T22:38:19+00:00,api
openalex,Universidad de La Serena,2022,2018-2022,publicaciones_openalex_preprint,70,trabajos,Trabajos de tipo «preprint»,"https://api.openalex.org/works?filter=institutions.id:I74920221,publication_year:2018-2022",2026-09-25T22:38:19+00:00,api
openalex,Universidad de La Serena,2022,2018-2022,publicaciones_openalex_reference-entry,1,trabajos,Trabajos de tipo «reference-entry»,"https://api.openalex.org/works?filter=institutions.id:I74920221,publication_year:2018-2022",2026-09-25T22:38:19+00:00,api
openalex,Universidad de La Serena,2022,2018-2022,publicaciones_openalex_report,2,trabajos,Trabajos de tipo «report»,"https://api.openalex.org/works?filter=institutions.id:I74920221,publication_year:2018-2022",2026-09-25T22:38:19+00:00,api
openalex,Universidad de La Serena,2022,2018-2022,publicaciones_openalex_review,4,trabajos,Trabajos de tipo «review»,"https://api.openalex.org/works?filter=institutions.id:I74920221,publication_year:2018-2022",2026-09-25T22:38:19+00:00,api
openalex,Universidad de La Serena,2022,2018-2022,publicaciones_openalex_supplementary-materials,3,trabajos,Trabajos de tipo «supplementary-materials»,"https://api.openalex.org/works?filter=institutions.id:I74920221,publication_year:2018-2022",2026-09-25T22:38:19+00:00,api
openalex,Universidad de La Serena,2022,2018-2022,citas_openalex,46097,citas,Citas recibidas por los trabajos de la ventana (histograma sobre 1690 de 1696),"https://api.openalex.org/works?filter=institutions.id:I74920221,publication_year:2018-2022",2026-09-25T22:38:19+00:00,api
openalex,Universidad de La Serena,2022,2018-2022,citas_por_documento_openalex,27.276,citas por documento,"Citas por trabajo, sobre los trabajos del histograma","https://api.openalex.org/works?filter=institutions.id:I74920221,publication_year:2018-2022",2026-09-25T22:38:19+00:00,api
openalex,Universidad de La Serena,2022,2018-2022,pct_colaboracion_internacional,63.97,%,Trabajos con coautor de una institución de otro país,"https://api.openalex.org/works?filter=institutions.id:I74920221,publication_year:2018-2022",2026-09-25T22:38:19+00:00,api
openalex,Universidad de La Serena,2023,2019-2023,publicaciones_openalex,1807,trabajos,Trabajos con al menos un autor de la institución,"https://api.openalex.org/works?filter=institutions.id:I74920221,publication_year:2019-2023",2026-09-25T22:38:19+00:00,api
openalex,Universidad de La Serena,2023,2019-2023,publicaciones_openalex_article,1600,trabajos,Trabajos de tipo «article»,"https://api.openalex.org/works?filter=institutions.id:I74920221,publication_year:2019-2023",2026-09-25T22:38:19+00:00,api
openalex,Universidad de La Serena,2023,2019-2023,publicaciones_openalex_book-chapter,18,trabajos,Trabajos de tipo «book-chapter»,"https://api.openalex.org/works?filter=institutions.id:I74920221,publication_year:2019-2023",2026-09-25T22:38:19+00:00,api
openalex,Universidad de La Serena,2023,2019-2023,publicaciones_openalex_book-review,2,trabajos,Trabajos de tipo «book-review»,"https://api.openalex.org/works?filter=institutions.id:I74920221,publication_year:2019-2023",2026-09-25T22:38:19+00:00,api
openalex,Universidad de La Serena,2023,2019-2023,publicaciones_openalex_conference-abstract,11,trabajos,Trabajos de tipo «conference-abstract»,"https://api.openalex.org/works?filter=institutions.id:I74920221,publication_year:2019-2023",2026-09-25T22:38:19+00:00,api
openalex,Universidad de La Serena,2023,2019-2023,publicaciones_openalex_conference-paper,26,trabajos,Trabajos de tipo «conference-paper»,"https://api.openalex.org/works?filter=institutions.id:I74920221,publication_year:2019-2023",2026-09-25T22:38:19+00:00,api
openalex,Universidad de La Serena,2023,2019-2023,publicaciones_openalex_data-paper,1,trabajos,Trabajos de tipo «data-paper»,"https://api.openalex.org/works?filter=institutions.id:I74920221,publication_year:2019-2023",2026-09-25T22:38:19+00:00,api
openalex,Universidad de La Serena,2023,2019-2023,publicaciones_openalex_dataset,9,trabajos,Trabajos de tipo «dataset»,"https://api.openalex.org/works?filter=institutions.id:I74920221,publication_year:2019-2023",2026-09-25T22:38:19+00:00,api
openalex,Universidad de La Serena,2023,2019-2023,publicaciones_openalex_dissertation,1,trabajos,Trabajos de tipo «dissertation»,"https://api.openalex.org/works?filter=institutions.id:I74920221,publication_year:2019-2023",2026-09-25T22:38:19+00:00,api
openalex,Universidad de La Serena,2023,2019-2023,publicaciones_openalex_editorial,3,trabajos,Trabajos de tipo «editorial»,"https://api.openalex.org/works?filter=institutions.id:I74920221,publication_year:2019-2023",2026-09-25T22:38:19+00:00,api
openalex,Universidad de La Serena,2023,2019-2023,publicaciones_openalex_erratum,10,trabajos,Trabajos de tipo «erratum»,"https://api.openalex.org/works?filter=institutions.id:I74920221,publication_year:2019-2023",2026-09-25T22:38:19+00:00,api
openalex,Universidad de La Serena,2023,2019-2023,publicaciones_openalex_other,3,trabajos,Trabajos de tipo «other»,"https://api.openalex.org/works?filter=institutions.id:I74920221,publication_year:2019-2023",2026-09-25T22:38:19+00:00,api
openalex,Universidad de La Serena,2023,2019-2023,publicaciones_openalex_paratext,4,trabajos,Trabajos de tipo «paratext»,"https://api.openalex.org/works?filter=institutions.id:I74920221,publication_year:2019-2023",2026-09-25T22:38:19+00:00,api
openalex,Universidad de La Serena,2023,2019-2023,publicaciones_openalex_peer-review,19,trabajos,Trabajos de tipo «peer-review»,"https://api.openalex.org/works?filter=institutions.id:I74920221,publication_year:2019-2023",2026-09-25T22:38:19+00:00,api
openalex,Universidad de La Serena,2023,2019-2023,publicaciones_openalex_preprint,91,trabajos,Trabajos de tipo «preprint»,"https://api.openalex.org/works?filter=institutions.id:I74920221,publication_year:2019-2023",2026-09-25T22:38:19+00:00,api
openalex,Universidad de La Serena,2023,2019-2023,publicaciones_openalex_report,2,trabajos,Trabajos de tipo «report»,"https://api.openalex.org/works?filter=institutions.id:I74920221,publication_year:2019-2023",2026-09-25T22:38:19+00:00,api
openalex,Universidad de La Serena,2023,2019-2023,publicaciones_openalex_review,4,trabajos,Trabajos de tipo «review»,"https://api.openalex.org/works?filter=institutions.id:I74920221,publication_year:2019-2023",2026-09-25T22:38:19+00:00,api
openalex,Universidad de La Serena,2023,2019-2023,publicaciones_openalex_supplementary-materials,3,trabajos,Trabajos de tipo «supplementary-materials»,"https://api.openalex.org/works?filter=institutions.id:I74920221,publication_year:2019-2023",2026-09-25T22:38:19+00:00,api
openalex,Universidad de La Serena,2023,2019-2023,citas_openalex,42319,citas,Citas recibidas por los trabajos de la ventana (histograma sobre 1800 de 1807),"https://api.openalex.org/works?filter=institutions.id:I74920221,publication_year:2019-2023",2026-09-25T22:38:19+00:00,api
openalex,Universidad de La Serena,2023,2019-2023,citas_por_documento_openalex,23.511,citas por documento,"Citas por trabajo, sobre los trabajos del histograma","https://api.openalex.org/works?filter=institutions.id:I74920221,publication_year:2019-2023",2026-09-25T22:38:19+00:00,api
openalex,Universidad de La Serena,2023,2019-2023,pct_colaboracion_internacional,65.36,%,Trabajos con coautor de una institución de otro país,"https://api.openalex.org/works?filter=institutions.id:I74920221,publication_year:2019-2023",2026-09-25T22:38:19+00:00,api
openalex,Universidad de La Serena,2024,2020-2024,publicaciones_openalex,2093,trabajos,Trabajos con al menos un autor de la institución,"https://api.openalex.org/works?filter=institutions.id:I74920221,publication_year:2020-2024",2026-09-25T22:38:19+00:00,api
openalex,Universidad de La Serena,2024,2020-2024,publicaciones_openalex_article,1836,trabajos,Trabajos de tipo «article»,"https://api.openalex.org/works?filter=institutions.id:I74920221,publication_year:2020-2024",2026-09-25T22:38:19+00:00,api
openalex,Universidad de La Serena,2024,2020-2024,publicaciones_openalex_book-chapter,21,trabajos,Trabajos de tipo «book-chapter»,"https://api.openalex.org/works?filter=institutions.id:I74920221,publication_year:2020-2024",2026-09-25T22:38:19+00:00,api
openalex,Universidad de La Serena,2024,2020-2024,publicaciones_openalex_conference-abstract,13,trabajos,Trabajos de tipo «conference-abstract»,"https://api.openalex.org/works?filter=institutions.id:I74920221,publication_year:2020-2024",2026-09-25T22:38:19+00:00,api
openalex,Universidad de La Serena,2024,2020-2024,publicaciones_openalex_conference-paper,26,trabajos,Trabajos de tipo «conference-paper»,"https://api.openalex.org/works?filter=institutions.id:I74920221,publication_year:2020-2024",2026-09-25T22:38:19+00:00,api
openalex,Universidad de La Serena,2024,2020-2024,publicaciones_openalex_data-paper,1,trabajos,Trabajos de tipo «data-paper»,"https://api.openalex.org/works?filter=institutions.id:I74920221,publication_year:2020-2024",2026-09-25T22:38:19+00:00,api
openalex,Universidad de La Serena,2024,2020-2024,publicaciones_openalex_dataset,9,trabajos,Trabajos de tipo «dataset»,"https://api.openalex.org/works?filter=institutions.id:I74920221,publication_year:2020-2024",2026-09-25T22:38:19+00:00,api
openalex,Universidad de La Serena,2024,2020-2024,publicaciones_openalex_dissertation,1,trabajos,Trabajos de tipo «dissertation»,"https://api.openalex.org/works?filter=institutions.id:I74920221,publication_year:2020-2024",2026-09-25T22:38:19+00:00,api
openalex,Universidad de La Serena,2024,2020-2024,publicaciones_openalex_editorial,18,trabajos,Trabajos de tipo «editorial»,"https://api.openalex.org/works?filter=institutions.id:I74920221,publication_year:2020-2024",2026-09-25T22:38:19+00:00,api
openalex,Universidad de La Serena,2024,2020-2024,publicaciones_openalex_erratum,12,trabajos,Trabajos de tipo «erratum»,"https://api.openalex.org/works?filter=institutions.id:I74920221,publication_year:2020-2024",2026-09-25T22:38:19+00:00,api
openalex,Universidad de La Serena,2024,2020-2024,publicaciones_openalex_other,3,trabajos,Trabajos de tipo «other»,"https://api.openalex.org/works?filter=institutions.id:I74920221,publication_year:2020-2024",2026-09-25T22:38:19+00:00,api
openalex,Universidad de La Serena,2024,2020-2024,publicaciones_openalex_paratext,5,trabajos,Trabajos de tipo «paratext»,"https://api.openalex.org/works?filter=institutions.id:I74920221,publication_year:2020-2024",2026-09-25T22:38:19+00:00,api
openalex,Universidad de La Serena,2024,2020-2024,publicaciones_openalex_peer-review,27,trabajos,Trabajos de tipo «peer-review»,"https://api.openalex.org/works?filter=institutions.id:I74920221,publication_year:2020-2024",2026-09-25T22:38:19+00:00,api
openalex,Universidad de La Serena,2024,2020-2024,publicaciones_openalex_preprint,111,trabajos,Trabajos de tipo «preprint»,"https://api.openalex.org/works?filter=institutions.id:I74920221,publication_year:2020-2024",2026-09-25T22:38:19+00:00,api
openalex,Universidad de La Serena,2024,2020-2024,publicaciones_openalex_report,2,trabajos,Trabajos de tipo «report»,"https://api.openalex.org/works?filter=institutions.id:I74920221,publication_year:2020-2024",2026-09-25T22:38:19+00:00,api
openalex,Universidad de La Serena,2024,2020-2024,publicaciones_openalex_review,5,trabajos,Trabajos de tipo «review»,"https://api.openalex.org/works?filter=institutions.id:I74920221,publication_year:2020-2024",2026-09-25T22:38:19+00:00,api
openalex,Universidad de La Serena,2024,2020-2024,publicaciones_openalex_supplementary-materials,3,trabajos,Trabajos de tipo «supplementary-materials»,"https://api.openalex.org/works?filter=institutions.id:I74920221,publication_year:2020-2024",2026-09-25T22:38:19+00:00,api
openalex,Universidad de La Serena,2024,2020-2024,citas_openalex,36542,citas,Citas recibidas por los trabajos de la ventana (histograma sobre 2090 de 2093),"https://api.openalex.org/works?filter=institutions.id:I74920221,publication_year:2020-2024",2026-09-25T22:38:19+00:00,api
openalex,Universidad de La Serena,2024,2020-2024,citas_por_documento_openalex,17.484,citas por documento,"Citas por trabajo, sobre los trabajos del histograma","https://api.openalex.org/works?filter=institutions.id:I74920221,publication_year:2020-2024",2026-09-25T22:38:19+00:00,api
openalex,Universidad de La Serena,2024,2020-2024,pct_colaboracion_internacional,60.54,%,Trabajos con coautor de una institución de otro país,"https://api.openalex.org/works?filter=institutions.id:I74920221,publication_year:2020-2024",2026-09-25T22:38:19+00:00,api
openalex,Universidad de La Serena,2024,2020-2024,socios_recurrentes,199,instituciones,Instituciones con 3 o más trabajos conjuntos,https://api.openalex.org/works,2026-09-25T22:38:19+00:00,api
openalex,Universidad de La Serena,2024,2020-2024,socios_recurrentes_paises,199,países,Países distintos entre los socios recurrentes,https://api.openalex.org/works,2026-09-25T22:38:19+00:00,api
openalex,Universidad de Las Americas,2022,2018-2022,publicaciones_openalex,1040,trabajos,Trabajos con al menos un autor de la institución,"https://api.openalex.org/works?filter=institutions.id:I4210100770,publication_year:2018-2022",2026-09-25T22:38:19+00:00,api
openalex,Universidad de Las Americas,2022,2018-2022,publicaciones_openalex_article,836,trabajos,Trabajos de tipo «article»,"https://api.openalex.org/works?filter=institutions.id:I4210100770,publication_year:2018-2022",2026-09-25T22:38:19+00:00,api
openalex,Universidad de Las Americas,2022,2018-2022,publicaciones_openalex_book-chapter,15,trabajos,Trabajos de tipo «book-chapter»,"https://api.openalex.org/works?filter=institutions.id:I4210100770,publication_year:2018-2022",2026-09-25T22:38:19+00:00,api
openalex,Universidad de Las Americas,2022,2018-2022,publicaciones_openalex_book-review,2,trabajos,Trabajos de tipo «book-review»,"https://api.openalex.org/works?filter=institutions.id:I4210100770,publication_year:2018-2022",2026-09-25T22:38:19+00:00,api
openalex,Universidad de Las Americas,2022,2018-2022,publicaciones_openalex_conference-abstract,1,trabajos,Trabajos de tipo «conference-abstract»,"https://api.openalex.org/works?filter=institutions.id:I4210100770,publication_year:2018-2022",2026-09-25T22:38:19+00:00,api
openalex,Universidad de Las Americas,2022,2018-2022,publicaciones_openalex_conference-paper,35,trabajos,Trabajos de tipo «conference-paper»,"https://api.openalex.org/works?filter=institutions.id:I4210100770,publication_year:2018-2022",2026-09-25T22:38:19+00:00,api
openalex,Universidad de Las Americas,2022,2018-2022,publicaciones_openalex_dataset,11,trabajos,Trabajos de tipo «dataset»,"https://api.openalex.org/works?filter=institutions.id:I4210100770,publication_year:2018-2022",2026-09-25T22:38:19+00:00,api
openalex,Universidad de Las Americas,2022,2018-2022,publicaciones_openalex_editorial,4,trabajos,Trabajos de tipo «editorial»,"https://api.openalex.org/works?filter=institutions.id:I4210100770,publication_year:2018-2022",2026-09-25T22:38:19+00:00,api
openalex,Universidad de Las Americas,2022,2018-2022,publicaciones_openalex_erratum,3,trabajos,Trabajos de tipo «erratum»,"https://api.openalex.org/works?filter=institutions.id:I4210100770,publication_year:2018-2022",2026-09-25T22:38:19+00:00,api
openalex,Universidad de Las Americas,2022,2018-2022,publicaciones_openalex_letter,5,trabajos,Trabajos de tipo «letter»,"https://api.openalex.org/works?filter=institutions.id:I4210100770,publication_year:2018-2022",2026-09-25T22:38:19+00:00,api
openalex,Universidad de Las Americas,2022,2018-2022,publicaciones_openalex_other,2,trabajos,Trabajos de tipo «other»,"https://api.openalex.org/works?filter=institutions.id:I4210100770,publication_year:2018-2022",2026-09-25T22:38:19+00:00,api
openalex,Universidad de Las Americas,2022,2018-2022,publicaciones_openalex_paratext,1,trabajos,Trabajos de tipo «paratext»,"https://api.openalex.org/works?filter=institutions.id:I4210100770,publication_year:2018-2022",2026-09-25T22:38:19+00:00,api
openalex,Universidad de Las Americas,2022,2018-2022,publicaciones_openalex_peer-review,1,trabajos,Trabajos de tipo «peer-review»,"https://api.openalex.org/works?filter=institutions.id:I4210100770,publication_year:2018-2022",2026-09-25T22:38:19+00:00,api
openalex,Universidad de Las Americas,2022,2018-2022,publicaciones_openalex_preprint,70,trabajos,Trabajos de tipo «preprint»,"https://api.openalex.org/works?filter=institutions.id:I4210100770,publication_year:2018-2022",2026-09-25T22:38:19+00:00,api
openalex,Universidad de Las Americas,2022,2018-2022,publicaciones_openalex_report,2,trabajos,Trabajos de tipo «report»,"https://api.openalex.org/works?filter=institutions.id:I4210100770,publication_year:2018-2022",2026-09-25T22:38:19+00:00,api
openalex,Universidad de Las Americas,2022,2018-2022,publicaciones_openalex_review,52,trabajos,Trabajos de tipo «review»,"https://api.openalex.org/works?filter=institutions.id:I4210100770,publication_year:2018-2022",2026-09-25T22:38:19+00:00,api
openalex,Universidad de Las Americas,2022,2018-2022,citas_openalex,12509,citas,Citas recibidas por los trabajos de la ventana (histograma sobre 1038 de 1040),"https://api.openalex.org/works?filter=institutions.id:I4210100770,publication_year:2018-2022",2026-09-25T22:38:19+00:00,api
openalex,Universidad de Las Americas,2022,2018-2022,citas_por_documento_openalex,12.051,citas por documento,"Citas por trabajo, sobre los trabajos del histograma","https://api.openalex.org/works?filter=institutions.id:I4210100770,publication_year:2018-2022",2026-09-25T22:38:19+00:00,api
openalex,Universidad de Las Americas,2022,2018-2022,pct_colaboracion_internacional,63.17,%,Trabajos con coautor de una institución de otro país,"https://api.openalex.org/works?filter=institutions.id:I4210100770,publication_year:2018-2022",2026-09-25T22:38:19+00:00,api
openalex,Universidad de Las Americas,2023,2019-2023,publicaciones_openalex,1434,trabajos,Trabajos con al menos un autor de la institución,"https://api.openalex.org/works?filter=institutions.id:I4210100770,publication_year:2019-2023",2026-09-25T22:38:19+00:00,api
openalex,Universidad de Las Americas,2023,2019-2023,publicaciones_openalex_article,1141,trabajos,Trabajos de tipo «article»,"https://api.openalex.org/works?filter=institutions.id:I4210100770,publication_year:2019-2023",2026-09-25T22:38:19+00:00,api
openalex,Universidad de Las Americas,2023,2019-2023,publicaciones_openalex_book,1,trabajos,Trabajos de tipo «book»,"https://api.openalex.org/works?filter=institutions.id:I4210100770,publication_year:2019-2023",2026-09-25T22:38:19+00:00,api
openalex,Universidad de Las Americas,2023,2019-2023,publicaciones_openalex_book-chapter,30,trabajos,Trabajos de tipo «book-chapter»,"https://api.openalex.org/works?filter=institutions.id:I4210100770,publication_year:2019-2023",2026-09-25T22:38:19+00:00,api
openalex,Universidad de Las Americas,2023,2019-2023,publicaciones_openalex_book-review,3,trabajos,Trabajos de tipo «book-review»,"https://api.openalex.org/works?filter=institutions.id:I4210100770,publication_year:2019-2023",2026-09-25T22:38:19+00:00,api
openalex,Universidad de Las Americas,2023,2019-2023,publicaciones_openalex_conference-abstract,10,trabajos,Trabajos de tipo «conference-abstract»,"https://api.openalex.org/works?filter=institutions.id:I4210100770,publication_year:2019-2023",2026-09-25T22:38:19+00:00,api
openalex,Universidad de Las Americas,2023,2019-2023,publicaciones_openalex_conference-paper,37,trabajos,Trabajos de tipo «conference-paper»,"https://api.openalex.org/works?filter=institutions.id:I4210100770,publication_year:2019-2023",2026-09-25T22:38:19+00:00,api
openalex,Universidad de Las Americas,2023,2019-2023,publicaciones_openalex_data-paper,1,trabajos,Trabajos de tipo «data-paper»,"https://api.openalex.org/works?filter=institutions.id:I4210100770,publication_year:2019-2023",2026-09-25T22:38:19+00:00,api
openalex,Universidad de Las Americas,2023,2019-2023,publicaciones_openalex_dataset,25,trabajos,Trabajos de tipo «dataset»,"https://api.openalex.org/works?filter=institutions.id:I4210100770,publication_year:2019-2023",2026-09-25T22:38:19+00:00,api
openalex,Universidad de Las Americas,2023,2019-2023,publicaciones_openalex_editorial,6,trabajos,Trabajos de tipo «editorial»,"https://api.openalex.org/works?filter=institutions.id:I4210100770,publication_year:2019-2023",2026-09-25T22:38:19+00:00,api
openalex,Universidad de Las Americas,2023,2019-2023,publicaciones_openalex_erratum,4,trabajos,Trabajos de tipo «erratum»,"https://api.openalex.org/works?filter=institutions.id:I4210100770,publication_year:2019-2023",2026-09-25T22:38:19+00:00,api
openalex,Universidad de Las Americas,2023,2019-2023,publicaciones_openalex_letter,5,trabajos,Trabajos de tipo «letter»,"https://api.openalex.org/works?filter=institutions.id:I4210100770,publication_year:2019-2023",2026-09-25T22:38:19+00:00,api
openalex,Universidad de Las Americas,2023,2019-2023,publicaciones_openalex_other,3,trabajos,Trabajos de tipo «other»,"https://api.openalex.org/works?filter=institutions.id:I4210100770,publication_year:2019-2023",2026-09-25T22:38:19+00:00,api
openalex,Universidad de Las Americas,2023,2019-2023,publicaciones_openalex_paratext,1,trabajos,Trabajos de tipo «paratext»,"https://api.openalex.org/works?filter=institutions.id:I4210100770,publication_year:2019-2023",2026-09-25T22:38:19+00:00,api
openalex,Universidad de Las Americas,2023,2019-2023,publicaciones_openalex_peer-review,2,trabajos,Trabajos de tipo «peer-review»,"https://api.openalex.org/works?filter=institutions.id:I4210100770,publication_year:2019-2023",2026-09-25T22:38:19+00:00,api
openalex,Universidad de Las Americas,2023,2019-2023,publicaciones_openalex_preprint,90,trabajos,Trabajos de tipo «preprint»,"https://api.openalex.org/works?filter=institutions.id:I4210100770,publication_year:2019-2023",2026-09-25T22:38:19+00:00,api
openalex,Universidad de Las Americas,2023,2019-2023,publicaciones_openalex_reference-entry,1,trabajos,Trabajos de tipo «reference-entry»,"https://api.openalex.org/works?filter=institutions.id:I4210100770,publication_year:2019-2023",2026-09-25T22:38:19+00:00,api
openalex,Universidad de Las Americas,2023,2019-2023,publicaciones_openalex_report,7,trabajos,Trabajos de tipo «report»,"https://api.openalex.org/works?filter=institutions.id:I4210100770,publication_year:2019-2023",2026-09-25T22:38:19+00:00,api
openalex,Universidad de Las Americas,2023,2019-2023,publicaciones_openalex_review,67,trabajos,Trabajos de tipo «review»,"https://api.openalex.org/works?filter=institutions.id:I4210100770,publication_year:2019-2023",2026-09-25T22:38:19+00:00,api
openalex,Universidad de Las Americas,2023,2019-2023,citas_openalex,14359,citas,Citas recibidas por los trabajos de la ventana (histograma sobre 1432 de 1434),"https://api.openalex.org/works?filter=institutions.id:I4210100770,publication_year:2019-2023",2026-09-25T22:38:19+00:00,api
openalex,Universidad de Las Americas,2023,2019-2023,citas_por_documento_openalex,10.027,citas por documento,"Citas por trabajo, sobre los trabajos del histograma","https://api.openalex.org/works?filter=institutions.id:I4210100770,publication_year:2019-2023",2026-09-25T22:38:19+00:00,api
openalex,Universidad de Las Americas,2023,2019-2023,pct_colaboracion_internacional,64.3,%,Trabajos con coautor de una institución de otro país,"https://api.openalex.org/works?filter=institutions.id:I4210100770,publication_year:2019-2023",2026-09-25T22:38:19+00:00,api
openalex,Universidad de Las Americas,2024,2020-2024,publicaciones_openalex,1803,trabajos,Trabajos con al menos un autor de la institución,"https://api.openalex.org/works?filter=institutions.id:I4210100770,publication_year:2020-2024",2026-09-25T22:38:19+00:00,api
openalex,Universidad de Las Americas,2024,2020-2024,publicaciones_openalex_article,1442,trabajos,Trabajos de tipo «article»,"https://api.openalex.org/works?filter=institutions.id:I4210100770,publication_year:2020-2024",2026-09-25T22:38:19+00:00,api
openalex,Universidad de Las Americas,2024,2020-2024,publicaciones_openalex_book,6,trabajos,Trabajos de tipo «book»,"https://api.openalex.org/works?filter=institutions.id:I4210100770,publication_year:2020-2024",2026-09-25T22:38:19+00:00,api
openalex,Universidad de Las Americas,2024,2020-2024,publicaciones_openalex_book-chapter,40,trabajos,Trabajos de tipo «book-chapter»,"https://api.openalex.org/works?filter=institutions.id:I4210100770,publication_year:2020-2024",2026-09-25T22:38:19+00:00,api
openalex,Universidad de Las Americas,2024,2020-2024,publicaciones_openalex_book-review,2,trabajos,Trabajos de tipo «book-review»,"https://api.openalex.org/works?filter=institutions.id:I4210100770,publication_year:2020-2024",2026-09-25T22:38:19+00:00,api
openalex,Universidad de Las Americas,2024,2020-2024,publicaciones_openalex_conference-abstract,11,trabajos,Trabajos de tipo «conference-abstract»,"https://api.openalex.org/works?filter=institutions.id:I4210100770,publication_year:2020-2024",2026-09-25T22:38:19+00:00,api
openalex,Universidad de Las Americas,2024,2020-2024,publicaciones_openalex_conference-paper,34,trabajos,Trabajos de tipo «conference-paper»,"https://api.openalex.org/works?filter=institutions.id:I4210100770,publication_year:2020-2024",2026-09-25T22:38:19+00:00,api
openalex,Universidad de Las Americas,2024,2020-2024,publicaciones_openalex_data-paper,2,trabajos,Trabajos de tipo «data-paper»,"https://api.openalex.org/works?filter=institutions.id:I4210100770,publication_year:2020-2024",2026-09-25T22:38:19+00:00,api
openalex,Universidad de Las Americas,2024,2020-2024,publicaciones_openalex_dataset,27,trabajos,Trabajos de tipo «dataset»,"https://api.openalex.org/works?filter=institutions.id:I4210100770,publication_year:2020-2024",2026-09-25T22:38:19+00:00,api
openalex,Universidad de Las Americas,2024,2020-2024,publicaciones_openalex_dissertation,2,trabajos,Trabajos de tipo «dissertation»,"https://api.openalex.org/works?filter=institutions.id:I4210100770,publication_year:2020-2024",2026-09-25T22:38:19+00:00,api
openalex,Universidad de Las Americas,2024,2020-2024,publicaciones_openalex_editorial,8,trabajos,Trabajos de tipo «editorial»,"https://api.openalex.org/works?filter=institutions.id:I4210100770,publication_year:2020-2024",2026-09-25T22:38:19+00:00,api
openalex,Universidad de Las Americas,2024,2020-2024,publicaciones_openalex_erratum,4,trabajos,Trabajos de tipo «erratum»,"https://api.openalex.org/works?filter=institutions.id:I4210100770,publication_year:2020-2024",2026-09-25T22:38:19+00:00,api
openalex,Universidad de Las Americas,2024,2020-2024,publicaciones_openalex_letter,5,trabajos,Trabajos de tipo «letter»,"https://api.openalex.org/works?filter=institutions.id:I4210100770,publication_year:2020-2024",2026-09-25T22:38:19+00:00,api
openalex,Universidad de Las Americas,2024,2020-2024,publicaciones_openalex_other,4,trabajos,Trabajos de tipo «other»,"https://api.openalex.org/works?filter=institutions.id:I4210100770,publication_year:2020-2024",2026-09-25T22:38:19+00:00,api
openalex,Universidad de Las Americas,2024,2020-2024,publicaciones_openalex_peer-review,6,trabajos,Trabajos de tipo «peer-review»,"https://api.openalex.org/works?filter=institutions.id:I4210100770,publication_year:2020-2024",2026-09-25T22:38:19+00:00,api
openalex,Universidad de Las Americas,2024,2020-2024,publicaciones_openalex_preprint,108,trabajos,Trabajos de tipo «preprint»,"https://api.openalex.org/works?filter=institutions.id:I4210100770,publication_year:2020-2024",2026-09-25T22:38:19+00:00,api
openalex,Universidad de Las Americas,2024,2020-2024,publicaciones_openalex_reference-entry,1,trabajos,Trabajos de tipo «reference-entry»,"https://api.openalex.org/works?filter=institutions.id:I4210100770,publication_year:2020-2024",2026-09-25T22:38:19+00:00,api
openalex,Universidad de Las Americas,2024,2020-2024,publicaciones_openalex_report,7,trabajos,Trabajos de tipo «report»,"https://api.openalex.org/works?filter=institutions.id:I4210100770,publication_year:2020-2024",2026-09-25T22:38:19+00:00,api
openalex,Universidad de Las Americas,2024,2020-2024,publicaciones_openalex_review,94,trabajos,Trabajos de tipo «review»,"https://api.openalex.org/works?filter=institutions.id:I4210100770,publication_year:2020-2024",2026-09-25T22:38:19+00:00,api
openalex,Universidad de Las Americas,2024,2020-2024,citas_openalex,14132,citas,Citas recibidas por los trabajos de la ventana (histograma sobre 1801 de 1803),"https://api.openalex.org/works?filter=institutions.id:I4210100770,publication_year:2020-2024",2026-09-25T22:38:19+00:00,api
openalex,Universidad de Las Americas,2024,2020-2024,citas_por_documento_openalex,7.847,citas por documento,"Citas por trabajo, sobre los trabajos del histograma","https://api.openalex.org/works?filter=institutions.id:I4210100770,publication_year:2020-2024",2026-09-25T22:38:19+00:00,api
openalex,Universidad de Las Americas,2024,2020-2024,pct_colaboracion_internacional,63.01,%,Trabajos con coautor de una institución de otro país,"https://api.openalex.org/works?filter=institutions.id:I4210100770,publication_year:2020-2024",2026-09-25T22:38:19+00:00,api
openalex,Universidad de Las Americas,2024,2020-2024,socios_recurrentes,199,instituciones,Instituciones con 3 o más trabajos conjuntos,https://api.openalex.org/works,2026-09-25T22:38:19+00:00,api
openalex,Universidad de Las Americas,2024,2020-2024,socios_recurrentes_paises,196,países,Países distintos entre los socios recurrentes,https://api.openalex.org/works,2026-09-25T22:38:19+00:00,api
openalex,Universidad de Los Lagos,2022,2018-2022,publicaciones_openalex,1727,trabajos,Trabajos con al menos un autor de la institución,"https://api.openalex.org/works?filter=institutions.id:I4210154195,publication_year:2018-2022",2026-09-25T22:38:19+00:00,api
openalex,Universidad de Los Lagos,2022,2018-2022,publicaciones_openalex_article,1503,trabajos,Trabajos de tipo «article»,"https://api.openalex.org/works?filter=institutions.id:I4210154195,publication_year:2018-2022",2026-09-25T22:38:19+00:00,api
openalex,Universidad de Los Lagos,2022,2018-2022,publicaciones_openalex_book,5,trabajos,Trabajos de tipo «book»,"https://api.openalex.org/works?filter=institutions.id:I4210154195,publication_year:2018-2022",2026-09-25T22:38:19+00:00,api
openalex,Universidad de Los Lagos,2022,2018-2022,publicaciones_openalex_book-chapter,28,trabajos,Trabajos de tipo «book-chapter»,"https://api.openalex.org/works?filter=institutions.id:I4210154195,publication_year:2018-2022",2026-09-25T22:38:19+00:00,api
openalex,Universidad de Los Lagos,2022,2018-2022,publicaciones_openalex_book-review,10,trabajos,Trabajos de tipo «book-review»,"https://api.openalex.org/works?filter=institutions.id:I4210154195,publication_year:2018-2022",2026-09-25T22:38:19+00:00,api
openalex,Universidad de Los Lagos,2022,2018-2022,publicaciones_openalex_conference-abstract,2,trabajos,Trabajos de tipo «conference-abstract»,"https://api.openalex.org/works?filter=institutions.id:I4210154195,publication_year:2018-2022",2026-09-25T22:38:19+00:00,api
openalex,Universidad de Los Lagos,2022,2018-2022,publicaciones_openalex_conference-paper,21,trabajos,Trabajos de tipo «conference-paper»,"https://api.openalex.org/works?filter=institutions.id:I4210154195,publication_year:2018-2022",2026-09-25T22:38:19+00:00,api
openalex,Universidad de Los Lagos,2022,2018-2022,publicaciones_openalex_data-paper,1,trabajos,Trabajos de tipo «data-paper»,"https://api.openalex.org/works?filter=institutions.id:I4210154195,publication_year:2018-2022",2026-09-25T22:38:19+00:00,api
openalex,Universidad de Los Lagos,2022,2018-2022,publicaciones_openalex_dataset,18,trabajos,Trabajos de tipo «dataset»,"https://api.openalex.org/works?filter=institutions.id:I4210154195,publication_year:2018-2022",2026-09-25T22:38:19+00:00,api
openalex,Universidad de Los Lagos,2022,2018-2022,publicaciones_openalex_editorial,11,trabajos,Trabajos de tipo «editorial»,"https://api.openalex.org/works?filter=institutions.id:I4210154195,publication_year:2018-2022",2026-09-25T22:38:19+00:00,api
openalex,Universidad de Los Lagos,2022,2018-2022,publicaciones_openalex_erratum,5,trabajos,Trabajos de tipo «erratum»,"https://api.openalex.org/works?filter=institutions.id:I4210154195,publication_year:2018-2022",2026-09-25T22:38:19+00:00,api
openalex,Universidad de Los Lagos,2022,2018-2022,publicaciones_openalex_letter,3,trabajos,Trabajos de tipo «letter»,"https://api.openalex.org/works?filter=institutions.id:I4210154195,publication_year:2018-2022",2026-09-25T22:38:19+00:00,api
openalex,Universidad de Los Lagos,2022,2018-2022,publicaciones_openalex_other,6,trabajos,Trabajos de tipo «other»,"https://api.openalex.org/works?filter=institutions.id:I4210154195,publication_year:2018-2022",2026-09-25T22:38:19+00:00,api
openalex,Universidad de Los Lagos,2022,2018-2022,publicaciones_openalex_paratext,3,trabajos,Trabajos de tipo «paratext»,"https://api.openalex.org/works?filter=institutions.id:I4210154195,publication_year:2018-2022",2026-09-25T22:38:19+00:00,api
openalex,Universidad de Los Lagos,2022,2018-2022,publicaciones_openalex_peer-review,2,trabajos,Trabajos de tipo «peer-review»,"https://api.openalex.org/works?filter=institutions.id:I4210154195,publication_year:2018-2022",2026-09-25T22:38:19+00:00,api
openalex,Universidad de Los Lagos,2022,2018-2022,publicaciones_openalex_preprint,39,trabajos,Trabajos de tipo «preprint»,"https://api.openalex.org/works?filter=institutions.id:I4210154195,publication_year:2018-2022",2026-09-25T22:38:19+00:00,api
openalex,Universidad de Los Lagos,2022,2018-2022,publicaciones_openalex_reference-entry,1,trabajos,Trabajos de tipo «reference-entry»,"https://api.openalex.org/works?filter=institutions.id:I4210154195,publication_year:2018-2022",2026-09-25T22:38:19+00:00,api
openalex,Universidad de Los Lagos,2022,2018-2022,publicaciones_openalex_report,3,trabajos,Trabajos de tipo «report»,"https://api.openalex.org/works?filter=institutions.id:I4210154195,publication_year:2018-2022",2026-09-25T22:38:19+00:00,api
openalex,Universidad de Los Lagos,2022,2018-2022,publicaciones_openalex_review,66,trabajos,Trabajos de tipo «review»,"https://api.openalex.org/works?filter=institutions.id:I4210154195,publication_year:2018-2022",2026-09-25T22:38:19+00:00,api
openalex,Universidad de Los Lagos,2022,2018-2022,citas_openalex,24635,citas,Citas recibidas por los trabajos de la ventana (histograma sobre 1720 de 1727),"https://api.openalex.org/works?filter=institutions.id:I4210154195,publication_year:2018-2022",2026-09-25T22:38:19+00:00,api
openalex,Universidad de Los Lagos,2022,2018-2022,citas_por_documento_openalex,14.323,citas por documento,"Citas por trabajo, sobre los trabajos del histograma","https://api.openalex.org/works?filter=institutions.id:I4210154195,publication_year:2018-2022",2026-09-25T22:38:19+00:00,api
openalex,Universidad de Los Lagos,2022,2018-2022,pct_colaboracion_internacional,48.81,%,Trabajos con coautor de una institución de otro país,"https://api.openalex.org/works?filter=institutions.id:I4210154195,publication_year:2018-2022",2026-09-25T22:38:19+00:00,api
openalex,Universidad de Los Lagos,2023,2019-2023,publicaciones_openalex,1810,trabajos,Trabajos con al menos un autor de la institución,"https://api.openalex.org/works?filter=institutions.id:I4210154195,publication_year:2019-2023",2026-09-25T22:38:19+00:00,api
openalex,Universidad de Los Lagos,2023,2019-2023,publicaciones_openalex_article,1550,trabajos,Trabajos de tipo «article»,"https://api.openalex.org/works?filter=institutions.id:I4210154195,publication_year:2019-2023",2026-09-25T22:38:19+00:00,api
openalex,Universidad de Los Lagos,2023,2019-2023,publicaciones_openalex_book,6,trabajos,Trabajos de tipo «book»,"https://api.openalex.org/works?filter=institutions.id:I4210154195,publication_year:2019-2023",2026-09-25T22:38:19+00:00,api
openalex,Universidad de Los Lagos,2023,2019-2023,publicaciones_openalex_book-chapter,31,trabajos,Trabajos de tipo «book-chapter»,"https://api.openalex.org/works?filter=institutions.id:I4210154195,publication_year:2019-2023",2026-09-25T22:38:19+00:00,api
openalex,Universidad de Los Lagos,2023,2019-2023,publicaciones_openalex_book-review,10,trabajos,Trabajos de tipo «book-review»,"https://api.openalex.org/works?filter=institutions.id:I4210154195,publication_year:2019-2023",2026-09-25T22:38:19+00:00,api
openalex,Universidad de Los Lagos,2023,2019-2023,publicaciones_openalex_conference-abstract,2,trabajos,Trabajos de tipo «conference-abstract»,"https://api.openalex.org/works?filter=institutions.id:I4210154195,publication_year:2019-2023",2026-09-25T22:38:19+00:00,api
openalex,Universidad de Los Lagos,2023,2019-2023,publicaciones_openalex_conference-paper,22,trabajos,Trabajos de tipo «conference-paper»,"https://api.openalex.org/works?filter=institutions.id:I4210154195,publication_year:2019-2023",2026-09-25T22:38:19+00:00,api
openalex,Universidad de Los Lagos,2023,2019-2023,publicaciones_openalex_data-paper,1,trabajos,Trabajos de tipo «data-paper»,"https://api.openalex.org/works?filter=institutions.id:I4210154195,publication_year:2019-2023",2026-09-25T22:38:19+00:00,api
openalex,Universidad de Los Lagos,2023,2019-2023,publicaciones_openalex_dataset,25,trabajos,Trabajos de tipo «dataset»,"https://api.openalex.org/works?filter=institutions.id:I4210154195,publication_year:2019-2023",2026-09-25T22:38:19+00:00,api
openalex,Universidad de Los Lagos,2023,2019-2023,publicaciones_openalex_editorial,12,trabajos,Trabajos de tipo «editorial»,"https://api.openalex.org/works?filter=institutions.id:I4210154195,publication_year:2019-2023",2026-09-25T22:38:19+00:00,api
openalex,Universidad de Los Lagos,2023,2019-2023,publicaciones_openalex_erratum,10,trabajos,Trabajos de tipo «erratum»,"https://api.openalex.org/works?filter=institutions.id:I4210154195,publication_year:2019-2023",2026-09-25T22:38:19+00:00,api
openalex,Universidad de Los Lagos,2023,2019-2023,publicaciones_openalex_letter,2,trabajos,Trabajos de tipo «letter»,"https://api.openalex.org/works?filter=institutions.id:I4210154195,publication_year:2019-2023",2026-09-25T22:38:19+00:00,api
openalex,Universidad de Los Lagos,2023,2019-2023,publicaciones_openalex_other,5,trabajos,Trabajos de tipo «other»,"https://api.openalex.org/works?filter=institutions.id:I4210154195,publication_year:2019-2023",2026-09-25T22:38:19+00:00,api
openalex,Universidad de Los Lagos,2023,2019-2023,publicaciones_openalex_paratext,3,trabajos,Trabajos de tipo «paratext»,"https://api.openalex.org/works?filter=institutions.id:I4210154195,publication_year:2019-2023",2026-09-25T22:38:19+00:00,api
openalex,Universidad de Los Lagos,2023,2019-2023,publicaciones_openalex_peer-review,12,trabajos,Trabajos de tipo «peer-review»,"https://api.openalex.org/works?filter=institutions.id:I4210154195,publication_year:2019-2023",2026-09-25T22:38:19+00:00,api
openalex,Universidad de Los Lagos,2023,2019-2023,publicaciones_openalex_preprint,45,trabajos,Trabajos de tipo «preprint»,"https://api.openalex.org/works?filter=institutions.id:I4210154195,publication_year:2019-2023",2026-09-25T22:38:19+00:00,api
openalex,Universidad de Los Lagos,2023,2019-2023,publicaciones_openalex_reference-entry,3,trabajos,Trabajos de tipo «reference-entry»,"https://api.openalex.org/works?filter=institutions.id:I4210154195,publication_year:2019-2023",2026-09-25T22:38:19+00:00,api
openalex,Universidad de Los Lagos,2023,2019-2023,publicaciones_openalex_report,3,trabajos,Trabajos de tipo «report»,"https://api.openalex.org/works?filter=institutions.id:I4210154195,publication_year:2019-2023",2026-09-25T22:38:19+00:00,api
openalex,Universidad de Los Lagos,2023,2019-2023,publicaciones_openalex_review,67,trabajos,Trabajos de tipo «review»,"https://api.openalex.org/works?filter=institutions.id:I4210154195,publication_year:2019-2023",2026-09-25T22:38:19+00:00,api
openalex,Universidad de Los Lagos,2023,2019-2023,publicaciones_openalex_supplementary-materials,1,trabajos,Trabajos de tipo «supplementary-materials»,"https://api.openalex.org/works?filter=institutions.id:I4210154195,publication_year:2019-2023",2026-09-25T22:38:19+00:00,api
openalex,Universidad de Los Lagos,2023,2019-2023,citas_openalex,21921,citas,Citas recibidas por los trabajos de la ventana (histograma sobre 1803 de 1810),"https://api.openalex.org/works?filter=institutions.id:I4210154195,publication_year:2019-2023",2026-09-25T22:38:19+00:00,api
openalex,Universidad de Los Lagos,2023,2019-2023,citas_por_documento_openalex,12.158,citas por documento,"Citas por trabajo, sobre los trabajos del histograma","https://api.openalex.org/works?filter=institutions.id:I4210154195,publication_year:2019-2023",2026-09-25T22:38:19+00:00,api
openalex,Universidad de Los Lagos,2023,2019-2023,pct_colaboracion_internacional,49.67,%,Trabajos con coautor de una institución de otro país,"https://api.openalex.org/works?filter=institutions.id:I4210154195,publication_year:2019-2023",2026-09-25T22:38:19+00:00,api
openalex,Universidad de Los Lagos,2024,2020-2024,publicaciones_openalex,1878,trabajos,Trabajos con al menos un autor de la institución,"https://api.openalex.org/works?filter=institutions.id:I4210154195,publication_year:2020-2024",2026-09-25T22:38:19+00:00,api
openalex,Universidad de Los Lagos,2024,2020-2024,publicaciones_openalex_article,1594,trabajos,Trabajos de tipo «article»,"https://api.openalex.org/works?filter=institutions.id:I4210154195,publication_year:2020-2024",2026-09-25T22:38:19+00:00,api
openalex,Universidad de Los Lagos,2024,2020-2024,publicaciones_openalex_book,11,trabajos,Trabajos de tipo «book»,"https://api.openalex.org/works?filter=institutions.id:I4210154195,publication_year:2020-2024",2026-09-25T22:38:19+00:00,api
openalex,Universidad de Los Lagos,2024,2020-2024,publicaciones_openalex_book-chapter,37,trabajos,Trabajos de tipo «book-chapter»,"https://api.openalex.org/works?filter=institutions.id:I4210154195,publication_year:2020-2024",2026-09-25T22:38:19+00:00,api
openalex,Universidad de Los Lagos,2024,2020-2024,publicaciones_openalex_book-review,9,trabajos,Trabajos de tipo «book-review»,"https://api.openalex.org/works?filter=institutions.id:I4210154195,publication_year:2020-2024",2026-09-25T22:38:19+00:00,api
openalex,Universidad de Los Lagos,2024,2020-2024,publicaciones_openalex_conference-abstract,4,trabajos,Trabajos de tipo «conference-abstract»,"https://api.openalex.org/works?filter=institutions.id:I4210154195,publication_year:2020-2024",2026-09-25T22:38:19+00:00,api
openalex,Universidad de Los Lagos,2024,2020-2024,publicaciones_openalex_conference-paper,21,trabajos,Trabajos de tipo «conference-paper»,"https://api.openalex.org/works?filter=institutions.id:I4210154195,publication_year:2020-2024",2026-09-25T22:38:19+00:00,api
openalex,Universidad de Los Lagos,2024,2020-2024,publicaciones_openalex_data-paper,1,trabajos,Trabajos de tipo «data-paper»,"https://api.openalex.org/works?filter=institutions.id:I4210154195,publication_year:2020-2024",2026-09-25T22:38:19+00:00,api
openalex,Universidad de Los Lagos,2024,2020-2024,publicaciones_openalex_dataset,20,trabajos,Trabajos de tipo «dataset»,"https://api.openalex.org/works?filter=institutions.id:I4210154195,publication_year:2020-2024",2026-09-25T22:38:19+00:00,api
openalex,Universidad de Los Lagos,2024,2020-2024,publicaciones_openalex_editorial,12,trabajos,Trabajos de tipo «editorial»,"https://api.openalex.org/works?filter=institutions.id:I4210154195,publication_year:2020-2024",2026-09-25T22:38:19+00:00,api
openalex,Universidad de Los Lagos,2024,2020-2024,publicaciones_openalex_erratum,11,trabajos,Trabajos de tipo «erratum»,"https://api.openalex.org/works?filter=institutions.id:I4210154195,publication_year:2020-2024",2026-09-25T22:38:19+00:00,api
openalex,Universidad de Los Lagos,2024,2020-2024,publicaciones_openalex_letter,1,trabajos,Trabajos de tipo «letter»,"https://api.openalex.org/works?filter=institutions.id:I4210154195,publication_year:2020-2024",2026-09-25T22:38:19+00:00,api
openalex,Universidad de Los Lagos,2024,2020-2024,publicaciones_openalex_other,5,trabajos,Trabajos de tipo «other»,"https://api.openalex.org/works?filter=institutions.id:I4210154195,publication_year:2020-2024",2026-09-25T22:38:19+00:00,api
openalex,Universidad de Los Lagos,2024,2020-2024,publicaciones_openalex_paratext,2,trabajos,Trabajos de tipo «paratext»,"https://api.openalex.org/works?filter=institutions.id:I4210154195,publication_year:2020-2024",2026-09-25T22:38:19+00:00,api
openalex,Universidad de Los Lagos,2024,2020-2024,publicaciones_openalex_peer-review,14,trabajos,Trabajos de tipo «peer-review»,"https://api.openalex.org/works?filter=institutions.id:I4210154195,publication_year:2020-2024",2026-09-25T22:38:19+00:00,api
openalex,Universidad de Los Lagos,2024,2020-2024,publicaciones_openalex_preprint,53,trabajos,Trabajos de tipo «preprint»,"https://api.openalex.org/works?filter=institutions.id:I4210154195,publication_year:2020-2024",2026-09-25T22:38:19+00:00,api
openalex,Universidad de Los Lagos,2024,2020-2024,publicaciones_openalex_reference-entry,3,trabajos,Trabajos de tipo «reference-entry»,"https://api.openalex.org/works?filter=institutions.id:I4210154195,publication_year:2020-2024",2026-09-25T22:38:19+00:00,api
openalex,Universidad de Los Lagos,2024,2020-2024,publicaciones_openalex_report,3,trabajos,Trabajos de tipo «report»,"https://api.openalex.org/works?filter=institutions.id:I4210154195,publication_year:2020-2024",2026-09-25T22:38:19+00:00,api
openalex,Universidad de Los Lagos,2024,2020-2024,publicaciones_openalex_review,76,trabajos,Trabajos de tipo «review»,"https://api.openalex.org/works?filter=institutions.id:I4210154195,publication_year:2020-2024",2026-09-25T22:38:19+00:00,api
openalex,Universidad de Los Lagos,2024,2020-2024,publicaciones_openalex_supplementary-materials,1,trabajos,Trabajos de tipo «supplementary-materials»,"https://api.openalex.org/works?filter=institutions.id:I4210154195,publication_year:2020-2024",2026-09-25T22:38:19+00:00,api
openalex,Universidad de Los Lagos,2024,2020-2024,citas_openalex,18562,citas,Citas recibidas por los trabajos de la ventana (histograma sobre 1876 de 1878),"https://api.openalex.org/works?filter=institutions.id:I4210154195,publication_year:2020-2024",2026-09-25T22:38:19+00:00,api
openalex,Universidad de Los Lagos,2024,2020-2024,citas_por_documento_openalex,9.894,citas por documento,"Citas por trabajo, sobre los trabajos del histograma","https://api.openalex.org/works?filter=institutions.id:I4210154195,publication_year:2020-2024",2026-09-25T22:38:19+00:00,api
openalex,Universidad de Los Lagos,2024,2020-2024,pct_colaboracion_internacional,49.47,%,Trabajos con coautor de una institución de otro país,"https://api.openalex.org/works?filter=institutions.id:I4210154195,publication_year:2020-2024",2026-09-25T22:38:19+00:00,api
openalex,Universidad de Los Lagos,2024,2020-2024,socios_recurrentes,199,instituciones,Instituciones con 3 o más trabajos conjuntos,https://api.openalex.org/works,2026-09-25T22:38:19+00:00,api
openalex,Universidad de Los Lagos,2024,2020-2024,socios_recurrentes_paises,195,países,Países distintos entre los socios recurrentes,https://api.openalex.org/works,2026-09-25T22:38:19+00:00,api
openalex,Universidad de Magallanes,2022,2018-2022,publicaciones_openalex,1243,trabajos,Trabajos con al menos un autor de la institución,"https://api.openalex.org/works?filter=institutions.id:I63471342,publication_year:2018-2022",2026-09-25T22:38:19+00:00,api
openalex,Universidad de Magallanes,2022,2018-2022,publicaciones_openalex_article,1009,trabajos,Trabajos de tipo «article»,"https://api.openalex.org/works?filter=institutions.id:I63471342,publication_year:2018-2022",2026-09-25T22:38:19+00:00,api
openalex,Universidad de Magallanes,2022,2018-2022,publicaciones_openalex_book,1,trabajos,Trabajos de tipo «book»,"https://api.openalex.org/works?filter=institutions.id:I63471342,publication_year:2018-2022",2026-09-25T22:38:19+00:00,api
openalex,Universidad de Magallanes,2022,2018-2022,publicaciones_openalex_book-chapter,43,trabajos,Trabajos de tipo «book-chapter»,"https://api.openalex.org/works?filter=institutions.id:I63471342,publication_year:2018-2022",2026-09-25T22:38:19+00:00,api
openalex,Universidad de Magallanes,2022,2018-2022,publicaciones_openalex_conference-abstract,27,trabajos,Trabajos de tipo «conference-abstract»,"https://api.openalex.org/works?filter=institutions.id:I63471342,publication_year:2018-2022",2026-09-25T22:38:19+00:00,api
openalex,Universidad de Magallanes,2022,2018-2022,publicaciones_openalex_conference-paper,43,trabajos,Trabajos de tipo «conference-paper»,"https://api.openalex.org/works?filter=institutions.id:I63471342,publication_year:2018-2022",2026-09-25T22:38:19+00:00,api
openalex,Universidad de Magallanes,2022,2018-2022,publicaciones_openalex_data-paper,4,trabajos,Trabajos de tipo «data-paper»,"https://api.openalex.org/works?filter=institutions.id:I63471342,publication_year:2018-2022",2026-09-25T22:38:19+00:00,api
openalex,Universidad de Magallanes,2022,2018-2022,publicaciones_openalex_dataset,18,trabajos,Trabajos de tipo «dataset»,"https://api.openalex.org/works?filter=institutions.id:I63471342,publication_year:2018-2022",2026-09-25T22:38:19+00:00,api
openalex,Universidad de Magallanes,2022,2018-2022,publicaciones_openalex_editorial,6,trabajos,Trabajos de tipo «editorial»,"https://api.openalex.org/works?filter=institutions.id:I63471342,publication_year:2018-2022",2026-09-25T22:38:19+00:00,api
openalex,Universidad de Magallanes,2022,2018-2022,publicaciones_openalex_erratum,11,trabajos,Trabajos de tipo «erratum»,"https://api.openalex.org/works?filter=institutions.id:I63471342,publication_year:2018-2022",2026-09-25T22:38:19+00:00,api
openalex,Universidad de Magallanes,2022,2018-2022,publicaciones_openalex_peer-review,18,trabajos,Trabajos de tipo «peer-review»,"https://api.openalex.org/works?filter=institutions.id:I63471342,publication_year:2018-2022",2026-09-25T22:38:19+00:00,api
openalex,Universidad de Magallanes,2022,2018-2022,publicaciones_openalex_preprint,48,trabajos,Trabajos de tipo «preprint»,"https://api.openalex.org/works?filter=institutions.id:I63471342,publication_year:2018-2022",2026-09-25T22:38:19+00:00,api
openalex,Universidad de Magallanes,2022,2018-2022,publicaciones_openalex_reference-entry,3,trabajos,Trabajos de tipo «reference-entry»,"https://api.openalex.org/works?filter=institutions.id:I63471342,publication_year:2018-2022",2026-09-25T22:38:19+00:00,api
openalex,Universidad de Magallanes,2022,2018-2022,publicaciones_openalex_report,2,trabajos,Trabajos de tipo «report»,"https://api.openalex.org/works?filter=institutions.id:I63471342,publication_year:2018-2022",2026-09-25T22:38:19+00:00,api
openalex,Universidad de Magallanes,2022,2018-2022,publicaciones_openalex_review,7,trabajos,Trabajos de tipo «review»,"https://api.openalex.org/works?filter=institutions.id:I63471342,publication_year:2018-2022",2026-09-25T22:38:19+00:00,api
openalex,Universidad de Magallanes,2022,2018-2022,publicaciones_openalex_supplementary-materials,3,trabajos,Trabajos de tipo «supplementary-materials»,"https://api.openalex.org/works?filter=institutions.id:I63471342,publication_year:2018-2022",2026-09-25T22:38:19+00:00,api
openalex,Universidad de Magallanes,2022,2018-2022,citas_openalex,24906,citas,Citas recibidas por los trabajos de la ventana (histograma sobre 1240 de 1243),"https://api.openalex.org/works?filter=institutions.id:I63471342,publication_year:2018-2022",2026-09-25T22:38:19+00:00,api
openalex,Universidad de Magallanes,2022,2018-2022,citas_por_documento_openalex,20.085,citas por documento,"Citas por trabajo, sobre los trabajos del histograma","https://api.openalex.org/works?filter=institutions.id:I63471342,publication_year:2018-2022",2026-09-25T22:38:19+00:00,api
openalex,Universidad de Magallanes,2022,2018-2022,pct_colaboracion_internacional,67.34,%,Trabajos con coautor de una institución de otro país,"https://api.openalex.org/works?filter=institutions.id:I63471342,publication_year:2018-2022",2026-09-25T22:38:19+00:00,api
openalex,Universidad de Magallanes,2023,2019-2023,publicaciones_openalex,1325,trabajos,Trabajos con al menos un autor de la institución,"https://api.openalex.org/works?filter=institutions.id:I63471342,publication_year:2019-2023",2026-09-25T22:38:19+00:00,api
openalex,Universidad de Magallanes,2023,2019-2023,publicaciones_openalex_article,1031,trabajos,Trabajos de tipo «article»,"https://api.openalex.org/works?filter=institutions.id:I63471342,publication_year:2019-2023",2026-09-25T22:38:19+00:00,api
openalex,Universidad de Magallanes,2023,2019-2023,publicaciones_openalex_book,1,trabajos,Trabajos de tipo «book»,"https://api.openalex.org/works?filter=institutions.id:I63471342,publication_year:2019-2023",2026-09-25T22:38:19+00:00,api
openalex,Universidad de Magallanes,2023,2019-2023,publicaciones_openalex_book-chapter,55,trabajos,Trabajos de tipo «book-chapter»,"https://api.openalex.org/works?filter=institutions.id:I63471342,publication_year:2019-2023",2026-09-25T22:38:19+00:00,api
openalex,Universidad de Magallanes,2023,2019-2023,publicaciones_openalex_book-review,1,trabajos,Trabajos de tipo «book-review»,"https://api.openalex.org/works?filter=institutions.id:I63471342,publication_year:2019-2023",2026-09-25T22:38:19+00:00,api
openalex,Universidad de Magallanes,2023,2019-2023,publicaciones_openalex_conference-abstract,32,trabajos,Trabajos de tipo «conference-abstract»,"https://api.openalex.org/works?filter=institutions.id:I63471342,publication_year:2019-2023",2026-09-25T22:38:19+00:00,api
openalex,Universidad de Magallanes,2023,2019-2023,publicaciones_openalex_conference-paper,46,trabajos,Trabajos de tipo «conference-paper»,"https://api.openalex.org/works?filter=institutions.id:I63471342,publication_year:2019-2023",2026-09-25T22:38:19+00:00,api
openalex,Universidad de Magallanes,2023,2019-2023,publicaciones_openalex_data-paper,5,trabajos,Trabajos de tipo «data-paper»,"https://api.openalex.org/works?filter=institutions.id:I63471342,publication_year:2019-2023",2026-09-25T22:38:19+00:00,api
openalex,Universidad de Magallanes,2023,2019-2023,publicaciones_openalex_dataset,29,trabajos,Trabajos de tipo «dataset»,"https://api.openalex.org/works?filter=institutions.id:I63471342,publication_year:2019-2023",2026-09-25T22:38:19+00:00,api
openalex,Universidad de Magallanes,2023,2019-2023,publicaciones_openalex_editorial,6,trabajos,Trabajos de tipo «editorial»,"https://api.openalex.org/works?filter=institutions.id:I63471342,publication_year:2019-2023",2026-09-25T22:38:19+00:00,api
openalex,Universidad de Magallanes,2023,2019-2023,publicaciones_openalex_erratum,10,trabajos,Trabajos de tipo «erratum»,"https://api.openalex.org/works?filter=institutions.id:I63471342,publication_year:2019-2023",2026-09-25T22:38:19+00:00,api
openalex,Universidad de Magallanes,2023,2019-2023,publicaciones_openalex_other,3,trabajos,Trabajos de tipo «other»,"https://api.openalex.org/works?filter=institutions.id:I63471342,publication_year:2019-2023",2026-09-25T22:38:19+00:00,api
openalex,Universidad de Magallanes,2023,2019-2023,publicaciones_openalex_peer-review,30,trabajos,Trabajos de tipo «peer-review»,"https://api.openalex.org/works?filter=institutions.id:I63471342,publication_year:2019-2023",2026-09-25T22:38:19+00:00,api
openalex,Universidad de Magallanes,2023,2019-2023,publicaciones_openalex_preprint,59,trabajos,Trabajos de tipo «preprint»,"https://api.openalex.org/works?filter=institutions.id:I63471342,publication_year:2019-2023",2026-09-25T22:38:19+00:00,api
openalex,Universidad de Magallanes,2023,2019-2023,publicaciones_openalex_reference-entry,3,trabajos,Trabajos de tipo «reference-entry»,"https://api.openalex.org/works?filter=institutions.id:I63471342,publication_year:2019-2023",2026-09-25T22:38:19+00:00,api
openalex,Universidad de Magallanes,2023,2019-2023,publicaciones_openalex_report,2,trabajos,Trabajos de tipo «report»,"https://api.openalex.org/works?filter=institutions.id:I63471342,publication_year:2019-2023",2026-09-25T22:38:19+00:00,api
openalex,Universidad de Magallanes,2023,2019-2023,publicaciones_openalex_review,8,trabajos,Trabajos de tipo «review»,"https://api.openalex.org/works?filter=institutions.id:I63471342,publication_year:2019-2023",2026-09-25T22:38:19+00:00,api
openalex,Universidad de Magallanes,2023,2019-2023,publicaciones_openalex_supplementary-materials,4,trabajos,Trabajos de tipo «supplementary-materials»,"https://api.openalex.org/works?filter=institutions.id:I63471342,publication_year:2019-2023",2026-09-25T22:38:19+00:00,api
openalex,Universidad de Magallanes,2023,2019-2023,citas_openalex,22691,citas,Citas recibidas por los trabajos de la ventana (histograma sobre 1322 de 1325),"https://api.openalex.org/works?filter=institutions.id:I63471342,publication_year:2019-2023",2026-09-25T22:38:19+00:00,api
openalex,Universidad de Magallanes,2023,2019-2023,citas_por_documento_openalex,17.164,citas por documento,"Citas por trabajo, sobre los trabajos del histograma","https://api.openalex.org/works?filter=institutions.id:I63471342,publication_year:2019-2023",2026-09-25T22:38:19+00:00,api
openalex,Universidad de Magallanes,2023,2019-2023,pct_colaboracion_internacional,67.85,%,Trabajos con coautor de una institución de otro país,"https://api.openalex.org/works?filter=institutions.id:I63471342,publication_year:2019-2023",2026-09-25T22:38:19+00:00,api
openalex,Universidad de Magallanes,2024,2020-2024,publicaciones_openalex,1436,trabajos,Trabajos con al menos un autor de la institución,"https://api.openalex.org/works?filter=institutions.id:I63471342,publication_year:2020-2024",2026-09-25T22:38:19+00:00,api
openalex,Universidad de Magallanes,2024,2020-2024,publicaciones_openalex_article,1105,trabajos,Trabajos de tipo «article»,"https://api.openalex.org/works?filter=institutions.id:I63471342,publication_year:2020-2024",2026-09-25T22:38:19+00:00,api
openalex,Universidad de Magallanes,2024,2020-2024,publicaciones_openalex_book,1,trabajos,Trabajos de tipo «book»,"https://api.openalex.org/works?filter=institutions.id:I63471342,publication_year:2020-2024",2026-09-25T22:38:19+00:00,api
openalex,Universidad de Magallanes,2024,2020-2024,publicaciones_openalex_book-chapter,52,trabajos,Trabajos de tipo «book-chapter»,"https://api.openalex.org/works?filter=institutions.id:I63471342,publication_year:2020-2024",2026-09-25T22:38:19+00:00,api
openalex,Universidad de Magallanes,2024,2020-2024,publicaciones_openalex_book-review,4,trabajos,Trabajos de tipo «book-review»,"https://api.openalex.org/works?filter=institutions.id:I63471342,publication_year:2020-2024",2026-09-25T22:38:19+00:00,api
openalex,Universidad de Magallanes,2024,2020-2024,publicaciones_openalex_conference-abstract,35,trabajos,Trabajos de tipo «conference-abstract»,"https://api.openalex.org/works?filter=institutions.id:I63471342,publication_year:2020-2024",2026-09-25T22:38:19+00:00,api
openalex,Universidad de Magallanes,2024,2020-2024,publicaciones_openalex_conference-paper,45,trabajos,Trabajos de tipo «conference-paper»,"https://api.openalex.org/works?filter=institutions.id:I63471342,publication_year:2020-2024",2026-09-25T22:38:19+00:00,api
openalex,Universidad de Magallanes,2024,2020-2024,publicaciones_openalex_data-paper,5,trabajos,Trabajos de tipo «data-paper»,"https://api.openalex.org/works?filter=institutions.id:I63471342,publication_year:2020-2024",2026-09-25T22:38:19+00:00,api
openalex,Universidad de Magallanes,2024,2020-2024,publicaciones_openalex_dataset,32,trabajos,Trabajos de tipo «dataset»,"https://api.openalex.org/works?filter=institutions.id:I63471342,publication_year:2020-2024",2026-09-25T22:38:19+00:00,api
openalex,Universidad de Magallanes,2024,2020-2024,publicaciones_openalex_dissertation,1,trabajos,Trabajos de tipo «dissertation»,"https://api.openalex.org/works?filter=institutions.id:I63471342,publication_year:2020-2024",2026-09-25T22:38:19+00:00,api
openalex,Universidad de Magallanes,2024,2020-2024,publicaciones_openalex_editorial,5,trabajos,Trabajos de tipo «editorial»,"https://api.openalex.org/works?filter=institutions.id:I63471342,publication_year:2020-2024",2026-09-25T22:38:19+00:00,api
openalex,Universidad de Magallanes,2024,2020-2024,publicaciones_openalex_erratum,11,trabajos,Trabajos de tipo «erratum»,"https://api.openalex.org/works?filter=institutions.id:I63471342,publication_year:2020-2024",2026-09-25T22:38:19+00:00,api
openalex,Universidad de Magallanes,2024,2020-2024,publicaciones_openalex_other,15,trabajos,Trabajos de tipo «other»,"https://api.openalex.org/works?filter=institutions.id:I63471342,publication_year:2020-2024",2026-09-25T22:38:19+00:00,api
openalex,Universidad de Magallanes,2024,2020-2024,publicaciones_openalex_peer-review,30,trabajos,Trabajos de tipo «peer-review»,"https://api.openalex.org/works?filter=institutions.id:I63471342,publication_year:2020-2024",2026-09-25T22:38:19+00:00,api
openalex,Universidad de Magallanes,2024,2020-2024,publicaciones_openalex_preprint,72,trabajos,Trabajos de tipo «preprint»,"https://api.openalex.org/works?filter=institutions.id:I63471342,publication_year:2020-2024",2026-09-25T22:38:19+00:00,api
openalex,Universidad de Magallanes,2024,2020-2024,publicaciones_openalex_reference-entry,4,trabajos,Trabajos de tipo «reference-entry»,"https://api.openalex.org/works?filter=institutions.id:I63471342,publication_year:2020-2024",2026-09-25T22:38:19+00:00,api
openalex,Universidad de Magallanes,2024,2020-2024,publicaciones_openalex_report,2,trabajos,Trabajos de tipo «report»,"https://api.openalex.org/works?filter=institutions.id:I63471342,publication_year:2020-2024",2026-09-25T22:38:19+00:00,api
openalex,Universidad de Magallanes,2024,2020-2024,publicaciones_openalex_review,13,trabajos,Trabajos de tipo «review»,"https://api.openalex.org/works?filter=institutions.id:I63471342,publication_year:2020-2024",2026-09-25T22:38:19+00:00,api
openalex,Universidad de Magallanes,2024,2020-2024,publicaciones_openalex_supplementary-materials,4,trabajos,Trabajos de tipo «supplementary-materials»,"https://api.openalex.org/works?filter=institutions.id:I63471342,publication_year:2020-2024",2026-09-25T22:38:19+00:00,api
openalex,Universidad de Magallanes,2024,2020-2024,citas_openalex,18502,citas,Citas recibidas por los trabajos de la ventana (histograma sobre 1431 de 1436),"https://api.openalex.org/works?filter=institutions.id:I63471342,publication_year:2020-2024",2026-09-25T22:38:19+00:00,api
openalex,Universidad de Magallanes,2024,2020-2024,citas_por_documento_openalex,12.929,citas por documento,"Citas por trabajo, sobre los trabajos del histograma","https://api.openalex.org/works?filter=institutions.id:I63471342,publication_year:2020-2024",2026-09-25T22:38:19+00:00,api
openalex,Universidad de Magallanes,2024,2020-2024,pct_colaboracion_internacional,66.85,%,Trabajos con coautor de una institución de otro país,"https://api.openalex.org/works?filter=institutions.id:I63471342,publication_year:2020-2024",2026-09-25T22:38:19+00:00,api
openalex,Universidad de Magallanes,2024,2020-2024,socios_recurrentes,199,instituciones,Instituciones con 3 o más trabajos conjuntos,https://api.openalex.org/works,2026-09-25T22:38:19+00:00,api
openalex,Universidad de Magallanes,2024,2020-2024,socios_recurrentes_paises,199,países,Países distintos entre los socios recurrentes,https://api.openalex.org/works,2026-09-25T22:38:19+00:00,api
openalex,Universidad de Playa Ancha,2022,2018-2022,publicaciones_openalex,1108,trabajos,Trabajos con al menos un autor de la institución,"https://api.openalex.org/works?filter=institutions.id:I4210100945,publication_year:2018-2022",2026-09-25T22:38:19+00:00,api
openalex,Universidad de Playa Ancha,2022,2018-2022,publicaciones_openalex_article,980,trabajos,Trabajos de tipo «article»,"https://api.openalex.org/works?filter=institutions.id:I4210100945,publication_year:2018-2022",2026-09-25T22:38:19+00:00,api
openalex,Universidad de Playa Ancha,2022,2018-2022,publicaciones_openalex_book,1,trabajos,Trabajos de tipo «book»,"https://api.openalex.org/works?filter=institutions.id:I4210100945,publication_year:2018-2022",2026-09-25T22:38:19+00:00,api
openalex,Universidad de Playa Ancha,2022,2018-2022,publicaciones_openalex_book-chapter,15,trabajos,Trabajos de tipo «book-chapter»,"https://api.openalex.org/works?filter=institutions.id:I4210100945,publication_year:2018-2022",2026-09-25T22:38:19+00:00,api
openalex,Universidad de Playa Ancha,2022,2018-2022,publicaciones_openalex_book-review,3,trabajos,Trabajos de tipo «book-review»,"https://api.openalex.org/works?filter=institutions.id:I4210100945,publication_year:2018-2022",2026-09-25T22:38:19+00:00,api
openalex,Universidad de Playa Ancha,2022,2018-2022,publicaciones_openalex_conference-abstract,11,trabajos,Trabajos de tipo «conference-abstract»,"https://api.openalex.org/works?filter=institutions.id:I4210100945,publication_year:2018-2022",2026-09-25T22:38:19+00:00,api
openalex,Universidad de Playa Ancha,2022,2018-2022,publicaciones_openalex_conference-paper,46,trabajos,Trabajos de tipo «conference-paper»,"https://api.openalex.org/works?filter=institutions.id:I4210100945,publication_year:2018-2022",2026-09-25T22:38:19+00:00,api
openalex,Universidad de Playa Ancha,2022,2018-2022,publicaciones_openalex_data-paper,2,trabajos,Trabajos de tipo «data-paper»,"https://api.openalex.org/works?filter=institutions.id:I4210100945,publication_year:2018-2022",2026-09-25T22:38:19+00:00,api
openalex,Universidad de Playa Ancha,2022,2018-2022,publicaciones_openalex_dataset,5,trabajos,Trabajos de tipo «dataset»,"https://api.openalex.org/works?filter=institutions.id:I4210100945,publication_year:2018-2022",2026-09-25T22:38:19+00:00,api
openalex,Universidad de Playa Ancha,2022,2018-2022,publicaciones_openalex_dissertation,2,trabajos,Trabajos de tipo «dissertation»,"https://api.openalex.org/works?filter=institutions.id:I4210100945,publication_year:2018-2022",2026-09-25T22:38:19+00:00,api
openalex,Universidad de Playa Ancha,2022,2018-2022,publicaciones_openalex_editorial,10,trabajos,Trabajos de tipo «editorial»,"https://api.openalex.org/works?filter=institutions.id:I4210100945,publication_year:2018-2022",2026-09-25T22:38:19+00:00,api
openalex,Universidad de Playa Ancha,2022,2018-2022,publicaciones_openalex_erratum,3,trabajos,Trabajos de tipo «erratum»,"https://api.openalex.org/works?filter=institutions.id:I4210100945,publication_year:2018-2022",2026-09-25T22:38:19+00:00,api
openalex,Universidad de Playa Ancha,2022,2018-2022,publicaciones_openalex_other,4,trabajos,Trabajos de tipo «other»,"https://api.openalex.org/works?filter=institutions.id:I4210100945,publication_year:2018-2022",2026-09-25T22:38:19+00:00,api
openalex,Universidad de Playa Ancha,2022,2018-2022,publicaciones_openalex_preprint,18,trabajos,Trabajos de tipo «preprint»,"https://api.openalex.org/works?filter=institutions.id:I4210100945,publication_year:2018-2022",2026-09-25T22:38:19+00:00,api
openalex,Universidad de Playa Ancha,2022,2018-2022,publicaciones_openalex_report,1,trabajos,Trabajos de tipo «report»,"https://api.openalex.org/works?filter=institutions.id:I4210100945,publication_year:2018-2022",2026-09-25T22:38:19+00:00,api
openalex,Universidad de Playa Ancha,2022,2018-2022,publicaciones_openalex_review,6,trabajos,Trabajos de tipo «review»,"https://api.openalex.org/works?filter=institutions.id:I4210100945,publication_year:2018-2022",2026-09-25T22:38:19+00:00,api
openalex,Universidad de Playa Ancha,2022,2018-2022,publicaciones_openalex_supplementary-materials,1,trabajos,Trabajos de tipo «supplementary-materials»,"https://api.openalex.org/works?filter=institutions.id:I4210100945,publication_year:2018-2022",2026-09-25T22:38:19+00:00,api
openalex,Universidad de Playa Ancha,2022,2018-2022,citas_openalex,9655,citas,Citas recibidas por los trabajos de la ventana (histograma sobre 1108 de 1108),"https://api.openalex.org/works?filter=institutions.id:I4210100945,publication_year:2018-2022",2026-09-25T22:38:19+00:00,api
openalex,Universidad de Playa Ancha,2022,2018-2022,citas_por_documento_openalex,8.714,citas por documento,"Citas por trabajo, sobre los trabajos del histograma","https://api.openalex.org/works?filter=institutions.id:I4210100945,publication_year:2018-2022",2026-09-25T22:38:19+00:00,api
openalex,Universidad de Playa Ancha,2022,2018-2022,pct_colaboracion_internacional,37.18,%,Trabajos con coautor de una institución de otro país,"https://api.openalex.org/works?filter=institutions.id:I4210100945,publication_year:2018-2022",2026-09-25T22:38:19+00:00,api
openalex,Universidad de Playa Ancha,2023,2019-2023,publicaciones_openalex,1110,trabajos,Trabajos con al menos un autor de la institución,"https://api.openalex.org/works?filter=institutions.id:I4210100945,publication_year:2019-2023",2026-09-25T22:38:19+00:00,api
openalex,Universidad de Playa Ancha,2023,2019-2023,publicaciones_openalex_article,971,trabajos,Trabajos de tipo «article»,"https://api.openalex.org/works?filter=institutions.id:I4210100945,publication_year:2019-2023",2026-09-25T22:38:19+00:00,api
openalex,Universidad de Playa Ancha,2023,2019-2023,publicaciones_openalex_book,2,trabajos,Trabajos de tipo «book»,"https://api.openalex.org/works?filter=institutions.id:I4210100945,publication_year:2019-2023",2026-09-25T22:38:19+00:00,api
openalex,Universidad de Playa Ancha,2023,2019-2023,publicaciones_openalex_book-chapter,14,trabajos,Trabajos de tipo «book-chapter»,"https://api.openalex.org/works?filter=institutions.id:I4210100945,publication_year:2019-2023",2026-09-25T22:38:19+00:00,api
openalex,Universidad de Playa Ancha,2023,2019-2023,publicaciones_openalex_book-review,4,trabajos,Trabajos de tipo «book-review»,"https://api.openalex.org/works?filter=institutions.id:I4210100945,publication_year:2019-2023",2026-09-25T22:38:19+00:00,api
openalex,Universidad de Playa Ancha,2023,2019-2023,publicaciones_openalex_conference-abstract,10,trabajos,Trabajos de tipo «conference-abstract»,"https://api.openalex.org/works?filter=institutions.id:I4210100945,publication_year:2019-2023",2026-09-25T22:38:19+00:00,api
openalex,Universidad de Playa Ancha,2023,2019-2023,publicaciones_openalex_conference-paper,36,trabajos,Trabajos de tipo «conference-paper»,"https://api.openalex.org/works?filter=institutions.id:I4210100945,publication_year:2019-2023",2026-09-25T22:38:19+00:00,api
openalex,Universidad de Playa Ancha,2023,2019-2023,publicaciones_openalex_data-paper,2,trabajos,Trabajos de tipo «data-paper»,"https://api.openalex.org/works?filter=institutions.id:I4210100945,publication_year:2019-2023",2026-09-25T22:38:19+00:00,api
openalex,Universidad de Playa Ancha,2023,2019-2023,publicaciones_openalex_dataset,4,trabajos,Trabajos de tipo «dataset»,"https://api.openalex.org/works?filter=institutions.id:I4210100945,publication_year:2019-2023",2026-09-25T22:38:19+00:00,api
openalex,Universidad de Playa Ancha,2023,2019-2023,publicaciones_openalex_dissertation,2,trabajos,Trabajos de tipo «dissertation»,"https://api.openalex.org/works?filter=institutions.id:I4210100945,publication_year:2019-2023",2026-09-25T22:38:19+00:00,api
openalex,Universidad de Playa Ancha,2023,2019-2023,publicaciones_openalex_editorial,8,trabajos,Trabajos de tipo «editorial»,"https://api.openalex.org/works?filter=institutions.id:I4210100945,publication_year:2019-2023",2026-09-25T22:38:19+00:00,api
openalex,Universidad de Playa Ancha,2023,2019-2023,publicaciones_openalex_erratum,5,trabajos,Trabajos de tipo «erratum»,"https://api.openalex.org/works?filter=institutions.id:I4210100945,publication_year:2019-2023",2026-09-25T22:38:19+00:00,api
openalex,Universidad de Playa Ancha,2023,2019-2023,publicaciones_openalex_other,4,trabajos,Trabajos de tipo «other»,"https://api.openalex.org/works?filter=institutions.id:I4210100945,publication_year:2019-2023",2026-09-25T22:38:19+00:00,api
openalex,Universidad de Playa Ancha,2023,2019-2023,publicaciones_openalex_peer-review,8,trabajos,Trabajos de tipo «peer-review»,"https://api.openalex.org/works?filter=institutions.id:I4210100945,publication_year:2019-2023",2026-09-25T22:38:19+00:00,api
openalex,Universidad de Playa Ancha,2023,2019-2023,publicaciones_openalex_preprint,30,trabajos,Trabajos de tipo «preprint»,"https://api.openalex.org/works?filter=institutions.id:I4210100945,publication_year:2019-2023",2026-09-25T22:38:19+00:00,api
openalex,Universidad de Playa Ancha,2023,2019-2023,publicaciones_openalex_report,1,trabajos,Trabajos de tipo «report»,"https://api.openalex.org/works?filter=institutions.id:I4210100945,publication_year:2019-2023",2026-09-25T22:38:19+00:00,api
openalex,Universidad de Playa Ancha,2023,2019-2023,publicaciones_openalex_review,9,trabajos,Trabajos de tipo «review»,"https://api.openalex.org/works?filter=institutions.id:I4210100945,publication_year:2019-2023",2026-09-25T22:38:19+00:00,api
openalex,Universidad de Playa Ancha,2023,2019-2023,citas_openalex,8627,citas,Citas recibidas por los trabajos de la ventana (histograma sobre 1110 de 1110),"https://api.openalex.org/works?filter=institutions.id:I4210100945,publication_year:2019-2023",2026-09-25T22:38:19+00:00,api
openalex,Universidad de Playa Ancha,2023,2019-2023,citas_por_documento_openalex,7.772,citas por documento,"Citas por trabajo, sobre los trabajos del histograma","https://api.openalex.org/works?filter=institutions.id:I4210100945,publication_year:2019-2023",2026-09-25T22:38:19+00:00,api
openalex,Universidad de Playa Ancha,2023,2019-2023,pct_colaboracion_internacional,38.38,%,Trabajos con coautor de una institución de otro país,"https://api.openalex.org/works?filter=institutions.id:I4210100945,publication_year:2019-2023",2026-09-25T22:38:19+00:00,api
openalex,Universidad de Playa Ancha,2024,2020-2024,publicaciones_openalex,1170,trabajos,Trabajos con al menos un autor de la institución,"https://api.openalex.org/works?filter=institutions.id:I4210100945,publication_year:2020-2024",2026-09-25T22:38:19+00:00,api
openalex,Universidad de Playa Ancha,2024,2020-2024,publicaciones_openalex_article,1006,trabajos,Trabajos de tipo «article»,"https://api.openalex.org/works?filter=institutions.id:I4210100945,publication_year:2020-2024",2026-09-25T22:38:19+00:00,api
openalex,Universidad de Playa Ancha,2024,2020-2024,publicaciones_openalex_book,4,trabajos,Trabajos de tipo «book»,"https://api.openalex.org/works?filter=institutions.id:I4210100945,publication_year:2020-2024",2026-09-25T22:38:19+00:00,api
openalex,Universidad de Playa Ancha,2024,2020-2024,publicaciones_openalex_book-chapter,16,trabajos,Trabajos de tipo «book-chapter»,"https://api.openalex.org/works?filter=institutions.id:I4210100945,publication_year:2020-2024",2026-09-25T22:38:19+00:00,api
openalex,Universidad de Playa Ancha,2024,2020-2024,publicaciones_openalex_book-review,4,trabajos,Trabajos de tipo «book-review»,"https://api.openalex.org/works?filter=institutions.id:I4210100945,publication_year:2020-2024",2026-09-25T22:38:19+00:00,api
openalex,Universidad de Playa Ancha,2024,2020-2024,publicaciones_openalex_conference-abstract,12,trabajos,Trabajos de tipo «conference-abstract»,"https://api.openalex.org/works?filter=institutions.id:I4210100945,publication_year:2020-2024",2026-09-25T22:38:19+00:00,api
openalex,Universidad de Playa Ancha,2024,2020-2024,publicaciones_openalex_conference-paper,31,trabajos,Trabajos de tipo «conference-paper»,"https://api.openalex.org/works?filter=institutions.id:I4210100945,publication_year:2020-2024",2026-09-25T22:38:19+00:00,api
openalex,Universidad de Playa Ancha,2024,2020-2024,publicaciones_openalex_data-paper,2,trabajos,Trabajos de tipo «data-paper»,"https://api.openalex.org/works?filter=institutions.id:I4210100945,publication_year:2020-2024",2026-09-25T22:38:19+00:00,api
openalex,Universidad de Playa Ancha,2024,2020-2024,publicaciones_openalex_dataset,4,trabajos,Trabajos de tipo «dataset»,"https://api.openalex.org/works?filter=institutions.id:I4210100945,publication_year:2020-2024",2026-09-25T22:38:19+00:00,api
openalex,Universidad de Playa Ancha,2024,2020-2024,publicaciones_openalex_dissertation,2,trabajos,Trabajos de tipo «dissertation»,"https://api.openalex.org/works?filter=institutions.id:I4210100945,publication_year:2020-2024",2026-09-25T22:38:19+00:00,api
openalex,Universidad de Playa Ancha,2024,2020-2024,publicaciones_openalex_editorial,8,trabajos,Trabajos de tipo «editorial»,"https://api.openalex.org/works?filter=institutions.id:I4210100945,publication_year:2020-2024",2026-09-25T22:38:19+00:00,api
openalex,Universidad de Playa Ancha,2024,2020-2024,publicaciones_openalex_erratum,5,trabajos,Trabajos de tipo «erratum»,"https://api.openalex.org/works?filter=institutions.id:I4210100945,publication_year:2020-2024",2026-09-25T22:38:19+00:00,api
openalex,Universidad de Playa Ancha,2024,2020-2024,publicaciones_openalex_other,3,trabajos,Trabajos de tipo «other»,"https://api.openalex.org/works?filter=institutions.id:I4210100945,publication_year:2020-2024",2026-09-25T22:38:19+00:00,api
openalex,Universidad de Playa Ancha,2024,2020-2024,publicaciones_openalex_paratext,1,trabajos,Trabajos de tipo «paratext»,"https://api.openalex.org/works?filter=institutions.id:I4210100945,publication_year:2020-2024",2026-09-25T22:38:19+00:00,api
openalex,Universidad de Playa Ancha,2024,2020-2024,publicaciones_openalex_peer-review,11,trabajos,Trabajos de tipo «peer-review»,"https://api.openalex.org/works?filter=institutions.id:I4210100945,publication_year:2020-2024",2026-09-25T22:38:19+00:00,api
openalex,Universidad de Playa Ancha,2024,2020-2024,publicaciones_openalex_preprint,40,trabajos,Trabajos de tipo «preprint»,"https://api.openalex.org/works?filter=institutions.id:I4210100945,publication_year:2020-2024",2026-09-25T22:38:19+00:00,api
openalex,Universidad de Playa Ancha,2024,2020-2024,publicaciones_openalex_reference-entry,1,trabajos,Trabajos de tipo «reference-entry»,"https://api.openalex.org/works?filter=institutions.id:I4210100945,publication_year:2020-2024",2026-09-25T22:38:19+00:00,api
openalex,Universidad de Playa Ancha,2024,2020-2024,publicaciones_openalex_report,2,trabajos,Trabajos de tipo «report»,"https://api.openalex.org/works?filter=institutions.id:I4210100945,publication_year:2020-2024",2026-09-25T22:38:19+00:00,api
openalex,Universidad de Playa Ancha,2024,2020-2024,publicaciones_openalex_review,18,trabajos,Trabajos de tipo «review»,"https://api.openalex.org/works?filter=institutions.id:I4210100945,publication_year:2020-2024",2026-09-25T22:38:19+00:00,api
openalex,Universidad de Playa Ancha,2024,2020-2024,citas_openalex,7463,citas,Citas recibidas por los trabajos de la ventana (histograma sobre 1170 de 1170),"https://api.openalex.org/works?filter=institutions.id:I4210100945,publication_year:2020-2024",2026-09-25T22:38:19+00:00,api
openalex,Universidad de Playa Ancha,2024,2020-2024,citas_por_documento_openalex,6.379,citas por documento,"Citas por trabajo, sobre los trabajos del histograma","https://api.openalex.org/works?filter=institutions.id:I4210100945,publication_year:2020-2024",2026-09-25T22:38:19+00:00,api
openalex,Universidad de Playa Ancha,2024,2020-2024,pct_colaboracion_internacional,40.43,%,Trabajos con coautor de una institución de otro país,"https://api.openalex.org/works?filter=institutions.id:I4210100945,publication_year:2020-2024",2026-09-25T22:38:19+00:00,api
openalex,Universidad de Playa Ancha,2024,2020-2024,socios_recurrentes,199,instituciones,Instituciones con 3 o más trabajos conjuntos,https://api.openalex.org/works,2026-09-25T22:38:19+00:00,api
openalex,Universidad de Playa Ancha,2024,2020-2024,socios_recurrentes_paises,196,países,Países distintos entre los socios recurrentes,https://api.openalex.org/works,2026-09-25T22:38:19+00:00,api
openalex,Universidad de Santiago de Chile,2022,2018-2022,publicaciones_openalex,8048,trabajos,Trabajos con al menos un autor de la institución,"https://api.openalex.org/works?filter=institutions.id:I10457146,publication_year:2018-2022",2026-09-25T22:38:19+00:00,api
openalex,Universidad de Santiago de Chile,2022,2018-2022,publicaciones_openalex_article,6094,trabajos,Trabajos de tipo «article»,"https://api.openalex.org/works?filter=institutions.id:I10457146,publication_year:2018-2022",2026-09-25T22:38:19+00:00,api
openalex,Universidad de Santiago de Chile,2022,2018-2022,publicaciones_openalex_book,23,trabajos,Trabajos de tipo «book»,"https://api.openalex.org/works?filter=institutions.id:I10457146,publication_year:2018-2022",2026-09-25T22:38:19+00:00,api
openalex,Universidad de Santiago de Chile,2022,2018-2022,publicaciones_openalex_book-chapter,447,trabajos,Trabajos de tipo «book-chapter»,"https://api.openalex.org/works?filter=institutions.id:I10457146,publication_year:2018-2022",2026-09-25T22:38:19+00:00,api
openalex,Universidad de Santiago de Chile,2022,2018-2022,publicaciones_openalex_book-review,33,trabajos,Trabajos de tipo «book-review»,"https://api.openalex.org/works?filter=institutions.id:I10457146,publication_year:2018-2022",2026-09-25T22:38:19+00:00,api
openalex,Universidad de Santiago de Chile,2022,2018-2022,publicaciones_openalex_conference-abstract,54,trabajos,Trabajos de tipo «conference-abstract»,"https://api.openalex.org/works?filter=institutions.id:I10457146,publication_year:2018-2022",2026-09-25T22:38:19+00:00,api
openalex,Universidad de Santiago de Chile,2022,2018-2022,publicaciones_openalex_conference-paper,498,trabajos,Trabajos de tipo «conference-paper»,"https://api.openalex.org/works?filter=institutions.id:I10457146,publication_year:2018-2022",2026-09-25T22:38:19+00:00,api
openalex,Universidad de Santiago de Chile,2022,2018-2022,publicaciones_openalex_data-paper,5,trabajos,Trabajos de tipo «data-paper»,"https://api.openalex.org/works?filter=institutions.id:I10457146,publication_year:2018-2022",2026-09-25T22:38:19+00:00,api
openalex,Universidad de Santiago de Chile,2022,2018-2022,publicaciones_openalex_dataset,311,trabajos,Trabajos de tipo «dataset»,"https://api.openalex.org/works?filter=institutions.id:I10457146,publication_year:2018-2022",2026-09-25T22:38:19+00:00,api
openalex,Universidad de Santiago de Chile,2022,2018-2022,publicaciones_openalex_dissertation,1,trabajos,Trabajos de tipo «dissertation»,"https://api.openalex.org/works?filter=institutions.id:I10457146,publication_year:2018-2022",2026-09-25T22:38:19+00:00,api
openalex,Universidad de Santiago de Chile,2022,2018-2022,publicaciones_openalex_editorial,35,trabajos,Trabajos de tipo «editorial»,"https://api.openalex.org/works?filter=institutions.id:I10457146,publication_year:2018-2022",2026-09-25T22:38:19+00:00,api
openalex,Universidad de Santiago de Chile,2022,2018-2022,publicaciones_openalex_erratum,30,trabajos,Trabajos de tipo «erratum»,"https://api.openalex.org/works?filter=institutions.id:I10457146,publication_year:2018-2022",2026-09-25T22:38:19+00:00,api
openalex,Universidad de Santiago de Chile,2022,2018-2022,publicaciones_openalex_letter,6,trabajos,Trabajos de tipo «letter»,"https://api.openalex.org/works?filter=institutions.id:I10457146,publication_year:2018-2022",2026-09-25T22:38:19+00:00,api
openalex,Universidad de Santiago de Chile,2022,2018-2022,publicaciones_openalex_other,11,trabajos,Trabajos de tipo «other»,"https://api.openalex.org/works?filter=institutions.id:I10457146,publication_year:2018-2022",2026-09-25T22:38:19+00:00,api
openalex,Universidad de Santiago de Chile,2022,2018-2022,publicaciones_openalex_paratext,11,trabajos,Trabajos de tipo «paratext»,"https://api.openalex.org/works?filter=institutions.id:I10457146,publication_year:2018-2022",2026-09-25T22:38:19+00:00,api
openalex,Universidad de Santiago de Chile,2022,2018-2022,publicaciones_openalex_peer-review,19,trabajos,Trabajos de tipo «peer-review»,"https://api.openalex.org/works?filter=institutions.id:I10457146,publication_year:2018-2022",2026-09-25T22:38:19+00:00,api
openalex,Universidad de Santiago de Chile,2022,2018-2022,publicaciones_openalex_preprint,317,trabajos,Trabajos de tipo «preprint»,"https://api.openalex.org/works?filter=institutions.id:I10457146,publication_year:2018-2022",2026-09-25T22:38:19+00:00,api
openalex,Universidad de Santiago de Chile,2022,2018-2022,publicaciones_openalex_reference-entry,32,trabajos,Trabajos de tipo «reference-entry»,"https://api.openalex.org/works?filter=institutions.id:I10457146,publication_year:2018-2022",2026-09-25T22:38:19+00:00,api
openalex,Universidad de Santiago de Chile,2022,2018-2022,publicaciones_openalex_report,6,trabajos,Trabajos de tipo «report»,"https://api.openalex.org/works?filter=institutions.id:I10457146,publication_year:2018-2022",2026-09-25T22:38:19+00:00,api
openalex,Universidad de Santiago de Chile,2022,2018-2022,publicaciones_openalex_retraction,2,trabajos,Trabajos de tipo «retraction»,"https://api.openalex.org/works?filter=institutions.id:I10457146,publication_year:2018-2022",2026-09-25T22:38:19+00:00,api
openalex,Universidad de Santiago de Chile,2022,2018-2022,publicaciones_openalex_review,105,trabajos,Trabajos de tipo «review»,"https://api.openalex.org/works?filter=institutions.id:I10457146,publication_year:2018-2022",2026-09-25T22:38:19+00:00,api
openalex,Universidad de Santiago de Chile,2022,2018-2022,publicaciones_openalex_supplementary-materials,8,trabajos,Trabajos de tipo «supplementary-materials»,"https://api.openalex.org/works?filter=institutions.id:I10457146,publication_year:2018-2022",2026-09-25T22:38:19+00:00,api
openalex,Universidad de Santiago de Chile,2022,2018-2022,citas_openalex,113818,citas,Citas recibidas por los trabajos de la ventana (histograma sobre 8021 de 8048),"https://api.openalex.org/works?filter=institutions.id:I10457146,publication_year:2018-2022",2026-09-25T22:38:19+00:00,api
openalex,Universidad de Santiago de Chile,2022,2018-2022,citas_por_documento_openalex,14.19,citas por documento,"Citas por trabajo, sobre los trabajos del histograma","https://api.openalex.org/works?filter=institutions.id:I10457146,publication_year:2018-2022",2026-09-25T22:38:19+00:00,api
openalex,Universidad de Santiago de Chile,2022,2018-2022,pct_colaboracion_internacional,52.14,%,Trabajos con coautor de una institución de otro país,"https://api.openalex.org/works?filter=institutions.id:I10457146,publication_year:2018-2022",2026-09-25T22:38:19+00:00,api
openalex,Universidad de Santiago de Chile,2023,2019-2023,publicaciones_openalex,8280,trabajos,Trabajos con al menos un autor de la institución,"https://api.openalex.org/works?filter=institutions.id:I10457146,publication_year:2019-2023",2026-09-25T22:38:19+00:00,api
openalex,Universidad de Santiago de Chile,2023,2019-2023,publicaciones_openalex_article,6266,trabajos,Trabajos de tipo «article»,"https://api.openalex.org/works?filter=institutions.id:I10457146,publication_year:2019-2023",2026-09-25T22:38:19+00:00,api
openalex,Universidad de Santiago de Chile,2023,2019-2023,publicaciones_openalex_book,26,trabajos,Trabajos de tipo «book»,"https://api.openalex.org/works?filter=institutions.id:I10457146,publication_year:2019-2023",2026-09-25T22:38:19+00:00,api
openalex,Universidad de Santiago de Chile,2023,2019-2023,publicaciones_openalex_book-chapter,450,trabajos,Trabajos de tipo «book-chapter»,"https://api.openalex.org/works?filter=institutions.id:I10457146,publication_year:2019-2023",2026-09-25T22:38:19+00:00,api
openalex,Universidad de Santiago de Chile,2023,2019-2023,publicaciones_openalex_book-review,37,trabajos,Trabajos de tipo «book-review»,"https://api.openalex.org/works?filter=institutions.id:I10457146,publication_year:2019-2023",2026-09-25T22:38:19+00:00,api
openalex,Universidad de Santiago de Chile,2023,2019-2023,publicaciones_openalex_conference-abstract,49,trabajos,Trabajos de tipo «conference-abstract»,"https://api.openalex.org/works?filter=institutions.id:I10457146,publication_year:2019-2023",2026-09-25T22:38:19+00:00,api
openalex,Universidad de Santiago de Chile,2023,2019-2023,publicaciones_openalex_conference-paper,511,trabajos,Trabajos de tipo «conference-paper»,"https://api.openalex.org/works?filter=institutions.id:I10457146,publication_year:2019-2023",2026-09-25T22:38:19+00:00,api
openalex,Universidad de Santiago de Chile,2023,2019-2023,publicaciones_openalex_data-paper,6,trabajos,Trabajos de tipo «data-paper»,"https://api.openalex.org/works?filter=institutions.id:I10457146,publication_year:2019-2023",2026-09-25T22:38:19+00:00,api
openalex,Universidad de Santiago de Chile,2023,2019-2023,publicaciones_openalex_dataset,238,trabajos,Trabajos de tipo «dataset»,"https://api.openalex.org/works?filter=institutions.id:I10457146,publication_year:2019-2023",2026-09-25T22:38:19+00:00,api
openalex,Universidad de Santiago de Chile,2023,2019-2023,publicaciones_openalex_dissertation,1,trabajos,Trabajos de tipo «dissertation»,"https://api.openalex.org/works?filter=institutions.id:I10457146,publication_year:2019-2023",2026-09-25T22:38:19+00:00,api
openalex,Universidad de Santiago de Chile,2023,2019-2023,publicaciones_openalex_editorial,45,trabajos,Trabajos de tipo «editorial»,"https://api.openalex.org/works?filter=institutions.id:I10457146,publication_year:2019-2023",2026-09-25T22:38:19+00:00,api
openalex,Universidad de Santiago de Chile,2023,2019-2023,publicaciones_openalex_erratum,38,trabajos,Trabajos de tipo «erratum»,"https://api.openalex.org/works?filter=institutions.id:I10457146,publication_year:2019-2023",2026-09-25T22:38:19+00:00,api
openalex,Universidad de Santiago de Chile,2023,2019-2023,publicaciones_openalex_letter,5,trabajos,Trabajos de tipo «letter»,"https://api.openalex.org/works?filter=institutions.id:I10457146,publication_year:2019-2023",2026-09-25T22:38:19+00:00,api
openalex,Universidad de Santiago de Chile,2023,2019-2023,publicaciones_openalex_other,9,trabajos,Trabajos de tipo «other»,"https://api.openalex.org/works?filter=institutions.id:I10457146,publication_year:2019-2023",2026-09-25T22:38:19+00:00,api
openalex,Universidad de Santiago de Chile,2023,2019-2023,publicaciones_openalex_paratext,12,trabajos,Trabajos de tipo «paratext»,"https://api.openalex.org/works?filter=institutions.id:I10457146,publication_year:2019-2023",2026-09-25T22:38:19+00:00,api
openalex,Universidad de Santiago de Chile,2023,2019-2023,publicaciones_openalex_peer-review,40,trabajos,Trabajos de tipo «peer-review»,"https://api.openalex.org/works?filter=institutions.id:I10457146,publication_year:2019-2023",2026-09-25T22:38:19+00:00,api
openalex,Universidad de Santiago de Chile,2023,2019-2023,publicaciones_openalex_preprint,381,trabajos,Trabajos de tipo «preprint»,"https://api.openalex.org/works?filter=institutions.id:I10457146,publication_year:2019-2023",2026-09-25T22:38:19+00:00,api
openalex,Universidad de Santiago de Chile,2023,2019-2023,publicaciones_openalex_reference-entry,27,trabajos,Trabajos de tipo «reference-entry»,"https://api.openalex.org/works?filter=institutions.id:I10457146,publication_year:2019-2023",2026-09-25T22:38:19+00:00,api
openalex,Universidad de Santiago de Chile,2023,2019-2023,publicaciones_openalex_report,9,trabajos,Trabajos de tipo «report»,"https://api.openalex.org/works?filter=institutions.id:I10457146,publication_year:2019-2023",2026-09-25T22:38:19+00:00,api
openalex,Universidad de Santiago de Chile,2023,2019-2023,publicaciones_openalex_retraction,2,trabajos,Trabajos de tipo «retraction»,"https://api.openalex.org/works?filter=institutions.id:I10457146,publication_year:2019-2023",2026-09-25T22:38:19+00:00,api
openalex,Universidad de Santiago de Chile,2023,2019-2023,publicaciones_openalex_review,116,trabajos,Trabajos de tipo «review»,"https://api.openalex.org/works?filter=institutions.id:I10457146,publication_year:2019-2023",2026-09-25T22:38:19+00:00,api
openalex,Universidad de Santiago de Chile,2023,2019-2023,publicaciones_openalex_software-paper,2,trabajos,Trabajos de tipo «software-paper»,"https://api.openalex.org/works?filter=institutions.id:I10457146,publication_year:2019-2023",2026-09-25T22:38:19+00:00,api
openalex,Universidad de Santiago de Chile,2023,2019-2023,publicaciones_openalex_supplementary-materials,10,trabajos,Trabajos de tipo «supplementary-materials»,"https://api.openalex.org/works?filter=institutions.id:I10457146,publication_year:2019-2023",2026-09-25T22:38:19+00:00,api
openalex,Universidad de Santiago de Chile,2023,2019-2023,citas_openalex,110807,citas,Citas recibidas por los trabajos de la ventana (histograma sobre 8263 de 8280),"https://api.openalex.org/works?filter=institutions.id:I10457146,publication_year:2019-2023",2026-09-25T22:38:19+00:00,api
openalex,Universidad de Santiago de Chile,2023,2019-2023,citas_por_documento_openalex,13.41,citas por documento,"Citas por trabajo, sobre los trabajos del histograma","https://api.openalex.org/works?filter=institutions.id:I10457146,publication_year:2019-2023",2026-09-25T22:38:19+00:00,api
openalex,Universidad de Santiago de Chile,2023,2019-2023,pct_colaboracion_internacional,52.28,%,Trabajos con coautor de una institución de otro país,"https://api.openalex.org/works?filter=institutions.id:I10457146,publication_year:2019-2023",2026-09-25T22:38:19+00:00,api
openalex,Universidad de Santiago de Chile,2024,2020-2024,publicaciones_openalex,8533,trabajos,Trabajos con al menos un autor de la institución,"https://api.openalex.org/works?filter=institutions.id:I10457146,publication_year:2020-2024",2026-09-25T22:38:19+00:00,api
openalex,Universidad de Santiago de Chile,2024,2020-2024,publicaciones_openalex_article,6538,trabajos,Trabajos de tipo «article»,"https://api.openalex.org/works?filter=institutions.id:I10457146,publication_year:2020-2024",2026-09-25T22:38:19+00:00,api
openalex,Universidad de Santiago de Chile,2024,2020-2024,publicaciones_openalex_book,28,trabajos,Trabajos de tipo «book»,"https://api.openalex.org/works?filter=institutions.id:I10457146,publication_year:2020-2024",2026-09-25T22:38:19+00:00,api
openalex,Universidad de Santiago de Chile,2024,2020-2024,publicaciones_openalex_book-chapter,442,trabajos,Trabajos de tipo «book-chapter»,"https://api.openalex.org/works?filter=institutions.id:I10457146,publication_year:2020-2024",2026-09-25T22:38:19+00:00,api
openalex,Universidad de Santiago de Chile,2024,2020-2024,publicaciones_openalex_book-review,41,trabajos,Trabajos de tipo «book-review»,"https://api.openalex.org/works?filter=institutions.id:I10457146,publication_year:2020-2024",2026-09-25T22:38:19+00:00,api
openalex,Universidad de Santiago de Chile,2024,2020-2024,publicaciones_openalex_conference-abstract,65,trabajos,Trabajos de tipo «conference-abstract»,"https://api.openalex.org/works?filter=institutions.id:I10457146,publication_year:2020-2024",2026-09-25T22:38:19+00:00,api
openalex,Universidad de Santiago de Chile,2024,2020-2024,publicaciones_openalex_conference-paper,535,trabajos,Trabajos de tipo «conference-paper»,"https://api.openalex.org/works?filter=institutions.id:I10457146,publication_year:2020-2024",2026-09-25T22:38:19+00:00,api
openalex,Universidad de Santiago de Chile,2024,2020-2024,publicaciones_openalex_data-paper,6,trabajos,Trabajos de tipo «data-paper»,"https://api.openalex.org/works?filter=institutions.id:I10457146,publication_year:2020-2024",2026-09-25T22:38:19+00:00,api
openalex,Universidad de Santiago de Chile,2024,2020-2024,publicaciones_openalex_dataset,113,trabajos,Trabajos de tipo «dataset»,"https://api.openalex.org/works?filter=institutions.id:I10457146,publication_year:2020-2024",2026-09-25T22:38:19+00:00,api
openalex,Universidad de Santiago de Chile,2024,2020-2024,publicaciones_openalex_dissertation,3,trabajos,Trabajos de tipo «dissertation»,"https://api.openalex.org/works?filter=institutions.id:I10457146,publication_year:2020-2024",2026-09-25T22:38:19+00:00,api
openalex,Universidad de Santiago de Chile,2024,2020-2024,publicaciones_openalex_editorial,45,trabajos,Trabajos de tipo «editorial»,"https://api.openalex.org/works?filter=institutions.id:I10457146,publication_year:2020-2024",2026-09-25T22:38:19+00:00,api
openalex,Universidad de Santiago de Chile,2024,2020-2024,publicaciones_openalex_erratum,45,trabajos,Trabajos de tipo «erratum»,"https://api.openalex.org/works?filter=institutions.id:I10457146,publication_year:2020-2024",2026-09-25T22:38:19+00:00,api
openalex,Universidad de Santiago de Chile,2024,2020-2024,publicaciones_openalex_letter,3,trabajos,Trabajos de tipo «letter»,"https://api.openalex.org/works?filter=institutions.id:I10457146,publication_year:2020-2024",2026-09-25T22:38:19+00:00,api
openalex,Universidad de Santiago de Chile,2024,2020-2024,publicaciones_openalex_other,10,trabajos,Trabajos de tipo «other»,"https://api.openalex.org/works?filter=institutions.id:I10457146,publication_year:2020-2024",2026-09-25T22:38:19+00:00,api
openalex,Universidad de Santiago de Chile,2024,2020-2024,publicaciones_openalex_paratext,16,trabajos,Trabajos de tipo «paratext»,"https://api.openalex.org/works?filter=institutions.id:I10457146,publication_year:2020-2024",2026-09-25T22:38:19+00:00,api
openalex,Universidad de Santiago de Chile,2024,2020-2024,publicaciones_openalex_peer-review,50,trabajos,Trabajos de tipo «peer-review»,"https://api.openalex.org/works?filter=institutions.id:I10457146,publication_year:2020-2024",2026-09-25T22:38:19+00:00,api
openalex,Universidad de Santiago de Chile,2024,2020-2024,publicaciones_openalex_preprint,423,trabajos,Trabajos de tipo «preprint»,"https://api.openalex.org/works?filter=institutions.id:I10457146,publication_year:2020-2024",2026-09-25T22:38:19+00:00,api
openalex,Universidad de Santiago de Chile,2024,2020-2024,publicaciones_openalex_reference-entry,25,trabajos,Trabajos de tipo «reference-entry»,"https://api.openalex.org/works?filter=institutions.id:I10457146,publication_year:2020-2024",2026-09-25T22:38:19+00:00,api
openalex,Universidad de Santiago de Chile,2024,2020-2024,publicaciones_openalex_report,9,trabajos,Trabajos de tipo «report»,"https://api.openalex.org/works?filter=institutions.id:I10457146,publication_year:2020-2024",2026-09-25T22:38:19+00:00,api
openalex,Universidad de Santiago de Chile,2024,2020-2024,publicaciones_openalex_retraction,1,trabajos,Trabajos de tipo «retraction»,"https://api.openalex.org/works?filter=institutions.id:I10457146,publication_year:2020-2024",2026-09-25T22:38:19+00:00,api
openalex,Universidad de Santiago de Chile,2024,2020-2024,publicaciones_openalex_review,123,trabajos,Trabajos de tipo «review»,"https://api.openalex.org/works?filter=institutions.id:I10457146,publication_year:2020-2024",2026-09-25T22:38:19+00:00,api
openalex,Universidad de Santiago de Chile,2024,2020-2024,publicaciones_openalex_software-paper,2,trabajos,Trabajos de tipo «software-paper»,"https://api.openalex.org/works?filter=institutions.id:I10457146,publication_year:2020-2024",2026-09-25T22:38:19+00:00,api
openalex,Universidad de Santiago de Chile,2024,2020-2024,publicaciones_openalex_supplementary-materials,10,trabajos,Trabajos de tipo «supplementary-materials»,"https://api.openalex.org/works?filter=institutions.id:I10457146,publication_year:2020-2024",2026-09-25T22:38:19+00:00,api
openalex,Universidad de Santiago de Chile,2024,2020-2024,citas_openalex,96689,citas,Citas recibidas por los trabajos de la ventana (histograma sobre 8521 de 8533),"https://api.openalex.org/works?filter=institutions.id:I10457146,publication_year:2020-2024",2026-09-25T22:38:19+00:00,api
openalex,Universidad de Santiago de Chile,2024,2020-2024,citas_por_documento_openalex,11.347,citas por documento,"Citas por trabajo, sobre los trabajos del histograma","https://api.openalex.org/works?filter=institutions.id:I10457146,publication_year:2020-2024",2026-09-25T22:38:19+00:00,api
openalex,Universidad de Santiago de Chile,2024,2020-2024,pct_colaboracion_internacional,52.13,%,Trabajos con coautor de una institución de otro país,"https://api.openalex.org/works?filter=institutions.id:I10457146,publication_year:2020-2024",2026-09-25T22:38:19+00:00,api
openalex,Universidad de Santiago de Chile,2024,2020-2024,socios_recurrentes,199,instituciones,Instituciones con 3 o más trabajos conjuntos,https://api.openalex.org/works,2026-09-25T22:38:19+00:00,api
openalex,Universidad de Santiago de Chile,2024,2020-2024,socios_recurrentes_paises,197,países,Países distintos entre los socios recurrentes,https://api.openalex.org/works,2026-09-25T22:38:19+00:00,api
openalex,Universidad de Talca,2022,2018-2022,publicaciones_openalex,4031,trabajos,Trabajos con al menos un autor de la institución,"https://api.openalex.org/works?filter=institutions.id:I134695357,publication_year:2018-2022",2026-09-25T22:38:19+00:00,api
openalex,Universidad de Talca,2022,2018-2022,publicaciones_openalex_article,3183,trabajos,Trabajos de tipo «article»,"https://api.openalex.org/works?filter=institutions.id:I134695357,publication_year:2018-2022",2026-09-25T22:38:19+00:00,api
openalex,Universidad de Talca,2022,2018-2022,publicaciones_openalex_book,1,trabajos,Trabajos de tipo «book»,"https://api.openalex.org/works?filter=institutions.id:I134695357,publication_year:2018-2022",2026-09-25T22:38:19+00:00,api
openalex,Universidad de Talca,2022,2018-2022,publicaciones_openalex_book-chapter,47,trabajos,Trabajos de tipo «book-chapter»,"https://api.openalex.org/works?filter=institutions.id:I134695357,publication_year:2018-2022",2026-09-25T22:38:19+00:00,api
openalex,Universidad de Talca,2022,2018-2022,publicaciones_openalex_book-review,5,trabajos,Trabajos de tipo «book-review»,"https://api.openalex.org/works?filter=institutions.id:I134695357,publication_year:2018-2022",2026-09-25T22:38:19+00:00,api
openalex,Universidad de Talca,2022,2018-2022,publicaciones_openalex_conference-abstract,27,trabajos,Trabajos de tipo «conference-abstract»,"https://api.openalex.org/works?filter=institutions.id:I134695357,publication_year:2018-2022",2026-09-25T22:38:19+00:00,api
openalex,Universidad de Talca,2022,2018-2022,publicaciones_openalex_conference-paper,380,trabajos,Trabajos de tipo «conference-paper»,"https://api.openalex.org/works?filter=institutions.id:I134695357,publication_year:2018-2022",2026-09-25T22:38:19+00:00,api
openalex,Universidad de Talca,2022,2018-2022,publicaciones_openalex_data-paper,5,trabajos,Trabajos de tipo «data-paper»,"https://api.openalex.org/works?filter=institutions.id:I134695357,publication_year:2018-2022",2026-09-25T22:38:19+00:00,api
openalex,Universidad de Talca,2022,2018-2022,publicaciones_openalex_dataset,74,trabajos,Trabajos de tipo «dataset»,"https://api.openalex.org/works?filter=institutions.id:I134695357,publication_year:2018-2022",2026-09-25T22:38:19+00:00,api
openalex,Universidad de Talca,2022,2018-2022,publicaciones_openalex_dissertation,3,trabajos,Trabajos de tipo «dissertation»,"https://api.openalex.org/works?filter=institutions.id:I134695357,publication_year:2018-2022",2026-09-25T22:38:19+00:00,api
openalex,Universidad de Talca,2022,2018-2022,publicaciones_openalex_editorial,40,trabajos,Trabajos de tipo «editorial»,"https://api.openalex.org/works?filter=institutions.id:I134695357,publication_year:2018-2022",2026-09-25T22:38:19+00:00,api
openalex,Universidad de Talca,2022,2018-2022,publicaciones_openalex_erratum,14,trabajos,Trabajos de tipo «erratum»,"https://api.openalex.org/works?filter=institutions.id:I134695357,publication_year:2018-2022",2026-09-25T22:38:19+00:00,api
openalex,Universidad de Talca,2022,2018-2022,publicaciones_openalex_letter,1,trabajos,Trabajos de tipo «letter»,"https://api.openalex.org/works?filter=institutions.id:I134695357,publication_year:2018-2022",2026-09-25T22:38:19+00:00,api
openalex,Universidad de Talca,2022,2018-2022,publicaciones_openalex_other,23,trabajos,Trabajos de tipo «other»,"https://api.openalex.org/works?filter=institutions.id:I134695357,publication_year:2018-2022",2026-09-25T22:38:19+00:00,api
openalex,Universidad de Talca,2022,2018-2022,publicaciones_openalex_paratext,15,trabajos,Trabajos de tipo «paratext»,"https://api.openalex.org/works?filter=institutions.id:I134695357,publication_year:2018-2022",2026-09-25T22:38:19+00:00,api
openalex,Universidad de Talca,2022,2018-2022,publicaciones_openalex_peer-review,4,trabajos,Trabajos de tipo «peer-review»,"https://api.openalex.org/works?filter=institutions.id:I134695357,publication_year:2018-2022",2026-09-25T22:38:19+00:00,api
openalex,Universidad de Talca,2022,2018-2022,publicaciones_openalex_preprint,161,trabajos,Trabajos de tipo «preprint»,"https://api.openalex.org/works?filter=institutions.id:I134695357,publication_year:2018-2022",2026-09-25T22:38:19+00:00,api
openalex,Universidad de Talca,2022,2018-2022,publicaciones_openalex_reference-entry,4,trabajos,Trabajos de tipo «reference-entry»,"https://api.openalex.org/works?filter=institutions.id:I134695357,publication_year:2018-2022",2026-09-25T22:38:19+00:00,api
openalex,Universidad de Talca,2022,2018-2022,publicaciones_openalex_report,2,trabajos,Trabajos de tipo «report»,"https://api.openalex.org/works?filter=institutions.id:I134695357,publication_year:2018-2022",2026-09-25T22:38:19+00:00,api
openalex,Universidad de Talca,2022,2018-2022,publicaciones_openalex_retraction,1,trabajos,Trabajos de tipo «retraction»,"https://api.openalex.org/works?filter=institutions.id:I134695357,publication_year:2018-2022",2026-09-25T22:38:19+00:00,api
openalex,Universidad de Talca,2022,2018-2022,publicaciones_openalex_review,30,trabajos,Trabajos de tipo «review»,"https://api.openalex.org/works?filter=institutions.id:I134695357,publication_year:2018-2022",2026-09-25T22:38:19+00:00,api
openalex,Universidad de Talca,2022,2018-2022,publicaciones_openalex_supplementary-materials,11,trabajos,Trabajos de tipo «supplementary-materials»,"https://api.openalex.org/works?filter=institutions.id:I134695357,publication_year:2018-2022",2026-09-25T22:38:19+00:00,api
openalex,Universidad de Talca,2022,2018-2022,citas_openalex,68686,citas,Citas recibidas por los trabajos de la ventana (histograma sobre 4019 de 4031),"https://api.openalex.org/works?filter=institutions.id:I134695357,publication_year:2018-2022",2026-09-25T22:38:19+00:00,api
openalex,Universidad de Talca,2022,2018-2022,citas_por_documento_openalex,17.09,citas por documento,"Citas por trabajo, sobre los trabajos del histograma","https://api.openalex.org/works?filter=institutions.id:I134695357,publication_year:2018-2022",2026-09-25T22:38:19+00:00,api
openalex,Universidad de Talca,2022,2018-2022,pct_colaboracion_internacional,52.27,%,Trabajos con coautor de una institución de otro país,"https://api.openalex.org/works?filter=institutions.id:I134695357,publication_year:2018-2022",2026-09-25T22:38:19+00:00,api
openalex,Universidad de Talca,2023,2019-2023,publicaciones_openalex,4186,trabajos,Trabajos con al menos un autor de la institución,"https://api.openalex.org/works?filter=institutions.id:I134695357,publication_year:2019-2023",2026-09-25T22:38:19+00:00,api
openalex,Universidad de Talca,2023,2019-2023,publicaciones_openalex_article,3350,trabajos,Trabajos de tipo «article»,"https://api.openalex.org/works?filter=institutions.id:I134695357,publication_year:2019-2023",2026-09-25T22:38:19+00:00,api
openalex,Universidad de Talca,2023,2019-2023,publicaciones_openalex_book,6,trabajos,Trabajos de tipo «book»,"https://api.openalex.org/works?filter=institutions.id:I134695357,publication_year:2019-2023",2026-09-25T22:38:19+00:00,api
openalex,Universidad de Talca,2023,2019-2023,publicaciones_openalex_book-chapter,71,trabajos,Trabajos de tipo «book-chapter»,"https://api.openalex.org/works?filter=institutions.id:I134695357,publication_year:2019-2023",2026-09-25T22:38:19+00:00,api
openalex,Universidad de Talca,2023,2019-2023,publicaciones_openalex_book-review,5,trabajos,Trabajos de tipo «book-review»,"https://api.openalex.org/works?filter=institutions.id:I134695357,publication_year:2019-2023",2026-09-25T22:38:19+00:00,api
openalex,Universidad de Talca,2023,2019-2023,publicaciones_openalex_conference-abstract,21,trabajos,Trabajos de tipo «conference-abstract»,"https://api.openalex.org/works?filter=institutions.id:I134695357,publication_year:2019-2023",2026-09-25T22:38:19+00:00,api
openalex,Universidad de Talca,2023,2019-2023,publicaciones_openalex_conference-paper,350,trabajos,Trabajos de tipo «conference-paper»,"https://api.openalex.org/works?filter=institutions.id:I134695357,publication_year:2019-2023",2026-09-25T22:38:19+00:00,api
openalex,Universidad de Talca,2023,2019-2023,publicaciones_openalex_data-paper,4,trabajos,Trabajos de tipo «data-paper»,"https://api.openalex.org/works?filter=institutions.id:I134695357,publication_year:2019-2023",2026-09-25T22:38:19+00:00,api
openalex,Universidad de Talca,2023,2019-2023,publicaciones_openalex_dataset,37,trabajos,Trabajos de tipo «dataset»,"https://api.openalex.org/works?filter=institutions.id:I134695357,publication_year:2019-2023",2026-09-25T22:38:19+00:00,api
openalex,Universidad de Talca,2023,2019-2023,publicaciones_openalex_dissertation,4,trabajos,Trabajos de tipo «dissertation»,"https://api.openalex.org/works?filter=institutions.id:I134695357,publication_year:2019-2023",2026-09-25T22:38:19+00:00,api
openalex,Universidad de Talca,2023,2019-2023,publicaciones_openalex_editorial,52,trabajos,Trabajos de tipo «editorial»,"https://api.openalex.org/works?filter=institutions.id:I134695357,publication_year:2019-2023",2026-09-25T22:38:19+00:00,api
openalex,Universidad de Talca,2023,2019-2023,publicaciones_openalex_erratum,15,trabajos,Trabajos de tipo «erratum»,"https://api.openalex.org/works?filter=institutions.id:I134695357,publication_year:2019-2023",2026-09-25T22:38:19+00:00,api
openalex,Universidad de Talca,2023,2019-2023,publicaciones_openalex_letter,1,trabajos,Trabajos de tipo «letter»,"https://api.openalex.org/works?filter=institutions.id:I134695357,publication_year:2019-2023",2026-09-25T22:38:19+00:00,api
openalex,Universidad de Talca,2023,2019-2023,publicaciones_openalex_other,12,trabajos,Trabajos de tipo «other»,"https://api.openalex.org/works?filter=institutions.id:I134695357,publication_year:2019-2023",2026-09-25T22:38:19+00:00,api
openalex,Universidad de Talca,2023,2019-2023,publicaciones_openalex_paratext,7,trabajos,Trabajos de tipo «paratext»,"https://api.openalex.org/works?filter=institutions.id:I134695357,publication_year:2019-2023",2026-09-25T22:38:19+00:00,api
openalex,Universidad de Talca,2023,2019-2023,publicaciones_openalex_peer-review,8,trabajos,Trabajos de tipo «peer-review»,"https://api.openalex.org/works?filter=institutions.id:I134695357,publication_year:2019-2023",2026-09-25T22:38:19+00:00,api
openalex,Universidad de Talca,2023,2019-2023,publicaciones_openalex_preprint,189,trabajos,Trabajos de tipo «preprint»,"https://api.openalex.org/works?filter=institutions.id:I134695357,publication_year:2019-2023",2026-09-25T22:38:19+00:00,api
openalex,Universidad de Talca,2023,2019-2023,publicaciones_openalex_reference-entry,2,trabajos,Trabajos de tipo «reference-entry»,"https://api.openalex.org/works?filter=institutions.id:I134695357,publication_year:2019-2023",2026-09-25T22:38:19+00:00,api
openalex,Universidad de Talca,2023,2019-2023,publicaciones_openalex_report,5,trabajos,Trabajos de tipo «report»,"https://api.openalex.org/works?filter=institutions.id:I134695357,publication_year:2019-2023",2026-09-25T22:38:19+00:00,api
openalex,Universidad de Talca,2023,2019-2023,publicaciones_openalex_retraction,1,trabajos,Trabajos de tipo «retraction»,"https://api.openalex.org/works?filter=institutions.id:I134695357,publication_year:2019-2023",2026-09-25T22:38:19+00:00,api
openalex,Universidad de Talca,2023,2019-2023,publicaciones_openalex_review,33,trabajos,Trabajos de tipo «review»,"https://api.openalex.org/works?filter=institutions.id:I134695357,publication_year:2019-2023",2026-09-25T22:38:19+00:00,api
openalex,Universidad de Talca,2023,2019-2023,publicaciones_openalex_supplementary-materials,13,trabajos,Trabajos de tipo «supplementary-materials»,"https://api.openalex.org/works?filter=institutions.id:I134695357,publication_year:2019-2023",2026-09-25T22:38:19+00:00,api
openalex,Universidad de Talca,2023,2019-2023,citas_openalex,65285,citas,Citas recibidas por los trabajos de la ventana (histograma sobre 4174 de 4186),"https://api.openalex.org/works?filter=institutions.id:I134695357,publication_year:2019-2023",2026-09-25T22:38:19+00:00,api
openalex,Universidad de Talca,2023,2019-2023,citas_por_documento_openalex,15.641,citas por documento,"Citas por trabajo, sobre los trabajos del histograma","https://api.openalex.org/works?filter=institutions.id:I134695357,publication_year:2019-2023",2026-09-25T22:38:19+00:00,api
openalex,Universidad de Talca,2023,2019-2023,pct_colaboracion_internacional,54.28,%,Trabajos con coautor de una institución de otro país,"https://api.openalex.org/works?filter=institutions.id:I134695357,publication_year:2019-2023",2026-09-25T22:38:19+00:00,api
openalex,Universidad de Talca,2024,2020-2024,publicaciones_openalex,4341,trabajos,Trabajos con al menos un autor de la institución,"https://api.openalex.org/works?filter=institutions.id:I134695357,publication_year:2020-2024",2026-09-25T22:38:19+00:00,api
openalex,Universidad de Talca,2024,2020-2024,publicaciones_openalex_article,3426,trabajos,Trabajos de tipo «article»,"https://api.openalex.org/works?filter=institutions.id:I134695357,publication_year:2020-2024",2026-09-25T22:38:19+00:00,api
openalex,Universidad de Talca,2024,2020-2024,publicaciones_openalex_book,10,trabajos,Trabajos de tipo «book»,"https://api.openalex.org/works?filter=institutions.id:I134695357,publication_year:2020-2024",2026-09-25T22:38:19+00:00,api
openalex,Universidad de Talca,2024,2020-2024,publicaciones_openalex_book-chapter,80,trabajos,Trabajos de tipo «book-chapter»,"https://api.openalex.org/works?filter=institutions.id:I134695357,publication_year:2020-2024",2026-09-25T22:38:19+00:00,api
openalex,Universidad de Talca,2024,2020-2024,publicaciones_openalex_book-review,5,trabajos,Trabajos de tipo «book-review»,"https://api.openalex.org/works?filter=institutions.id:I134695357,publication_year:2020-2024",2026-09-25T22:38:19+00:00,api
openalex,Universidad de Talca,2024,2020-2024,publicaciones_openalex_conference-abstract,14,trabajos,Trabajos de tipo «conference-abstract»,"https://api.openalex.org/works?filter=institutions.id:I134695357,publication_year:2020-2024",2026-09-25T22:38:19+00:00,api
openalex,Universidad de Talca,2024,2020-2024,publicaciones_openalex_conference-paper,347,trabajos,Trabajos de tipo «conference-paper»,"https://api.openalex.org/works?filter=institutions.id:I134695357,publication_year:2020-2024",2026-09-25T22:38:19+00:00,api
openalex,Universidad de Talca,2024,2020-2024,publicaciones_openalex_data-paper,3,trabajos,Trabajos de tipo «data-paper»,"https://api.openalex.org/works?filter=institutions.id:I134695357,publication_year:2020-2024",2026-09-25T22:38:19+00:00,api
openalex,Universidad de Talca,2024,2020-2024,publicaciones_openalex_dataset,34,trabajos,Trabajos de tipo «dataset»,"https://api.openalex.org/works?filter=institutions.id:I134695357,publication_year:2020-2024",2026-09-25T22:38:19+00:00,api
openalex,Universidad de Talca,2024,2020-2024,publicaciones_openalex_dissertation,5,trabajos,Trabajos de tipo «dissertation»,"https://api.openalex.org/works?filter=institutions.id:I134695357,publication_year:2020-2024",2026-09-25T22:38:19+00:00,api
openalex,Universidad de Talca,2024,2020-2024,publicaciones_openalex_editorial,55,trabajos,Trabajos de tipo «editorial»,"https://api.openalex.org/works?filter=institutions.id:I134695357,publication_year:2020-2024",2026-09-25T22:38:19+00:00,api
openalex,Universidad de Talca,2024,2020-2024,publicaciones_openalex_erratum,16,trabajos,Trabajos de tipo «erratum»,"https://api.openalex.org/works?filter=institutions.id:I134695357,publication_year:2020-2024",2026-09-25T22:38:19+00:00,api
openalex,Universidad de Talca,2024,2020-2024,publicaciones_openalex_letter,1,trabajos,Trabajos de tipo «letter»,"https://api.openalex.org/works?filter=institutions.id:I134695357,publication_year:2020-2024",2026-09-25T22:38:19+00:00,api
openalex,Universidad de Talca,2024,2020-2024,publicaciones_openalex_other,9,trabajos,Trabajos de tipo «other»,"https://api.openalex.org/works?filter=institutions.id:I134695357,publication_year:2020-2024",2026-09-25T22:38:19+00:00,api
openalex,Universidad de Talca,2024,2020-2024,publicaciones_openalex_paratext,10,trabajos,Trabajos de tipo «paratext»,"https://api.openalex.org/works?filter=institutions.id:I134695357,publication_year:2020-2024",2026-09-25T22:38:19+00:00,api
openalex,Universidad de Talca,2024,2020-2024,publicaciones_openalex_peer-review,22,trabajos,Trabajos de tipo «peer-review»,"https://api.openalex.org/works?filter=institutions.id:I134695357,publication_year:2020-2024",2026-09-25T22:38:19+00:00,api
openalex,Universidad de Talca,2024,2020-2024,publicaciones_openalex_preprint,243,trabajos,Trabajos de tipo «preprint»,"https://api.openalex.org/works?filter=institutions.id:I134695357,publication_year:2020-2024",2026-09-25T22:38:19+00:00,api
openalex,Universidad de Talca,2024,2020-2024,publicaciones_openalex_reference-entry,1,trabajos,Trabajos de tipo «reference-entry»,"https://api.openalex.org/works?filter=institutions.id:I134695357,publication_year:2020-2024",2026-09-25T22:38:19+00:00,api
openalex,Universidad de Talca,2024,2020-2024,publicaciones_openalex_report,5,trabajos,Trabajos de tipo «report»,"https://api.openalex.org/works?filter=institutions.id:I134695357,publication_year:2020-2024",2026-09-25T22:38:19+00:00,api
openalex,Universidad de Talca,2024,2020-2024,publicaciones_openalex_retraction,1,trabajos,Trabajos de tipo «retraction»,"https://api.openalex.org/works?filter=institutions.id:I134695357,publication_year:2020-2024",2026-09-25T22:38:19+00:00,api
openalex,Universidad de Talca,2024,2020-2024,publicaciones_openalex_review,52,trabajos,Trabajos de tipo «review»,"https://api.openalex.org/works?filter=institutions.id:I134695357,publication_year:2020-2024",2026-09-25T22:38:19+00:00,api
openalex,Universidad de Talca,2024,2020-2024,publicaciones_openalex_supplementary-materials,2,trabajos,Trabajos de tipo «supplementary-materials»,"https://api.openalex.org/works?filter=institutions.id:I134695357,publication_year:2020-2024",2026-09-25T22:38:19+00:00,api
openalex,Universidad de Talca,2024,2020-2024,citas_openalex,57517,citas,Citas recibidas por los trabajos de la ventana (histograma sobre 4333 de 4341),"https://api.openalex.org/works?filter=institutions.id:I134695357,publication_year:2020-2024",2026-09-25T22:38:19+00:00,api
openalex,Universidad de Talca,2024,2020-2024,citas_por_documento_openalex,13.274,citas por documento,"Citas por trabajo, sobre los trabajos del histograma","https://api.openalex.org/works?filter=institutions.id:I134695357,publication_year:2020-2024",2026-09-25T22:38:19+00:00,api
openalex,Universidad de Talca,2024,2020-2024,pct_colaboracion_internacional,56.19,%,Trabajos con coautor de una institución de otro país,"https://api.openalex.org/works?filter=institutions.id:I134695357,publication_year:2020-2024",2026-09-25T22:38:19+00:00,api
openalex,Universidad de Talca,2024,2020-2024,socios_recurrentes,199,instituciones,Instituciones con 3 o más trabajos conjuntos,https://api.openalex.org/works,2026-09-25T22:38:19+00:00,api
openalex,Universidad de Talca,2024,2020-2024,socios_recurrentes_paises,197,países,Países distintos entre los socios recurrentes,https://api.openalex.org/works,2026-09-25T22:38:19+00:00,api
openalex,Universidad de Tarapaca,2022,2018-2022,publicaciones_openalex,2630,trabajos,Trabajos con al menos un autor de la institución,"https://api.openalex.org/works?filter=institutions.id:I185652977,publication_year:2018-2022",2026-09-25T22:38:19+00:00,api
openalex,Universidad de Tarapaca,2022,2018-2022,publicaciones_openalex_article,2357,trabajos,Trabajos de tipo «article»,"https://api.openalex.org/works?filter=institutions.id:I185652977,publication_year:2018-2022",2026-09-25T22:38:19+00:00,api
openalex,Universidad de Tarapaca,2022,2018-2022,publicaciones_openalex_book,6,trabajos,Trabajos de tipo «book»,"https://api.openalex.org/works?filter=institutions.id:I185652977,publication_year:2018-2022",2026-09-25T22:38:19+00:00,api
openalex,Universidad de Tarapaca,2022,2018-2022,publicaciones_openalex_book-chapter,76,trabajos,Trabajos de tipo «book-chapter»,"https://api.openalex.org/works?filter=institutions.id:I185652977,publication_year:2018-2022",2026-09-25T22:38:19+00:00,api
openalex,Universidad de Tarapaca,2022,2018-2022,publicaciones_openalex_book-review,2,trabajos,Trabajos de tipo «book-review»,"https://api.openalex.org/works?filter=institutions.id:I185652977,publication_year:2018-2022",2026-09-25T22:38:19+00:00,api
openalex,Universidad de Tarapaca,2022,2018-2022,publicaciones_openalex_conference-abstract,5,trabajos,Trabajos de tipo «conference-abstract»,"https://api.openalex.org/works?filter=institutions.id:I185652977,publication_year:2018-2022",2026-09-25T22:38:19+00:00,api
openalex,Universidad de Tarapaca,2022,2018-2022,publicaciones_openalex_conference-paper,54,trabajos,Trabajos de tipo «conference-paper»,"https://api.openalex.org/works?filter=institutions.id:I185652977,publication_year:2018-2022",2026-09-25T22:38:19+00:00,api
openalex,Universidad de Tarapaca,2022,2018-2022,publicaciones_openalex_data-paper,1,trabajos,Trabajos de tipo «data-paper»,"https://api.openalex.org/works?filter=institutions.id:I185652977,publication_year:2018-2022",2026-09-25T22:38:19+00:00,api
openalex,Universidad de Tarapaca,2022,2018-2022,publicaciones_openalex_dataset,3,trabajos,Trabajos de tipo «dataset»,"https://api.openalex.org/works?filter=institutions.id:I185652977,publication_year:2018-2022",2026-09-25T22:38:19+00:00,api
openalex,Universidad de Tarapaca,2022,2018-2022,publicaciones_openalex_dissertation,5,trabajos,Trabajos de tipo «dissertation»,"https://api.openalex.org/works?filter=institutions.id:I185652977,publication_year:2018-2022",2026-09-25T22:38:19+00:00,api
openalex,Universidad de Tarapaca,2022,2018-2022,publicaciones_openalex_editorial,6,trabajos,Trabajos de tipo «editorial»,"https://api.openalex.org/works?filter=institutions.id:I185652977,publication_year:2018-2022",2026-09-25T22:38:19+00:00,api
openalex,Universidad de Tarapaca,2022,2018-2022,publicaciones_openalex_erratum,12,trabajos,Trabajos de tipo «erratum»,"https://api.openalex.org/works?filter=institutions.id:I185652977,publication_year:2018-2022",2026-09-25T22:38:19+00:00,api
openalex,Universidad de Tarapaca,2022,2018-2022,publicaciones_openalex_other,7,trabajos,Trabajos de tipo «other»,"https://api.openalex.org/works?filter=institutions.id:I185652977,publication_year:2018-2022",2026-09-25T22:38:19+00:00,api
openalex,Universidad de Tarapaca,2022,2018-2022,publicaciones_openalex_peer-review,4,trabajos,Trabajos de tipo «peer-review»,"https://api.openalex.org/works?filter=institutions.id:I185652977,publication_year:2018-2022",2026-09-25T22:38:19+00:00,api
openalex,Universidad de Tarapaca,2022,2018-2022,publicaciones_openalex_preprint,62,trabajos,Trabajos de tipo «preprint»,"https://api.openalex.org/works?filter=institutions.id:I185652977,publication_year:2018-2022",2026-09-25T22:38:19+00:00,api
openalex,Universidad de Tarapaca,2022,2018-2022,publicaciones_openalex_reference-entry,17,trabajos,Trabajos de tipo «reference-entry»,"https://api.openalex.org/works?filter=institutions.id:I185652977,publication_year:2018-2022",2026-09-25T22:38:19+00:00,api
openalex,Universidad de Tarapaca,2022,2018-2022,publicaciones_openalex_report,2,trabajos,Trabajos de tipo «report»,"https://api.openalex.org/works?filter=institutions.id:I185652977,publication_year:2018-2022",2026-09-25T22:38:19+00:00,api
openalex,Universidad de Tarapaca,2022,2018-2022,publicaciones_openalex_review,11,trabajos,Trabajos de tipo «review»,"https://api.openalex.org/works?filter=institutions.id:I185652977,publication_year:2018-2022",2026-09-25T22:38:19+00:00,api
openalex,Universidad de Tarapaca,2022,2018-2022,citas_openalex,49670,citas,Citas recibidas por los trabajos de la ventana (histograma sobre 2630 de 2630),"https://api.openalex.org/works?filter=institutions.id:I185652977,publication_year:2018-2022",2026-09-25T22:38:19+00:00,api
openalex,Universidad de Tarapaca,2022,2018-2022,citas_por_documento_openalex,18.886,citas por documento,"Citas por trabajo, sobre los trabajos del histograma","https://api.openalex.org/works?filter=institutions.id:I185652977,publication_year:2018-2022",2026-09-25T22:38:19+00:00,api
openalex,Universidad de Tarapaca,2022,2018-2022,pct_colaboracion_internacional,60.23,%,Trabajos con coautor de una institución de otro país,"https://api.openalex.org/works?filter=institutions.id:I185652977,publication_year:2018-2022",2026-09-25T22:38:19+00:00,api
openalex,Universidad de Tarapaca,2023,2019-2023,publicaciones_openalex,3237,trabajos,Trabajos con al menos un autor de la institución,"https://api.openalex.org/works?filter=institutions.id:I185652977,publication_year:2019-2023",2026-09-25T22:38:19+00:00,api
openalex,Universidad de Tarapaca,2023,2019-2023,publicaciones_openalex_article,2890,trabajos,Trabajos de tipo «article»,"https://api.openalex.org/works?filter=institutions.id:I185652977,publication_year:2019-2023",2026-09-25T22:38:19+00:00,api
openalex,Universidad de Tarapaca,2023,2019-2023,publicaciones_openalex_book,8,trabajos,Trabajos de tipo «book»,"https://api.openalex.org/works?filter=institutions.id:I185652977,publication_year:2019-2023",2026-09-25T22:38:19+00:00,api
openalex,Universidad de Tarapaca,2023,2019-2023,publicaciones_openalex_book-chapter,97,trabajos,Trabajos de tipo «book-chapter»,"https://api.openalex.org/works?filter=institutions.id:I185652977,publication_year:2019-2023",2026-09-25T22:38:19+00:00,api
openalex,Universidad de Tarapaca,2023,2019-2023,publicaciones_openalex_book-review,3,trabajos,Trabajos de tipo «book-review»,"https://api.openalex.org/works?filter=institutions.id:I185652977,publication_year:2019-2023",2026-09-25T22:38:19+00:00,api
openalex,Universidad de Tarapaca,2023,2019-2023,publicaciones_openalex_conference-abstract,6,trabajos,Trabajos de tipo «conference-abstract»,"https://api.openalex.org/works?filter=institutions.id:I185652977,publication_year:2019-2023",2026-09-25T22:38:19+00:00,api
openalex,Universidad de Tarapaca,2023,2019-2023,publicaciones_openalex_conference-paper,58,trabajos,Trabajos de tipo «conference-paper»,"https://api.openalex.org/works?filter=institutions.id:I185652977,publication_year:2019-2023",2026-09-25T22:38:19+00:00,api
openalex,Universidad de Tarapaca,2023,2019-2023,publicaciones_openalex_data-paper,1,trabajos,Trabajos de tipo «data-paper»,"https://api.openalex.org/works?filter=institutions.id:I185652977,publication_year:2019-2023",2026-09-25T22:38:19+00:00,api
openalex,Universidad de Tarapaca,2023,2019-2023,publicaciones_openalex_dataset,4,trabajos,Trabajos de tipo «dataset»,"https://api.openalex.org/works?filter=institutions.id:I185652977,publication_year:2019-2023",2026-09-25T22:38:19+00:00,api
openalex,Universidad de Tarapaca,2023,2019-2023,publicaciones_openalex_dissertation,3,trabajos,Trabajos de tipo «dissertation»,"https://api.openalex.org/works?filter=institutions.id:I185652977,publication_year:2019-2023",2026-09-25T22:38:19+00:00,api
openalex,Universidad de Tarapaca,2023,2019-2023,publicaciones_openalex_editorial,13,trabajos,Trabajos de tipo «editorial»,"https://api.openalex.org/works?filter=institutions.id:I185652977,publication_year:2019-2023",2026-09-25T22:38:19+00:00,api
openalex,Universidad de Tarapaca,2023,2019-2023,publicaciones_openalex_erratum,20,trabajos,Trabajos de tipo «erratum»,"https://api.openalex.org/works?filter=institutions.id:I185652977,publication_year:2019-2023",2026-09-25T22:38:19+00:00,api
openalex,Universidad de Tarapaca,2023,2019-2023,publicaciones_openalex_letter,1,trabajos,Trabajos de tipo «letter»,"https://api.openalex.org/works?filter=institutions.id:I185652977,publication_year:2019-2023",2026-09-25T22:38:19+00:00,api
openalex,Universidad de Tarapaca,2023,2019-2023,publicaciones_openalex_other,8,trabajos,Trabajos de tipo «other»,"https://api.openalex.org/works?filter=institutions.id:I185652977,publication_year:2019-2023",2026-09-25T22:38:19+00:00,api
openalex,Universidad de Tarapaca,2023,2019-2023,publicaciones_openalex_paratext,1,trabajos,Trabajos de tipo «paratext»,"https://api.openalex.org/works?filter=institutions.id:I185652977,publication_year:2019-2023",2026-09-25T22:38:19+00:00,api
openalex,Universidad de Tarapaca,2023,2019-2023,publicaciones_openalex_peer-review,5,trabajos,Trabajos de tipo «peer-review»,"https://api.openalex.org/works?filter=institutions.id:I185652977,publication_year:2019-2023",2026-09-25T22:38:19+00:00,api
openalex,Universidad de Tarapaca,2023,2019-2023,publicaciones_openalex_preprint,90,trabajos,Trabajos de tipo «preprint»,"https://api.openalex.org/works?filter=institutions.id:I185652977,publication_year:2019-2023",2026-09-25T22:38:19+00:00,api
openalex,Universidad de Tarapaca,2023,2019-2023,publicaciones_openalex_reference-entry,13,trabajos,Trabajos de tipo «reference-entry»,"https://api.openalex.org/works?filter=institutions.id:I185652977,publication_year:2019-2023",2026-09-25T22:38:19+00:00,api
openalex,Universidad de Tarapaca,2023,2019-2023,publicaciones_openalex_report,2,trabajos,Trabajos de tipo «report»,"https://api.openalex.org/works?filter=institutions.id:I185652977,publication_year:2019-2023",2026-09-25T22:38:19+00:00,api
openalex,Universidad de Tarapaca,2023,2019-2023,publicaciones_openalex_review,14,trabajos,Trabajos de tipo «review»,"https://api.openalex.org/works?filter=institutions.id:I185652977,publication_year:2019-2023",2026-09-25T22:38:19+00:00,api
openalex,Universidad de Tarapaca,2023,2019-2023,citas_openalex,55507,citas,Citas recibidas por los trabajos de la ventana (histograma sobre 3237 de 3237),"https://api.openalex.org/works?filter=institutions.id:I185652977,publication_year:2019-2023",2026-09-25T22:38:19+00:00,api
openalex,Universidad de Tarapaca,2023,2019-2023,citas_por_documento_openalex,17.148,citas por documento,"Citas por trabajo, sobre los trabajos del histograma","https://api.openalex.org/works?filter=institutions.id:I185652977,publication_year:2019-2023",2026-09-25T22:38:19+00:00,api
openalex,Universidad de Tarapaca,2023,2019-2023,pct_colaboracion_internacional,63.48,%,Trabajos con coautor de una institución de otro país,"https://api.openalex.org/works?filter=institutions.id:I185652977,publication_year:2019-2023",2026-09-25T22:38:19+00:00,api
openalex,Universidad de Tarapaca,2024,2020-2024,publicaciones_openalex,4109,trabajos,Trabajos con al menos un autor de la institución,"https://api.openalex.org/works?filter=institutions.id:I185652977,publication_year:2020-2024",2026-09-25T22:38:19+00:00,api
openalex,Universidad de Tarapaca,2024,2020-2024,publicaciones_openalex_article,3621,trabajos,Trabajos de tipo «article»,"https://api.openalex.org/works?filter=institutions.id:I185652977,publication_year:2020-2024",2026-09-25T22:38:19+00:00,api
openalex,Universidad de Tarapaca,2024,2020-2024,publicaciones_openalex_book,12,trabajos,Trabajos de tipo «book»,"https://api.openalex.org/works?filter=institutions.id:I185652977,publication_year:2020-2024",2026-09-25T22:38:19+00:00,api
openalex,Universidad de Tarapaca,2024,2020-2024,publicaciones_openalex_book-chapter,120,trabajos,Trabajos de tipo «book-chapter»,"https://api.openalex.org/works?filter=institutions.id:I185652977,publication_year:2020-2024",2026-09-25T22:38:19+00:00,api
openalex,Universidad de Tarapaca,2024,2020-2024,publicaciones_openalex_book-review,5,trabajos,Trabajos de tipo «book-review»,"https://api.openalex.org/works?filter=institutions.id:I185652977,publication_year:2020-2024",2026-09-25T22:38:19+00:00,api
openalex,Universidad de Tarapaca,2024,2020-2024,publicaciones_openalex_conference-abstract,5,trabajos,Trabajos de tipo «conference-abstract»,"https://api.openalex.org/works?filter=institutions.id:I185652977,publication_year:2020-2024",2026-09-25T22:38:19+00:00,api
openalex,Universidad de Tarapaca,2024,2020-2024,publicaciones_openalex_conference-paper,62,trabajos,Trabajos de tipo «conference-paper»,"https://api.openalex.org/works?filter=institutions.id:I185652977,publication_year:2020-2024",2026-09-25T22:38:19+00:00,api
openalex,Universidad de Tarapaca,2024,2020-2024,publicaciones_openalex_data-paper,1,trabajos,Trabajos de tipo «data-paper»,"https://api.openalex.org/works?filter=institutions.id:I185652977,publication_year:2020-2024",2026-09-25T22:38:19+00:00,api
openalex,Universidad de Tarapaca,2024,2020-2024,publicaciones_openalex_dataset,4,trabajos,Trabajos de tipo «dataset»,"https://api.openalex.org/works?filter=institutions.id:I185652977,publication_year:2020-2024",2026-09-25T22:38:19+00:00,api
openalex,Universidad de Tarapaca,2024,2020-2024,publicaciones_openalex_dissertation,3,trabajos,Trabajos de tipo «dissertation»,"https://api.openalex.org/works?filter=institutions.id:I185652977,publication_year:2020-2024",2026-09-25T22:38:19+00:00,api
openalex,Universidad de Tarapaca,2024,2020-2024,publicaciones_openalex_editorial,16,trabajos,Trabajos de tipo «editorial»,"https://api.openalex.org/works?filter=institutions.id:I185652977,publication_year:2020-2024",2026-09-25T22:38:19+00:00,api
openalex,Universidad de Tarapaca,2024,2020-2024,publicaciones_openalex_erratum,25,trabajos,Trabajos de tipo «erratum»,"https://api.openalex.org/works?filter=institutions.id:I185652977,publication_year:2020-2024",2026-09-25T22:38:19+00:00,api
openalex,Universidad de Tarapaca,2024,2020-2024,publicaciones_openalex_letter,2,trabajos,Trabajos de tipo «letter»,"https://api.openalex.org/works?filter=institutions.id:I185652977,publication_year:2020-2024",2026-09-25T22:38:19+00:00,api
openalex,Universidad de Tarapaca,2024,2020-2024,publicaciones_openalex_other,7,trabajos,Trabajos de tipo «other»,"https://api.openalex.org/works?filter=institutions.id:I185652977,publication_year:2020-2024",2026-09-25T22:38:19+00:00,api
openalex,Universidad de Tarapaca,2024,2020-2024,publicaciones_openalex_paratext,2,trabajos,Trabajos de tipo «paratext»,"https://api.openalex.org/works?filter=institutions.id:I185652977,publication_year:2020-2024",2026-09-25T22:38:19+00:00,api
openalex,Universidad de Tarapaca,2024,2020-2024,publicaciones_openalex_peer-review,13,trabajos,Trabajos de tipo «peer-review»,"https://api.openalex.org/works?filter=institutions.id:I185652977,publication_year:2020-2024",2026-09-25T22:38:19+00:00,api
openalex,Universidad de Tarapaca,2024,2020-2024,publicaciones_openalex_preprint,167,trabajos,Trabajos de tipo «preprint»,"https://api.openalex.org/works?filter=institutions.id:I185652977,publication_year:2020-2024",2026-09-25T22:38:19+00:00,api
openalex,Universidad de Tarapaca,2024,2020-2024,publicaciones_openalex_reference-entry,13,trabajos,Trabajos de tipo «reference-entry»,"https://api.openalex.org/works?filter=institutions.id:I185652977,publication_year:2020-2024",2026-09-25T22:38:19+00:00,api
openalex,Universidad de Tarapaca,2024,2020-2024,publicaciones_openalex_report,4,trabajos,Trabajos de tipo «report»,"https://api.openalex.org/works?filter=institutions.id:I185652977,publication_year:2020-2024",2026-09-25T22:38:19+00:00,api
openalex,Universidad de Tarapaca,2024,2020-2024,publicaciones_openalex_retraction,7,trabajos,Trabajos de tipo «retraction»,"https://api.openalex.org/works?filter=institutions.id:I185652977,publication_year:2020-2024",2026-09-25T22:38:19+00:00,api
openalex,Universidad de Tarapaca,2024,2020-2024,publicaciones_openalex_review,20,trabajos,Trabajos de tipo «review»,"https://api.openalex.org/works?filter=institutions.id:I185652977,publication_year:2020-2024",2026-09-25T22:38:19+00:00,api
openalex,Universidad de Tarapaca,2024,2020-2024,citas_openalex,59357,citas,Citas recibidas por los trabajos de la ventana (histograma sobre 4109 de 4109),"https://api.openalex.org/works?filter=institutions.id:I185652977,publication_year:2020-2024",2026-09-25T22:38:19+00:00,api
openalex,Universidad de Tarapaca,2024,2020-2024,citas_por_documento_openalex,14.446,citas por documento,"Citas por trabajo, sobre los trabajos del histograma","https://api.openalex.org/works?filter=institutions.id:I185652977,publication_year:2020-2024",2026-09-25T22:38:19+00:00,api
openalex,Universidad de Tarapaca,2024,2020-2024,pct_colaboracion_internacional,67.46,%,Trabajos con coautor de una institución de otro país,"https://api.openalex.org/works?filter=institutions.id:I185652977,publication_year:2020-2024",2026-09-25T22:38:19+00:00,api
openalex,Universidad de Tarapaca,2024,2020-2024,socios_recurrentes,199,instituciones,Instituciones con 3 o más trabajos conjuntos,https://api.openalex.org/works,2026-09-25T22:38:19+00:00,api
openalex,Universidad de Tarapaca,2024,2020-2024,socios_recurrentes_paises,199,países,Países distintos entre los socios recurrentes,https://api.openalex.org/works,2026-09-25T22:38:19+00:00,api
openalex,Universidad de Valparaiso,2022,2018-2022,publicaciones_openalex,3878,trabajos,Trabajos con al menos un autor de la institución,"https://api.openalex.org/works?filter=institutions.id:I79274474,publication_year:2018-2022",2026-09-25T22:38:19+00:00,api
openalex,Universidad de Valparaiso,2022,2018-2022,publicaciones_openalex_article,3293,trabajos,Trabajos de tipo «article»,"https://api.openalex.org/works?filter=institutions.id:I79274474,publication_year:2018-2022",2026-09-25T22:38:19+00:00,api
openalex,Universidad de Valparaiso,2022,2018-2022,publicaciones_openalex_book,4,trabajos,Trabajos de tipo «book»,"https://api.openalex.org/works?filter=institutions.id:I79274474,publication_year:2018-2022",2026-09-25T22:38:19+00:00,api
openalex,Universidad de Valparaiso,2022,2018-2022,publicaciones_openalex_book-chapter,99,trabajos,Trabajos de tipo «book-chapter»,"https://api.openalex.org/works?filter=institutions.id:I79274474,publication_year:2018-2022",2026-09-25T22:38:19+00:00,api
openalex,Universidad de Valparaiso,2022,2018-2022,publicaciones_openalex_book-review,5,trabajos,Trabajos de tipo «book-review»,"https://api.openalex.org/works?filter=institutions.id:I79274474,publication_year:2018-2022",2026-09-25T22:38:19+00:00,api
openalex,Universidad de Valparaiso,2022,2018-2022,publicaciones_openalex_conference-abstract,25,trabajos,Trabajos de tipo «conference-abstract»,"https://api.openalex.org/works?filter=institutions.id:I79274474,publication_year:2018-2022",2026-09-25T22:38:19+00:00,api
openalex,Universidad de Valparaiso,2022,2018-2022,publicaciones_openalex_conference-paper,161,trabajos,Trabajos de tipo «conference-paper»,"https://api.openalex.org/works?filter=institutions.id:I79274474,publication_year:2018-2022",2026-09-25T22:38:19+00:00,api
openalex,Universidad de Valparaiso,2022,2018-2022,publicaciones_openalex_data-paper,4,trabajos,Trabajos de tipo «data-paper»,"https://api.openalex.org/works?filter=institutions.id:I79274474,publication_year:2018-2022",2026-09-25T22:38:19+00:00,api
openalex,Universidad de Valparaiso,2022,2018-2022,publicaciones_openalex_dataset,7,trabajos,Trabajos de tipo «dataset»,"https://api.openalex.org/works?filter=institutions.id:I79274474,publication_year:2018-2022",2026-09-25T22:38:19+00:00,api
openalex,Universidad de Valparaiso,2022,2018-2022,publicaciones_openalex_editorial,21,trabajos,Trabajos de tipo «editorial»,"https://api.openalex.org/works?filter=institutions.id:I79274474,publication_year:2018-2022",2026-09-25T22:38:19+00:00,api
openalex,Universidad de Valparaiso,2022,2018-2022,publicaciones_openalex_erratum,30,trabajos,Trabajos de tipo «erratum»,"https://api.openalex.org/works?filter=institutions.id:I79274474,publication_year:2018-2022",2026-09-25T22:38:19+00:00,api
openalex,Universidad de Valparaiso,2022,2018-2022,publicaciones_openalex_letter,1,trabajos,Trabajos de tipo «letter»,"https://api.openalex.org/works?filter=institutions.id:I79274474,publication_year:2018-2022",2026-09-25T22:38:19+00:00,api
openalex,Universidad de Valparaiso,2022,2018-2022,publicaciones_openalex_other,4,trabajos,Trabajos de tipo «other»,"https://api.openalex.org/works?filter=institutions.id:I79274474,publication_year:2018-2022",2026-09-25T22:38:19+00:00,api
openalex,Universidad de Valparaiso,2022,2018-2022,publicaciones_openalex_paratext,6,trabajos,Trabajos de tipo «paratext»,"https://api.openalex.org/works?filter=institutions.id:I79274474,publication_year:2018-2022",2026-09-25T22:38:19+00:00,api
openalex,Universidad de Valparaiso,2022,2018-2022,publicaciones_openalex_peer-review,8,trabajos,Trabajos de tipo «peer-review»,"https://api.openalex.org/works?filter=institutions.id:I79274474,publication_year:2018-2022",2026-09-25T22:38:19+00:00,api
openalex,Universidad de Valparaiso,2022,2018-2022,publicaciones_openalex_preprint,156,trabajos,Trabajos de tipo «preprint»,"https://api.openalex.org/works?filter=institutions.id:I79274474,publication_year:2018-2022",2026-09-25T22:38:19+00:00,api
openalex,Universidad de Valparaiso,2022,2018-2022,publicaciones_openalex_report,3,trabajos,Trabajos de tipo «report»,"https://api.openalex.org/works?filter=institutions.id:I79274474,publication_year:2018-2022",2026-09-25T22:38:19+00:00,api
openalex,Universidad de Valparaiso,2022,2018-2022,publicaciones_openalex_retraction,1,trabajos,Trabajos de tipo «retraction»,"https://api.openalex.org/works?filter=institutions.id:I79274474,publication_year:2018-2022",2026-09-25T22:38:19+00:00,api
openalex,Universidad de Valparaiso,2022,2018-2022,publicaciones_openalex_review,48,trabajos,Trabajos de tipo «review»,"https://api.openalex.org/works?filter=institutions.id:I79274474,publication_year:2018-2022",2026-09-25T22:38:19+00:00,api
openalex,Universidad de Valparaiso,2022,2018-2022,publicaciones_openalex_supplementary-materials,2,trabajos,Trabajos de tipo «supplementary-materials»,"https://api.openalex.org/works?filter=institutions.id:I79274474,publication_year:2018-2022",2026-09-25T22:38:19+00:00,api
openalex,Universidad de Valparaiso,2022,2018-2022,citas_openalex,75845,citas,Citas recibidas por los trabajos de la ventana (histograma sobre 3878 de 3878),"https://api.openalex.org/works?filter=institutions.id:I79274474,publication_year:2018-2022",2026-09-25T22:38:19+00:00,api
openalex,Universidad de Valparaiso,2022,2018-2022,citas_por_documento_openalex,19.558,citas por documento,"Citas por trabajo, sobre los trabajos del histograma","https://api.openalex.org/works?filter=institutions.id:I79274474,publication_year:2018-2022",2026-09-25T22:38:19+00:00,api
openalex,Universidad de Valparaiso,2022,2018-2022,pct_colaboracion_internacional,61.32,%,Trabajos con coautor de una institución de otro país,"https://api.openalex.org/works?filter=institutions.id:I79274474,publication_year:2018-2022",2026-09-25T22:38:19+00:00,api
openalex,Universidad de Valparaiso,2023,2019-2023,publicaciones_openalex,3996,trabajos,Trabajos con al menos un autor de la institución,"https://api.openalex.org/works?filter=institutions.id:I79274474,publication_year:2019-2023",2026-09-25T22:38:19+00:00,api
openalex,Universidad de Valparaiso,2023,2019-2023,publicaciones_openalex_article,3356,trabajos,Trabajos de tipo «article»,"https://api.openalex.org/works?filter=institutions.id:I79274474,publication_year:2019-2023",2026-09-25T22:38:19+00:00,api
openalex,Universidad de Valparaiso,2023,2019-2023,publicaciones_openalex_book,3,trabajos,Trabajos de tipo «book»,"https://api.openalex.org/works?filter=institutions.id:I79274474,publication_year:2019-2023",2026-09-25T22:38:19+00:00,api
openalex,Universidad de Valparaiso,2023,2019-2023,publicaciones_openalex_book-chapter,74,trabajos,Trabajos de tipo «book-chapter»,"https://api.openalex.org/works?filter=institutions.id:I79274474,publication_year:2019-2023",2026-09-25T22:38:19+00:00,api
openalex,Universidad de Valparaiso,2023,2019-2023,publicaciones_openalex_book-review,5,trabajos,Trabajos de tipo «book-review»,"https://api.openalex.org/works?filter=institutions.id:I79274474,publication_year:2019-2023",2026-09-25T22:38:19+00:00,api
openalex,Universidad de Valparaiso,2023,2019-2023,publicaciones_openalex_conference-abstract,31,trabajos,Trabajos de tipo «conference-abstract»,"https://api.openalex.org/works?filter=institutions.id:I79274474,publication_year:2019-2023",2026-09-25T22:38:19+00:00,api
openalex,Universidad de Valparaiso,2023,2019-2023,publicaciones_openalex_conference-paper,170,trabajos,Trabajos de tipo «conference-paper»,"https://api.openalex.org/works?filter=institutions.id:I79274474,publication_year:2019-2023",2026-09-25T22:38:19+00:00,api
openalex,Universidad de Valparaiso,2023,2019-2023,publicaciones_openalex_data-paper,2,trabajos,Trabajos de tipo «data-paper»,"https://api.openalex.org/works?filter=institutions.id:I79274474,publication_year:2019-2023",2026-09-25T22:38:19+00:00,api
openalex,Universidad de Valparaiso,2023,2019-2023,publicaciones_openalex_dataset,8,trabajos,Trabajos de tipo «dataset»,"https://api.openalex.org/works?filter=institutions.id:I79274474,publication_year:2019-2023",2026-09-25T22:38:19+00:00,api
openalex,Universidad de Valparaiso,2023,2019-2023,publicaciones_openalex_dissertation,1,trabajos,Trabajos de tipo «dissertation»,"https://api.openalex.org/works?filter=institutions.id:I79274474,publication_year:2019-2023",2026-09-25T22:38:19+00:00,api
openalex,Universidad de Valparaiso,2023,2019-2023,publicaciones_openalex_editorial,24,trabajos,Trabajos de tipo «editorial»,"https://api.openalex.org/works?filter=institutions.id:I79274474,publication_year:2019-2023",2026-09-25T22:38:19+00:00,api
openalex,Universidad de Valparaiso,2023,2019-2023,publicaciones_openalex_erratum,33,trabajos,Trabajos de tipo «erratum»,"https://api.openalex.org/works?filter=institutions.id:I79274474,publication_year:2019-2023",2026-09-25T22:38:19+00:00,api
openalex,Universidad de Valparaiso,2023,2019-2023,publicaciones_openalex_letter,1,trabajos,Trabajos de tipo «letter»,"https://api.openalex.org/works?filter=institutions.id:I79274474,publication_year:2019-2023",2026-09-25T22:38:19+00:00,api
openalex,Universidad de Valparaiso,2023,2019-2023,publicaciones_openalex_other,3,trabajos,Trabajos de tipo «other»,"https://api.openalex.org/works?filter=institutions.id:I79274474,publication_year:2019-2023",2026-09-25T22:38:19+00:00,api
openalex,Universidad de Valparaiso,2023,2019-2023,publicaciones_openalex_paratext,7,trabajos,Trabajos de tipo «paratext»,"https://api.openalex.org/works?filter=institutions.id:I79274474,publication_year:2019-2023",2026-09-25T22:38:19+00:00,api
openalex,Universidad de Valparaiso,2023,2019-2023,publicaciones_openalex_peer-review,20,trabajos,Trabajos de tipo «peer-review»,"https://api.openalex.org/works?filter=institutions.id:I79274474,publication_year:2019-2023",2026-09-25T22:38:19+00:00,api
openalex,Universidad de Valparaiso,2023,2019-2023,publicaciones_openalex_preprint,195,trabajos,Trabajos de tipo «preprint»,"https://api.openalex.org/works?filter=institutions.id:I79274474,publication_year:2019-2023",2026-09-25T22:38:19+00:00,api
openalex,Universidad de Valparaiso,2023,2019-2023,publicaciones_openalex_report,3,trabajos,Trabajos de tipo «report»,"https://api.openalex.org/works?filter=institutions.id:I79274474,publication_year:2019-2023",2026-09-25T22:38:19+00:00,api
openalex,Universidad de Valparaiso,2023,2019-2023,publicaciones_openalex_retraction,1,trabajos,Trabajos de tipo «retraction»,"https://api.openalex.org/works?filter=institutions.id:I79274474,publication_year:2019-2023",2026-09-25T22:38:19+00:00,api
openalex,Universidad de Valparaiso,2023,2019-2023,publicaciones_openalex_review,54,trabajos,Trabajos de tipo «review»,"https://api.openalex.org/works?filter=institutions.id:I79274474,publication_year:2019-2023",2026-09-25T22:38:19+00:00,api
openalex,Universidad de Valparaiso,2023,2019-2023,publicaciones_openalex_supplementary-materials,5,trabajos,Trabajos de tipo «supplementary-materials»,"https://api.openalex.org/works?filter=institutions.id:I79274474,publication_year:2019-2023",2026-09-25T22:38:19+00:00,api
openalex,Universidad de Valparaiso,2023,2019-2023,citas_openalex,64922,citas,Citas recibidas por los trabajos de la ventana (histograma sobre 3996 de 3996),"https://api.openalex.org/works?filter=institutions.id:I79274474,publication_year:2019-2023",2026-09-25T22:38:19+00:00,api
openalex,Universidad de Valparaiso,2023,2019-2023,citas_por_documento_openalex,16.247,citas por documento,"Citas por trabajo, sobre los trabajos del histograma","https://api.openalex.org/works?filter=institutions.id:I79274474,publication_year:2019-2023",2026-09-25T22:38:19+00:00,api
openalex,Universidad de Valparaiso,2023,2019-2023,pct_colaboracion_internacional,60.44,%,Trabajos con coautor de una institución de otro país,"https://api.openalex.org/works?filter=institutions.id:I79274474,publication_year:2019-2023",2026-09-25T22:38:19+00:00,api
openalex,Universidad de Valparaiso,2024,2020-2024,publicaciones_openalex,4154,trabajos,Trabajos con al menos un autor de la institución,"https://api.openalex.org/works?filter=institutions.id:I79274474,publication_year:2020-2024",2026-09-25T22:38:19+00:00,api
openalex,Universidad de Valparaiso,2024,2020-2024,publicaciones_openalex_article,3398,trabajos,Trabajos de tipo «article»,"https://api.openalex.org/works?filter=institutions.id:I79274474,publication_year:2020-2024",2026-09-25T22:38:19+00:00,api
openalex,Universidad de Valparaiso,2024,2020-2024,publicaciones_openalex_book,3,trabajos,Trabajos de tipo «book»,"https://api.openalex.org/works?filter=institutions.id:I79274474,publication_year:2020-2024",2026-09-25T22:38:19+00:00,api
openalex,Universidad de Valparaiso,2024,2020-2024,publicaciones_openalex_book-chapter,99,trabajos,Trabajos de tipo «book-chapter»,"https://api.openalex.org/works?filter=institutions.id:I79274474,publication_year:2020-2024",2026-09-25T22:38:19+00:00,api
openalex,Universidad de Valparaiso,2024,2020-2024,publicaciones_openalex_book-review,4,trabajos,Trabajos de tipo «book-review»,"https://api.openalex.org/works?filter=institutions.id:I79274474,publication_year:2020-2024",2026-09-25T22:38:19+00:00,api
openalex,Universidad de Valparaiso,2024,2020-2024,publicaciones_openalex_conference-abstract,34,trabajos,Trabajos de tipo «conference-abstract»,"https://api.openalex.org/works?filter=institutions.id:I79274474,publication_year:2020-2024",2026-09-25T22:38:19+00:00,api
openalex,Universidad de Valparaiso,2024,2020-2024,publicaciones_openalex_conference-paper,197,trabajos,Trabajos de tipo «conference-paper»,"https://api.openalex.org/works?filter=institutions.id:I79274474,publication_year:2020-2024",2026-09-25T22:38:19+00:00,api
openalex,Universidad de Valparaiso,2024,2020-2024,publicaciones_openalex_data-paper,2,trabajos,Trabajos de tipo «data-paper»,"https://api.openalex.org/works?filter=institutions.id:I79274474,publication_year:2020-2024",2026-09-25T22:38:19+00:00,api
openalex,Universidad de Valparaiso,2024,2020-2024,publicaciones_openalex_dataset,8,trabajos,Trabajos de tipo «dataset»,"https://api.openalex.org/works?filter=institutions.id:I79274474,publication_year:2020-2024",2026-09-25T22:38:19+00:00,api
openalex,Universidad de Valparaiso,2024,2020-2024,publicaciones_openalex_dissertation,1,trabajos,Trabajos de tipo «dissertation»,"https://api.openalex.org/works?filter=institutions.id:I79274474,publication_year:2020-2024",2026-09-25T22:38:19+00:00,api
openalex,Universidad de Valparaiso,2024,2020-2024,publicaciones_openalex_editorial,25,trabajos,Trabajos de tipo «editorial»,"https://api.openalex.org/works?filter=institutions.id:I79274474,publication_year:2020-2024",2026-09-25T22:38:19+00:00,api
openalex,Universidad de Valparaiso,2024,2020-2024,publicaciones_openalex_erratum,34,trabajos,Trabajos de tipo «erratum»,"https://api.openalex.org/works?filter=institutions.id:I79274474,publication_year:2020-2024",2026-09-25T22:38:19+00:00,api
openalex,Universidad de Valparaiso,2024,2020-2024,publicaciones_openalex_letter,1,trabajos,Trabajos de tipo «letter»,"https://api.openalex.org/works?filter=institutions.id:I79274474,publication_year:2020-2024",2026-09-25T22:38:19+00:00,api
openalex,Universidad de Valparaiso,2024,2020-2024,publicaciones_openalex_other,2,trabajos,Trabajos de tipo «other»,"https://api.openalex.org/works?filter=institutions.id:I79274474,publication_year:2020-2024",2026-09-25T22:38:19+00:00,api
openalex,Universidad de Valparaiso,2024,2020-2024,publicaciones_openalex_paratext,8,trabajos,Trabajos de tipo «paratext»,"https://api.openalex.org/works?filter=institutions.id:I79274474,publication_year:2020-2024",2026-09-25T22:38:19+00:00,api
openalex,Universidad de Valparaiso,2024,2020-2024,publicaciones_openalex_peer-review,28,trabajos,Trabajos de tipo «peer-review»,"https://api.openalex.org/works?filter=institutions.id:I79274474,publication_year:2020-2024",2026-09-25T22:38:19+00:00,api
openalex,Universidad de Valparaiso,2024,2020-2024,publicaciones_openalex_preprint,230,trabajos,Trabajos de tipo «preprint»,"https://api.openalex.org/works?filter=institutions.id:I79274474,publication_year:2020-2024",2026-09-25T22:38:19+00:00,api
openalex,Universidad de Valparaiso,2024,2020-2024,publicaciones_openalex_report,4,trabajos,Trabajos de tipo «report»,"https://api.openalex.org/works?filter=institutions.id:I79274474,publication_year:2020-2024",2026-09-25T22:38:19+00:00,api
openalex,Universidad de Valparaiso,2024,2020-2024,publicaciones_openalex_retraction,5,trabajos,Trabajos de tipo «retraction»,"https://api.openalex.org/works?filter=institutions.id:I79274474,publication_year:2020-2024",2026-09-25T22:38:19+00:00,api
openalex,Universidad de Valparaiso,2024,2020-2024,publicaciones_openalex_review,66,trabajos,Trabajos de tipo «review»,"https://api.openalex.org/works?filter=institutions.id:I79274474,publication_year:2020-2024",2026-09-25T22:38:19+00:00,api
openalex,Universidad de Valparaiso,2024,2020-2024,publicaciones_openalex_supplementary-materials,5,trabajos,Trabajos de tipo «supplementary-materials»,"https://api.openalex.org/works?filter=institutions.id:I79274474,publication_year:2020-2024",2026-09-25T22:38:19+00:00,api
openalex,Universidad de Valparaiso,2024,2020-2024,citas_openalex,53643,citas,Citas recibidas por los trabajos de la ventana (histograma sobre 4154 de 4154),"https://api.openalex.org/works?filter=institutions.id:I79274474,publication_year:2020-2024",2026-09-25T22:38:19+00:00,api
openalex,Universidad de Valparaiso,2024,2020-2024,citas_por_documento_openalex,12.914,citas por documento,"Citas por trabajo, sobre los trabajos del histograma","https://api.openalex.org/works?filter=institutions.id:I79274474,publication_year:2020-2024",2026-09-25T22:38:19+00:00,api
openalex,Universidad de Valparaiso,2024,2020-2024,pct_colaboracion_internacional,60.59,%,Trabajos con coautor de una institución de otro país,"https://api.openalex.org/works?filter=institutions.id:I79274474,publication_year:2020-2024",2026-09-25T22:38:19+00:00,api
openalex,Universidad de Valparaiso,2024,2020-2024,socios_recurrentes,199,instituciones,Instituciones con 3 o más trabajos conjuntos,https://api.openalex.org/works,2026-09-25T22:38:19+00:00,api
openalex,Universidad de Valparaiso,2024,2020-2024,socios_recurrentes_paises,196,países,Países distintos entre los socios recurrentes,https://api.openalex.org/works,2026-09-25T22:38:19+00:00,api
openalex,Universidad de la Frontera,2022,2018-2022,publicaciones_openalex,4972,trabajos,Trabajos con al menos un autor de la institución,"https://api.openalex.org/works?filter=institutions.id:I11944219,publication_year:2018-2022",2026-09-25T22:38:19+00:00,api
openalex,Universidad de la Frontera,2022,2018-2022,publicaciones_openalex_article,4269,trabajos,Trabajos de tipo «article»,"https://api.openalex.org/works?filter=institutions.id:I11944219,publication_year:2018-2022",2026-09-25T22:38:19+00:00,api
openalex,Universidad de la Frontera,2022,2018-2022,publicaciones_openalex_book,9,trabajos,Trabajos de tipo «book»,"https://api.openalex.org/works?filter=institutions.id:I11944219,publication_year:2018-2022",2026-09-25T22:38:19+00:00,api
openalex,Universidad de la Frontera,2022,2018-2022,publicaciones_openalex_book-chapter,81,trabajos,Trabajos de tipo «book-chapter»,"https://api.openalex.org/works?filter=institutions.id:I11944219,publication_year:2018-2022",2026-09-25T22:38:19+00:00,api
openalex,Universidad de la Frontera,2022,2018-2022,publicaciones_openalex_book-review,2,trabajos,Trabajos de tipo «book-review»,"https://api.openalex.org/works?filter=institutions.id:I11944219,publication_year:2018-2022",2026-09-25T22:38:19+00:00,api
openalex,Universidad de la Frontera,2022,2018-2022,publicaciones_openalex_conference-abstract,79,trabajos,Trabajos de tipo «conference-abstract»,"https://api.openalex.org/works?filter=institutions.id:I11944219,publication_year:2018-2022",2026-09-25T22:38:19+00:00,api
openalex,Universidad de la Frontera,2022,2018-2022,publicaciones_openalex_conference-paper,176,trabajos,Trabajos de tipo «conference-paper»,"https://api.openalex.org/works?filter=institutions.id:I11944219,publication_year:2018-2022",2026-09-25T22:38:19+00:00,api
openalex,Universidad de la Frontera,2022,2018-2022,publicaciones_openalex_data-paper,5,trabajos,Trabajos de tipo «data-paper»,"https://api.openalex.org/works?filter=institutions.id:I11944219,publication_year:2018-2022",2026-09-25T22:38:19+00:00,api
openalex,Universidad de la Frontera,2022,2018-2022,publicaciones_openalex_dataset,45,trabajos,Trabajos de tipo «dataset»,"https://api.openalex.org/works?filter=institutions.id:I11944219,publication_year:2018-2022",2026-09-25T22:38:19+00:00,api
openalex,Universidad de la Frontera,2022,2018-2022,publicaciones_openalex_dissertation,1,trabajos,Trabajos de tipo «dissertation»,"https://api.openalex.org/works?filter=institutions.id:I11944219,publication_year:2018-2022",2026-09-25T22:38:19+00:00,api
openalex,Universidad de la Frontera,2022,2018-2022,publicaciones_openalex_editorial,13,trabajos,Trabajos de tipo «editorial»,"https://api.openalex.org/works?filter=institutions.id:I11944219,publication_year:2018-2022",2026-09-25T22:38:19+00:00,api
openalex,Universidad de la Frontera,2022,2018-2022,publicaciones_openalex_erratum,14,trabajos,Trabajos de tipo «erratum»,"https://api.openalex.org/works?filter=institutions.id:I11944219,publication_year:2018-2022",2026-09-25T22:38:19+00:00,api
openalex,Universidad de la Frontera,2022,2018-2022,publicaciones_openalex_letter,2,trabajos,Trabajos de tipo «letter»,"https://api.openalex.org/works?filter=institutions.id:I11944219,publication_year:2018-2022",2026-09-25T22:38:19+00:00,api
openalex,Universidad de la Frontera,2022,2018-2022,publicaciones_openalex_other,6,trabajos,Trabajos de tipo «other»,"https://api.openalex.org/works?filter=institutions.id:I11944219,publication_year:2018-2022",2026-09-25T22:38:19+00:00,api
openalex,Universidad de la Frontera,2022,2018-2022,publicaciones_openalex_paratext,3,trabajos,Trabajos de tipo «paratext»,"https://api.openalex.org/works?filter=institutions.id:I11944219,publication_year:2018-2022",2026-09-25T22:38:19+00:00,api
openalex,Universidad de la Frontera,2022,2018-2022,publicaciones_openalex_peer-review,25,trabajos,Trabajos de tipo «peer-review»,"https://api.openalex.org/works?filter=institutions.id:I11944219,publication_year:2018-2022",2026-09-25T22:38:19+00:00,api
openalex,Universidad de la Frontera,2022,2018-2022,publicaciones_openalex_preprint,122,trabajos,Trabajos de tipo «preprint»,"https://api.openalex.org/works?filter=institutions.id:I11944219,publication_year:2018-2022",2026-09-25T22:38:19+00:00,api
openalex,Universidad de la Frontera,2022,2018-2022,publicaciones_openalex_reference-entry,7,trabajos,Trabajos de tipo «reference-entry»,"https://api.openalex.org/works?filter=institutions.id:I11944219,publication_year:2018-2022",2026-09-25T22:38:19+00:00,api
openalex,Universidad de la Frontera,2022,2018-2022,publicaciones_openalex_report,9,trabajos,Trabajos de tipo «report»,"https://api.openalex.org/works?filter=institutions.id:I11944219,publication_year:2018-2022",2026-09-25T22:38:19+00:00,api
openalex,Universidad de la Frontera,2022,2018-2022,publicaciones_openalex_retraction,1,trabajos,Trabajos de tipo «retraction»,"https://api.openalex.org/works?filter=institutions.id:I11944219,publication_year:2018-2022",2026-09-25T22:38:19+00:00,api
openalex,Universidad de la Frontera,2022,2018-2022,publicaciones_openalex_review,103,trabajos,Trabajos de tipo «review»,"https://api.openalex.org/works?filter=institutions.id:I11944219,publication_year:2018-2022",2026-09-25T22:38:19+00:00,api
openalex,Universidad de la Frontera,2022,2018-2022,citas_openalex,86127,citas,Citas recibidas por los trabajos de la ventana (histograma sobre 4958 de 4972),"https://api.openalex.org/works?filter=institutions.id:I11944219,publication_year:2018-2022",2026-09-25T22:38:19+00:00,api
openalex,Universidad de la Frontera,2022,2018-2022,citas_por_documento_openalex,17.371,citas por documento,"Citas por trabajo, sobre los trabajos del histograma","https://api.openalex.org/works?filter=institutions.id:I11944219,publication_year:2018-2022",2026-09-25T22:38:19+00:00,api
openalex,Universidad de la Frontera,2022,2018-2022,pct_colaboracion_internacional,56.09,%,Trabajos con coautor de una institución de otro país,"https://api.openalex.org/works?filter=institutions.id:I11944219,publication_year:2018-2022",2026-09-25T22:38:19+00:00,api
openalex,Universidad de la Frontera,2023,2019-2023,publicaciones_openalex,5420,trabajos,Trabajos con al menos un autor de la institución,"https://api.openalex.org/works?filter=institutions.id:I11944219,publication_year:2019-2023",2026-09-25T22:38:19+00:00,api
openalex,Universidad de la Frontera,2023,2019-2023,publicaciones_openalex_article,4504,trabajos,Trabajos de tipo «article»,"https://api.openalex.org/works?filter=institutions.id:I11944219,publication_year:2019-2023",2026-09-25T22:38:19+00:00,api
openalex,Universidad de la Frontera,2023,2019-2023,publicaciones_openalex_book,38,trabajos,Trabajos de tipo «book»,"https://api.openalex.org/works?filter=institutions.id:I11944219,publication_year:2019-2023",2026-09-25T22:38:19+00:00,api
openalex,Universidad de la Frontera,2023,2019-2023,publicaciones_openalex_book-chapter,101,trabajos,Trabajos de tipo «book-chapter»,"https://api.openalex.org/works?filter=institutions.id:I11944219,publication_year:2019-2023",2026-09-25T22:38:19+00:00,api
openalex,Universidad de la Frontera,2023,2019-2023,publicaciones_openalex_book-review,6,trabajos,Trabajos de tipo «book-review»,"https://api.openalex.org/works?filter=institutions.id:I11944219,publication_year:2019-2023",2026-09-25T22:38:19+00:00,api
openalex,Universidad de la Frontera,2023,2019-2023,publicaciones_openalex_conference-abstract,90,trabajos,Trabajos de tipo «conference-abstract»,"https://api.openalex.org/works?filter=institutions.id:I11944219,publication_year:2019-2023",2026-09-25T22:38:19+00:00,api
openalex,Universidad de la Frontera,2023,2019-2023,publicaciones_openalex_conference-paper,183,trabajos,Trabajos de tipo «conference-paper»,"https://api.openalex.org/works?filter=institutions.id:I11944219,publication_year:2019-2023",2026-09-25T22:38:19+00:00,api
openalex,Universidad de la Frontera,2023,2019-2023,publicaciones_openalex_data-paper,5,trabajos,Trabajos de tipo «data-paper»,"https://api.openalex.org/works?filter=institutions.id:I11944219,publication_year:2019-2023",2026-09-25T22:38:19+00:00,api
openalex,Universidad de la Frontera,2023,2019-2023,publicaciones_openalex_dataset,57,trabajos,Trabajos de tipo «dataset»,"https://api.openalex.org/works?filter=institutions.id:I11944219,publication_year:2019-2023",2026-09-25T22:38:19+00:00,api
openalex,Universidad de la Frontera,2023,2019-2023,publicaciones_openalex_dissertation,2,trabajos,Trabajos de tipo «dissertation»,"https://api.openalex.org/works?filter=institutions.id:I11944219,publication_year:2019-2023",2026-09-25T22:38:19+00:00,api
openalex,Universidad de la Frontera,2023,2019-2023,publicaciones_openalex_editorial,21,trabajos,Trabajos de tipo «editorial»,"https://api.openalex.org/works?filter=institutions.id:I11944219,publication_year:2019-2023",2026-09-25T22:38:19+00:00,api
openalex,Universidad de la Frontera,2023,2019-2023,publicaciones_openalex_erratum,19,trabajos,Trabajos de tipo «erratum»,"https://api.openalex.org/works?filter=institutions.id:I11944219,publication_year:2019-2023",2026-09-25T22:38:19+00:00,api
openalex,Universidad de la Frontera,2023,2019-2023,publicaciones_openalex_letter,2,trabajos,Trabajos de tipo «letter»,"https://api.openalex.org/works?filter=institutions.id:I11944219,publication_year:2019-2023",2026-09-25T22:38:19+00:00,api
openalex,Universidad de la Frontera,2023,2019-2023,publicaciones_openalex_other,6,trabajos,Trabajos de tipo «other»,"https://api.openalex.org/works?filter=institutions.id:I11944219,publication_year:2019-2023",2026-09-25T22:38:19+00:00,api
openalex,Universidad de la Frontera,2023,2019-2023,publicaciones_openalex_paratext,4,trabajos,Trabajos de tipo «paratext»,"https://api.openalex.org/works?filter=institutions.id:I11944219,publication_year:2019-2023",2026-09-25T22:38:19+00:00,api
openalex,Universidad de la Frontera,2023,2019-2023,publicaciones_openalex_peer-review,47,trabajos,Trabajos de tipo «peer-review»,"https://api.openalex.org/works?filter=institutions.id:I11944219,publication_year:2019-2023",2026-09-25T22:38:19+00:00,api
openalex,Universidad de la Frontera,2023,2019-2023,publicaciones_openalex_preprint,177,trabajos,Trabajos de tipo «preprint»,"https://api.openalex.org/works?filter=institutions.id:I11944219,publication_year:2019-2023",2026-09-25T22:38:19+00:00,api
openalex,Universidad de la Frontera,2023,2019-2023,publicaciones_openalex_reference-entry,7,trabajos,Trabajos de tipo «reference-entry»,"https://api.openalex.org/works?filter=institutions.id:I11944219,publication_year:2019-2023",2026-09-25T22:38:19+00:00,api
openalex,Universidad de la Frontera,2023,2019-2023,publicaciones_openalex_report,12,trabajos,Trabajos de tipo «report»,"https://api.openalex.org/works?filter=institutions.id:I11944219,publication_year:2019-2023",2026-09-25T22:38:19+00:00,api
openalex,Universidad de la Frontera,2023,2019-2023,publicaciones_openalex_retraction,2,trabajos,Trabajos de tipo «retraction»,"https://api.openalex.org/works?filter=institutions.id:I11944219,publication_year:2019-2023",2026-09-25T22:38:19+00:00,api
openalex,Universidad de la Frontera,2023,2019-2023,publicaciones_openalex_review,135,trabajos,Trabajos de tipo «review»,"https://api.openalex.org/works?filter=institutions.id:I11944219,publication_year:2019-2023",2026-09-25T22:38:19+00:00,api
openalex,Universidad de la Frontera,2023,2019-2023,publicaciones_openalex_supplementary-materials,2,trabajos,Trabajos de tipo «supplementary-materials»,"https://api.openalex.org/works?filter=institutions.id:I11944219,publication_year:2019-2023",2026-09-25T22:38:19+00:00,api
openalex,Universidad de la Frontera,2023,2019-2023,citas_openalex,86698,citas,Citas recibidas por los trabajos de la ventana (histograma sobre 5414 de 5420),"https://api.openalex.org/works?filter=institutions.id:I11944219,publication_year:2019-2023",2026-09-25T22:38:19+00:00,api
openalex,Universidad de la Frontera,2023,2019-2023,citas_por_documento_openalex,16.014,citas por documento,"Citas por trabajo, sobre los trabajos del histograma","https://api.openalex.org/works?filter=institutions.id:I11944219,publication_year:2019-2023",2026-09-25T22:38:19+00:00,api
openalex,Universidad de la Frontera,2023,2019-2023,pct_colaboracion_internacional,57.69,%,Trabajos con coautor de una institución de otro país,"https://api.openalex.org/works?filter=institutions.id:I11944219,publication_year:2019-2023",2026-09-25T22:38:19+00:00,api
openalex,Universidad de la Frontera,2024,2020-2024,publicaciones_openalex,5740,trabajos,Trabajos con al menos un autor de la institución,"https://api.openalex.org/works?filter=institutions.id:I11944219,publication_year:2020-2024",2026-09-25T22:38:19+00:00,api
openalex,Universidad de la Frontera,2024,2020-2024,publicaciones_openalex_article,4712,trabajos,Trabajos de tipo «article»,"https://api.openalex.org/works?filter=institutions.id:I11944219,publication_year:2020-2024",2026-09-25T22:38:19+00:00,api
openalex,Universidad de la Frontera,2024,2020-2024,publicaciones_openalex_book,41,trabajos,Trabajos de tipo «book»,"https://api.openalex.org/works?filter=institutions.id:I11944219,publication_year:2020-2024",2026-09-25T22:38:19+00:00,api
openalex,Universidad de la Frontera,2024,2020-2024,publicaciones_openalex_book-chapter,104,trabajos,Trabajos de tipo «book-chapter»,"https://api.openalex.org/works?filter=institutions.id:I11944219,publication_year:2020-2024",2026-09-25T22:38:19+00:00,api
openalex,Universidad de la Frontera,2024,2020-2024,publicaciones_openalex_book-review,7,trabajos,Trabajos de tipo «book-review»,"https://api.openalex.org/works?filter=institutions.id:I11944219,publication_year:2020-2024",2026-09-25T22:38:19+00:00,api
openalex,Universidad de la Frontera,2024,2020-2024,publicaciones_openalex_conference-abstract,102,trabajos,Trabajos de tipo «conference-abstract»,"https://api.openalex.org/works?filter=institutions.id:I11944219,publication_year:2020-2024",2026-09-25T22:38:19+00:00,api
openalex,Universidad de la Frontera,2024,2020-2024,publicaciones_openalex_conference-paper,190,trabajos,Trabajos de tipo «conference-paper»,"https://api.openalex.org/works?filter=institutions.id:I11944219,publication_year:2020-2024",2026-09-25T22:38:19+00:00,api
openalex,Universidad de la Frontera,2024,2020-2024,publicaciones_openalex_data-paper,4,trabajos,Trabajos de tipo «data-paper»,"https://api.openalex.org/works?filter=institutions.id:I11944219,publication_year:2020-2024",2026-09-25T22:38:19+00:00,api
openalex,Universidad de la Frontera,2024,2020-2024,publicaciones_openalex_dataset,57,trabajos,Trabajos de tipo «dataset»,"https://api.openalex.org/works?filter=institutions.id:I11944219,publication_year:2020-2024",2026-09-25T22:38:19+00:00,api
openalex,Universidad de la Frontera,2024,2020-2024,publicaciones_openalex_dissertation,2,trabajos,Trabajos de tipo «dissertation»,"https://api.openalex.org/works?filter=institutions.id:I11944219,publication_year:2020-2024",2026-09-25T22:38:19+00:00,api
openalex,Universidad de la Frontera,2024,2020-2024,publicaciones_openalex_editorial,24,trabajos,Trabajos de tipo «editorial»,"https://api.openalex.org/works?filter=institutions.id:I11944219,publication_year:2020-2024",2026-09-25T22:38:19+00:00,api
openalex,Universidad de la Frontera,2024,2020-2024,publicaciones_openalex_erratum,32,trabajos,Trabajos de tipo «erratum»,"https://api.openalex.org/works?filter=institutions.id:I11944219,publication_year:2020-2024",2026-09-25T22:38:19+00:00,api
openalex,Universidad de la Frontera,2024,2020-2024,publicaciones_openalex_letter,3,trabajos,Trabajos de tipo «letter»,"https://api.openalex.org/works?filter=institutions.id:I11944219,publication_year:2020-2024",2026-09-25T22:38:19+00:00,api
openalex,Universidad de la Frontera,2024,2020-2024,publicaciones_openalex_other,7,trabajos,Trabajos de tipo «other»,"https://api.openalex.org/works?filter=institutions.id:I11944219,publication_year:2020-2024",2026-09-25T22:38:19+00:00,api
openalex,Universidad de la Frontera,2024,2020-2024,publicaciones_openalex_paratext,7,trabajos,Trabajos de tipo «paratext»,"https://api.openalex.org/works?filter=institutions.id:I11944219,publication_year:2020-2024",2026-09-25T22:38:19+00:00,api
openalex,Universidad de la Frontera,2024,2020-2024,publicaciones_openalex_peer-review,57,trabajos,Trabajos de tipo «peer-review»,"https://api.openalex.org/works?filter=institutions.id:I11944219,publication_year:2020-2024",2026-09-25T22:38:19+00:00,api
openalex,Universidad de la Frontera,2024,2020-2024,publicaciones_openalex_preprint,208,trabajos,Trabajos de tipo «preprint»,"https://api.openalex.org/works?filter=institutions.id:I11944219,publication_year:2020-2024",2026-09-25T22:38:19+00:00,api
openalex,Universidad de la Frontera,2024,2020-2024,publicaciones_openalex_reference-entry,10,trabajos,Trabajos de tipo «reference-entry»,"https://api.openalex.org/works?filter=institutions.id:I11944219,publication_year:2020-2024",2026-09-25T22:38:19+00:00,api
openalex,Universidad de la Frontera,2024,2020-2024,publicaciones_openalex_report,11,trabajos,Trabajos de tipo «report»,"https://api.openalex.org/works?filter=institutions.id:I11944219,publication_year:2020-2024",2026-09-25T22:38:19+00:00,api
openalex,Universidad de la Frontera,2024,2020-2024,publicaciones_openalex_retraction,1,trabajos,Trabajos de tipo «retraction»,"https://api.openalex.org/works?filter=institutions.id:I11944219,publication_year:2020-2024",2026-09-25T22:38:19+00:00,api
openalex,Universidad de la Frontera,2024,2020-2024,publicaciones_openalex_review,158,trabajos,Trabajos de tipo «review»,"https://api.openalex.org/works?filter=institutions.id:I11944219,publication_year:2020-2024",2026-09-25T22:38:19+00:00,api
openalex,Universidad de la Frontera,2024,2020-2024,publicaciones_openalex_supplementary-materials,3,trabajos,Trabajos de tipo «supplementary-materials»,"https://api.openalex.org/works?filter=institutions.id:I11944219,publication_year:2020-2024",2026-09-25T22:38:19+00:00,api
openalex,Universidad de la Frontera,2024,2020-2024,citas_openalex,79347,citas,Citas recibidas por los trabajos de la ventana (histograma sobre 5740 de 5740),"https://api.openalex.org/works?filter=institutions.id:I11944219,publication_year:2020-2024",2026-09-25T22:38:19+00:00,api
openalex,Universidad de la Frontera,2024,2020-2024,citas_por_documento_openalex,13.824,citas por documento,"Citas por trabajo, sobre los trabajos del histograma","https://api.openalex.org/works?filter=institutions.id:I11944219,publication_year:2020-2024",2026-09-25T22:38:19+00:00,api
openalex,Universidad de la Frontera,2024,2020-2024,pct_colaboracion_internacional,59.23,%,Trabajos con coautor de una institución de otro país,"https://api.openalex.org/works?filter=institutions.id:I11944219,publication_year:2020-2024",2026-09-25T22:38:19+00:00,api
openalex,Universidad de la Frontera,2024,2020-2024,socios_recurrentes,199,instituciones,Instituciones con 3 o más trabajos conjuntos,https://api.openalex.org/works,2026-09-25T22:38:19+00:00,api
openalex,Universidad de la Frontera,2024,2020-2024,socios_recurrentes_paises,197,países,Países distintos entre los socios recurrentes,https://api.openalex.org/works,2026-09-25T22:38:19+00:00,api
openalex,Universidad de los Andes,2022,2018-2022,publicaciones_openalex,2560,trabajos,Trabajos con al menos un autor de la institución,"https://api.openalex.org/works?filter=institutions.id:I189977406,publication_year:2018-2022",2026-09-25T22:38:19+00:00,api
openalex,Universidad de los Andes,2022,2018-2022,publicaciones_openalex_article,2191,trabajos,Trabajos de tipo «article»,"https://api.openalex.org/works?filter=institutions.id:I189977406,publication_year:2018-2022",2026-09-25T22:38:19+00:00,api
openalex,Universidad de los Andes,2022,2018-2022,publicaciones_openalex_book,4,trabajos,Trabajos de tipo «book»,"https://api.openalex.org/works?filter=institutions.id:I189977406,publication_year:2018-2022",2026-09-25T22:38:19+00:00,api
openalex,Universidad de los Andes,2022,2018-2022,publicaciones_openalex_book-chapter,68,trabajos,Trabajos de tipo «book-chapter»,"https://api.openalex.org/works?filter=institutions.id:I189977406,publication_year:2018-2022",2026-09-25T22:38:19+00:00,api
openalex,Universidad de los Andes,2022,2018-2022,publicaciones_openalex_book-review,6,trabajos,Trabajos de tipo «book-review»,"https://api.openalex.org/works?filter=institutions.id:I189977406,publication_year:2018-2022",2026-09-25T22:38:19+00:00,api
openalex,Universidad de los Andes,2022,2018-2022,publicaciones_openalex_conference-abstract,34,trabajos,Trabajos de tipo «conference-abstract»,"https://api.openalex.org/works?filter=institutions.id:I189977406,publication_year:2018-2022",2026-09-25T22:38:19+00:00,api
openalex,Universidad de los Andes,2022,2018-2022,publicaciones_openalex_conference-paper,66,trabajos,Trabajos de tipo «conference-paper»,"https://api.openalex.org/works?filter=institutions.id:I189977406,publication_year:2018-2022",2026-09-25T22:38:19+00:00,api
openalex,Universidad de los Andes,2022,2018-2022,publicaciones_openalex_dataset,5,trabajos,Trabajos de tipo «dataset»,"https://api.openalex.org/works?filter=institutions.id:I189977406,publication_year:2018-2022",2026-09-25T22:38:19+00:00,api
openalex,Universidad de los Andes,2022,2018-2022,publicaciones_openalex_dissertation,1,trabajos,Trabajos de tipo «dissertation»,"https://api.openalex.org/works?filter=institutions.id:I189977406,publication_year:2018-2022",2026-09-25T22:38:19+00:00,api
openalex,Universidad de los Andes,2022,2018-2022,publicaciones_openalex_editorial,9,trabajos,Trabajos de tipo «editorial»,"https://api.openalex.org/works?filter=institutions.id:I189977406,publication_year:2018-2022",2026-09-25T22:38:19+00:00,api
openalex,Universidad de los Andes,2022,2018-2022,publicaciones_openalex_erratum,12,trabajos,Trabajos de tipo «erratum»,"https://api.openalex.org/works?filter=institutions.id:I189977406,publication_year:2018-2022",2026-09-25T22:38:19+00:00,api
openalex,Universidad de los Andes,2022,2018-2022,publicaciones_openalex_letter,1,trabajos,Trabajos de tipo «letter»,"https://api.openalex.org/works?filter=institutions.id:I189977406,publication_year:2018-2022",2026-09-25T22:38:19+00:00,api
openalex,Universidad de los Andes,2022,2018-2022,publicaciones_openalex_other,3,trabajos,Trabajos de tipo «other»,"https://api.openalex.org/works?filter=institutions.id:I189977406,publication_year:2018-2022",2026-09-25T22:38:19+00:00,api
openalex,Universidad de los Andes,2022,2018-2022,publicaciones_openalex_paratext,3,trabajos,Trabajos de tipo «paratext»,"https://api.openalex.org/works?filter=institutions.id:I189977406,publication_year:2018-2022",2026-09-25T22:38:19+00:00,api
openalex,Universidad de los Andes,2022,2018-2022,publicaciones_openalex_peer-review,2,trabajos,Trabajos de tipo «peer-review»,"https://api.openalex.org/works?filter=institutions.id:I189977406,publication_year:2018-2022",2026-09-25T22:38:19+00:00,api
openalex,Universidad de los Andes,2022,2018-2022,publicaciones_openalex_preprint,120,trabajos,Trabajos de tipo «preprint»,"https://api.openalex.org/works?filter=institutions.id:I189977406,publication_year:2018-2022",2026-09-25T22:38:19+00:00,api
openalex,Universidad de los Andes,2022,2018-2022,publicaciones_openalex_reference-entry,6,trabajos,Trabajos de tipo «reference-entry»,"https://api.openalex.org/works?filter=institutions.id:I189977406,publication_year:2018-2022",2026-09-25T22:38:19+00:00,api
openalex,Universidad de los Andes,2022,2018-2022,publicaciones_openalex_report,4,trabajos,Trabajos de tipo «report»,"https://api.openalex.org/works?filter=institutions.id:I189977406,publication_year:2018-2022",2026-09-25T22:38:19+00:00,api
openalex,Universidad de los Andes,2022,2018-2022,publicaciones_openalex_review,24,trabajos,Trabajos de tipo «review»,"https://api.openalex.org/works?filter=institutions.id:I189977406,publication_year:2018-2022",2026-09-25T22:38:19+00:00,api
openalex,Universidad de los Andes,2022,2018-2022,publicaciones_openalex_software-paper,1,trabajos,Trabajos de tipo «software-paper»,"https://api.openalex.org/works?filter=institutions.id:I189977406,publication_year:2018-2022",2026-09-25T22:38:19+00:00,api
openalex,Universidad de los Andes,2022,2018-2022,citas_openalex,46274,citas,Citas recibidas por los trabajos de la ventana (histograma sobre 2560 de 2560),"https://api.openalex.org/works?filter=institutions.id:I189977406,publication_year:2018-2022",2026-09-25T22:38:19+00:00,api
openalex,Universidad de los Andes,2022,2018-2022,citas_por_documento_openalex,18.076,citas por documento,"Citas por trabajo, sobre los trabajos del histograma","https://api.openalex.org/works?filter=institutions.id:I189977406,publication_year:2018-2022",2026-09-25T22:38:19+00:00,api
openalex,Universidad de los Andes,2022,2018-2022,pct_colaboracion_internacional,48.09,%,Trabajos con coautor de una institución de otro país,"https://api.openalex.org/works?filter=institutions.id:I189977406,publication_year:2018-2022",2026-09-25T22:38:19+00:00,api
openalex,Universidad de los Andes,2023,2019-2023,publicaciones_openalex,2676,trabajos,Trabajos con al menos un autor de la institución,"https://api.openalex.org/works?filter=institutions.id:I189977406,publication_year:2019-2023",2026-09-25T22:38:19+00:00,api
openalex,Universidad de los Andes,2023,2019-2023,publicaciones_openalex_article,2241,trabajos,Trabajos de tipo «article»,"https://api.openalex.org/works?filter=institutions.id:I189977406,publication_year:2019-2023",2026-09-25T22:38:19+00:00,api
openalex,Universidad de los Andes,2023,2019-2023,publicaciones_openalex_book,7,trabajos,Trabajos de tipo «book»,"https://api.openalex.org/works?filter=institutions.id:I189977406,publication_year:2019-2023",2026-09-25T22:38:19+00:00,api
openalex,Universidad de los Andes,2023,2019-2023,publicaciones_openalex_book-chapter,91,trabajos,Trabajos de tipo «book-chapter»,"https://api.openalex.org/works?filter=institutions.id:I189977406,publication_year:2019-2023",2026-09-25T22:38:19+00:00,api
openalex,Universidad de los Andes,2023,2019-2023,publicaciones_openalex_book-review,8,trabajos,Trabajos de tipo «book-review»,"https://api.openalex.org/works?filter=institutions.id:I189977406,publication_year:2019-2023",2026-09-25T22:38:19+00:00,api
openalex,Universidad de los Andes,2023,2019-2023,publicaciones_openalex_conference-abstract,26,trabajos,Trabajos de tipo «conference-abstract»,"https://api.openalex.org/works?filter=institutions.id:I189977406,publication_year:2019-2023",2026-09-25T22:38:19+00:00,api
openalex,Universidad de los Andes,2023,2019-2023,publicaciones_openalex_conference-paper,74,trabajos,Trabajos de tipo «conference-paper»,"https://api.openalex.org/works?filter=institutions.id:I189977406,publication_year:2019-2023",2026-09-25T22:38:19+00:00,api
openalex,Universidad de los Andes,2023,2019-2023,publicaciones_openalex_dataset,5,trabajos,Trabajos de tipo «dataset»,"https://api.openalex.org/works?filter=institutions.id:I189977406,publication_year:2019-2023",2026-09-25T22:38:19+00:00,api
openalex,Universidad de los Andes,2023,2019-2023,publicaciones_openalex_dissertation,1,trabajos,Trabajos de tipo «dissertation»,"https://api.openalex.org/works?filter=institutions.id:I189977406,publication_year:2019-2023",2026-09-25T22:38:19+00:00,api
openalex,Universidad de los Andes,2023,2019-2023,publicaciones_openalex_editorial,11,trabajos,Trabajos de tipo «editorial»,"https://api.openalex.org/works?filter=institutions.id:I189977406,publication_year:2019-2023",2026-09-25T22:38:19+00:00,api
openalex,Universidad de los Andes,2023,2019-2023,publicaciones_openalex_erratum,13,trabajos,Trabajos de tipo «erratum»,"https://api.openalex.org/works?filter=institutions.id:I189977406,publication_year:2019-2023",2026-09-25T22:38:19+00:00,api
openalex,Universidad de los Andes,2023,2019-2023,publicaciones_openalex_letter,2,trabajos,Trabajos de tipo «letter»,"https://api.openalex.org/works?filter=institutions.id:I189977406,publication_year:2019-2023",2026-09-25T22:38:19+00:00,api
openalex,Universidad de los Andes,2023,2019-2023,publicaciones_openalex_other,7,trabajos,Trabajos de tipo «other»,"https://api.openalex.org/works?filter=institutions.id:I189977406,publication_year:2019-2023",2026-09-25T22:38:19+00:00,api
openalex,Universidad de los Andes,2023,2019-2023,publicaciones_openalex_paratext,3,trabajos,Trabajos de tipo «paratext»,"https://api.openalex.org/works?filter=institutions.id:I189977406,publication_year:2019-2023",2026-09-25T22:38:19+00:00,api
openalex,Universidad de los Andes,2023,2019-2023,publicaciones_openalex_peer-review,3,trabajos,Trabajos de tipo «peer-review»,"https://api.openalex.org/works?filter=institutions.id:I189977406,publication_year:2019-2023",2026-09-25T22:38:19+00:00,api
openalex,Universidad de los Andes,2023,2019-2023,publicaciones_openalex_preprint,134,trabajos,Trabajos de tipo «preprint»,"https://api.openalex.org/works?filter=institutions.id:I189977406,publication_year:2019-2023",2026-09-25T22:38:19+00:00,api
openalex,Universidad de los Andes,2023,2019-2023,publicaciones_openalex_reference-entry,5,trabajos,Trabajos de tipo «reference-entry»,"https://api.openalex.org/works?filter=institutions.id:I189977406,publication_year:2019-2023",2026-09-25T22:38:19+00:00,api
openalex,Universidad de los Andes,2023,2019-2023,publicaciones_openalex_report,4,trabajos,Trabajos de tipo «report»,"https://api.openalex.org/works?filter=institutions.id:I189977406,publication_year:2019-2023",2026-09-25T22:38:19+00:00,api
openalex,Universidad de los Andes,2023,2019-2023,publicaciones_openalex_retraction,1,trabajos,Trabajos de tipo «retraction»,"https://api.openalex.org/works?filter=institutions.id:I189977406,publication_year:2019-2023",2026-09-25T22:38:19+00:00,api
openalex,Universidad de los Andes,2023,2019-2023,publicaciones_openalex_review,39,trabajos,Trabajos de tipo «review»,"https://api.openalex.org/works?filter=institutions.id:I189977406,publication_year:2019-2023",2026-09-25T22:38:19+00:00,api
openalex,Universidad de los Andes,2023,2019-2023,publicaciones_openalex_software-paper,1,trabajos,Trabajos de tipo «software-paper»,"https://api.openalex.org/works?filter=institutions.id:I189977406,publication_year:2019-2023",2026-09-25T22:38:19+00:00,api
openalex,Universidad de los Andes,2023,2019-2023,citas_openalex,40388,citas,Citas recibidas por los trabajos de la ventana (histograma sobre 2676 de 2676),"https://api.openalex.org/works?filter=institutions.id:I189977406,publication_year:2019-2023",2026-09-25T22:38:19+00:00,api
openalex,Universidad de los Andes,2023,2019-2023,citas_por_documento_openalex,15.093,citas por documento,"Citas por trabajo, sobre los trabajos del histograma","https://api.openalex.org/works?filter=institutions.id:I189977406,publication_year:2019-2023",2026-09-25T22:38:19+00:00,api
openalex,Universidad de los Andes,2023,2019-2023,pct_colaboracion_internacional,48.92,%,Trabajos con coautor de una institución de otro país,"https://api.openalex.org/works?filter=institutions.id:I189977406,publication_year:2019-2023",2026-09-25T22:38:19+00:00,api
openalex,Universidad de los Andes,2024,2020-2024,publicaciones_openalex,2973,trabajos,Trabajos con al menos un autor de la institución,"https://api.openalex.org/works?filter=institutions.id:I189977406,publication_year:2020-2024",2026-09-25T22:38:19+00:00,api
openalex,Universidad de los Andes,2024,2020-2024,publicaciones_openalex_article,2441,trabajos,Trabajos de tipo «article»,"https://api.openalex.org/works?filter=institutions.id:I189977406,publication_year:2020-2024",2026-09-25T22:38:19+00:00,api
openalex,Universidad de los Andes,2024,2020-2024,publicaciones_openalex_book,8,trabajos,Trabajos de tipo «book»,"https://api.openalex.org/works?filter=institutions.id:I189977406,publication_year:2020-2024",2026-09-25T22:38:19+00:00,api
openalex,Universidad de los Andes,2024,2020-2024,publicaciones_openalex_book-chapter,102,trabajos,Trabajos de tipo «book-chapter»,"https://api.openalex.org/works?filter=institutions.id:I189977406,publication_year:2020-2024",2026-09-25T22:38:19+00:00,api
openalex,Universidad de los Andes,2024,2020-2024,publicaciones_openalex_book-review,12,trabajos,Trabajos de tipo «book-review»,"https://api.openalex.org/works?filter=institutions.id:I189977406,publication_year:2020-2024",2026-09-25T22:38:19+00:00,api
openalex,Universidad de los Andes,2024,2020-2024,publicaciones_openalex_conference-abstract,25,trabajos,Trabajos de tipo «conference-abstract»,"https://api.openalex.org/works?filter=institutions.id:I189977406,publication_year:2020-2024",2026-09-25T22:38:19+00:00,api
openalex,Universidad de los Andes,2024,2020-2024,publicaciones_openalex_conference-paper,82,trabajos,Trabajos de tipo «conference-paper»,"https://api.openalex.org/works?filter=institutions.id:I189977406,publication_year:2020-2024",2026-09-25T22:38:19+00:00,api
openalex,Universidad de los Andes,2024,2020-2024,publicaciones_openalex_dataset,5,trabajos,Trabajos de tipo «dataset»,"https://api.openalex.org/works?filter=institutions.id:I189977406,publication_year:2020-2024",2026-09-25T22:38:19+00:00,api
openalex,Universidad de los Andes,2024,2020-2024,publicaciones_openalex_dissertation,1,trabajos,Trabajos de tipo «dissertation»,"https://api.openalex.org/works?filter=institutions.id:I189977406,publication_year:2020-2024",2026-09-25T22:38:19+00:00,api
openalex,Universidad de los Andes,2024,2020-2024,publicaciones_openalex_editorial,12,trabajos,Trabajos de tipo «editorial»,"https://api.openalex.org/works?filter=institutions.id:I189977406,publication_year:2020-2024",2026-09-25T22:38:19+00:00,api
openalex,Universidad de los Andes,2024,2020-2024,publicaciones_openalex_erratum,17,trabajos,Trabajos de tipo «erratum»,"https://api.openalex.org/works?filter=institutions.id:I189977406,publication_year:2020-2024",2026-09-25T22:38:19+00:00,api
openalex,Universidad de los Andes,2024,2020-2024,publicaciones_openalex_letter,5,trabajos,Trabajos de tipo «letter»,"https://api.openalex.org/works?filter=institutions.id:I189977406,publication_year:2020-2024",2026-09-25T22:38:19+00:00,api
openalex,Universidad de los Andes,2024,2020-2024,publicaciones_openalex_other,11,trabajos,Trabajos de tipo «other»,"https://api.openalex.org/works?filter=institutions.id:I189977406,publication_year:2020-2024",2026-09-25T22:38:19+00:00,api
openalex,Universidad de los Andes,2024,2020-2024,publicaciones_openalex_paratext,3,trabajos,Trabajos de tipo «paratext»,"https://api.openalex.org/works?filter=institutions.id:I189977406,publication_year:2020-2024",2026-09-25T22:38:19+00:00,api
openalex,Universidad de los Andes,2024,2020-2024,publicaciones_openalex_peer-review,7,trabajos,Trabajos de tipo «peer-review»,"https://api.openalex.org/works?filter=institutions.id:I189977406,publication_year:2020-2024",2026-09-25T22:38:19+00:00,api
openalex,Universidad de los Andes,2024,2020-2024,publicaciones_openalex_preprint,181,trabajos,Trabajos de tipo «preprint»,"https://api.openalex.org/works?filter=institutions.id:I189977406,publication_year:2020-2024",2026-09-25T22:38:19+00:00,api
openalex,Universidad de los Andes,2024,2020-2024,publicaciones_openalex_reference-entry,3,trabajos,Trabajos de tipo «reference-entry»,"https://api.openalex.org/works?filter=institutions.id:I189977406,publication_year:2020-2024",2026-09-25T22:38:19+00:00,api
openalex,Universidad de los Andes,2024,2020-2024,publicaciones_openalex_report,6,trabajos,Trabajos de tipo «report»,"https://api.openalex.org/works?filter=institutions.id:I189977406,publication_year:2020-2024",2026-09-25T22:38:19+00:00,api
openalex,Universidad de los Andes,2024,2020-2024,publicaciones_openalex_retraction,2,trabajos,Trabajos de tipo «retraction»,"https://api.openalex.org/works?filter=institutions.id:I189977406,publication_year:2020-2024",2026-09-25T22:38:19+00:00,api
openalex,Universidad de los Andes,2024,2020-2024,publicaciones_openalex_review,49,trabajos,Trabajos de tipo «review»,"https://api.openalex.org/works?filter=institutions.id:I189977406,publication_year:2020-2024",2026-09-25T22:38:19+00:00,api
openalex,Universidad de los Andes,2024,2020-2024,publicaciones_openalex_software-paper,1,trabajos,Trabajos de tipo «software-paper»,"https://api.openalex.org/works?filter=institutions.id:I189977406,publication_year:2020-2024",2026-09-25T22:38:19+00:00,api
openalex,Universidad de los Andes,2024,2020-2024,citas_openalex,33330,citas,Citas recibidas por los trabajos de la ventana (histograma sobre 2973 de 2973),"https://api.openalex.org/works?filter=institutions.id:I189977406,publication_year:2020-2024",2026-09-25T22:38:19+00:00,api
openalex,Universidad de los Andes,2024,2020-2024,citas_por_documento_openalex,11.211,citas por documento,"Citas por trabajo, sobre los trabajos del histograma","https://api.openalex.org/works?filter=institutions.id:I189977406,publication_year:2020-2024",2026-09-25T22:38:19+00:00,api
openalex,Universidad de los Andes,2024,2020-2024,pct_colaboracion_internacional,49.41,%,Trabajos con coautor de una institución de otro país,"https://api.openalex.org/works?filter=institutions.id:I189977406,publication_year:2020-2024",2026-09-25T22:38:19+00:00,api
openalex,Universidad de los Andes,2024,2020-2024,socios_recurrentes,199,instituciones,Instituciones con 3 o más trabajos conjuntos,https://api.openalex.org/works,2026-09-25T22:38:19+00:00,api
openalex,Universidad de los Andes,2024,2020-2024,socios_recurrentes_paises,197,países,Países distintos entre los socios recurrentes,https://api.openalex.org/works,2026-09-25T22:38:19+00:00,api
openalex,Universidad del Bio-Bio,2022,2018-2022,publicaciones_openalex,2736,trabajos,Trabajos con al menos un autor de la institución,"https://api.openalex.org/works?filter=institutions.id:I221450849,publication_year:2018-2022",2026-09-25T22:38:19+00:00,api
openalex,Universidad del Bio-Bio,2022,2018-2022,publicaciones_openalex_article,2349,trabajos,Trabajos de tipo «article»,"https://api.openalex.org/works?filter=institutions.id:I221450849,publication_year:2018-2022",2026-09-25T22:38:19+00:00,api
openalex,Universidad del Bio-Bio,2022,2018-2022,publicaciones_openalex_book,3,trabajos,Trabajos de tipo «book»,"https://api.openalex.org/works?filter=institutions.id:I221450849,publication_year:2018-2022",2026-09-25T22:38:19+00:00,api
openalex,Universidad del Bio-Bio,2022,2018-2022,publicaciones_openalex_book-chapter,48,trabajos,Trabajos de tipo «book-chapter»,"https://api.openalex.org/works?filter=institutions.id:I221450849,publication_year:2018-2022",2026-09-25T22:38:19+00:00,api
openalex,Universidad del Bio-Bio,2022,2018-2022,publicaciones_openalex_book-review,3,trabajos,Trabajos de tipo «book-review»,"https://api.openalex.org/works?filter=institutions.id:I221450849,publication_year:2018-2022",2026-09-25T22:38:19+00:00,api
openalex,Universidad del Bio-Bio,2022,2018-2022,publicaciones_openalex_conference-paper,174,trabajos,Trabajos de tipo «conference-paper»,"https://api.openalex.org/works?filter=institutions.id:I221450849,publication_year:2018-2022",2026-09-25T22:38:19+00:00,api
openalex,Universidad del Bio-Bio,2022,2018-2022,publicaciones_openalex_data-paper,6,trabajos,Trabajos de tipo «data-paper»,"https://api.openalex.org/works?filter=institutions.id:I221450849,publication_year:2018-2022",2026-09-25T22:38:19+00:00,api
openalex,Universidad del Bio-Bio,2022,2018-2022,publicaciones_openalex_dataset,23,trabajos,Trabajos de tipo «dataset»,"https://api.openalex.org/works?filter=institutions.id:I221450849,publication_year:2018-2022",2026-09-25T22:38:19+00:00,api
openalex,Universidad del Bio-Bio,2022,2018-2022,publicaciones_openalex_editorial,45,trabajos,Trabajos de tipo «editorial»,"https://api.openalex.org/works?filter=institutions.id:I221450849,publication_year:2018-2022",2026-09-25T22:38:19+00:00,api
openalex,Universidad del Bio-Bio,2022,2018-2022,publicaciones_openalex_erratum,8,trabajos,Trabajos de tipo «erratum»,"https://api.openalex.org/works?filter=institutions.id:I221450849,publication_year:2018-2022",2026-09-25T22:38:19+00:00,api
openalex,Universidad del Bio-Bio,2022,2018-2022,publicaciones_openalex_letter,1,trabajos,Trabajos de tipo «letter»,"https://api.openalex.org/works?filter=institutions.id:I221450849,publication_year:2018-2022",2026-09-25T22:38:19+00:00,api
openalex,Universidad del Bio-Bio,2022,2018-2022,publicaciones_openalex_other,4,trabajos,Trabajos de tipo «other»,"https://api.openalex.org/works?filter=institutions.id:I221450849,publication_year:2018-2022",2026-09-25T22:38:19+00:00,api
openalex,Universidad del Bio-Bio,2022,2018-2022,publicaciones_openalex_paratext,4,trabajos,Trabajos de tipo «paratext»,"https://api.openalex.org/works?filter=institutions.id:I221450849,publication_year:2018-2022",2026-09-25T22:38:19+00:00,api
openalex,Universidad del Bio-Bio,2022,2018-2022,publicaciones_openalex_peer-review,1,trabajos,Trabajos de tipo «peer-review»,"https://api.openalex.org/works?filter=institutions.id:I221450849,publication_year:2018-2022",2026-09-25T22:38:19+00:00,api
openalex,Universidad del Bio-Bio,2022,2018-2022,publicaciones_openalex_preprint,59,trabajos,Trabajos de tipo «preprint»,"https://api.openalex.org/works?filter=institutions.id:I221450849,publication_year:2018-2022",2026-09-25T22:38:19+00:00,api
openalex,Universidad del Bio-Bio,2022,2018-2022,publicaciones_openalex_reference-entry,1,trabajos,Trabajos de tipo «reference-entry»,"https://api.openalex.org/works?filter=institutions.id:I221450849,publication_year:2018-2022",2026-09-25T22:38:19+00:00,api
openalex,Universidad del Bio-Bio,2022,2018-2022,publicaciones_openalex_review,7,trabajos,Trabajos de tipo «review»,"https://api.openalex.org/works?filter=institutions.id:I221450849,publication_year:2018-2022",2026-09-25T22:38:19+00:00,api
openalex,Universidad del Bio-Bio,2022,2018-2022,citas_openalex,35077,citas,Citas recibidas por los trabajos de la ventana (histograma sobre 2736 de 2736),"https://api.openalex.org/works?filter=institutions.id:I221450849,publication_year:2018-2022",2026-09-25T22:38:19+00:00,api
openalex,Universidad del Bio-Bio,2022,2018-2022,citas_por_documento_openalex,12.821,citas por documento,"Citas por trabajo, sobre los trabajos del histograma","https://api.openalex.org/works?filter=institutions.id:I221450849,publication_year:2018-2022",2026-09-25T22:38:19+00:00,api
openalex,Universidad del Bio-Bio,2022,2018-2022,pct_colaboracion_internacional,47.15,%,Trabajos con coautor de una institución de otro país,"https://api.openalex.org/works?filter=institutions.id:I221450849,publication_year:2018-2022",2026-09-25T22:38:19+00:00,api
openalex,Universidad del Bio-Bio,2023,2019-2023,publicaciones_openalex,2893,trabajos,Trabajos con al menos un autor de la institución,"https://api.openalex.org/works?filter=institutions.id:I221450849,publication_year:2019-2023",2026-09-25T22:38:19+00:00,api
openalex,Universidad del Bio-Bio,2023,2019-2023,publicaciones_openalex_article,2488,trabajos,Trabajos de tipo «article»,"https://api.openalex.org/works?filter=institutions.id:I221450849,publication_year:2019-2023",2026-09-25T22:38:19+00:00,api
openalex,Universidad del Bio-Bio,2023,2019-2023,publicaciones_openalex_book,4,trabajos,Trabajos de tipo «book»,"https://api.openalex.org/works?filter=institutions.id:I221450849,publication_year:2019-2023",2026-09-25T22:38:19+00:00,api
openalex,Universidad del Bio-Bio,2023,2019-2023,publicaciones_openalex_book-chapter,53,trabajos,Trabajos de tipo «book-chapter»,"https://api.openalex.org/works?filter=institutions.id:I221450849,publication_year:2019-2023",2026-09-25T22:38:19+00:00,api
openalex,Universidad del Bio-Bio,2023,2019-2023,publicaciones_openalex_book-review,6,trabajos,Trabajos de tipo «book-review»,"https://api.openalex.org/works?filter=institutions.id:I221450849,publication_year:2019-2023",2026-09-25T22:38:19+00:00,api
openalex,Universidad del Bio-Bio,2023,2019-2023,publicaciones_openalex_conference-abstract,1,trabajos,Trabajos de tipo «conference-abstract»,"https://api.openalex.org/works?filter=institutions.id:I221450849,publication_year:2019-2023",2026-09-25T22:38:19+00:00,api
openalex,Universidad del Bio-Bio,2023,2019-2023,publicaciones_openalex_conference-paper,164,trabajos,Trabajos de tipo «conference-paper»,"https://api.openalex.org/works?filter=institutions.id:I221450849,publication_year:2019-2023",2026-09-25T22:38:19+00:00,api
openalex,Universidad del Bio-Bio,2023,2019-2023,publicaciones_openalex_data-paper,6,trabajos,Trabajos de tipo «data-paper»,"https://api.openalex.org/works?filter=institutions.id:I221450849,publication_year:2019-2023",2026-09-25T22:38:19+00:00,api
openalex,Universidad del Bio-Bio,2023,2019-2023,publicaciones_openalex_dataset,10,trabajos,Trabajos de tipo «dataset»,"https://api.openalex.org/works?filter=institutions.id:I221450849,publication_year:2019-2023",2026-09-25T22:38:19+00:00,api
openalex,Universidad del Bio-Bio,2023,2019-2023,publicaciones_openalex_editorial,46,trabajos,Trabajos de tipo «editorial»,"https://api.openalex.org/works?filter=institutions.id:I221450849,publication_year:2019-2023",2026-09-25T22:38:19+00:00,api
openalex,Universidad del Bio-Bio,2023,2019-2023,publicaciones_openalex_erratum,10,trabajos,Trabajos de tipo «erratum»,"https://api.openalex.org/works?filter=institutions.id:I221450849,publication_year:2019-2023",2026-09-25T22:38:19+00:00,api
openalex,Universidad del Bio-Bio,2023,2019-2023,publicaciones_openalex_letter,1,trabajos,Trabajos de tipo «letter»,"https://api.openalex.org/works?filter=institutions.id:I221450849,publication_year:2019-2023",2026-09-25T22:38:19+00:00,api
openalex,Universidad del Bio-Bio,2023,2019-2023,publicaciones_openalex_other,4,trabajos,Trabajos de tipo «other»,"https://api.openalex.org/works?filter=institutions.id:I221450849,publication_year:2019-2023",2026-09-25T22:38:19+00:00,api
openalex,Universidad del Bio-Bio,2023,2019-2023,publicaciones_openalex_paratext,4,trabajos,Trabajos de tipo «paratext»,"https://api.openalex.org/works?filter=institutions.id:I221450849,publication_year:2019-2023",2026-09-25T22:38:19+00:00,api
openalex,Universidad del Bio-Bio,2023,2019-2023,publicaciones_openalex_peer-review,4,trabajos,Trabajos de tipo «peer-review»,"https://api.openalex.org/works?filter=institutions.id:I221450849,publication_year:2019-2023",2026-09-25T22:38:19+00:00,api
openalex,Universidad del Bio-Bio,2023,2019-2023,publicaciones_openalex_preprint,74,trabajos,Trabajos de tipo «preprint»,"https://api.openalex.org/works?filter=institutions.id:I221450849,publication_year:2019-2023",2026-09-25T22:38:19+00:00,api
openalex,Universidad del Bio-Bio,2023,2019-2023,publicaciones_openalex_reference-entry,2,trabajos,Trabajos de tipo «reference-entry»,"https://api.openalex.org/works?filter=institutions.id:I221450849,publication_year:2019-2023",2026-09-25T22:38:19+00:00,api
openalex,Universidad del Bio-Bio,2023,2019-2023,publicaciones_openalex_report,2,trabajos,Trabajos de tipo «report»,"https://api.openalex.org/works?filter=institutions.id:I221450849,publication_year:2019-2023",2026-09-25T22:38:19+00:00,api
openalex,Universidad del Bio-Bio,2023,2019-2023,publicaciones_openalex_review,14,trabajos,Trabajos de tipo «review»,"https://api.openalex.org/works?filter=institutions.id:I221450849,publication_year:2019-2023",2026-09-25T22:38:19+00:00,api
openalex,Universidad del Bio-Bio,2023,2019-2023,citas_openalex,32845,citas,Citas recibidas por los trabajos de la ventana (histograma sobre 2893 de 2893),"https://api.openalex.org/works?filter=institutions.id:I221450849,publication_year:2019-2023",2026-09-25T22:38:19+00:00,api
openalex,Universidad del Bio-Bio,2023,2019-2023,citas_por_documento_openalex,11.353,citas por documento,"Citas por trabajo, sobre los trabajos del histograma","https://api.openalex.org/works?filter=institutions.id:I221450849,publication_year:2019-2023",2026-09-25T22:38:19+00:00,api
openalex,Universidad del Bio-Bio,2023,2019-2023,pct_colaboracion_internacional,48.74,%,Trabajos con coautor de una institución de otro país,"https://api.openalex.org/works?filter=institutions.id:I221450849,publication_year:2019-2023",2026-09-25T22:38:19+00:00,api
openalex,Universidad del Bio-Bio,2024,2020-2024,publicaciones_openalex,2976,trabajos,Trabajos con al menos un autor de la institución,"https://api.openalex.org/works?filter=institutions.id:I221450849,publication_year:2020-2024",2026-09-25T22:38:19+00:00,api
openalex,Universidad del Bio-Bio,2024,2020-2024,publicaciones_openalex_article,2560,trabajos,Trabajos de tipo «article»,"https://api.openalex.org/works?filter=institutions.id:I221450849,publication_year:2020-2024",2026-09-25T22:38:19+00:00,api
openalex,Universidad del Bio-Bio,2024,2020-2024,publicaciones_openalex_book,5,trabajos,Trabajos de tipo «book»,"https://api.openalex.org/works?filter=institutions.id:I221450849,publication_year:2020-2024",2026-09-25T22:38:19+00:00,api
openalex,Universidad del Bio-Bio,2024,2020-2024,publicaciones_openalex_book-chapter,52,trabajos,Trabajos de tipo «book-chapter»,"https://api.openalex.org/works?filter=institutions.id:I221450849,publication_year:2020-2024",2026-09-25T22:38:19+00:00,api
openalex,Universidad del Bio-Bio,2024,2020-2024,publicaciones_openalex_book-review,7,trabajos,Trabajos de tipo «book-review»,"https://api.openalex.org/works?filter=institutions.id:I221450849,publication_year:2020-2024",2026-09-25T22:38:19+00:00,api
openalex,Universidad del Bio-Bio,2024,2020-2024,publicaciones_openalex_conference-abstract,4,trabajos,Trabajos de tipo «conference-abstract»,"https://api.openalex.org/works?filter=institutions.id:I221450849,publication_year:2020-2024",2026-09-25T22:38:19+00:00,api
openalex,Universidad del Bio-Bio,2024,2020-2024,publicaciones_openalex_conference-paper,144,trabajos,Trabajos de tipo «conference-paper»,"https://api.openalex.org/works?filter=institutions.id:I221450849,publication_year:2020-2024",2026-09-25T22:38:19+00:00,api
openalex,Universidad del Bio-Bio,2024,2020-2024,publicaciones_openalex_data-paper,5,trabajos,Trabajos de tipo «data-paper»,"https://api.openalex.org/works?filter=institutions.id:I221450849,publication_year:2020-2024",2026-09-25T22:38:19+00:00,api
openalex,Universidad del Bio-Bio,2024,2020-2024,publicaciones_openalex_dataset,10,trabajos,Trabajos de tipo «dataset»,"https://api.openalex.org/works?filter=institutions.id:I221450849,publication_year:2020-2024",2026-09-25T22:38:19+00:00,api
openalex,Universidad del Bio-Bio,2024,2020-2024,publicaciones_openalex_editorial,42,trabajos,Trabajos de tipo «editorial»,"https://api.openalex.org/works?filter=institutions.id:I221450849,publication_year:2020-2024",2026-09-25T22:38:19+00:00,api
openalex,Universidad del Bio-Bio,2024,2020-2024,publicaciones_openalex_erratum,11,trabajos,Trabajos de tipo «erratum»,"https://api.openalex.org/works?filter=institutions.id:I221450849,publication_year:2020-2024",2026-09-25T22:38:19+00:00,api
openalex,Universidad del Bio-Bio,2024,2020-2024,publicaciones_openalex_letter,1,trabajos,Trabajos de tipo «letter»,"https://api.openalex.org/works?filter=institutions.id:I221450849,publication_year:2020-2024",2026-09-25T22:38:19+00:00,api
openalex,Universidad del Bio-Bio,2024,2020-2024,publicaciones_openalex_other,2,trabajos,Trabajos de tipo «other»,"https://api.openalex.org/works?filter=institutions.id:I221450849,publication_year:2020-2024",2026-09-25T22:38:19+00:00,api
openalex,Universidad del Bio-Bio,2024,2020-2024,publicaciones_openalex_paratext,5,trabajos,Trabajos de tipo «paratext»,"https://api.openalex.org/works?filter=institutions.id:I221450849,publication_year:2020-2024",2026-09-25T22:38:19+00:00,api
openalex,Universidad del Bio-Bio,2024,2020-2024,publicaciones_openalex_peer-review,12,trabajos,Trabajos de tipo «peer-review»,"https://api.openalex.org/works?filter=institutions.id:I221450849,publication_year:2020-2024",2026-09-25T22:38:19+00:00,api
openalex,Universidad del Bio-Bio,2024,2020-2024,publicaciones_openalex_preprint,91,trabajos,Trabajos de tipo «preprint»,"https://api.openalex.org/works?filter=institutions.id:I221450849,publication_year:2020-2024",2026-09-25T22:38:19+00:00,api
openalex,Universidad del Bio-Bio,2024,2020-2024,publicaciones_openalex_reference-entry,3,trabajos,Trabajos de tipo «reference-entry»,"https://api.openalex.org/works?filter=institutions.id:I221450849,publication_year:2020-2024",2026-09-25T22:38:19+00:00,api
openalex,Universidad del Bio-Bio,2024,2020-2024,publicaciones_openalex_report,2,trabajos,Trabajos de tipo «report»,"https://api.openalex.org/works?filter=institutions.id:I221450849,publication_year:2020-2024",2026-09-25T22:38:19+00:00,api
openalex,Universidad del Bio-Bio,2024,2020-2024,publicaciones_openalex_review,20,trabajos,Trabajos de tipo «review»,"https://api.openalex.org/works?filter=institutions.id:I221450849,publication_year:2020-2024",2026-09-25T22:38:19+00:00,api
openalex,Universidad del Bio-Bio,2024,2020-2024,citas_openalex,28698,citas,Citas recibidas por los trabajos de la ventana (histograma sobre 2976 de 2976),"https://api.openalex.org/works?filter=institutions.id:I221450849,publication_year:2020-2024",2026-09-25T22:38:19+00:00,api
openalex,Universidad del Bio-Bio,2024,2020-2024,citas_por_documento_openalex,9.643,citas por documento,"Citas por trabajo, sobre los trabajos del histograma","https://api.openalex.org/works?filter=institutions.id:I221450849,publication_year:2020-2024",2026-09-25T22:38:19+00:00,api
openalex,Universidad del Bio-Bio,2024,2020-2024,pct_colaboracion_internacional,49.29,%,Trabajos con coautor de una institución de otro país,"https://api.openalex.org/works?filter=institutions.id:I221450849,publication_year:2020-2024",2026-09-25T22:38:19+00:00,api
openalex,Universidad del Bio-Bio,2024,2020-2024,socios_recurrentes,199,instituciones,Instituciones con 3 o más trabajos conjuntos,https://api.openalex.org/works,2026-09-25T22:38:19+00:00,api
openalex,Universidad del Bio-Bio,2024,2020-2024,socios_recurrentes_paises,196,países,Países distintos entre los socios recurrentes,https://api.openalex.org/works,2026-09-25T22:38:19+00:00,api
openalex,Universidad del Desarrollo,2022,2018-2022,publicaciones_openalex,3152,trabajos,Trabajos con al menos un autor de la institución,"https://api.openalex.org/works?filter=institutions.id:I133599470,publication_year:2018-2022",2026-09-25T22:38:19+00:00,api
openalex,Universidad del Desarrollo,2022,2018-2022,publicaciones_openalex_article,2741,trabajos,Trabajos de tipo «article»,"https://api.openalex.org/works?filter=institutions.id:I133599470,publication_year:2018-2022",2026-09-25T22:38:19+00:00,api
openalex,Universidad del Desarrollo,2022,2018-2022,publicaciones_openalex_book,2,trabajos,Trabajos de tipo «book»,"https://api.openalex.org/works?filter=institutions.id:I133599470,publication_year:2018-2022",2026-09-25T22:38:19+00:00,api
openalex,Universidad del Desarrollo,2022,2018-2022,publicaciones_openalex_book-chapter,87,trabajos,Trabajos de tipo «book-chapter»,"https://api.openalex.org/works?filter=institutions.id:I133599470,publication_year:2018-2022",2026-09-25T22:38:19+00:00,api
openalex,Universidad del Desarrollo,2022,2018-2022,publicaciones_openalex_book-review,3,trabajos,Trabajos de tipo «book-review»,"https://api.openalex.org/works?filter=institutions.id:I133599470,publication_year:2018-2022",2026-09-25T22:38:19+00:00,api
openalex,Universidad del Desarrollo,2022,2018-2022,publicaciones_openalex_conference-abstract,41,trabajos,Trabajos de tipo «conference-abstract»,"https://api.openalex.org/works?filter=institutions.id:I133599470,publication_year:2018-2022",2026-09-25T22:38:19+00:00,api
openalex,Universidad del Desarrollo,2022,2018-2022,publicaciones_openalex_conference-paper,41,trabajos,Trabajos de tipo «conference-paper»,"https://api.openalex.org/works?filter=institutions.id:I133599470,publication_year:2018-2022",2026-09-25T22:38:19+00:00,api
openalex,Universidad del Desarrollo,2022,2018-2022,publicaciones_openalex_data-paper,1,trabajos,Trabajos de tipo «data-paper»,"https://api.openalex.org/works?filter=institutions.id:I133599470,publication_year:2018-2022",2026-09-25T22:38:19+00:00,api
openalex,Universidad del Desarrollo,2022,2018-2022,publicaciones_openalex_dataset,8,trabajos,Trabajos de tipo «dataset»,"https://api.openalex.org/works?filter=institutions.id:I133599470,publication_year:2018-2022",2026-09-25T22:38:19+00:00,api
openalex,Universidad del Desarrollo,2022,2018-2022,publicaciones_openalex_dissertation,5,trabajos,Trabajos de tipo «dissertation»,"https://api.openalex.org/works?filter=institutions.id:I133599470,publication_year:2018-2022",2026-09-25T22:38:19+00:00,api
openalex,Universidad del Desarrollo,2022,2018-2022,publicaciones_openalex_editorial,22,trabajos,Trabajos de tipo «editorial»,"https://api.openalex.org/works?filter=institutions.id:I133599470,publication_year:2018-2022",2026-09-25T22:38:19+00:00,api
openalex,Universidad del Desarrollo,2022,2018-2022,publicaciones_openalex_erratum,26,trabajos,Trabajos de tipo «erratum»,"https://api.openalex.org/works?filter=institutions.id:I133599470,publication_year:2018-2022",2026-09-25T22:38:19+00:00,api
openalex,Universidad del Desarrollo,2022,2018-2022,publicaciones_openalex_letter,6,trabajos,Trabajos de tipo «letter»,"https://api.openalex.org/works?filter=institutions.id:I133599470,publication_year:2018-2022",2026-09-25T22:38:19+00:00,api
openalex,Universidad del Desarrollo,2022,2018-2022,publicaciones_openalex_other,2,trabajos,Trabajos de tipo «other»,"https://api.openalex.org/works?filter=institutions.id:I133599470,publication_year:2018-2022",2026-09-25T22:38:19+00:00,api
openalex,Universidad del Desarrollo,2022,2018-2022,publicaciones_openalex_paratext,6,trabajos,Trabajos de tipo «paratext»,"https://api.openalex.org/works?filter=institutions.id:I133599470,publication_year:2018-2022",2026-09-25T22:38:19+00:00,api
openalex,Universidad del Desarrollo,2022,2018-2022,publicaciones_openalex_peer-review,1,trabajos,Trabajos de tipo «peer-review»,"https://api.openalex.org/works?filter=institutions.id:I133599470,publication_year:2018-2022",2026-09-25T22:38:19+00:00,api
openalex,Universidad del Desarrollo,2022,2018-2022,publicaciones_openalex_preprint,110,trabajos,Trabajos de tipo «preprint»,"https://api.openalex.org/works?filter=institutions.id:I133599470,publication_year:2018-2022",2026-09-25T22:38:19+00:00,api
openalex,Universidad del Desarrollo,2022,2018-2022,publicaciones_openalex_reference-entry,6,trabajos,Trabajos de tipo «reference-entry»,"https://api.openalex.org/works?filter=institutions.id:I133599470,publication_year:2018-2022",2026-09-25T22:38:19+00:00,api
openalex,Universidad del Desarrollo,2022,2018-2022,publicaciones_openalex_report,4,trabajos,Trabajos de tipo «report»,"https://api.openalex.org/works?filter=institutions.id:I133599470,publication_year:2018-2022",2026-09-25T22:38:19+00:00,api
openalex,Universidad del Desarrollo,2022,2018-2022,publicaciones_openalex_review,40,trabajos,Trabajos de tipo «review»,"https://api.openalex.org/works?filter=institutions.id:I133599470,publication_year:2018-2022",2026-09-25T22:38:19+00:00,api
openalex,Universidad del Desarrollo,2022,2018-2022,citas_openalex,64378,citas,Citas recibidas por los trabajos de la ventana (histograma sobre 3152 de 3152),"https://api.openalex.org/works?filter=institutions.id:I133599470,publication_year:2018-2022",2026-09-25T22:38:19+00:00,api
openalex,Universidad del Desarrollo,2022,2018-2022,citas_por_documento_openalex,20.424,citas por documento,"Citas por trabajo, sobre los trabajos del histograma","https://api.openalex.org/works?filter=institutions.id:I133599470,publication_year:2018-2022",2026-09-25T22:38:19+00:00,api
openalex,Universidad del Desarrollo,2022,2018-2022,pct_colaboracion_internacional,53.74,%,Trabajos con coautor de una institución de otro país,"https://api.openalex.org/works?filter=institutions.id:I133599470,publication_year:2018-2022",2026-09-25T22:38:19+00:00,api
openalex,Universidad del Desarrollo,2023,2019-2023,publicaciones_openalex,3361,trabajos,Trabajos con al menos un autor de la institución,"https://api.openalex.org/works?filter=institutions.id:I133599470,publication_year:2019-2023",2026-09-25T22:38:19+00:00,api
openalex,Universidad del Desarrollo,2023,2019-2023,publicaciones_openalex_article,2826,trabajos,Trabajos de tipo «article»,"https://api.openalex.org/works?filter=institutions.id:I133599470,publication_year:2019-2023",2026-09-25T22:38:19+00:00,api
openalex,Universidad del Desarrollo,2023,2019-2023,publicaciones_openalex_book,6,trabajos,Trabajos de tipo «book»,"https://api.openalex.org/works?filter=institutions.id:I133599470,publication_year:2019-2023",2026-09-25T22:38:19+00:00,api
openalex,Universidad del Desarrollo,2023,2019-2023,publicaciones_openalex_book-chapter,128,trabajos,Trabajos de tipo «book-chapter»,"https://api.openalex.org/works?filter=institutions.id:I133599470,publication_year:2019-2023",2026-09-25T22:38:19+00:00,api
openalex,Universidad del Desarrollo,2023,2019-2023,publicaciones_openalex_book-review,3,trabajos,Trabajos de tipo «book-review»,"https://api.openalex.org/works?filter=institutions.id:I133599470,publication_year:2019-2023",2026-09-25T22:38:19+00:00,api
openalex,Universidad del Desarrollo,2023,2019-2023,publicaciones_openalex_conference-abstract,43,trabajos,Trabajos de tipo «conference-abstract»,"https://api.openalex.org/works?filter=institutions.id:I133599470,publication_year:2019-2023",2026-09-25T22:38:19+00:00,api
openalex,Universidad del Desarrollo,2023,2019-2023,publicaciones_openalex_conference-paper,47,trabajos,Trabajos de tipo «conference-paper»,"https://api.openalex.org/works?filter=institutions.id:I133599470,publication_year:2019-2023",2026-09-25T22:38:19+00:00,api
openalex,Universidad del Desarrollo,2023,2019-2023,publicaciones_openalex_data-paper,4,trabajos,Trabajos de tipo «data-paper»,"https://api.openalex.org/works?filter=institutions.id:I133599470,publication_year:2019-2023",2026-09-25T22:38:19+00:00,api
openalex,Universidad del Desarrollo,2023,2019-2023,publicaciones_openalex_dataset,8,trabajos,Trabajos de tipo «dataset»,"https://api.openalex.org/works?filter=institutions.id:I133599470,publication_year:2019-2023",2026-09-25T22:38:19+00:00,api
openalex,Universidad del Desarrollo,2023,2019-2023,publicaciones_openalex_dissertation,7,trabajos,Trabajos de tipo «dissertation»,"https://api.openalex.org/works?filter=institutions.id:I133599470,publication_year:2019-2023",2026-09-25T22:38:19+00:00,api
openalex,Universidad del Desarrollo,2023,2019-2023,publicaciones_openalex_editorial,24,trabajos,Trabajos de tipo «editorial»,"https://api.openalex.org/works?filter=institutions.id:I133599470,publication_year:2019-2023",2026-09-25T22:38:19+00:00,api
openalex,Universidad del Desarrollo,2023,2019-2023,publicaciones_openalex_erratum,27,trabajos,Trabajos de tipo «erratum»,"https://api.openalex.org/works?filter=institutions.id:I133599470,publication_year:2019-2023",2026-09-25T22:38:19+00:00,api
openalex,Universidad del Desarrollo,2023,2019-2023,publicaciones_openalex_letter,9,trabajos,Trabajos de tipo «letter»,"https://api.openalex.org/works?filter=institutions.id:I133599470,publication_year:2019-2023",2026-09-25T22:38:19+00:00,api
openalex,Universidad del Desarrollo,2023,2019-2023,publicaciones_openalex_other,4,trabajos,Trabajos de tipo «other»,"https://api.openalex.org/works?filter=institutions.id:I133599470,publication_year:2019-2023",2026-09-25T22:38:19+00:00,api
openalex,Universidad del Desarrollo,2023,2019-2023,publicaciones_openalex_paratext,7,trabajos,Trabajos de tipo «paratext»,"https://api.openalex.org/works?filter=institutions.id:I133599470,publication_year:2019-2023",2026-09-25T22:38:19+00:00,api
openalex,Universidad del Desarrollo,2023,2019-2023,publicaciones_openalex_peer-review,5,trabajos,Trabajos de tipo «peer-review»,"https://api.openalex.org/works?filter=institutions.id:I133599470,publication_year:2019-2023",2026-09-25T22:38:19+00:00,api
openalex,Universidad del Desarrollo,2023,2019-2023,publicaciones_openalex_preprint,146,trabajos,Trabajos de tipo «preprint»,"https://api.openalex.org/works?filter=institutions.id:I133599470,publication_year:2019-2023",2026-09-25T22:38:19+00:00,api
openalex,Universidad del Desarrollo,2023,2019-2023,publicaciones_openalex_reference-entry,9,trabajos,Trabajos de tipo «reference-entry»,"https://api.openalex.org/works?filter=institutions.id:I133599470,publication_year:2019-2023",2026-09-25T22:38:19+00:00,api
openalex,Universidad del Desarrollo,2023,2019-2023,publicaciones_openalex_report,5,trabajos,Trabajos de tipo «report»,"https://api.openalex.org/works?filter=institutions.id:I133599470,publication_year:2019-2023",2026-09-25T22:38:19+00:00,api
openalex,Universidad del Desarrollo,2023,2019-2023,publicaciones_openalex_review,53,trabajos,Trabajos de tipo «review»,"https://api.openalex.org/works?filter=institutions.id:I133599470,publication_year:2019-2023",2026-09-25T22:38:19+00:00,api
openalex,Universidad del Desarrollo,2023,2019-2023,citas_openalex,59500,citas,Citas recibidas por los trabajos de la ventana (histograma sobre 3361 de 3361),"https://api.openalex.org/works?filter=institutions.id:I133599470,publication_year:2019-2023",2026-09-25T22:38:19+00:00,api
openalex,Universidad del Desarrollo,2023,2019-2023,citas_por_documento_openalex,17.703,citas por documento,"Citas por trabajo, sobre los trabajos del histograma","https://api.openalex.org/works?filter=institutions.id:I133599470,publication_year:2019-2023",2026-09-25T22:38:19+00:00,api
openalex,Universidad del Desarrollo,2023,2019-2023,pct_colaboracion_internacional,55.43,%,Trabajos con coautor de una institución de otro país,"https://api.openalex.org/works?filter=institutions.id:I133599470,publication_year:2019-2023",2026-09-25T22:38:19+00:00,api
openalex,Universidad del Desarrollo,2024,2020-2024,publicaciones_openalex,3653,trabajos,Trabajos con al menos un autor de la institución,"https://api.openalex.org/works?filter=institutions.id:I133599470,publication_year:2020-2024",2026-09-25T22:38:19+00:00,api
openalex,Universidad del Desarrollo,2024,2020-2024,publicaciones_openalex_article,2999,trabajos,Trabajos de tipo «article»,"https://api.openalex.org/works?filter=institutions.id:I133599470,publication_year:2020-2024",2026-09-25T22:38:19+00:00,api
openalex,Universidad del Desarrollo,2024,2020-2024,publicaciones_openalex_book,7,trabajos,Trabajos de tipo «book»,"https://api.openalex.org/works?filter=institutions.id:I133599470,publication_year:2020-2024",2026-09-25T22:38:19+00:00,api
openalex,Universidad del Desarrollo,2024,2020-2024,publicaciones_openalex_book-chapter,147,trabajos,Trabajos de tipo «book-chapter»,"https://api.openalex.org/works?filter=institutions.id:I133599470,publication_year:2020-2024",2026-09-25T22:38:19+00:00,api
openalex,Universidad del Desarrollo,2024,2020-2024,publicaciones_openalex_book-review,1,trabajos,Trabajos de tipo «book-review»,"https://api.openalex.org/works?filter=institutions.id:I133599470,publication_year:2020-2024",2026-09-25T22:38:19+00:00,api
openalex,Universidad del Desarrollo,2024,2020-2024,publicaciones_openalex_conference-abstract,48,trabajos,Trabajos de tipo «conference-abstract»,"https://api.openalex.org/works?filter=institutions.id:I133599470,publication_year:2020-2024",2026-09-25T22:38:19+00:00,api
openalex,Universidad del Desarrollo,2024,2020-2024,publicaciones_openalex_conference-paper,51,trabajos,Trabajos de tipo «conference-paper»,"https://api.openalex.org/works?filter=institutions.id:I133599470,publication_year:2020-2024",2026-09-25T22:38:19+00:00,api
openalex,Universidad del Desarrollo,2024,2020-2024,publicaciones_openalex_data-paper,4,trabajos,Trabajos de tipo «data-paper»,"https://api.openalex.org/works?filter=institutions.id:I133599470,publication_year:2020-2024",2026-09-25T22:38:19+00:00,api
openalex,Universidad del Desarrollo,2024,2020-2024,publicaciones_openalex_dataset,8,trabajos,Trabajos de tipo «dataset»,"https://api.openalex.org/works?filter=institutions.id:I133599470,publication_year:2020-2024",2026-09-25T22:38:19+00:00,api
openalex,Universidad del Desarrollo,2024,2020-2024,publicaciones_openalex_dissertation,8,trabajos,Trabajos de tipo «dissertation»,"https://api.openalex.org/works?filter=institutions.id:I133599470,publication_year:2020-2024",2026-09-25T22:38:19+00:00,api
openalex,Universidad del Desarrollo,2024,2020-2024,publicaciones_openalex_editorial,31,trabajos,Trabajos de tipo «editorial»,"https://api.openalex.org/works?filter=institutions.id:I133599470,publication_year:2020-2024",2026-09-25T22:38:19+00:00,api
openalex,Universidad del Desarrollo,2024,2020-2024,publicaciones_openalex_erratum,33,trabajos,Trabajos de tipo «erratum»,"https://api.openalex.org/works?filter=institutions.id:I133599470,publication_year:2020-2024",2026-09-25T22:38:19+00:00,api
openalex,Universidad del Desarrollo,2024,2020-2024,publicaciones_openalex_letter,8,trabajos,Trabajos de tipo «letter»,"https://api.openalex.org/works?filter=institutions.id:I133599470,publication_year:2020-2024",2026-09-25T22:38:19+00:00,api
openalex,Universidad del Desarrollo,2024,2020-2024,publicaciones_openalex_other,4,trabajos,Trabajos de tipo «other»,"https://api.openalex.org/works?filter=institutions.id:I133599470,publication_year:2020-2024",2026-09-25T22:38:19+00:00,api
openalex,Universidad del Desarrollo,2024,2020-2024,publicaciones_openalex_paratext,6,trabajos,Trabajos de tipo «paratext»,"https://api.openalex.org/works?filter=institutions.id:I133599470,publication_year:2020-2024",2026-09-25T22:38:19+00:00,api
openalex,Universidad del Desarrollo,2024,2020-2024,publicaciones_openalex_peer-review,14,trabajos,Trabajos de tipo «peer-review»,"https://api.openalex.org/works?filter=institutions.id:I133599470,publication_year:2020-2024",2026-09-25T22:38:19+00:00,api
openalex,Universidad del Desarrollo,2024,2020-2024,publicaciones_openalex_preprint,181,trabajos,Trabajos de tipo «preprint»,"https://api.openalex.org/works?filter=institutions.id:I133599470,publication_year:2020-2024",2026-09-25T22:38:19+00:00,api
openalex,Universidad del Desarrollo,2024,2020-2024,publicaciones_openalex_reference-entry,9,trabajos,Trabajos de tipo «reference-entry»,"https://api.openalex.org/works?filter=institutions.id:I133599470,publication_year:2020-2024",2026-09-25T22:38:19+00:00,api
openalex,Universidad del Desarrollo,2024,2020-2024,publicaciones_openalex_report,15,trabajos,Trabajos de tipo «report»,"https://api.openalex.org/works?filter=institutions.id:I133599470,publication_year:2020-2024",2026-09-25T22:38:19+00:00,api
openalex,Universidad del Desarrollo,2024,2020-2024,publicaciones_openalex_review,79,trabajos,Trabajos de tipo «review»,"https://api.openalex.org/works?filter=institutions.id:I133599470,publication_year:2020-2024",2026-09-25T22:38:19+00:00,api
openalex,Universidad del Desarrollo,2024,2020-2024,citas_openalex,53343,citas,Citas recibidas por los trabajos de la ventana (histograma sobre 3653 de 3653),"https://api.openalex.org/works?filter=institutions.id:I133599470,publication_year:2020-2024",2026-09-25T22:38:19+00:00,api
openalex,Universidad del Desarrollo,2024,2020-2024,citas_por_documento_openalex,14.603,citas por documento,"Citas por trabajo, sobre los trabajos del histograma","https://api.openalex.org/works?filter=institutions.id:I133599470,publication_year:2020-2024",2026-09-25T22:38:19+00:00,api
openalex,Universidad del Desarrollo,2024,2020-2024,pct_colaboracion_internacional,56.47,%,Trabajos con coautor de una institución de otro país,"https://api.openalex.org/works?filter=institutions.id:I133599470,publication_year:2020-2024",2026-09-25T22:38:19+00:00,api
openalex,Universidad del Desarrollo,2024,2020-2024,socios_recurrentes,199,instituciones,Instituciones con 3 o más trabajos conjuntos,https://api.openalex.org/works,2026-09-25T22:38:19+00:00,api
openalex,Universidad del Desarrollo,2024,2020-2024,socios_recurrentes_paises,198,países,Países distintos entre los socios recurrentes,https://api.openalex.org/works,2026-09-25T22:38:19+00:00,api
openalex,Universidad del Mar,2022,2018-2022,publicaciones_openalex,250,trabajos,Trabajos con al menos un autor de la institución,"https://api.openalex.org/works?filter=institutions.id:I4210100353,publication_year:2018-2022",2026-09-25T22:38:19+00:00,api
openalex,Universidad del Mar,2022,2018-2022,publicaciones_openalex_article,236,trabajos,Trabajos de tipo «article»,"https://api.openalex.org/works?filter=institutions.id:I4210100353,publication_year:2018-2022",2026-09-25T22:38:19+00:00,api
openalex,Universidad del Mar,2022,2018-2022,publicaciones_openalex_book,1,trabajos,Trabajos de tipo «book»,"https://api.openalex.org/works?filter=institutions.id:I4210100353,publication_year:2018-2022",2026-09-25T22:38:19+00:00,api
openalex,Universidad del Mar,2022,2018-2022,publicaciones_openalex_book-chapter,1,trabajos,Trabajos de tipo «book-chapter»,"https://api.openalex.org/works?filter=institutions.id:I4210100353,publication_year:2018-2022",2026-09-25T22:38:19+00:00,api
openalex,Universidad del Mar,2022,2018-2022,publicaciones_openalex_conference-abstract,1,trabajos,Trabajos de tipo «conference-abstract»,"https://api.openalex.org/works?filter=institutions.id:I4210100353,publication_year:2018-2022",2026-09-25T22:38:19+00:00,api
openalex,Universidad del Mar,2022,2018-2022,publicaciones_openalex_conference-paper,1,trabajos,Trabajos de tipo «conference-paper»,"https://api.openalex.org/works?filter=institutions.id:I4210100353,publication_year:2018-2022",2026-09-25T22:38:19+00:00,api
openalex,Universidad del Mar,2022,2018-2022,publicaciones_openalex_dataset,5,trabajos,Trabajos de tipo «dataset»,"https://api.openalex.org/works?filter=institutions.id:I4210100353,publication_year:2018-2022",2026-09-25T22:38:19+00:00,api
openalex,Universidad del Mar,2022,2018-2022,publicaciones_openalex_erratum,1,trabajos,Trabajos de tipo «erratum»,"https://api.openalex.org/works?filter=institutions.id:I4210100353,publication_year:2018-2022",2026-09-25T22:38:19+00:00,api
openalex,Universidad del Mar,2022,2018-2022,publicaciones_openalex_paratext,1,trabajos,Trabajos de tipo «paratext»,"https://api.openalex.org/works?filter=institutions.id:I4210100353,publication_year:2018-2022",2026-09-25T22:38:19+00:00,api
openalex,Universidad del Mar,2022,2018-2022,publicaciones_openalex_preprint,2,trabajos,Trabajos de tipo «preprint»,"https://api.openalex.org/works?filter=institutions.id:I4210100353,publication_year:2018-2022",2026-09-25T22:38:19+00:00,api
openalex,Universidad del Mar,2022,2018-2022,publicaciones_openalex_retraction,1,trabajos,Trabajos de tipo «retraction»,"https://api.openalex.org/works?filter=institutions.id:I4210100353,publication_year:2018-2022",2026-09-25T22:38:19+00:00,api
openalex,Universidad del Mar,2022,2018-2022,citas_openalex,1722,citas,Citas recibidas por los trabajos de la ventana (histograma sobre 250 de 250),"https://api.openalex.org/works?filter=institutions.id:I4210100353,publication_year:2018-2022",2026-09-25T22:38:19+00:00,api
openalex,Universidad del Mar,2022,2018-2022,citas_por_documento_openalex,6.888,citas por documento,"Citas por trabajo, sobre los trabajos del histograma","https://api.openalex.org/works?filter=institutions.id:I4210100353,publication_year:2018-2022",2026-09-25T22:38:19+00:00,api
openalex,Universidad del Mar,2022,2018-2022,pct_colaboracion_internacional,72.4,%,Trabajos con coautor de una institución de otro país,"https://api.openalex.org/works?filter=institutions.id:I4210100353,publication_year:2018-2022",2026-09-25T22:38:19+00:00,api
openalex,Universidad del Mar,2023,2019-2023,publicaciones_openalex,263,trabajos,Trabajos con al menos un autor de la institución,"https://api.openalex.org/works?filter=institutions.id:I4210100353,publication_year:2019-2023",2026-09-25T22:38:19+00:00,api
openalex,Universidad del Mar,2023,2019-2023,publicaciones_openalex_article,243,trabajos,Trabajos de tipo «article»,"https://api.openalex.org/works?filter=institutions.id:I4210100353,publication_year:2019-2023",2026-09-25T22:38:19+00:00,api
openalex,Universidad del Mar,2023,2019-2023,publicaciones_openalex_book,1,trabajos,Trabajos de tipo «book»,"https://api.openalex.org/works?filter=institutions.id:I4210100353,publication_year:2019-2023",2026-09-25T22:38:19+00:00,api
openalex,Universidad del Mar,2023,2019-2023,publicaciones_openalex_book-chapter,2,trabajos,Trabajos de tipo «book-chapter»,"https://api.openalex.org/works?filter=institutions.id:I4210100353,publication_year:2019-2023",2026-09-25T22:38:19+00:00,api
openalex,Universidad del Mar,2023,2019-2023,publicaciones_openalex_conference-abstract,1,trabajos,Trabajos de tipo «conference-abstract»,"https://api.openalex.org/works?filter=institutions.id:I4210100353,publication_year:2019-2023",2026-09-25T22:38:19+00:00,api
openalex,Universidad del Mar,2023,2019-2023,publicaciones_openalex_conference-paper,2,trabajos,Trabajos de tipo «conference-paper»,"https://api.openalex.org/works?filter=institutions.id:I4210100353,publication_year:2019-2023",2026-09-25T22:38:19+00:00,api
openalex,Universidad del Mar,2023,2019-2023,publicaciones_openalex_dataset,3,trabajos,Trabajos de tipo «dataset»,"https://api.openalex.org/works?filter=institutions.id:I4210100353,publication_year:2019-2023",2026-09-25T22:38:19+00:00,api
openalex,Universidad del Mar,2023,2019-2023,publicaciones_openalex_dissertation,1,trabajos,Trabajos de tipo «dissertation»,"https://api.openalex.org/works?filter=institutions.id:I4210100353,publication_year:2019-2023",2026-09-25T22:38:19+00:00,api
openalex,Universidad del Mar,2023,2019-2023,publicaciones_openalex_erratum,1,trabajos,Trabajos de tipo «erratum»,"https://api.openalex.org/works?filter=institutions.id:I4210100353,publication_year:2019-2023",2026-09-25T22:38:19+00:00,api
openalex,Universidad del Mar,2023,2019-2023,publicaciones_openalex_other,1,trabajos,Trabajos de tipo «other»,"https://api.openalex.org/works?filter=institutions.id:I4210100353,publication_year:2019-2023",2026-09-25T22:38:19+00:00,api
openalex,Universidad del Mar,2023,2019-2023,publicaciones_openalex_paratext,1,trabajos,Trabajos de tipo «paratext»,"https://api.openalex.org/works?filter=institutions.id:I4210100353,publication_year:2019-2023",2026-09-25T22:38:19+00:00,api
openalex,Universidad del Mar,2023,2019-2023,publicaciones_openalex_preprint,6,trabajos,Trabajos de tipo «preprint»,"https://api.openalex.org/works?filter=institutions.id:I4210100353,publication_year:2019-2023",2026-09-25T22:38:19+00:00,api
openalex,Universidad del Mar,2023,2019-2023,publicaciones_openalex_retraction,1,trabajos,Trabajos de tipo «retraction»,"https://api.openalex.org/works?filter=institutions.id:I4210100353,publication_year:2019-2023",2026-09-25T22:38:19+00:00,api
openalex,Universidad del Mar,2023,2019-2023,citas_openalex,1621,citas,Citas recibidas por los trabajos de la ventana (histograma sobre 263 de 263),"https://api.openalex.org/works?filter=institutions.id:I4210100353,publication_year:2019-2023",2026-09-25T22:38:19+00:00,api
openalex,Universidad del Mar,2023,2019-2023,citas_por_documento_openalex,6.163,citas por documento,"Citas por trabajo, sobre los trabajos del histograma","https://api.openalex.org/works?filter=institutions.id:I4210100353,publication_year:2019-2023",2026-09-25T22:38:19+00:00,api
openalex,Universidad del Mar,2023,2019-2023,pct_colaboracion_internacional,72.24,%,Trabajos con coautor de una institución de otro país,"https://api.openalex.org/works?filter=institutions.id:I4210100353,publication_year:2019-2023",2026-09-25T22:38:19+00:00,api
openalex,Universidad del Mar,2024,2020-2024,publicaciones_openalex,308,trabajos,Trabajos con al menos un autor de la institución,"https://api.openalex.org/works?filter=institutions.id:I4210100353,publication_year:2020-2024",2026-09-25T22:38:19+00:00,api
openalex,Universidad del Mar,2024,2020-2024,publicaciones_openalex_article,272,trabajos,Trabajos de tipo «article»,"https://api.openalex.org/works?filter=institutions.id:I4210100353,publication_year:2020-2024",2026-09-25T22:38:19+00:00,api
openalex,Universidad del Mar,2024,2020-2024,publicaciones_openalex_book,1,trabajos,Trabajos de tipo «book»,"https://api.openalex.org/works?filter=institutions.id:I4210100353,publication_year:2020-2024",2026-09-25T22:38:19+00:00,api
openalex,Universidad del Mar,2024,2020-2024,publicaciones_openalex_book-chapter,7,trabajos,Trabajos de tipo «book-chapter»,"https://api.openalex.org/works?filter=institutions.id:I4210100353,publication_year:2020-2024",2026-09-25T22:38:19+00:00,api
openalex,Universidad del Mar,2024,2020-2024,publicaciones_openalex_book-review,1,trabajos,Trabajos de tipo «book-review»,"https://api.openalex.org/works?filter=institutions.id:I4210100353,publication_year:2020-2024",2026-09-25T22:38:19+00:00,api
openalex,Universidad del Mar,2024,2020-2024,publicaciones_openalex_conference-abstract,1,trabajos,Trabajos de tipo «conference-abstract»,"https://api.openalex.org/works?filter=institutions.id:I4210100353,publication_year:2020-2024",2026-09-25T22:38:19+00:00,api
openalex,Universidad del Mar,2024,2020-2024,publicaciones_openalex_conference-paper,4,trabajos,Trabajos de tipo «conference-paper»,"https://api.openalex.org/works?filter=institutions.id:I4210100353,publication_year:2020-2024",2026-09-25T22:38:19+00:00,api
openalex,Universidad del Mar,2024,2020-2024,publicaciones_openalex_dataset,3,trabajos,Trabajos de tipo «dataset»,"https://api.openalex.org/works?filter=institutions.id:I4210100353,publication_year:2020-2024",2026-09-25T22:38:19+00:00,api
openalex,Universidad del Mar,2024,2020-2024,publicaciones_openalex_dissertation,3,trabajos,Trabajos de tipo «dissertation»,"https://api.openalex.org/works?filter=institutions.id:I4210100353,publication_year:2020-2024",2026-09-25T22:38:19+00:00,api
openalex,Universidad del Mar,2024,2020-2024,publicaciones_openalex_erratum,1,trabajos,Trabajos de tipo «erratum»,"https://api.openalex.org/works?filter=institutions.id:I4210100353,publication_year:2020-2024",2026-09-25T22:38:19+00:00,api
openalex,Universidad del Mar,2024,2020-2024,publicaciones_openalex_other,1,trabajos,Trabajos de tipo «other»,"https://api.openalex.org/works?filter=institutions.id:I4210100353,publication_year:2020-2024",2026-09-25T22:38:19+00:00,api
openalex,Universidad del Mar,2024,2020-2024,publicaciones_openalex_paratext,1,trabajos,Trabajos de tipo «paratext»,"https://api.openalex.org/works?filter=institutions.id:I4210100353,publication_year:2020-2024",2026-09-25T22:38:19+00:00,api
openalex,Universidad del Mar,2024,2020-2024,publicaciones_openalex_preprint,12,trabajos,Trabajos de tipo «preprint»,"https://api.openalex.org/works?filter=institutions.id:I4210100353,publication_year:2020-2024",2026-09-25T22:38:19+00:00,api
openalex,Universidad del Mar,2024,2020-2024,publicaciones_openalex_retraction,1,trabajos,Trabajos de tipo «retraction»,"https://api.openalex.org/works?filter=institutions.id:I4210100353,publication_year:2020-2024",2026-09-25T22:38:19+00:00,api
openalex,Universidad del Mar,2024,2020-2024,citas_openalex,1427,citas,Citas recibidas por los trabajos de la ventana (histograma sobre 308 de 308),"https://api.openalex.org/works?filter=institutions.id:I4210100353,publication_year:2020-2024",2026-09-25T22:38:19+00:00,api
openalex,Universidad del Mar,2024,2020-2024,citas_por_documento_openalex,4.633,citas por documento,"Citas por trabajo, sobre los trabajos del histograma","https://api.openalex.org/works?filter=institutions.id:I4210100353,publication_year:2020-2024",2026-09-25T22:38:19+00:00,api
openalex,Universidad del Mar,2024,2020-2024,pct_colaboracion_internacional,74.68,%,Trabajos con coautor de una institución de otro país,"https://api.openalex.org/works?filter=institutions.id:I4210100353,publication_year:2020-2024",2026-09-25T22:38:19+00:00,api
openalex,Universidad del Mar,2024,2020-2024,socios_recurrentes,45,instituciones,Instituciones con 3 o más trabajos conjuntos,https://api.openalex.org/works,2026-09-25T22:38:19+00:00,api
openalex,Universidad del Mar,2024,2020-2024,socios_recurrentes_paises,45,países,Países distintos entre los socios recurrentes,https://api.openalex.org/works,2026-09-25T22:38:19+00:00,api
openalex,Universidad del Pacifico,2022,2018-2022,publicaciones_openalex,16,trabajos,Trabajos con al menos un autor de la institución,"https://api.openalex.org/works?filter=institutions.id:I4210089208,publication_year:2018-2022",2026-09-25T22:38:19+00:00,api
openalex,Universidad del Pacifico,2022,2018-2022,publicaciones_openalex_article,11,trabajos,Trabajos de tipo «article»,"https://api.openalex.org/works?filter=institutions.id:I4210089208,publication_year:2018-2022",2026-09-25T22:38:19+00:00,api
openalex,Universidad del Pacifico,2022,2018-2022,publicaciones_openalex_book,2,trabajos,Trabajos de tipo «book»,"https://api.openalex.org/works?filter=institutions.id:I4210089208,publication_year:2018-2022",2026-09-25T22:38:19+00:00,api
openalex,Universidad del Pacifico,2022,2018-2022,publicaciones_openalex_book-chapter,2,trabajos,Trabajos de tipo «book-chapter»,"https://api.openalex.org/works?filter=institutions.id:I4210089208,publication_year:2018-2022",2026-09-25T22:38:19+00:00,api
openalex,Universidad del Pacifico,2022,2018-2022,publicaciones_openalex_conference-paper,1,trabajos,Trabajos de tipo «conference-paper»,"https://api.openalex.org/works?filter=institutions.id:I4210089208,publication_year:2018-2022",2026-09-25T22:38:19+00:00,api
openalex,Universidad del Pacifico,2022,2018-2022,citas_openalex,201,citas,Citas recibidas por los trabajos de la ventana (histograma sobre 16 de 16),"https://api.openalex.org/works?filter=institutions.id:I4210089208,publication_year:2018-2022",2026-09-25T22:38:19+00:00,api
openalex,Universidad del Pacifico,2022,2018-2022,citas_por_documento_openalex,12.562,citas por documento,"Citas por trabajo, sobre los trabajos del histograma","https://api.openalex.org/works?filter=institutions.id:I4210089208,publication_year:2018-2022",2026-09-25T22:38:19+00:00,api
openalex,Universidad del Pacifico,2022,2018-2022,pct_colaboracion_internacional,68.75,%,Trabajos con coautor de una institución de otro país,"https://api.openalex.org/works?filter=institutions.id:I4210089208,publication_year:2018-2022",2026-09-25T22:38:19+00:00,api
openalex,Universidad del Pacifico,2023,2019-2023,publicaciones_openalex,13,trabajos,Trabajos con al menos un autor de la institución,"https://api.openalex.org/works?filter=institutions.id:I4210089208,publication_year:2019-2023",2026-09-25T22:38:19+00:00,api
openalex,Universidad del Pacifico,2023,2019-2023,publicaciones_openalex_article,8,trabajos,Trabajos de tipo «article»,"https://api.openalex.org/works?filter=institutions.id:I4210089208,publication_year:2019-2023",2026-09-25T22:38:19+00:00,api
openalex,Universidad del Pacifico,2023,2019-2023,publicaciones_openalex_book,2,trabajos,Trabajos de tipo «book»,"https://api.openalex.org/works?filter=institutions.id:I4210089208,publication_year:2019-2023",2026-09-25T22:38:19+00:00,api
openalex,Universidad del Pacifico,2023,2019-2023,publicaciones_openalex_book-chapter,2,trabajos,Trabajos de tipo «book-chapter»,"https://api.openalex.org/works?filter=institutions.id:I4210089208,publication_year:2019-2023",2026-09-25T22:38:19+00:00,api
openalex,Universidad del Pacifico,2023,2019-2023,publicaciones_openalex_conference-paper,1,trabajos,Trabajos de tipo «conference-paper»,"https://api.openalex.org/works?filter=institutions.id:I4210089208,publication_year:2019-2023",2026-09-25T22:38:19+00:00,api
openalex,Universidad del Pacifico,2023,2019-2023,citas_openalex,95,citas,Citas recibidas por los trabajos de la ventana (histograma sobre 13 de 13),"https://api.openalex.org/works?filter=institutions.id:I4210089208,publication_year:2019-2023",2026-09-25T22:38:19+00:00,api
openalex,Universidad del Pacifico,2023,2019-2023,citas_por_documento_openalex,7.308,citas por documento,"Citas por trabajo, sobre los trabajos del histograma","https://api.openalex.org/works?filter=institutions.id:I4210089208,publication_year:2019-2023",2026-09-25T22:38:19+00:00,api
openalex,Universidad del Pacifico,2023,2019-2023,pct_colaboracion_internacional,61.54,%,Trabajos con coautor de una institución de otro país,"https://api.openalex.org/works?filter=institutions.id:I4210089208,publication_year:2019-2023",2026-09-25T22:38:19+00:00,api
openalex,Universidad del Pacifico,2024,2020-2024,publicaciones_openalex,10,trabajos,Trabajos con al menos un autor de la institución,"https://api.openalex.org/works?filter=institutions.id:I4210089208,publication_year:2020-2024",2026-09-25T22:38:19+00:00,api
openalex,Universidad del Pacifico,2024,2020-2024,publicaciones_openalex_article,6,trabajos,Trabajos de tipo «article»,"https://api.openalex.org/works?filter=institutions.id:I4210089208,publication_year:2020-2024",2026-09-25T22:38:19+00:00,api
openalex,Universidad del Pacifico,2024,2020-2024,publicaciones_openalex_book,1,trabajos,Trabajos de tipo «book»,"https://api.openalex.org/works?filter=institutions.id:I4210089208,publication_year:2020-2024",2026-09-25T22:38:19+00:00,api
openalex,Universidad del Pacifico,2024,2020-2024,publicaciones_openalex_book-chapter,2,trabajos,Trabajos de tipo «book-chapter»,"https://api.openalex.org/works?filter=institutions.id:I4210089208,publication_year:2020-2024",2026-09-25T22:38:19+00:00,api
openalex,Universidad del Pacifico,2024,2020-2024,publicaciones_openalex_conference-paper,1,trabajos,Trabajos de tipo «conference-paper»,"https://api.openalex.org/works?filter=institutions.id:I4210089208,publication_year:2020-2024",2026-09-25T22:38:19+00:00,api
openalex,Universidad del Pacifico,2024,2020-2024,citas_openalex,77,citas,Citas recibidas por los trabajos de la ventana (histograma sobre 10 de 10),"https://api.openalex.org/works?filter=institutions.id:I4210089208,publication_year:2020-2024",2026-09-25T22:38:19+00:00,api
openalex,Universidad del Pacifico,2024,2020-2024,citas_por_documento_openalex,7.7,citas por documento,"Citas por trabajo, sobre los trabajos del histograma","https://api.openalex.org/works?filter=institutions.id:I4210089208,publication_year:2020-2024",2026-09-25T22:38:19+00:00,api
openalex,Universidad del Pacifico,2024,2020-2024,pct_colaboracion_internacional,60.0,%,Trabajos con coautor de una institución de otro país,"https://api.openalex.org/works?filter=institutions.id:I4210089208,publication_year:2020-2024",2026-09-25T22:38:19+00:00,api
