universidad,anio,academicos_doctorado,academicos_extranjeros,academicos_jce,academicos_jce_doctorado,academicos_jce_extranjeros,academicos_total,estudiantes_doctorado,estudiantes_fte,estudiantes_magister,estudiantes_posgrado,estudiantes_pregrado,estudiantes_primer_anio,estudiantes_total,graduados_doctorado,graduados_magister,montos_anid_adjudicados,montos_anid_con_industria,pct_estudiantes_extranjeros,proyectos_anid_adjudicados,qs_puntaje_academicos_con_doctorado_latam,qs_puntaje_academicos_internacionales_global,qs_puntaje_articulos_por_academico_latam,qs_puntaje_citas_por_academico_global,qs_puntaje_citas_por_articulo_latam,qs_puntaje_diversidad_internacional_global,qs_puntaje_empleabilidad_global,qs_puntaje_estudiantes_internacionales_global,qs_puntaje_estudiantes_internacionales_latam,qs_puntaje_global_global,qs_puntaje_global_latam,qs_puntaje_impacto_web_latam,qs_puntaje_ratio_academicos_global,qs_puntaje_ratio_academicos_latam,qs_puntaje_red_internacional_global,qs_puntaje_red_internacional_latam,qs_puntaje_reputacion_academica_global,qs_puntaje_reputacion_academica_latam,qs_puntaje_reputacion_empleadores_global,qs_puntaje_reputacion_empleadores_latam,qs_puntaje_sostenibilidad_global,ratio_estudiantes_academico,the_posicion_latam,the_posicion_wur,the_puntaje_global_latam,the_puntaje_global_wur,the_puntaje_industry_latam,the_puntaje_industry_wur,the_puntaje_international_outlook_latam,the_puntaje_international_outlook_wur,the_puntaje_research_environment_latam,the_puntaje_research_environment_wur,the_puntaje_research_quality_latam,the_puntaje_research_quality_wur,the_puntaje_teaching_latam,the_puntaje_teaching_wur,titulados_especialidad_medica,titulados_pregrado,titulados_pregrado_total
Pontificia Universidad Catolica de Chile,2015,1135.0,224.0,2081.84,942.86,172.11,3209.0,1050,,3136,4186,25458,6727,30271,113.0,1012.0,29851795000,1923123000,,306,,,,,,,,,,,,,,,,,,,,,,,,,,,,,,,,,,,,,179.0,2653.0,2653.0
Pontificia Universidad Catolica de Chile,2016,1210.0,256.0,2197.05,1008.2,201.61,3373.0,1193,25075.0,3755,4948,26979,7079,32876,150.0,1226.0,34233610000,2123488000,7.0,320,,,,,,,,,,,,,,,,,,,,,,15.3,3,401-500,80.2,0.0,38.3,28.0,90.4,52.4,83.6,21.3,93.2,37.0,70.6,28.2,215.0,2818.0,2818.0
Pontificia Universidad Catolica de Chile,2017,1255.0,270.0,2237.0,1035.59,210.84,3483.0,1120,26188.0,3189,4309,26786,7134,31882,135.0,1284.0,29873510000,2023624000,7.0,289,,,,,,,,,,,,,,,,,,,,,,15.6,3,401-500,85.7,,44.7,35.7,89.5,53.2,94.0,23.0,95.0,41.8,74.7,27.5,212.0,3410.0,3410.0
Pontificia Universidad Catolica de Chile,2018,1280.0,265.0,2242.84,1059.68,211.84,3480.0,1169,27065.0,3160,4329,26579,14600,39154,140.0,1340.0,31039296000,2006325000,7.0,261,,,,,,,,,,,,,,,,,,,,,,15.4,3,501–600,85.7,,54.9,35.8,91.8,53.9,96.0,25.1,95.0,42.5,71.6,25.9,218.0,3118.0,3118.0
Pontificia Universidad Catolica de Chile,2019,1314.0,252.0,2257.05,1083.8,212.41,3510.0,1202,27485.0,3411,4613,27921,12745,38672,142.0,1123.0,29603054000,2080109000,7.0,266,,,,,,,,,,,,,,,,,,,,,,15.2,1,601–800,88.6,,98.9,39.0,92.3,56.9,99.8,24.0,89.7,44.0,76.0,25.5,269.0,2963.0,2963.0
Pontificia Universidad Catolica de Chile,2020,1330.0,270.0,2274.97,1102.41,227.94,3540.0,1257,28541.0,3300,4557,29212,10554,37745,147.0,946.0,24025133000,1662897000,7.0,229,,,,,,,,,,,,,,,,,,,,,,15.0,1,501–600,89.7,,100.0,64.5,91.6,57.1,99.9,28.3,90.1,48.6,78.6,24.2,237.0,2839.0,2839.0
Pontificia Universidad Catolica de Chile,2021,1338.0,267.0,2260.36,1121.47,221.59,3549.0,1359,29071.0,3634,4993,31180,15710,44887,177.0,1772.0,43968335000,3534283000,7.0,210,,,,,,,,,,,,,,,,,,,,,,15.1,1,501–600,90.3,,99.4,77.0,93.1,57.8,99.8,30.5,95.3,55.4,77.4,25.1,232.0,4548.0,4548.0
Pontificia Universidad Catolica de Chile,2022,1344.0,275.0,2262.56,1120.42,224.04,3558.0,1385,29756.0,3852,5237,30636,13987,42912,179.0,1782.0,40094113000,10489120000,7.0,237,,,,,,,,,,,,,,,,,,,,,,15.3,1,401–500,90.5,,100.0,73.0,87.2,58.2,99.9,30.3,97.5,66.4,77.9,24.8,308.0,4492.0,4492.0
Pontificia Universidad Catolica de Chile,2023,1368.0,284.0,2263.03,1132.02,227.0,3631.0,1405,31578.0,3769,5174,31859,13544,43251,144.0,1475.0,43049911000,12275301000,4.0,249,,,,,,,,,,,,,,,,,,,,,,16.0,1,401–500,90.3,,99.4,70.3,84.2,56.2,99.8,31.9,95.5,66.2,79.0,24.2,293.0,4119.0,4119.0
Pontificia Universidad Catolica de Chile,2024,1447.0,307.0,2319.4,1198.9,243.65,3795.0,1444,30448.0,4493,5937,32846,24086,54940,229.0,1878.0,39953278000,3030948000,3.0,259,91.9,16.4,96.9,11.6,87.0,,76.3,3.5,,59.9,99.1,83.7,20.6,49.4,56.8,99.9,92.9,100.0,99.5,100.0,91.3,15.0,4,401–500,82.5,,74.1,84.7,58.8,57.9,96.5,34.3,88.1,67.6,72.1,29.7,294.0,4655.0,4655.0
Pontificia Universidad Catolica de Chile,2025,1487.0,314.0,2366.11,1225.57,245.68,3942.0,1463,31720.0,4650,6113,33765,19876,55730,224.0,1967.0,74710233000,5579090000,5.0,258,,26.0,97.4,8.8,85.6,,99.9,3.7,93.7,61.5,99.7,,23.7,57.8,82.5,99.9,93.7,100.0,98.0,100.0,79.3,15.6,,501–600,,,,74.4,,58.5,,35.2,,61.6,,29.3,307.0,4764.0,4764.0
Pontificia Universidad Catolica de Chile,2026,,,,,,,1481,28373.0,4606,6087,34297,16045,48748,,,27068937000,2275785000,6.0,189,98.3,42.0,96.8,14.2,76.7,11.9,99.9,7.8,,66.1,100.0,95.7,35.1,65.2,81.2,99.8,98.0,100.0,98.6,100.0,80.0,13.8,3,401–500,50.0,,80.2,80.2,58.1,58.1,43.6,38.6,72.6,61.9,38.0,33.5,,,
Pontificia Universidad Catolica de Chile,2027,,,,,,,,,,,,,,,,,,,,,38.9,,13.0,,,99.8,7.1,,65.6,,,38.3,,79.7,,98.1,,96.6,,80.9,,,,,,,,,,,,,,,,,,
Pontificia Universidad Catolica de Valparaiso,2015,434.0,74.0,647.05,343.45,49.12,1415.0,314,,803,1117,13855,3956,15202,49.0,334.0,6461638000,449968000,,83,,,,,,,,,,,,,,,,,,,,,,,,,,,,,,,,,,,,,,1936.0,2000.0
Pontificia Universidad Catolica de Valparaiso,2016,458.0,73.0,629.42,363.27,47.69,1432.0,343,13493.0,928,1271,14223,3934,15552,42.0,447.0,9455386000,290377000,0.0,79,,,,,,,,,,,,,,,,,,,,,,10.4,26–30,601-800,,0.0,63.0,44.3,64.3,35.7,50.7,8.0,50.2,10.4,21.4,18.4,,1657.0,1744.0
Pontificia Universidad Catolica de Valparaiso,2017,472.0,72.0,638.66,379.45,51.45,1375.0,315,15241.0,904,1219,14729,4036,15960,57.0,376.0,6110004000,363321000,1.0,83,,,,,,,,,,,,,,,,,,,,,,25.0,=20,801+,59.1,,74.1,51.7,64.5,45.2,61.2,10.7,60.1,13.5,54.3,14.0,,1991.0,2057.0
Pontificia Universidad Catolica de Valparaiso,2018,503.0,75.0,659.87,417.15,56.12,1411.0,329,14953.0,932,1261,15411,3977,16672,50.0,464.0,7089345000,212640000,1.0,78,,,,,,,,,,,,,,,,,,,,,,23.1,27,801–1000,63.5,,80.7,49.0,66.4,47.7,67.8,12.9,56.8,13.2,61.5,17.4,,1573.0,1639.0
Pontificia Universidad Catolica de Valparaiso,2019,517.0,78.0,665.07,420.4,56.04,1415.0,348,15165.0,883,1231,16214,4096,17450,58.0,378.0,7796699000,568444000,1.0,89,,,,,,,,,,,,,,,,,,,,,,23.1,23,1001+,67.6,,84.8,46.9,66.4,48.7,81.1,14.3,50.3,13.8,63.5,15.3,,1577.0,1630.0
Pontificia Universidad Catolica de Valparaiso,2020,525.0,87.0,667.95,429.67,63.27,1450.0,337,15935.0,833,1170,16631,3729,17801,41.0,500.0,5042522000,200000000,1.0,54,,,,,,,,,,,,,,,,,,,,,,24.4,23,1001+,67.0,,78.6,50.0,65.7,48.6,81.9,15.9,48.6,16.0,62.5,17.3,,1925.0,2015.0
Pontificia Universidad Catolica de Valparaiso,2021,544.0,90.0,665.51,435.11,64.15,1469.0,395,16511.0,1020,1415,16936,3565,18363,43.0,417.0,6406962000,599879000,1.0,56,,,,,,,,,,,,,,,,,,,,,,24.1,24,1001+,65.8,,63.6,47.4,69.0,48.9,85.9,16.0,55.1,17.2,52.3,16.8,,1686.0,1768.0
Pontificia Universidad Catolica de Valparaiso,2022,554.0,84.0,675.93,445.21,61.21,1490.0,393,17411.0,979,1372,16942,3653,18319,46.0,453.0,10489358000,1234598000,1.0,79,,,,,,,,,,,,,,,,,,,,,,25.4,38,1001–1200,62.0,,86.0,43.9,71.8,49.3,67.0,25.2,63.5,20.4,52.8,17.4,,1966.0,2017.0
Pontificia Universidad Catolica de Valparaiso,2023,568.0,88.0,735.98,475.02,68.19,1487.0,427,17703.0,992,1419,16798,4085,18224,62.0,640.0,12129258000,1817681000,1.0,101,,,,,,,,,,,,,,,,,,,,,,26.6,43,1201–1500,59.0,,82.3,47.4,69.9,50.0,69.3,18.1,56.8,21.4,46.5,16.6,,2887.0,2999.0
Pontificia Universidad Catolica de Valparaiso,2024,597.0,104.0,692.78,445.37,63.8,1569.0,446,18104.0,969,1415,17243,4350,18662,91.0,699.0,12276075045,1733436045,1.0,85,69.0,10.4,96.1,6.6,24.5,,8.7,1.6,,,68.8,31.8,4.9,14.4,5.3,91.3,27.3,78.9,39.6,69.8,1.8,26.2,39,1201–1500,53.3,,42.9,38.1,52.0,51.1,63.5,17.1,62.4,32.8,39.7,15.8,,2471.0,2523.0
Pontificia Universidad Catolica de Valparaiso,2025,620.0,113.0,734.49,456.68,70.77,1737.0,509,18179.0,940,1449,18583,4967,20167,85.0,615.0,12327045000,864126000,1.0,84,,11.3,98.9,6.6,40.8,,8.7,1.6,47.9,,74.6,,4.7,14.8,39.9,87.0,27.0,88.4,24.4,76.1,1.6,24.2,,1501+,,,,43.0,,51.4,,17.2,,31.0,,15.4,,2523.0,2576.0
Pontificia Universidad Catolica de Valparaiso,2026,,,,,,,561,18070.0,1030,1591,19131,5312,21125,,,12013591000,2047286000,2.0,75,60.7,15.1,99.1,13.2,45.4,2.2,12.2,2.6,,,76.4,50.3,6.8,14.8,43.3,92.7,36.4,89.0,29.0,81.4,36.9,23.2,=24,1501+,29.6,,33.8,33.8,51.3,51.3,21.7,17.6,48.1,33.0,21.4,17.4,,,
Pontificia Universidad Catolica de Valparaiso,2027,,,,,,,,,,,,,,,,,,,,,14.1,,10.5,,,12.3,2.7,,,,,6.8,,47.4,,36.9,,21.3,,40.8,,,,,,,,,,,,,,,,,,
Universidad Academia de Humanismo Cristiano,2015,56.0,15.0,138.25,26.91,6.98,416.0,19,,129,148,3479,1142,3743,2.0,59.0,454639000,,,5,,,,,,,,,,,,,,,,,,,,,,,,,,,,,,,,,,,,,,567.0,575.0
Universidad Academia de Humanismo Cristiano,2016,51.0,12.0,117.64,20.98,5.43,391.0,22,,135,157,3542,1036,3831,3.0,28.0,430319000,,,5,,,,,,,,,,,,,,,,,,,,,,,,,,,,,,,,,,,,,,599.0,613.0
Universidad Academia de Humanismo Cristiano,2017,45.0,10.0,133.52,21.05,3.8,344.0,40,,137,177,3274,1023,3598,6.0,69.0,515560000,,,7,,,,,,,,,,,,,,,,,,,,,,,,,,,,,,,,,,,,,,550.0,558.0
Universidad Academia de Humanismo Cristiano,2018,65.0,7.0,119.89,35.07,5.59,313.0,29,,148,177,3394,1079,3671,5.0,51.0,309417000,,,3,,,,,,,,,,,,,,,,,,,,,,,,,,,,,,,,,,,,,,684.0,696.0
Universidad Academia de Humanismo Cristiano,2019,96.0,7.0,176.42,55.12,1.73,458.0,10,,138,148,3713,1208,3879,7.0,70.0,440917000,,,6,,,,,,,,,,,,,,,,,,,,,,,,,,,,,,,,,,,,,,619.0,622.0
Universidad Academia de Humanismo Cristiano,2020,98.0,12.0,175.2,53.32,5.45,444.0,19,,51,70,3487,1074,3557,2.0,67.0,611885000,,,8,,,,,,,,,,,,,,,,,,,,,,,,,,,,,,,,,,,,,,553.0,557.0
Universidad Academia de Humanismo Cristiano,2021,86.0,17.0,139.49,41.58,10.11,449.0,25,,27,52,3817,1225,3960,4.0,90.0,214873000,,,3,,,,,,,,,,,,,,,,,,,,,,,,,,,,,,,,,,,,,,816.0,819.0
Universidad Academia de Humanismo Cristiano,2022,90.0,21.0,177.08,43.92,8.86,516.0,14,,57,71,3818,1176,3946,4.0,38.0,334949000,,,5,,,,,,,,,,,,,,,,,,,,,,,,,,,,,,,,,,,,,,684.0,684.0
Universidad Academia de Humanismo Cristiano,2023,95.0,16.0,146.2,27.98,4.82,513.0,15,,44,59,4154,1415,4248,3.0,35.0,258654000,,,4,,,,,,,,,,,,,,,,,,,,,,,,,,,,,,,,,,,,,,865.0,867.0
Universidad Academia de Humanismo Cristiano,2024,96.0,18.0,191.8,42.55,7.55,560.0,11,,52,63,4182,1197,4288,7.0,27.0,333433000,,,4,,,,,,,,,,,,,,,,,,,,,,,,,,,,,,,,,,,,,,867.0,867.0
Universidad Academia de Humanismo Cristiano,2025,97.0,23.0,207.67,39.6,8.45,597.0,10,,40,50,4130,1146,4207,4.0,28.0,726660000,,,5,,,,,,,,,,,,,,,,,,,,,,,,,,,,,,,,,,,,,,903.0,903.0
Universidad Academia de Humanismo Cristiano,2026,,,,,,,5,,43,48,4146,1175,4216,,,149571000,,,2,,,,,,,,,,,,,,,,,,,,,,,,,,,,,,,,,,,,,,,
Universidad Adolfo Ibanez,2015,289.0,88.0,423.3,191.91,53.73,964.0,58,,2260,2318,8373,3534,11086,3.0,1397.0,2549931000,151432000,,25,,,,,,,,,,,,,,,,,,,,,,,,,,,,,,,,,,,,,,1259.0,1259.0
Universidad Adolfo Ibanez,2016,307.0,89.0,324.89,197.32,50.36,980.0,73,,2654,2727,8769,3922,12116,3.0,1597.0,1861027000,371360000,,24,,,,,,,,,,,,,,,,,,,,,,,,,,,,,,,,,,,,,,1351.0,1351.0
Universidad Adolfo Ibanez,2017,296.0,86.0,453.52,230.18,59.45,882.0,77,,2529,2606,8651,3979,12079,6.0,1451.0,2742425000,,,40,,,,,,,,,,,,,,,,,,,,,,,31–35,,,,34.8,,89.2,,41.0,,69.4,,45.0,,,1413.0,1413.0
Universidad Adolfo Ibanez,2018,323.0,90.0,497.52,252.23,67.95,911.0,82,,1044,1126,9782,3110,11639,7.0,1300.0,2301678000,2000000,,33,,,,,,,,,,,,,,,,,,,,,,,51–60,,,,38.2,,88.6,,34.9,,83.5,,36.9,,,1211.0,1211.0
Universidad Adolfo Ibanez,2019,340.0,78.0,510.52,273.82,65.16,893.0,75,,1310,1385,9960,3253,12184,10.0,1430.0,3487016000,423590000,,40,,,,,,,,,,,,,,,,,,,,,,,51–60,,,,38.9,,88.8,,44.1,,82.9,,36.7,,,1487.0,1487.0
Universidad Adolfo Ibanez,2020,360.0,89.0,488.32,299.59,71.14,800.0,65,,1692,1757,9890,2930,12229,11.0,1636.0,3207989000,384700000,,44,,,,,,,,,,,,,,,,,,,,,,,60,,47.6,,42.3,,87.5,,41.1,,65.7,,35.9,,,1433.0,1433.0
Universidad Adolfo Ibanez,2021,394.0,112.0,546.07,315.89,78.95,955.0,83,10385.0,1806,1889,9961,3414,12813,13.0,2010.0,3741317000,399306000,5.0,32,,,,,,,,,,,,,,,,,,,,,,28.8,65,1001+,46.8,,42.3,35.4,89.3,58.6,44.0,14.6,63.7,26.5,31.6,14.8,,1589.0,1589.0
Universidad Adolfo Ibanez,2022,383.0,92.0,564.75,317.86,73.57,967.0,53,10375.0,1875,1928,9941,3341,12517,6.0,2019.0,5362023000,440000000,5.0,48,,,,,,,,,,,,,,,,,,,,,,25.4,59,1201+,51.7,,41.2,36.6,89.3,59.6,59.1,15.1,59.2,25.1,33.4,15.5,,1766.0,1766.0
Universidad Adolfo Ibanez,2023,415.0,105.0,583.43,332.07,78.43,1075.0,61,10573.0,1819,1880,10583,3258,13095,9.0,2072.0,7321433000,542410000,5.0,64,,,,,,,,,,,,,,,,,,,,,,25.7,55,1201–1500,53.3,,40.5,38.1,90.0,60.4,56.1,17.2,69.3,20.0,34.9,15.6,,1570.0,1570.0
Universidad Adolfo Ibanez,2024,433.0,105.0,598.09,342.11,74.73,1086.0,67,10606.0,1762,1829,10413,3432,12933,11.0,2032.0,6318642000,453700000,5.0,50,85.0,37.7,80.3,4.4,21.2,,13.7,4.2,,20.8,66.9,29.3,4.2,15.2,1.2,60.8,19.1,63.5,73.5,97.2,1.1,25.0,51,1201–1500,48.4,,21.7,17.1,63.7,64.1,52.3,17.4,70.8,39.2,31.6,14.8,,1944.0,1944.0
Universidad Adolfo Ibanez,2025,427.0,89.0,569.7,344.84,67.66,978.0,106,10681.0,2026,2132,10636,3885,14038,13.0,2582.0,7620248000,1884063000,5.0,54,,36.9,94.0,4.6,32.7,,53.3,3.9,41.3,21.4,75.5,,4.7,17.4,31.5,78.0,20.6,77.2,57.0,98.7,2.0,21.5,,1201–1500,,,,21.8,,63.2,,17.0,,41.8,,15.3,,1963.0,1963.0
Universidad Adolfo Ibanez,2026,,,,,,,59,10615.0,1985,2044,10948,3919,14482,,,4991190000,227700000,5.0,43,81.3,46.4,96.4,9.1,28.4,11.7,60.7,8.0,,29.0,77.1,43.6,7.6,19.5,34.4,86.8,28.7,80.0,63.3,99.0,40.0,20.9,23,1201–1500,30.8,,22.7,22.7,62.5,62.5,22.0,17.4,55.1,44.3,19.5,15.6,,,
Universidad Adolfo Ibanez,2027,,,,,,,,,,,,,,,,,,,,,43.3,,7.4,,,68.6,7.2,,26.8,,,6.6,,38.3,,25.0,,51.6,,56.5,,,,,,,,,,,,,,,,,,
Universidad Adventista de Chile,2015,13.0,14.0,115.64,11.86,10.93,193.0,,,132,132,1823,437,2008,,62.0,,,,,,,,,,,,,,,,,,,,,,,,,,,,,,,,,,,,,,,,,,217.0,259.0
Universidad Adventista de Chile,2016,14.0,13.0,129.39,10.3,9.52,199.0,,,86,86,1868,526,2015,,21.0,,,,,,,,,,,,,,,,,,,,,,,,,,,,,,,,,,,,,,,,,,220.0,247.0
Universidad Adventista de Chile,2017,21.0,18.0,156.95,14.25,13.8,234.0,,,166,166,2002,553,2189,,60.0,,,,,,,,,,,,,,,,,,,,,,,,,,,,,,,,,,,,,,,,,,228.0,272.0
Universidad Adventista de Chile,2018,28.0,17.0,164.07,17.09,14.98,239.0,,,125,125,2123,549,2248,,40.0,95520000,,,1,,,,,,,,,,,,,,,,,,,,,,,,,,,,,,,,,,,,,,330.0,370.0
Universidad Adventista de Chile,2019,29.0,16.0,194.52,18.57,12.18,283.0,,,94,94,2131,544,2225,,8.0,,,,,,,,,,,,,,,,,,,,,,,,,,,,,,,,,,,,,,,,,,301.0,330.0
Universidad Adventista de Chile,2020,29.0,19.0,163.77,15.02,12.14,282.0,,,76,76,2274,628,2350,,19.0,,,,,,,,,,,,,,,,,,,,,,,,,,,,,,,,,,,,,,,,,,226.0,228.0
Universidad Adventista de Chile,2021,47.0,19.0,179.28,17.58,11.04,287.0,,,74,74,2460,539,2534,,39.0,,,,,,,,,,,,,,,,,,,,,,,,,,,,,,,,,,,,,,,,,,392.0,424.0
Universidad Adventista de Chile,2022,57.0,21.0,183.18,23.07,12.59,292.0,,,82,82,2544,645,2669,,21.0,,,,,,,,,,,,,,,,,,,,,,,,,,,,,,,,,,,,,,,,,,338.0,375.0
Universidad Adventista de Chile,2023,45.0,19.0,186.0,23.77,8.05,348.0,,,87,87,2665,709,2770,,24.0,,,,,,,,,,,,,,,,,,,,,,,,,,,,,,,,,,,,,,,,,,395.0,459.0
Universidad Adventista de Chile,2024,47.0,17.0,207.0,24.16,9.34,358.0,,,143,143,2688,751,2843,,52.0,287690112,227700000,,2,,,,,,,,,,,,,,,,,,,,,,,,,,,,,,,,,,,,,,407.0,433.0
Universidad Adventista de Chile,2025,47.0,19.0,217.96,29.43,12.0,379.0,,,115,115,2718,715,2876,,114.0,237263000,237263000,,1,,,,,,,,,,,,,,,,,,,,,,,,,,,,,,,,,,,,,,370.0,408.0
Universidad Adventista de Chile,2026,,,,,,,,,72,72,2709,727,2912,,,86664000,,,1,,,,,,,,,,,,,,,,,,,,,,,,,,,,,,,,,,,,,,,
Universidad Alberto Hurtado,2015,217.0,54.0,197.8,97.56,22.23,852.0,41,,927,968,5726,2571,7133,5.0,185.0,1230741000,,,20,,,,,,,,,,,,,,,,,,,,,,,,,,,,,,,,,,,,,,684.0,684.0
Universidad Alberto Hurtado,2016,204.0,64.0,225.43,101.96,24.09,865.0,53,,1047,1100,6356,2775,7881,8.0,189.0,1049147000,,,16,,,,,,,,,,,,,,,,,,,,,,,,,,,,,,,,,,,,,,742.0,742.0
Universidad Alberto Hurtado,2017,195.0,56.0,229.68,111.03,27.47,824.0,50,,828,878,6594,2442,7840,5.0,263.0,1945578000,199649000,,28,,,,,,,,,,,,,,,,,,,,,,,,,,,,,,,,,,,,,,805.0,805.0
Universidad Alberto Hurtado,2018,247.0,51.0,252.18,138.05,25.51,845.0,50,,606,656,6897,2460,8010,9.0,220.0,2583153000,149992000,,25,,,,,,,,,,,,,,,,,,,,,,,,,,,,,,,,,,,,,,746.0,746.0
Universidad Alberto Hurtado,2019,268.0,50.0,239.5,139.5,20.8,866.0,58,,581,639,7117,2449,8243,5.0,132.0,1668763000,,,21,,,,,,,,,,,,,,,,,,,,,,,,,,,,,,,,,,,,,,765.0,765.0
Universidad Alberto Hurtado,2020,299.0,60.0,284.24,159.12,26.55,949.0,51,,561,612,7043,1889,7735,3.0,19.0,2458031000,400000000,,31,,,,,,,,,,,,,,,,,,,,,,,,,,,,,,,,,,,,,,111.0,111.0
Universidad Alberto Hurtado,2021,302.0,49.0,283.61,162.11,20.19,945.0,65,,777,842,7060,2435,8625,11.0,385.0,1468898000,199000000,,17,,,,,,,,,,,,,,,,,,,,,,,,,,,,,,,,,,,,,,1180.0,1180.0
Universidad Alberto Hurtado,2022,311.0,57.0,294.7,164.14,22.9,975.0,59,,988,1047,7095,2162,8586,10.0,258.0,2692185000,,,33,,,,,,,,,,,,,,,,,,,,,,,,,,,,,,,,,,,,,,1131.0,1131.0
Universidad Alberto Hurtado,2023,320.0,56.0,300.53,167.58,25.77,1025.0,78,,1037,1115,7276,2378,8772,28.0,453.0,2870927000,,,23,,,,,,,,,,,,,,,,,,,,,,,,,,,,,,,,,,,,,,1354.0,1354.0
Universidad Alberto Hurtado,2024,305.0,65.0,326.5,174.91,26.25,1050.0,103,,691,794,7525,2253,8638,11.0,323.0,1986841000,,,23,34.0,14.2,69.0,2.9,1.8,,7.8,1.8,,,,15.2,3.1,12.7,1.0,17.5,8.9,35.8,5.4,24.7,1.0,,85,,38.9,,15.7,,36.6,,50.6,,40.4,,29.9,,,1127.0,1127.0
Universidad Alberto Hurtado,2025,303.0,65.0,301.8,158.09,27.92,981.0,109,7095.0,740,849,7864,2496,8960,20.0,319.0,6508651000,36000000,2.0,41,,12.7,88.2,2.8,5.9,,2.2,1.7,25.4,,36.9,,3.1,10.4,8.2,25.6,8.6,45.4,4.2,32.0,1.0,20.7,,1501+,,,,15.7,,37.3,,14.7,,22.2,,13.8,,1002.0,1002.0
Universidad Alberto Hurtado,2026,,,,,,,105,7276.0,936,1041,8432,2765,9870,,,3398453000,455400000,2.0,26,59.3,,91.8,,7.9,,,,,,38.1,27.4,,9.6,,20.3,,44.6,,36.5,,22.0,=70,1501+,24.4,,16.0,16.0,37.7,37.7,21.8,16.6,38.4,24.1,17.0,15.8,,,
Universidad Andres Bello,2015,464.0,158.0,1721.23,309.73,90.7,4296.0,237,,2934,3171,43808,11997,47414,36.0,1251.0,5879852000,152000000,,63,,,,,,,,,,,,,,,,,,,,,,,,,,,,,,,,,,,,,91.0,6162.0,6162.0
Universidad Andres Bello,2016,537.0,178.0,1891.09,343.95,102.59,4661.0,234,,2977,3211,43403,12777,46804,26.0,1183.0,5594454000,149994000,,55,,,,,,,,,,,,,,,,,,,,,,,,,,,,,,,,,,,,,119.0,5689.0,5689.0
Universidad Andres Bello,2017,593.0,183.0,2038.07,414.32,118.68,4484.0,204,,3621,3825,43315,11874,47452,34.0,1209.0,6102981000,26000000,,57,,,,,,,,,,,,,,,,,,,,,,,46–50,,,,35.1,,56.7,,32.7,,78.8,,31.0,,112.0,6333.0,6333.0
Universidad Andres Bello,2018,583.0,189.0,2154.91,410.34,118.84,4501.0,211,44906.0,4133,4344,43455,13206,48481,36.0,1800.0,7614949000,413575000,1.0,68,,,,,,,,,,,,,,,,,,,,,,26.1,71–80,801–1000,,,36.0,31.9,66.6,45.0,27.3,6.7,82.3,26.0,28.6,14.3,183.0,7582.0,7582.0
Universidad Andres Bello,2019,630.0,196.0,2323.05,446.27,118.77,4594.0,179,44436.0,4655,4834,45041,13187,50015,37.0,1824.0,4683919000,358887000,1.0,34,,,,,,,,,,,,,,,,,,,,,,23.5,81–90,1001+,,,37.1,34.2,63.1,48.5,38.1,7.4,74.9,27.8,21.6,11.8,134.0,6808.0,6808.0
Universidad Andres Bello,2020,669.0,203.0,2214.93,470.68,125.23,4592.0,208,44327.0,4453,4661,44461,12612,49360,33.0,2260.0,7198588000,185430000,1.0,64,,,,,,,,,,,,,,,,,,,,,,21.8,93,1001+,38.1,,35.8,34.6,63.3,47.3,32.4,8.0,68.7,29.8,21.4,13.3,41.0,5100.0,5100.0
Universidad Andres Bello,2021,749.0,226.0,2373.35,520.36,125.87,4851.0,230,41098.0,6831,7061,49103,15051,56840,34.0,2919.0,6058374000,399098000,2.0,43,,,,,,,,,,,,,,,,,,,,,,19.1,101–125,1001+,,,37.6,33.5,66.2,47.7,18.3,8.4,70.7,30.3,25.0,14.2,128.0,7846.0,7846.0
Universidad Andres Bello,2022,808.0,245.0,2508.67,561.11,136.36,5019.0,233,42408.0,6333,6566,50243,11976,57645,26.0,3712.0,1166601000,60000000,2.0,6,,,,,,,,,,,,,,,,,,,,,,18.3,79,1201+,45.0,,39.4,35.0,74.4,48.1,33.2,8.9,76.3,33.1,33.1,14.9,177.0,9142.0,9142.0
Universidad Andres Bello,2023,868.0,257.0,2649.68,601.64,142.66,5112.0,273,46325.0,5750,6023,52395,13549,59075,36.0,4525.0,,,4.0,,,,,,,,,,,,,,,,,,,,,,,19.5,68,1201–1500,47.3,,44.6,37.8,65.7,50.4,38.1,9.4,73.6,29.8,37.7,14.3,147.0,8487.0,8487.0
Universidad Andres Bello,2024,914.0,291.0,2798.11,645.32,163.55,5396.0,301,46249.0,5776,6077,55131,16150,64227,40.0,4000.0,,,2.0,,20.1,7.0,27.4,2.5,65.9,,8.5,1.5,,,48.7,28.6,6.2,19.9,7.5,94.0,11.0,43.6,11.0,47.8,9.6,18.4,=73,1501+,41.7,,24.6,20.7,51.8,50.6,36.8,10.4,56.9,33.5,37.5,15.1,125.0,8801.0,8801.0
Universidad Andres Bello,2025,965.0,299.0,2915.8,669.7,167.16,5512.0,333,47619.0,6288,6621,59286,20849,72385,43.0,3733.0,0,,3.0,1,,7.1,38.0,2.3,67.4,,2.1,1.9,44.6,,56.2,,6.9,23.4,51.2,94.2,12.3,58.7,7.4,54.1,4.0,18.0,,1501+,,,,24.6,,51.4,,10.7,,34.7,,15.3,141.0,8969.0,8969.0
Universidad Andres Bello,2026,,,,,,,362,49719.0,6994,7356,64312,22945,79553,,,,,3.0,,14.4,9.6,36.1,3.9,63.4,8.2,2.5,3.8,,,58.9,46.4,11.1,25.6,60.9,98.2,19.5,63.2,16.4,62.0,56.9,17.8,=73,1501+,24.3,,22.4,22.4,52.5,52.5,12.5,10.8,43.9,37.6,18.6,15.7,,,
Universidad Andres Bello,2027,,,,,,,,,,,,,,,,,,,,,8.8,,3.6,,,3.2,3.5,,,,,11.3,,59.0,,22.2,,12.4,,56.7,,,,,,,,,,,,,,,,,,
Universidad Arturo Prat,2015,66.0,11.0,378.36,56.45,6.7,864.0,6,,667,673,13329,2966,14026,,70.0,483209000,137783000,,8,,,,,,,,,,,,,,,,,,,,,,,,,,,,,,,,,,,,,,865.0,2603.0
Universidad Arturo Prat,2016,72.0,12.0,443.14,64.34,8.55,916.0,,,725,725,13144,3000,13907,,115.0,428842000,149950000,,7,,,,,,,,,,,,,,,,,,,,,,,,,,,,,,,,,,,,,,711.0,2404.0
Universidad Arturo Prat,2017,81.0,13.0,459.57,72.3,8.25,911.0,,,649,649,12542,2878,13251,,333.0,747328000,,,7,,,,,,,,,,,,,,,,,,,,,,,,,,,,,,,,,,,,,,1044.0,2943.0
Universidad Arturo Prat,2018,87.0,11.0,490.57,81.2,6.39,917.0,,,646,646,13265,2898,13911,,357.0,1277693000,201600000,,12,,,,,,,,,,,,,,,,,,,,,,,,,,,,,,,,,,,,,,1198.0,3393.0
Universidad Arturo Prat,2019,93.0,13.0,496.2,86.48,7.0,925.0,,,1043,1043,12942,2984,14016,,255.0,808671000,173997000,,8,,,,,,,,,,,,,,,,,,,,,,,101+,,,,36.9,,63.1,,10.8,,23.7,,14.3,,,946.0,2907.0
Universidad Arturo Prat,2020,107.0,20.0,450.86,99.18,11.91,800.0,,,908,908,10987,2406,11895,,274.0,1291979000,199897000,,10,,,,,,,,,,,,,,,,,,,,,,,126+,,,,36.4,,60.7,,10.1,,23.5,,14.4,,,813.0,2534.0
Universidad Arturo Prat,2021,97.0,12.0,401.48,86.66,6.66,788.0,,,611,611,10921,1863,11532,5.0,513.0,1273837000,385050000,,9,,,,,,,,,,,,,,,,,,,,,,,151+,,,,37.4,,68.7,,15.3,,19.0,,14.9,,,1085.0,2859.0
Universidad Arturo Prat,2022,107.0,20.0,410.02,104.34,12.61,774.0,72,12963.0,52,124,10148,1715,10272,4.0,167.0,1633370000,,9.0,13,,,,,,,,,,,,,,,,,,,,,,22.1,151+,Reporter,,,37.7,,69.1,,19.6,,25.5,,17.0,,,934.0,2245.0
Universidad Arturo Prat,2023,94.0,18.0,398.73,89.07,12.41,748.0,3,,39,42,9952,2068,10021,34.0,102.0,1276697000,,,7,,,,,,,,,,,,,,,,,,,,,,,151+,,,,37.4,,70.3,,19.4,,39.2,,14.1,,,980.0,2318.0
Universidad Arturo Prat,2024,115.0,25.0,369.57,95.34,15.07,775.0,12,11532.0,22,34,9514,2144,9548,18.0,83.0,1485021440,143848440,7.0,16,19.3,,21.1,,6.6,,,,,,,8.7,,9.3,,55.8,,7.9,,14.0,,22.9,151+,Reporter,,,18.0,,48.4,,20.6,,20.9,,21.0,,,757.0,2049.0
Universidad Arturo Prat,2025,116.0,27.0,372.0,95.09,16.23,756.0,16,10275.0,24,40,9779,2340,9819,2.0,75.0,2684515000,,6.0,14,,,33.6,,28.9,,,,16.1,,,,,13.2,,61.6,,9.2,,13.8,,19.4,,Reporter,,,,,,,,,,,,,,743.0,1776.0
Universidad Arturo Prat,2026,,,,,,,27,9977.0,21,48,10019,2348,10067,,,2419171000,472844000,6.0,15,17.0,,34.5,,38.0,,,,,,,17.6,,16.6,,67.1,,7.9,,8.5,,22.2,101–125,Reporter,,,23.6,,47.0,,13.9,,16.9,,16.1,,,,
Universidad Austral de Chile,2015,378.0,75.0,934.91,354.14,63.11,1401.0,185,,411,596,13185,3470,13907,26.0,148.0,12796983000,4812013000,,85,,,,,,,,,,,,,,,,,,,,,,,,,,,,,,,,,,,,,19.0,1469.0,1500.0
Universidad Austral de Chile,2016,399.0,76.0,983.18,370.52,63.75,1478.0,181,13794.0,503,684,13699,3565,14581,30.0,171.0,8247750000,534660000,1.0,76,,,,,,,,,,,,,,,,,,,,,,17.8,17,601-800,52.8,0.0,51.1,41.1,70.9,45.2,52.2,9.7,62.4,14.2,44.3,16.7,22.0,1225.0,1277.0
Universidad Austral de Chile,2017,403.0,75.0,911.98,372.45,62.77,1386.0,202,14061.0,473,675,14483,3675,15341,31.0,161.0,7981188000,447260000,2.0,78,,,,,,,,,,,,,,,,,,,,,,17.1,23,601-800,58.3,,61.3,43.8,71.7,47.4,56.3,9.8,74.7,20.0,48.1,16.6,30.0,1419.0,1479.0
Universidad Austral de Chile,2018,432.0,73.0,918.23,410.68,65.02,1251.0,214,14423.0,397,611,15313,3675,16001,35.0,196.0,6656180000,224757000,2.0,65,,,,,,,,,,,,,,,,,,,,,,16.7,28,801–1000,63.2,,80.2,42.8,75.8,48.5,59.1,10.9,80.2,24.4,53.7,17.4,35.0,1353.0,1423.0
Universidad Austral de Chile,2019,450.0,72.0,890.34,439.02,66.5,1033.0,200,14873.0,389,589,15855,3902,16592,27.0,151.0,8859400000,401974000,2.0,81,,,,,,,,,,,,,,,,,,,,,,16.7,51–60,801–1000,,,77.5,46.7,73.9,50.0,35.9,11.4,68.9,23.0,43.3,14.4,45.0,1445.0,1514.0
Universidad Austral de Chile,2020,486.0,84.0,919.57,473.52,78.7,1061.0,177,15575.0,303,480,16931,3976,17535,24.0,144.0,7624938000,840533000,2.0,47,,,,,,,,,,,,,,,,,,,,,,17.7,49,1001+,54.9,,73.9,46.9,74.2,50.2,57.5,12.2,57.4,22.7,45.7,15.0,37.0,1134.0,1177.0
Universidad Austral de Chile,2021,528.0,91.0,963.48,515.5,86.0,1103.0,192,16392.0,346,538,17517,3763,18229,33.0,218.0,8627023000,599041000,2.0,56,,,,,,,,,,,,,,,,,,,,,,17.8,=36,1001+,58.8,,68.6,45.4,75.6,51.2,66.1,12.7,62.1,21.8,46.0,16.3,23.0,1510.0,1578.0
Universidad Austral de Chile,2022,555.0,97.0,982.66,542.07,92.5,1121.0,187,16886.0,370,557,17587,3483,18281,26.0,148.0,9818984000,197620000,2.0,76,,,,,,,,,,,,,,,,,,,,,,17.8,=28,1201+,64.7,,74.9,45.8,73.1,51.7,70.9,13.8,68.1,24.9,54.6,16.3,37.0,1794.0,1889.0
Universidad Austral de Chile,2023,558.0,98.0,973.68,546.68,95.0,1099.0,198,17434.0,433,631,17659,3784,18515,19.0,66.0,10983075000,598880000,1.0,80,,,,,,,,,,,,,,,,,,,,,,17.5,=45,1201–1500,58.5,,73.6,44.4,67.9,51.4,63.3,14.4,62.6,24.0,48.8,16.5,36.0,2260.0,2368.0
Universidad Austral de Chile,2024,499.0,84.0,868.93,487.77,81.5,1004.0,209,18594.0,436,645,17415,4057,18284,36.0,185.0,10041578780,670954780,1.0,65,88.8,16.0,95.4,6.6,27.1,,4.7,1.9,,,60.2,43.0,3.5,10.2,7.6,94.1,15.6,58.6,10.7,47.5,2.2,16.4,58,1201–1500,46.1,,32.5,30.9,53.7,51.4,53.2,14.7,56.2,30.2,33.5,17.3,43.0,2589.0,2679.0
Universidad Austral de Chile,2025,457.0,74.0,783.56,448.49,70.78,901.0,198,18994.0,558,756,17200,4141,18125,44.0,221.0,17544887000,734869000,1.0,63,,15.6,99.1,7.3,51.8,,3.5,1.6,57.5,,65.8,,3.1,8.9,45.4,91.1,13.9,64.3,8.0,54.3,5.6,18.5,,1501+,,,,32.6,,53.4,,15.3,,29.1,,15.6,37.0,2446.0,2529.0
Universidad Austral de Chile,2026,,,,,,,178,18781.0,610,788,17531,4179,18516,,,8082310000,910342000,1.0,47,85.0,20.5,99.3,14.3,49.8,6.8,4.8,2.5,,,67.2,59.4,4.1,9.1,45.8,93.9,19.3,65.5,15.4,59.5,44.0,19.1,41,1501+,26.8,,41.8,41.8,52.4,52.4,19.9,17.2,39.6,29.2,19.0,15.6,,,
Universidad Austral de Chile,2027,,,,,,,,,,,,,,,,,,,,,23.0,,16.3,,,5.5,2.7,,,,,2.3,,48.6,,18.3,,12.1,,45.7,,,,,,,,,,,,,,,,,,
Universidad Autonoma de Chile,2015,148.0,81.0,839.02,99.5,53.18,1771.0,2,,252,254,20229,4346,20563,,43.0,2232942000,149604000,,20,,,,,,,,,,,,,,,,,,,,,,,,,,,,,,,,,,,,,15.0,2759.0,2818.0
Universidad Autonoma de Chile,2016,170.0,77.0,857.93,113.57,53.3,1759.0,19,,219,238,21938,5426,22236,,37.0,1288155000,,,16,,,,,,,,,,,,,,,,,,,,,,,,,,,,,,,,,,,,,25.0,2873.0,2947.0
Universidad Autonoma de Chile,2017,202.0,89.0,893.14,126.31,51.66,1942.0,15,,323,338,22941,5671,23347,,81.0,2181491000,332289000,,29,,,,,,,,,,,,,,,,,,,,,,,61–70,,,,34.8,,65.4,,22.7,,39.7,,36.3,,22.0,2895.0,2935.0
Universidad Autonoma de Chile,2018,292.0,100.0,1056.31,193.24,60.24,2182.0,15,,447,462,23967,5618,24659,10.0,139.0,1965990000,,,22,,,,,,,,,,,,,,,,,,,,,,,81–90,,,,35.3,,58.7,,28.6,,56.2,,39.5,,32.0,2867.0,2934.0
Universidad Autonoma de Chile,2019,333.0,101.0,1142.93,246.17,70.26,2160.0,14,,408,422,25605,6494,26966,2.0,220.0,1934579000,,,28,,,,,,,,,,,,,,,,,,,,,,,71–80,,,,36.5,,66.0,,31.4,,98.5,,23.1,,37.0,2882.0,2943.0
Universidad Autonoma de Chile,2020,378.0,87.0,1200.36,273.76,38.9,2380.0,4,23312.0,379,383,26992,6022,27707,5.0,152.0,2360336000,,1.0,21,,,,,,,,,,,,,,,,,,,,,,26.2,61,501–600,47.5,,35.5,34.4,64.0,50.7,41.1,8.9,99.0,81.6,22.4,12.3,5.0,2013.0,2063.0
Universidad Autonoma de Chile,2021,377.0,129.0,1191.93,281.43,87.2,1924.0,19,24541.0,527,546,29641,6287,30622,4.0,166.0,2401273000,,1.0,18,,,,,,,,,,,,,,,,,,,,,,23.2,53,501–600,52.4,,36.9,33.4,67.2,50.8,51.0,9.1,100.0,84.9,25.4,13.4,68.0,4185.0,4224.0
Universidad Autonoma de Chile,2022,362.0,156.0,1087.82,274.94,91.36,2222.0,11,27027.0,443,454,29741,7226,31349,,174.0,7456559000,395867000,1.0,32,,,,,,,,,,,,,,,,,,,,,,23.7,57,501–600,52.2,,34.9,34.8,59.8,51.7,51.0,9.8,98.6,96.7,27.2,13.4,13.0,4077.0,4091.0
Universidad Autonoma de Chile,2023,455.0,160.0,1228.14,378.56,106.94,2266.0,41,27474.0,490,531,29705,7766,31735,3.0,443.0,4758396000,1461158000,1.0,35,,,,,,,,,,,,,,,,,,,,,,22.9,=52,801–1000,54.2,,36.1,36.9,71.2,49.7,50.9,10.2,97.9,72.4,30.6,13.2,103.0,4245.0,4272.0
Universidad Autonoma de Chile,2024,479.0,159.0,1312.74,451.98,116.4,2299.0,49,30336.0,494,543,29889,8551,32279,7.0,107.0,3785627000,262000000,1.0,27,24.2,11.1,31.6,2.9,82.5,,8.5,1.4,,,33.4,23.9,4.9,10.7,1.9,77.6,5.5,23.6,2.2,10.1,1.7,25.5,53,1001–1200,48.0,,19.1,16.1,56.1,55.4,58.3,12.2,57.0,54.5,34.5,12.5,95.0,4066.0,4080.0
Universidad Autonoma de Chile,2025,544.0,181.0,1339.02,456.73,117.93,2514.0,58,30323.0,1347,1405,31355,9454,41899,2.0,242.0,6533607000,1027580000,1.0,41,,12.4,48.7,3.1,94.2,,2.1,1.4,38.2,,39.7,,4.2,12.4,32.6,79.3,5.3,30.3,2.0,13.9,2.8,27.9,,1201–1500,,,,19.2,,55.7,,14.2,,44.0,,12.5,113.0,3530.0,3552.0
Universidad Autonoma de Chile,2026,,,,,,,72,30410.0,1748,1820,32686,8557,42311,,,1741905000,227700000,1.0,16,23.9,15.6,48.9,6.2,93.5,1.5,2.5,1.7,,,43.3,36.9,6.2,13.5,38.9,90.2,7.9,34.5,4.7,22.0,35.9,26.8,=78,1501+,23.3,,20.7,20.7,55.5,55.5,15.3,13.3,36.5,39.9,16.7,13.0,,,
Universidad Bernardo O'Higgins,2015,83.0,17.0,211.14,38.05,8.75,516.0,,,45,45,4875,1238,4920,,11.0,,,,,,,,,,,,,,,,,,,,,,,,,,,,,,,,,,,,,,,,,,576.0,663.0
Universidad Bernardo O'Higgins,2016,82.0,15.0,283.36,42.96,8.86,544.0,,,207,207,5358,1400,5565,,19.0,,,,,,,,,,,,,,,,,,,,,,,,,,,,,,,,,,,,,,,,,,623.0,730.0
Universidad Bernardo O'Higgins,2017,97.0,16.0,313.23,54.5,8.8,609.0,,,343,343,5642,1436,5985,,40.0,,,,,,,,,,,,,,,,,,,,,,,,,,,,,,,,,,,,,,,,,,365.0,413.0
Universidad Bernardo O'Higgins,2018,126.0,15.0,365.89,68.73,12.09,662.0,7,,574,581,6205,1648,6825,,27.0,,,,,,,,,,,,,,,,,,,,,,,,,,,,,,,,,,,,,,,,,,508.0,554.0
Universidad Bernardo O'Higgins,2019,145.0,35.0,385.64,86.18,15.25,638.0,14,,749,763,6132,1287,6977,,67.0,,,,,,,,,,,,,,,,,,,,,,,,,,,101+,,,,36.8,,52.9,,13.7,,13.5,,14.0,,,769.0,813.0
Universidad Bernardo O'Higgins,2020,137.0,35.0,333.0,99.98,22.84,603.0,19,,1051,1070,6290,1327,7385,1.0,94.0,,,,,,,,,,,,,,,,,,,,,,,,,,,126+,,,,36.6,,52.4,,16.3,,26.3,,14.2,,,531.0,564.0
Universidad Bernardo O'Higgins,2021,159.0,49.0,385.52,128.61,37.66,631.0,23,,1240,1263,7327,1589,8667,3.0,142.0,,,,,,,,,,,,,,,,,,,,,,,,,,,151+,,,,38.9,,57.7,,19.6,,25.8,,17.3,,,1179.0,1192.0
Universidad Bernardo O'Higgins,2022,164.0,48.0,401.01,135.75,34.8,658.0,30,6984.0,1565,1595,7366,1623,9264,2.0,113.0,689750000,,2.0,2,,,,,,,,,,,,,,,,,,,,,,18.1,151+,Reporter,,,42.4,,75.5,,18.9,,25.5,,18.9,,,1146.0,1171.0
Universidad Bernardo O'Higgins,2023,164.0,55.0,408.55,134.43,41.18,692.0,38,7554.0,1413,1451,7634,1546,9289,3.0,218.0,1473410000,400000000,4.0,11,,,,,,,,,,,,,,,,,,,,,,18.1,151+,Reporter,,,52.4,,84.2,,20.7,,35.2,,20.6,,,1372.0,1413.0
Universidad Bernardo O'Higgins,2024,160.0,56.0,375.89,125.11,37.52,715.0,41,9010.0,1478,1519,7092,1760,9023,1.0,266.0,539534000,,6.0,5,39.1,12.2,40.4,2.0,2.4,,8.3,2.0,,,,8.2,9.7,27.3,1.0,41.4,4.9,18.1,2.8,13.2,1.2,18.6,151+,1501+,,,22.3,20.9,53.2,54.0,19.2,10.3,27.5,10.7,19.9,13.9,,1166.0,1216.0
Universidad Bernardo O'Higgins,2025,155.0,41.0,370.64,118.59,33.11,749.0,48,9486.0,1007,1055,7565,1596,8858,3.0,265.0,1462803000,474263000,7.0,13,,13.3,58.8,2.0,11.5,,2.2,2.1,14.9,,,,9.9,27.9,13.1,40.8,4.6,26.3,4.3,33.2,1.0,18.8,,1501+,,,,22.3,,53.3,,10.5,,12.8,,13.8,,1147.0,1199.0
Universidad Bernardo O'Higgins,2026,,,,,,,51,9085.0,870,921,7745,1838,9226,,,1439380000,227700000,2.0,8,29.9,,63.2,,12.3,,,,,,,13.9,,26.8,,59.2,,24.8,,38.1,,17.7,126–150,1501+,,,22.6,22.6,48.6,48.6,12.2,10.8,14.6,13.1,16.8,14.6,,,
Universidad Catolica Cardenal Raul Silva Henriquez,2015,57.0,16.0,230.22,36.59,5.82,571.0,,,136,136,5415,1539,5995,,45.0,216568000,,,2,,,,,,,,,,,,,,,,,,,,,,,,,,,,,,,,,,,,,,849.0,854.0
Universidad Catolica Cardenal Raul Silva Henriquez,2016,57.0,16.0,238.42,38.69,6.6,578.0,,,138,138,5817,1922,6246,,35.0,40189000,,,1,,,,,,,,,,,,,,,,,,,,,,,,,,,,,,,,,,,,,,358.0,361.0
Universidad Catolica Cardenal Raul Silva Henriquez,2017,75.0,19.0,254.3,53.84,8.8,617.0,,,153,153,6289,1926,6675,,54.0,208183000,,,4,,,,,,,,,,,,,,,,,,,,,,,,,,,,,,,,,,,,,,726.0,729.0
Universidad Catolica Cardenal Raul Silva Henriquez,2018,88.0,20.0,277.8,54.61,8.8,681.0,8,,149,157,6630,2064,7026,,60.0,116711000,,,2,,,,,,,,,,,,,,,,,,,,,,,,,,,,,,,,,,,,,,759.0,765.0
Universidad Catolica Cardenal Raul Silva Henriquez,2019,87.0,20.0,288.11,57.08,9.07,711.0,6,,97,103,6888,1978,7177,,38.0,68415000,,,2,,,,,,,,,,,,,,,,,,,,,,,,,,,,,,,,,,,,,,758.0,763.0
Universidad Catolica Cardenal Raul Silva Henriquez,2020,94.0,20.0,311.89,61.24,10.8,775.0,8,,27,35,7100,1692,7245,,23.0,377721000,,,5,,,,,,,,,,,,,,,,,,,,,,,,,,,,,,,,,,,,,,1042.0,1053.0
Universidad Catolica Cardenal Raul Silva Henriquez,2021,109.0,21.0,305.77,69.27,11.05,751.0,11,,46,57,6795,1110,6857,,39.0,388584000,,,3,,,,,,,,,,,,,,,,,,,,,,,,,,,,,,,,,,,,,,1219.0,1221.0
Universidad Catolica Cardenal Raul Silva Henriquez,2022,115.0,21.0,305.06,77.36,11.52,752.0,13,,46,59,6172,1169,6462,,16.0,808672000,,,10,,,,,,,,,,,,,,,,,,,,,,,,,,,,,,,,,,,,,,1016.0,1018.0
Universidad Catolica Cardenal Raul Silva Henriquez,2023,114.0,22.0,305.81,83.92,12.48,729.0,10,,44,54,6157,1525,6329,1.0,10.0,,,,,,,,,,,,,,,,,,,,,,,,,,,,,,,,,,,,,,,,,,970.0,970.0
Universidad Catolica Cardenal Raul Silva Henriquez,2024,132.0,27.0,305.3,94.93,14.91,678.0,13,,52,65,5995,1432,6104,3.0,6.0,,,,,,,6.6,,1.3,,,,,,,6.5,,20.5,,6.3,,10.9,,11.1,,,,,,,,,,,,,,,,,,1134.0,1136.0
Universidad Catolica Cardenal Raul Silva Henriquez,2025,136.0,27.0,254.92,84.41,12.6,637.0,2,,17,19,5808,1492,5827,1.0,6.0,,,,,,,9.1,,5.2,,,,12.9,,,,,20.5,,5.2,,14.0,,11.9,,,,,,,,,,,,,,,,,,823.0,823.0
Universidad Catolica Cardenal Raul Silva Henriquez,2026,,,,,,,9,,39,48,6320,1617,6368,,,,,,,8.8,,17.8,,4.9,,,,,,,13.3,,18.5,,8.8,,13.5,,15.1,,,,,,,,,,,,,,,,,,,
Universidad Catolica de Temuco,2015,138.0,39.0,429.14,121.21,31.11,690.0,6,,162,168,8680,2929,9437,,83.0,1280456000,552921000,,21,,,,,,,,,,,,,,,,,,,,,,,,,,,,,,,,,,,,,,854.0,1084.0
Universidad Catolica de Temuco,2016,160.0,41.0,462.63,141.49,34.67,796.0,12,,267,279,10003,3260,10575,,49.0,1850840000,640453000,,25,,,,,,,,,,,,,,,,,,,,,,,,,,,,,,,,,,,,,,829.0,1326.0
Universidad Catolica de Temuco,2017,165.0,48.0,492.54,149.57,35.5,789.0,23,,350,373,10546,3361,11486,,54.0,1302645000,222950000,,17,,,,,,,,,,,,,,,,,,,,,,,71+,,,,39.3,,51.0,,24.3,,8.2,,21.6,,7.0,930.0,1475.0
Universidad Catolica de Temuco,2018,174.0,54.0,486.66,161.28,43.28,736.0,29,,241,270,11057,3027,11716,,72.0,1994934000,256797000,,24,,,,,,,,,,,,,,,,,,,,,,,101+,,,,41.2,,48.4,,24.5,,11.0,,19.4,,,972.0,1096.0
Universidad Catolica de Temuco,2019,184.0,57.0,515.45,169.26,46.21,785.0,41,,257,298,11336,2811,11851,3.0,69.0,1484687000,455478000,,19,,,,,,,,,,,,,,,,,,,,,,,101+,,,,42.5,,53.9,,29.9,,17.4,,19.6,,,1057.0,1387.0
Universidad Catolica de Temuco,2020,205.0,67.0,538.76,185.77,52.12,867.0,50,,269,319,11560,2714,12126,4.0,78.0,1726020000,30000000,,21,,,,,,,,,,,,,,,,,,,,,,,126+,,,,42.4,,57.1,,20.4,,24.3,,18.7,,,919.0,1165.0
Universidad Catolica de Temuco,2021,221.0,78.0,559.45,189.83,52.41,973.0,55,,296,351,11496,3144,12684,4.0,70.0,1767828000,829784000,,14,,,,,,,,,,,,,,,,,,,,,,,101–125,,,,42.7,,59.7,,42.0,,23.3,,20.1,,,1299.0,1494.0
Universidad Catolica de Temuco,2022,229.0,69.0,575.44,200.4,51.73,996.0,57,10329.0,267,324,11255,2844,12275,7.0,101.0,2631098000,429260000,1.0,23,,,,,,,,,,,,,,,,,,,,,,13.2,126–150,Reporter,,,42.4,,59.2,,30.4,,30.6,,27.7,,,1319.0,1565.0
Universidad Catolica de Temuco,2023,238.0,70.0,616.51,215.05,51.18,1060.0,61,10629.0,238,299,11326,3489,12478,14.0,93.0,2417333000,,1.0,21,,,,,,,,,,,,,,,,,,,,,,12.3,151+,1501+,,,41.6,38.3,59.3,41.5,21.7,10.1,26.9,7.9,26.5,16.0,,1473.0,1727.0
Universidad Catolica de Temuco,2024,252.0,77.0,657.72,225.4,53.45,1151.0,59,10775.0,209,268,11155,3037,11811,6.0,71.0,3006112290,286350290,0.0,26,64.3,36.3,93.0,4.6,5.4,,4.1,,,,,24.7,2.0,5.1,1.1,49.9,4.3,17.6,1.7,4.9,1.0,11.1,126–150,1501+,,,19.5,23.9,43.4,43.1,21.7,10.5,27.0,12.7,27.0,19.8,,1366.0,1608.0
Universidad Catolica de Temuco,2025,286.0,86.0,694.75,250.11,57.58,1223.0,70,10450.0,208,278,11426,2878,11804,11.0,55.0,4031908000,1293370000,0.0,26,,35.1,99.1,4.8,10.4,,2.0,,32.2,,,,2.0,5.7,14.3,44.1,4.1,23.9,1.4,7.2,1.1,10.5,,1501+,,,,19.5,,43.7,,10.5,,13.8,,20.8,,1367.0,1395.0
Universidad Catolica de Temuco,2026,,,,,,,86,10711.0,181,267,12156,3129,12592,,,3569198000,683100000,0.0,26,63.7,49.7,99.8,9.7,10.5,1.3,2.5,1.4,,,,26.3,2.7,5.8,21.9,71.8,5.4,25.9,2.5,11.2,26.7,10.1,101–125,1501+,,,18.8,18.8,45.1,45.1,13.0,11.0,20.9,14.8,22.7,21.6,,,
Universidad Catolica de la Santisima Concepcion,2015,141.0,31.0,446.2,117.68,17.23,1188.0,6,,576,582,12960,3818,14029,,120.0,525888000,,,7,,,,,,,,,,,,,,,,,,,,,,,,,,,,,,,,,,,,,,1050.0,1971.0
Universidad Catolica de la Santisima Concepcion,2016,150.0,33.0,581.02,131.07,19.91,1196.0,8,,559,567,13399,3895,14460,,130.0,941320000,2000000,,11,,,,,,,,,,,,,,,,,,,,,,,,,,,,,,,,,,,,,,1084.0,2395.0
Universidad Catolica de la Santisima Concepcion,2017,157.0,44.0,501.32,131.7,20.8,1357.0,16,,512,528,13589,4173,14609,,180.0,699396000,24000000,,7,,,,,,,,,,,,,,,,,,,,,,,,,,,,,,,,,,,,,5.0,1142.0,2601.0
Universidad Catolica de la Santisima Concepcion,2018,177.0,43.0,500.52,149.7,23.73,1212.0,22,,347,369,13640,4511,14250,,125.0,1548189000,199984000,,16,,,,,,,,,,,,,,,,,,,,,,,101+,,,,35.4,,46.2,,21.0,,53.2,,23.3,,5.0,966.0,2428.0
Universidad Catolica de la Santisima Concepcion,2019,212.0,52.0,567.57,177.39,29.18,1491.0,32,,341,373,14215,4736,14917,2.0,164.0,3110109000,202000000,,32,,,,,,,,,,,,,,,,,,,,,,,101+,,,,36.6,,50.4,,32.4,,40.0,,18.4,,12.0,956.0,2215.0
Universidad Catolica de la Santisima Concepcion,2020,217.0,55.0,593.61,182.55,26.73,1518.0,32,,277,309,14138,4154,14579,5.0,133.0,1915026000,200000000,,18,,,,,,,,,,,,,,,,,,,,,,,98,,36.8,,36.4,,52.5,,35.3,,66.5,,18.6,,12.0,772.0,1976.0
Universidad Catolica de la Santisima Concepcion,2021,247.0,60.0,610.34,201.45,30.02,1556.0,37,,353,390,14062,3892,14645,4.0,155.0,2404662000,30000000,,17,,,,,,,,,,,,,,,,,,,,,,,83,,42.1,,37.6,,59.1,,50.1,,64.1,,19.2,,13.0,1256.0,3015.0
Universidad Catolica de la Santisima Concepcion,2022,246.0,54.0,612.45,214.43,29.66,1548.0,45,9760.0,311,356,13497,4155,14345,2.0,165.0,4815957000,200000000,0.0,26,,,,,,,,,,,,,,,,,,,,,,24.5,91,Reporter,42.5,,38.9,,58.8,,47.4,,64.5,,22.5,,14.0,1548.0,2805.0
Universidad Catolica de la Santisima Concepcion,2023,239.0,54.0,604.23,203.59,28.84,1559.0,48,,372,420,13848,4482,14676,5.0,199.0,4127666000,1242676000,,30,,,,,,,,,,,,,,,,,,,,,,,=90,,41.8,,38.8,,59.5,,45.5,,58.8,,25.4,,14.0,1526.0,2812.0
Universidad Catolica de la Santisima Concepcion,2024,247.0,57.0,565.48,186.66,28.23,1511.0,65,9879.0,376,441,14992,5130,16052,14.0,148.0,3549897000,263700000,0.0,23,37.7,5.5,37.4,2.6,15.0,,4.1,1.1,,,,14.9,8.6,24.5,1.2,62.0,3.7,16.0,2.4,9.1,1.4,22.9,64,1501+,44.8,,17.1,16.9,49.0,48.9,55.7,14.9,49.5,22.9,34.0,13.2,13.0,1435.0,2623.0
Universidad Catolica de la Santisima Concepcion,2025,260.0,56.0,612.41,196.43,29.55,1519.0,78,9750.0,381,459,15668,5070,16576,14.0,191.0,4501214000,711789000,1.0,32,,5.2,61.6,2.8,35.4,,2.0,1.1,25.4,,,,8.2,24.1,28.3,73.5,3.4,20.0,2.1,15.1,1.2,22.5,,1501+,,,,17.1,,48.6,,21.0,,27.2,,14.0,16.0,1397.0,2614.0
Universidad Catolica de la Santisima Concepcion,2026,,,,,,,94,9954.0,428,522,17196,5545,18315,,,2364048000,455400000,1.0,17,31.3,,73.5,,43.1,,,,,,,24.8,,22.2,,86.0,,24.0,,17.5,,23.7,=75,1501+,23.9,,17.6,17.6,50.3,50.3,23.5,18.2,34.2,26.9,13.4,11.7,,,
Universidad Catolica del Maule,2015,120.0,21.0,378.59,109.25,13.2,742.0,10,,463,473,6592,1540,7112,,53.0,673260000,149996000,,12,,,,,,,,,,,,,,,,,,,,,,,,,,,,,,,,,,,,,,845.0,886.0
Universidad Catolica del Maule,2016,132.0,28.0,393.5,122.0,14.16,850.0,16,,518,534,7093,1984,7784,,33.0,532366000,,,7,,,,,,,,,,,,,,,,,,,,,,,,,,,,,,,,,,,,,18.0,857.0,880.0
Universidad Catolica del Maule,2017,144.0,38.0,406.86,132.73,20.23,851.0,33,,479,512,7471,2138,8046,,62.0,880726000,201968000,,17,,,,,,,,,,,,,,,,,,,,,,,,,,,,,,,,,,,,,12.0,834.0,864.0
Universidad Catolica del Maule,2018,163.0,56.0,411.21,146.59,27.86,893.0,45,,385,430,8326,2278,8880,,85.0,733628000,2000000,,10,,,,,,,,,,,,,,,,,,,,,,,,,,,,,,,,,,,,,14.0,769.0,843.0
Universidad Catolica del Maule,2019,171.0,60.0,443.38,156.02,31.36,1029.0,52,,463,515,9094,2706,9782,4.0,108.0,1165435000,,,20,,,,,,,,,,,,,,,,,,,,,,,,,,,,,,,,,,,,,15.0,816.0,845.0
Universidad Catolica del Maule,2020,212.0,96.0,487.95,160.96,52.07,1094.0,64,,356,420,10095,2574,10673,5.0,62.0,1330673000,,,11,,,,,,,,,,,,,,,,,,,,,,,,,,,,,,,,,,,,,17.0,557.0,590.0
Universidad Catolica del Maule,2021,265.0,114.0,531.36,229.13,60.37,1171.0,54,,228,282,10727,2376,11312,8.0,76.0,1996200000,,,14,,,,,,,,,,,,,,,,,,,,,,,,,,,,,,,,,,,,,,911.0,920.0
Universidad Catolica del Maule,2022,281.0,115.0,596.23,240.04,57.95,1361.0,48,,299,347,11494,2578,11955,10.0,73.0,3244433000,199960000,,29,,,,,,,,,,,,,,,,,,,,,,,,,,,,,,,,,,,,,17.0,1642.0,1738.0
Universidad Catolica del Maule,2023,321.0,143.0,678.69,279.57,68.49,1550.0,67,,264,331,12017,2761,12490,13.0,119.0,2981026000,400000000,,26,,,,,,,,,,,,,,,,,,,,,,,101–125,,,,36.1,,81.6,,36.3,,36.7,,26.0,,29.0,1616.0,1732.0
Universidad Catolica del Maule,2024,325.0,145.0,671.88,277.66,70.79,1587.0,97,10891.0,372,469,12696,3340,13564,13.0,168.0,7152753000,,3.0,30,40.8,,31.1,,4.4,,,,,,,22.3,,25.8,,66.5,,9.9,,7.8,,21.1,96,1501+,36.7,,16.4,15.8,55.0,57.5,43.1,13.4,47.7,19.3,22.8,13.4,33.0,1632.0,1714.0
Universidad Catolica del Maule,2025,347.0,156.0,753.81,309.59,80.08,1800.0,124,11931.0,321,445,13284,3352,13968,10.0,158.0,4261762000,484899000,2.0,32,,,55.3,,14.9,,,,31.6,,,,,23.1,,80.1,,13.5,,8.9,,22.3,,1501+,,,,16.4,,54.8,,14.9,,22.9,,13.2,33.0,1597.0,1706.0
Universidad Catolica del Maule,2026,,,,,,,149,12490.0,344,493,13810,3426,14532,,,3211171000,,1.0,23,25.0,,65.2,,21.0,,,,,,,27.3,,27.6,,88.6,,15.5,,11.6,,20.4,=57,1501+,25.3,,17.8,17.8,54.6,54.6,20.3,15.8,36.2,26.0,18.5,16.1,,,
Universidad Catolica del Norte,2015,214.0,70.0,553.11,197.59,53.8,923.0,61,,450,511,10214,3256,11750,14.0,187.0,2278761000,303648000,,34,,,,,,,,,,,,,,,,,,,,,,,,,,,,,,,,,,,,,13.0,1040.0,1152.0
Universidad Catolica del Norte,2016,212.0,65.0,570.45,197.82,51.34,997.0,61,,335,396,10407,2613,11411,6.0,132.0,2915309000,541513000,,32,,,,,,,,,,,,,,,,,,,,,,,,,,,,,,,,,,,,,15.0,863.0,987.0
Universidad Catolica del Norte,2017,218.0,77.0,593.09,209.61,57.39,1016.0,91,,372,463,10643,2528,11603,18.0,214.0,2800253000,572736000,,38,,,,,,,,,,,,,,,,,,,,,,,41–45,,,,38.3,,74.1,,44.2,,65.4,,29.3,,16.0,1024.0,1138.0
Universidad Catolica del Norte,2018,237.0,77.0,635.53,218.44,55.84,1154.0,114,11187.0,358,472,10837,2586,11535,14.0,164.0,2459478000,199995000,1.0,36,,,,,,,,,,,,,,,,,,,,,,20.2,81–90,801–1000,,,37.1,33.2,75.1,51.1,35.3,11.7,54.8,12.5,30.4,16.3,17.0,976.0,1040.0
Universidad Catolica del Norte,2019,247.0,77.0,655.87,223.38,53.97,1246.0,97,11669.0,361,458,11124,2462,11638,17.0,163.0,3154861000,753698000,2.0,38,,,,,,,,,,,,,,,,,,,,,,20.5,61–70,1001+,,,40.8,34.5,78.0,52.1,58.1,11.0,55.7,16.6,22.2,13.5,18.0,1031.0,1084.0
Universidad Catolica del Norte,2020,261.0,88.0,539.08,229.27,60.32,1044.0,90,11871.0,197,287,10634,2219,11016,10.0,65.0,2337387000,221988000,2.0,25,,,,,,,,,,,,,,,,,,,,,,19.6,85,1001+,39.5,,38.6,35.6,79.6,52.9,42.6,14.2,60.7,18.9,16.5,14.8,12.0,946.0,974.0
Universidad Catolica del Norte,2021,268.0,90.0,562.37,233.77,55.97,1139.0,83,11567.0,331,414,10903,2207,11476,17.0,154.0,4246187500,1365147000,2.0,34,,,,,,,,,,,,,,,,,,,,,,20.0,96,1001+,38.7,,37.4,34.3,81.7,54.1,37.9,12.3,63.0,23.7,17.1,14.6,12.0,1360.0,1380.0
Universidad Catolica del Norte,2022,282.0,73.0,545.61,245.7,53.83,1094.0,103,11359.0,311,414,10748,2353,11292,14.0,140.0,4322653000,798680000,2.0,34,,,,,,,,,,,,,,,,,,,,,,17.3,61,1201+,50.9,,41.7,34.9,84.9,54.4,57.4,12.4,72.5,25.4,26.3,15.1,16.0,1412.0,1434.0
Universidad Catolica del Norte,2023,296.0,100.0,591.97,260.06,71.87,1241.0,113,11343.0,384,497,10818,2911,11504,19.0,136.0,9188508000,1667830000,3.0,57,,,,,,,,,,,,,,,,,,,,,,20.4,67,1201–1500,47.5,,42.5,38.2,84.0,57.1,52.8,17.0,63.1,27.4,26.5,14.3,26.0,1599.0,1619.0
Universidad Catolica del Norte,2024,329.0,116.0,618.82,290.72,80.37,1347.0,89,11528.0,273,362,11138,2893,11704,26.0,196.0,12842615964,1186675180,3.0,53,36.7,13.8,79.7,5.8,64.3,,4.1,2.8,,,38.7,36.5,7.0,21.8,4.4,89.7,4.9,21.2,3.4,13.8,1.2,20.3,=88,1501+,38.5,,25.1,18.2,60.2,58.0,42.7,15.2,55.1,29.0,21.9,14.2,23.0,1682.0,1693.0
Universidad Catolica del Norte,2025,309.0,132.0,584.99,279.33,94.5,1222.0,111,11660.0,359,470,11645,3016,12329,13.0,177.0,8109383000,2038469000,4.0,52,,13.5,92.3,5.9,71.8,,2.0,3.8,48.8,,42.3,,6.7,20.1,46.2,91.6,4.5,25.7,2.3,16.6,8.5,21.4,,1501+,,,,25.1,,59.5,,15.2,,30.4,,13.7,18.0,1586.0,1606.0
Universidad Catolica del Norte,2026,,,,,,,130,11793.0,383,513,12139,3173,13004,,,1989944000,227700000,4.0,15,32.8,21.9,87.1,9.3,63.9,6.5,2.5,8.5,,,43.0,47.0,10.9,24.7,45.0,93.5,5.7,27.1,5.0,23.0,53.0,19.9,53,1501+,25.8,,19.9,19.9,61.0,61.0,18.2,14.9,41.0,33.8,17.6,14.7,,,
Universidad Catolica del Norte,2027,,,,,,,,,,,,,,,,,,,,,19.4,,9.2,,,4.0,7.6,,,,,11.0,,47.1,,5.9,,3.5,,47.5,,,,,,,,,,,,,,,,,,
Universidad Central de Chile,2015,121.0,26.0,439.59,50.64,10.16,1202.0,,,577,577,12492,3603,13381,1.0,160.0,210536000,,,3,,,,,,,,,,,,,,,,,,,,,,,,,,,,,,,,,,,,,,2058.0,2182.0
Universidad Central de Chile,2016,114.0,26.0,424.07,48.41,11.2,1179.0,,,533,533,11842,3378,12769,,173.0,597256000,,,8,,,,,,,,,,,,,,,,,,,,,,,,,,,,,,,,,,,,,,2258.0,2479.0
Universidad Central de Chile,2017,163.0,40.0,485.77,84.25,19.23,1248.0,,,652,652,12240,3930,13268,,258.0,557409000,,,6,,,,,,,,,,,,,,,,,,,,,,,,,,,,,,,,,,,,,,2469.0,2785.0
Universidad Central de Chile,2018,167.0,36.0,500.77,90.5,17.84,1226.0,,,912,912,12426,4066,13612,,272.0,569572000,,,6,,,,,,,,,,,,,,,,,,,,,,,,,,,,,,,,,,,,,,1967.0,2410.0
Universidad Central de Chile,2019,146.0,20.0,494.09,80.32,10.11,1223.0,,,1173,1173,12764,4503,14271,,413.0,421308000,,,4,,,,,,,,,,,,,,,,,,,,,,,,,,,,,,,,,,,,,,1610.0,1906.0
Universidad Central de Chile,2020,161.0,32.0,485.59,93.7,13.61,1128.0,,,1438,1438,11748,3533,13389,,339.0,990652000,,,7,,,,,,,,,,,,,,,,,,,,,,,,,,,,,,,,,,,,,,1511.0,1956.0
Universidad Central de Chile,2021,150.0,35.0,482.02,98.68,17.05,1057.0,3,,1926,1929,11827,4000,13993,,529.0,1720496000,,,9,,,,,,,,,,,,,,,,,,,,,,,,,,,,,,,,,,,,,,1894.0,2147.0
Universidad Central de Chile,2022,165.0,33.0,510.61,109.8,18.32,1098.0,3,,2065,2068,11994,3885,14253,,604.0,864739000,,,8,,,,,,,,,,,,,,,,,,,,,,,,,,,,,,,,,,,,,,1663.0,1972.0
Universidad Central de Chile,2023,186.0,34.0,558.64,129.57,19.68,1180.0,9,,1622,1631,12633,3466,14349,,813.0,1495402000,,,8,,,,,,,,,,,,,,,,,,,,,,,,,,,,,,,,,,,,,,2199.0,2712.0
Universidad Central de Chile,2024,239.0,42.0,616.48,168.61,30.0,1239.0,15,,1764,1779,13562,4355,15535,,669.0,1491561000,,,14,13.2,4.2,11.7,1.7,71.5,,4.1,1.9,,,,10.6,3.2,8.5,1.0,28.6,4.8,20.7,3.2,14.7,1.0,,,,,,,,,,,,,,,,,2004.0,2293.0
Universidad Central de Chile,2025,242.0,47.0,661.98,177.77,34.32,1307.0,20,,2068,2088,14877,4854,17338,,694.0,1607639000,236392000,,10,,4.6,19.6,1.7,81.8,,2.0,1.8,18.5,,,,3.0,9.1,9.4,29.5,4.4,25.5,2.4,17.5,1.0,,,,,,,,,,,,,,,,,1908.0,2185.0
Universidad Central de Chile,2026,,,,,,,27,,2107,2134,16538,5213,19384,,,1029400000,,,10,13.9,,17.3,,68.8,,,,,,,20.4,,11.1,,43.2,,25.2,,21.0,,,,,,,,,,,,,,,,,,,
Universidad Diego Portales,2015,312.0,118.0,681.47,185.18,57.88,1969.0,35,,1844,1879,14391,3826,17826,1.0,372.0,1880825000,6000000,,44,,,,,,,,,,,,,,,,,,,,,,,,,,,,,,,,,,,,,30.0,2037.0,2045.0
Universidad Diego Portales,2016,317.0,127.0,653.39,194.47,58.49,2051.0,46,,1901,1947,14822,4076,18600,1.0,349.0,1400453000,52000000,,30,,,,,,,,,,,,,,,,,,,,,,,36–40,,,,33.8,,52.8,,22.1,,62.4,,28.4,,19.0,1731.0,1753.0
Universidad Diego Portales,2017,306.0,110.0,716.1,196.73,57.78,1965.0,64,15868.0,2037,2101,15407,3930,19125,3.0,456.0,3248244000,4000000,2.0,44,,,,,,,,,,,,,,,,,,,,,,14.2,36–40,601-800,,,35.0,32.8,72.8,48.6,43.1,8.5,98.0,52.2,24.7,11.8,45.0,1974.0,1986.0
Universidad Diego Portales,2018,342.0,127.0,666.69,193.51,61.35,2055.0,83,16348.0,1566,1649,15805,4143,18864,5.0,414.0,2994798000,26000000,2.0,38,,,,,,,,,,,,,,,,,,,,,,14.4,51–60,501–600,,,35.3,31.8,71.9,47.7,44.1,8.7,99.9,74.7,24.7,15.7,34.0,1946.0,1946.0
Universidad Diego Portales,2019,333.0,110.0,622.72,191.77,53.95,1952.0,92,16802.0,1303,1395,16266,4362,19011,2.0,346.0,3330991000,200466000,2.0,42,,,,,,,,,,,,,,,,,,,,,,14.6,51–60,401–500,,,36.5,34.0,72.9,51.2,46.9,10.3,99.9,90.1,20.1,13.2,33.0,1799.0,1799.0
Universidad Diego Portales,2020,351.0,135.0,748.38,209.27,69.82,1984.0,94,17287.0,1265,1359,16269,3872,18735,12.0,276.0,1864606000,,2.0,24,,,,,,,,,,,,,,,,,,,,,,14.9,59,401–500,48.8,,35.5,34.4,70.9,50.4,45.5,10.5,100.0,95.3,19.9,14.7,45.0,1439.0,1498.0
Universidad Diego Portales,2021,399.0,135.0,731.86,231.09,59.53,2005.0,104,17234.0,1168,1272,16759,4011,19885,9.0,302.0,1802736000,60000000,2.0,22,,,,,,,,,,,,,,,,,,,,,,14.7,=56,401–500,51.4,,36.9,33.4,74.3,50.8,41.1,10.5,99.4,96.4,30.7,15.4,30.0,2840.0,2939.0
Universidad Diego Portales,2022,421.0,148.0,727.8,239.77,60.07,2091.0,126,17649.0,1052,1178,16318,4072,19431,11.0,402.0,3386846000,230000000,2.0,36,,,,,,,,,,,,,,,,,,,,,,15.5,55,501–600,53.6,,34.9,34.8,77.0,51.4,44.0,11.0,98.2,86.2,34.2,15.6,50.0,2552.0,2673.0
Universidad Diego Portales,2023,440.0,207.0,888.0,268.36,82.33,2498.0,138,17613.0,1164,1302,16881,5154,20762,24.0,437.0,5850486000,199479000,2.0,51,,,,,,,,,,,,,,,,,,,,,,16.0,58,801–1000,51.8,,36.1,36.9,75.1,52.1,41.0,11.1,95.5,69.5,34.0,15.4,59.0,2461.0,2512.0
Universidad Diego Portales,2024,449.0,245.0,1002.62,277.97,104.83,2723.0,135,18126.0,1451,1586,17280,5338,21520,24.0,716.0,4043906815,562991815,2.0,45,19.8,14.3,33.7,4.7,100.0,,8.4,3.1,,,61.3,17.7,8.6,24.6,2.8,84.1,15.0,56.9,22.2,72.6,1.2,17.6,91,1001–1200,38.2,,18.4,18.0,54.6,53.0,34.3,11.8,58.3,53.8,29.3,15.3,58.0,2814.0,2870.0
Universidad Diego Portales,2025,469.0,241.0,926.03,283.96,91.31,2767.0,145,17863.0,1439,1584,18159,5308,22187,15.0,908.0,21466416000,237261000,3.0,39,,13.1,45.0,3.7,97.4,,6.2,2.9,29.1,,66.1,,8.6,25.1,39.6,86.8,14.7,66.4,14.9,79.0,2.3,16.5,,1201–1500,,,,18.4,,54.3,,11.9,,53.8,,15.8,73.0,2656.0,2710.0
Universidad Diego Portales,2026,,,,,,,162,18505.0,1449,1611,19268,5863,22987,,,3995855000,,3.0,34,14.4,17.5,46.0,5.5,87.3,4.9,8.8,6.3,,,64.6,34.8,11.9,24.2,37.1,88.9,19.0,64.9,25.8,79.2,36.4,17.1,=55,1201–1500,25.5,,19.2,19.2,54.1,54.1,14.5,12.2,46.3,57.4,18.7,16.1,,,
Universidad Diego Portales,2027,,,,,,,,,,,,,,,,,,,,,15.3,,4.5,,,8.8,6.2,,,,,9.1,,32.1,,17.7,,18.4,,44.5,,,,,,,,,,,,,,,,,,
Universidad Finis Terrae,2015,80.0,48.0,352.41,35.36,12.09,1320.0,,,770,770,6114,2371,7499,,244.0,383405000,,,6,,,,,,,,,,,,,,,,,,,,,,,,,,,,,,,,,,,,,52.0,616.0,663.0
Universidad Finis Terrae,2016,90.0,65.0,416.62,38.21,16.2,1675.0,,,1199,1199,6839,2429,8426,,236.0,105460000,,,2,,,,,,,,,,,,,,,,,,,,,,,,,,,,,,,,,,,,,71.0,652.0,718.0
Universidad Finis Terrae,2017,98.0,52.0,387.67,45.56,17.97,1276.0,,,1528,1528,7161,2346,9092,,200.0,186414000,,,3,,,,,,,,,,,,,,,,,,,,,,,,,,,,,,,,,,,,,29.0,879.0,880.0
Universidad Finis Terrae,2018,111.0,48.0,384.01,51.86,18.06,1119.0,,,1425,1425,7412,2439,9111,,416.0,53928000,,,1,,,,,,,,,,,,,,,,,,,,,,,,,,,,,,,,,,,,,56.0,639.0,643.0
Universidad Finis Terrae,2019,127.0,43.0,472.63,69.58,19.0,1177.0,,,1403,1403,7786,2516,9683,,348.0,315604000,,,3,,,,,,,,,,,,,,,,,,,,,,,101+,,,,36.7,,51.7,,11.0,,32.3,,21.6,,20.0,905.0,923.0
Universidad Finis Terrae,2020,145.0,74.0,474.59,66.4,24.73,1369.0,,,1114,1114,8040,2257,9515,,448.0,371491000,,,4,,,,,,,,,,,,,,,,,,,,,,,126+,,,,35.6,,49.9,,11.0,,26.8,,21.6,,17.0,719.0,742.0
Universidad Finis Terrae,2021,164.0,63.0,458.85,75.1,26.41,1222.0,,,1006,1006,8475,2961,10310,,392.0,273403000,,,2,,,,,,,,,,,,,,,,,,,,,,,151+,,,,37.0,,55.7,,10.9,,25.5,,22.0,,49.0,1161.0,1161.0
Universidad Finis Terrae,2022,169.0,74.0,491.09,94.32,30.63,1073.0,3,9683.0,1165,1168,8500,2882,10420,,633.0,473528000,,2.0,6,,,,,,,,,,,,,,,,,,,,,,8.2,151+,Reporter,,,35.0,,59.6,,11.0,,49.5,,22.9,,46.0,1054.0,1054.0
Universidad Finis Terrae,2023,182.0,71.0,500.37,112.39,32.52,1140.0,9,,795,804,8634,2867,10227,,535.0,1137668000,,,11,,,,,,,,,,,,,,,,,,,,,,,101–125,,,,36.2,,60.7,,11.8,,93.5,,20.1,,56.0,1072.0,1073.0
Universidad Finis Terrae,2024,219.0,92.0,523.64,117.78,37.62,1244.0,15,10313.0,775,790,8809,2656,10243,,490.0,730025000,,2.0,9,8.9,,15.4,,2.9,,,,,,,11.7,,23.2,,10.9,,9.4,,9.0,,8.4,151+,Reporter,,,15.8,,46.7,,12.4,,29.5,,22.5,,50.0,1008.0,1008.0
Universidad Finis Terrae,2025,219.0,69.0,464.59,115.58,30.29,1069.0,17,10420.0,731,748,9022,2638,10468,,346.0,1838328000,,3.0,9,,,24.5,,16.4,,,,20.9,,,,,22.9,,16.5,,12.8,,14.1,,9.7,,Reporter,,,,,,,,,,,,,99.0,1124.0,1124.0
Universidad Finis Terrae,2026,,,,,,,27,10227.0,646,673,9307,2606,10547,,,1447578000,227000000,4.0,10,10.3,,24.0,,10.6,,,,,,,1.0,,22.4,,33.7,,17.4,,13.4,,9.0,101–125,Reporter,,,16.2,,47.9,,10.6,,18.2,,22.7,,,,
Universidad Gabriela Mistral,2015,20.0,13.0,61.87,6.89,4.39,298.0,,,49,49,1064,113,1141,,47.0,45681000,,,1,,,,,,,,,,,,,,,,,,,,,,,,,,,,,,,,,,,,,,394.0,472.0
Universidad Gabriela Mistral,2016,21.0,10.0,56.9,12.15,4.67,229.0,,,55,55,927,114,1017,,26.0,,,,,,,,,,,,,,,,,,,,,,,,,,,,,,,,,,,,,,,,,,326.0,383.0
Universidad Gabriela Mistral,2017,18.0,11.0,83.46,10.73,3.01,367.0,,,24,24,2010,567,2048,,26.0,43787000,,,2,,,,,,,,,,,,,,,,,,,,,,,,,,,,,,,,,,,,,,227.0,286.0
Universidad Gabriela Mistral,2018,26.0,12.0,93.1,13.23,6.02,321.0,,,175,175,2027,776,2202,,40.0,,,,,,,,,,,,,,,,,,,,,,,,,,,,,,,,,,,,,,,,,,584.0,626.0
Universidad Gabriela Mistral,2019,17.0,8.0,73.06,5.64,2.44,275.0,,,142,142,1396,213,1538,,97.0,,,,,,,,,,,,,,,,,,,,,,,,,,,,,,,,,,,,,,,,,,525.0,553.0
Universidad Gabriela Mistral,2020,9.0,2.0,41.43,2.48,1.11,205.0,,,,,959,151,959,,,,,,,,,,,,,,,,,,,,,,,,,,,,,,,,,,,,,,,,,,,,346.0,368.0
Universidad Gabriela Mistral,2021,21.0,13.0,59.84,7.4,6.6,246.0,,,72,72,1193,260,1377,,,,,,,,,,,,,,,,,,,,,,,,,,,,,,,,,,,,,,,,,,,,290.0,301.0
Universidad Gabriela Mistral,2022,36.0,24.0,68.3,8.27,6.6,277.0,,,118,118,1812,323,1981,,12.0,,,,,,,,,,,,,,,,,,,,,,,,,,,,,,,,,,,,,,,,,,271.0,273.0
Universidad Gabriela Mistral,2023,50.0,42.0,97.59,12.04,8.82,394.0,,,244,244,2655,507,2939,,25.0,,,,,,,,,,,,,,,,,,,,,,,,,,,,,,,,,,,,,,,,,,272.0,272.0
Universidad Gabriela Mistral,2024,80.0,46.0,166.36,22.3,13.36,529.0,,,218,218,3630,551,3948,,89.0,87395000,,,1,,,,,,,,,,,,,,,,,,,,,,,,,,,,,,,,,,,,,,339.0,339.0
Universidad Gabriela Mistral,2025,113.0,61.0,192.76,32.21,13.27,657.0,,,174,174,4297,313,4687,,99.0,,,,,,,,,,,,,,,,,,,,,,,,,,,,,,,,,,,,,,,,,,673.0,673.0
Universidad Gabriela Mistral,2026,,,,,,,,,209,209,4663,284,5059,,,,,,,,,,,,,,,,,,,,,,,,,,,,,,,,,,,,,,,,,,,,,
Universidad La Republica,2015,24.0,4.0,301.89,6.43,2.39,625.0,9,,149,158,4275,1198,4583,,36.0,,,,,,,,,,,,,,,,,,,,,,,,,,,,,,,,,,,,,,,,,,423.0,521.0
Universidad La Republica,2016,23.0,7.0,174.73,10.48,2.73,682.0,,,176,176,4738,1252,5026,1.0,67.0,,,,,,,,,,,,,,,,,,,,,,,,,,,,,,,,,,,,,,,,,,887.0,962.0
Universidad La Republica,2017,12.0,7.0,158.16,2.7,1.86,703.0,,,502,502,4848,1907,5475,,30.0,,,,,,,,,,,,,,,,,,,,,,,,,,,,,,,,,,,,,,,,,,1069.0,1106.0
Universidad La Republica,2018,16.0,9.0,171.34,3.2,2.34,698.0,,,351,351,4818,1888,5227,,50.0,,,,,,,,,,,,,,,,,,,,,,,,,,,,,,,,,,,,,,,,,,1467.0,1620.0
Universidad La Republica,2019,15.0,10.0,136.52,4.14,2.8,553.0,,,211,211,3789,1109,4026,,,,,,,,,,,,,,,,,,,,,,,,,,,,,,,,,,,,,,,,,,,,,
Universidad La Republica,2020,18.0,10.0,99.17,4.02,2.98,511.0,,,49,49,3242,1083,3299,,,,,,,,,,,,,,,,,,,,,,,,,,,,,,,,,,,,,,,,,,,,,
Universidad La Republica,2021,,,,,,,,,5,5,3051,1315,3056,,3.0,,,,,,,,,,,,,,,,,,,,,,,,,,,,,,,,,,,,,,,,,,125.0,134.0
Universidad La Republica,2022,12.0,6.0,48.49,1.48,0.84,335.0,,,6,6,2218,14,2226,,38.0,,,,,,,,,,,,,,,,,,,,,,,,,,,,,,,,,,,,,,,,,,663.0,722.0
Universidad La Republica,2023,8.0,7.0,43.91,1.64,0.75,246.0,,,11,11,1548,70,1561,,12.0,,,,,,,,,,,,,,,,,,,,,,,,,,,,,,,,,,,,,,,,,,470.0,597.0
Universidad La Republica,2024,5.0,4.0,23.71,1.47,0.42,146.0,,,2,2,1084,,1086,,7.0,,,,,,,,,,,,,,,,,,,,,,,,,,,,,,,,,,,,,,,,,,381.0,394.0
Universidad La Republica,2025,5.0,4.0,23.71,1.47,0.42,146.0,,,2,2,526,,528,,,,,,,,,,,,,,,,,,,,,,,,,,,,,,,,,,,,,,,,,,,,,
Universidad Los Leones,2015,,5.0,52.64,,1.07,232.0,11,,,11,2124,1091,2135,,,,,,,,,,,,,,,,,,,,,,,,,,,,,,,,,,,,,,,,,,,,204.0,204.0
Universidad Los Leones,2016,,4.0,49.58,,0.45,222.0,,,,,1973,872,1973,,,,,,,,,,,,,,,,,,,,,,,,,,,,,,,,,,,,,,,,,,,,352.0,352.0
Universidad Los Leones,2017,,,28.49,,,145.0,,,,,1995,801,1995,,,,,,,,,,,,,,,,,,,,,,,,,,,,,,,,,,,,,,,,,,,,543.0,543.0
Universidad Los Leones,2018,5.0,1.0,43.53,0.49,0.07,172.0,,,,,3915,1635,3915,,,,,,,,,,,,,,,,,,,,,,,,,,,,,,,,,,,,,,,,,,,,616.0,616.0
Universidad Los Leones,2019,6.0,2.0,33.52,1.05,0.48,147.0,,,,,3297,197,3297,,,,,,,,,,,,,,,,,,,,,,,,,,,,,,,,,,,,,,,,,,,,1934.0,1934.0
Universidad Los Leones,2020,3.0,2.0,16.48,0.45,0.18,54.0,,,,,1243,18,1243,,,,,,,,,,,,,,,,,,,,,,,,,,,,,,,,,,,,,,,,,,,,713.0,713.0
Universidad Los Leones,2021,1.0,1.0,9.68,0.07,0.07,33.0,,,,,827,140,827,,,,,,,,,,,,,,,,,,,,,,,,,,,,,,,,,,,,,,,,,,,,247.0,247.0
Universidad Los Leones,2022,1.0,1.0,5.25,0.2,0.2,20.0,,,,,226,,226,,,,,,,,,,,,,,,,,,,,,,,,,,,,,,,,,,,,,,,,,,,,219.0,219.0
Universidad Los Leones,2023,1.0,,3.43,0.2,,12.0,,,,,39,,39,,,,,,,,,,,,,,,,,,,,,,,,,,,,,,,,,,,,,,,,,,,,76.0,76.0
Universidad Los Leones,2024,,,2.3,,,5.0,,,,,4,,4,,,,,,,,,,,,,,,,,,,,,,,,,,,,,,,,,,,,,,,,,,,,4.0,4.0
Universidad Los Leones,2025,,,2.05,,,2.0,,,,,,,,,,,,,,,,,,,,,,,,,,,,,,,,,,,,,,,,,,,,,,,,,,,,
Universidad Mayor,2015,120.0,108.0,1033.5,54.9,35.23,3083.0,9,,2953,2962,18346,6075,22549,,938.0,942195000,24000000,,6,,,,,,,,,,,,,,,,,,,,,,,,,,,,,,,,,,,,,48.0,2222.0,2229.0
Universidad Mayor,2016,102.0,102.0,1315.66,60.48,53.31,2969.0,13,,3297,3310,18787,5778,23465,,888.0,793403000,89443000,,9,,,,,,,,,,,,,,,,,,,,,,,,,,,,,,,,,,,,,88.0,2749.0,2753.0
Universidad Mayor,2017,116.0,110.0,1377.99,72.76,52.12,2964.0,16,,3364,3380,18438,5345,23105,,1058.0,931786000,,,8,,,,,,,,,,,,,,,,,,,,,,,,,,,,,,,,,,,,,64.0,2328.0,2328.0
Universidad Mayor,2018,259.0,119.0,1021.21,200.55,59.37,2735.0,23,,2747,2770,17733,4669,21634,1.0,1009.0,2190506000,182710000,,26,,,,,,,,,,,,,,,,,,,,,,,101+,,,,35.4,,52.6,,22.0,,22.4,,35.8,,73.0,2019.0,2023.0
Universidad Mayor,2019,290.0,88.0,1001.29,221.42,53.48,2450.0,45,,2856,2901,17736,4906,21584,3.0,1224.0,4772865000,398029000,,39,,,,,,,,,,,,,,,,,,,,,,,101+,,,,36.9,,53.5,,9.7,,29.0,,21.7,,118.0,2823.0,2827.0
Universidad Mayor,2020,303.0,102.0,967.73,230.36,61.35,2245.0,58,,2473,2531,17755,4998,21287,5.0,906.0,1997957000,,,16,,,,,,,,,,,,,,,,,,,,,,,126+,,,,35.5,,59.5,,10.3,,53.5,,21.9,,48.0,1429.0,1429.0
Universidad Mayor,2021,310.0,114.0,969.33,230.12,62.92,2251.0,70,,2707,2777,19902,5426,23691,3.0,904.0,2724157000,269766000,,17,,,,,,,,,,,,,,,,,,,,,,,101–125,,,,37.1,,60.4,,11.6,,73.3,,22.1,,85.0,3182.0,3182.0
Universidad Mayor,2022,282.0,117.0,875.82,208.41,62.31,2078.0,68,20649.0,2830,2898,20729,5157,24468,7.0,992.0,7107589000,199650000,2.0,27,,,,,,,,,,,,,,,,,,,,,,9.7,101–125,Reporter,,,34.9,,60.3,,14.3,,78.3,,23.1,,80.0,2763.0,2763.0
Universidad Mayor,2023,285.0,119.0,849.67,206.67,60.89,2079.0,62,20330.0,2046,2108,21531,4985,24337,12.0,933.0,4674031000,212000000,2.0,30,,,,,,,,,,,,,,,,,,,,,,11.0,101–125,Reporter,,,36.8,,59.4,,16.3,,80.3,,22.3,,143.0,2947.0,2948.0
Universidad Mayor,2024,344.0,114.0,799.99,212.89,56.22,2036.0,81,22644.0,1457,1538,22162,5505,24528,12.0,683.0,4723882000,32907000,1.0,31,17.6,,12.9,,36.6,,,,,,,15.9,,14.4,,68.5,,11.1,,14.0,,12.1,151+,1501+,,,16.4,16.0,49.1,49.5,14.0,9.1,39.3,28.7,21.1,18.6,104.0,3327.0,3419.0
Universidad Mayor,2025,351.0,129.0,798.38,231.49,62.4,2097.0,92,23703.0,1109,1201,22924,5662,24964,15.0,537.0,4599181000,58235000,1.0,27,,,25.7,,78.0,,,,25.7,,,,,11.9,,66.8,,15.1,,17.6,,12.2,,1501+,,,,16.4,,49.0,,9.0,,31.8,,18.7,136.0,3578.0,3764.0
Universidad Mayor,2026,,,,,,,96,23839.0,1101,1197,23981,6242,26036,,,2270110000,,1.0,17,16.2,,33.5,,91.2,,,,,,,27.3,,11.0,,77.3,,15.2,,23.1,,11.5,101–125,1501+,,,17.6,17.6,48.2,48.2,10.0,8.9,23.5,33.2,20.9,19.7,,,
Universidad Metropolitana de Ciencias de la Educacion,2015,85.0,4.0,323.43,64.27,1.43,505.0,21,,240,261,4700,1300,4963,3.0,151.0,152289000,,,2,,,,,,,,,,,,,,,,,,,,,,,,,,,,,,,,,,,,,,502.0,503.0
Universidad Metropolitana de Ciencias de la Educacion,2016,93.0,3.0,306.05,70.93,1.36,474.0,12,,199,211,4558,1170,4826,1.0,72.0,74331000,,,1,,,,,,,,,,,,,,,,,,,,,,,,,,,,,,,,,,,,,,589.0,589.0
Universidad Metropolitana de Ciencias de la Educacion,2017,91.0,3.0,328.25,70.5,1.3,503.0,5,,218,223,4701,1241,4952,2.0,57.0,,,,,,,,,,,,,,,,,,,,,,,,,,,,,,,,,,,,,,,,,,610.0,610.0
Universidad Metropolitana de Ciencias de la Educacion,2018,98.0,3.0,313.18,77.73,0.91,476.0,13,,184,197,4853,1309,5051,3.0,55.0,,,,,,,,,,,,,,,,,,,,,,,,,,,,,,,,,,,,,,,,,,449.0,449.0
Universidad Metropolitana de Ciencias de la Educacion,2019,110.0,4.0,328.27,82.25,0.75,537.0,20,,143,163,4806,1122,4971,4.0,43.0,155848000,,,2,,,,,,,,,,,,,,,,,,,,,,,,,,,,,,,,,,,,,,403.0,403.0
Universidad Metropolitana de Ciencias de la Educacion,2020,123.0,3.0,288.15,91.75,0.51,508.0,23,,51,74,4312,899,4386,3.0,23.0,136514000,,,3,,,,,,,,,,,,,,,,,,,,,,,,,,,,,,,,,,,,,,524.0,524.0
Universidad Metropolitana de Ciencias de la Educacion,2021,138.0,2.0,294.57,91.38,0.14,563.0,32,,92,124,4358,798,4482,1.0,72.0,80554000,,,1,,,,,,,,,,,,,,,,,,,,,,,,,,,,,,,,,,,,,,646.0,646.0
Universidad Metropolitana de Ciencias de la Educacion,2022,141.0,2.0,312.07,102.81,0.72,572.0,34,,137,171,3926,675,4123,,35.0,788377000,,,6,,,,,,,,,,,,,,,,,,,,,,,,,,,,,,,,,,,,,,866.0,870.0
Universidad Metropolitana de Ciencias de la Educacion,2023,137.0,3.0,318.55,108.97,0.72,576.0,25,,158,183,3730,1032,4046,10.0,48.0,698192000,,,9,,,,,,,,,,,,,,,,,,,,,,,,,,,,,,,,,,,,,,874.0,879.0
Universidad Metropolitana de Ciencias de la Educacion,2024,132.0,9.0,326.53,102.11,3.82,595.0,17,,157,174,3863,957,4132,1.0,29.0,559647000,,,4,,,,,,,,,,,,,,,,,,,,,,,,,,,,,,,,,,,,,,457.0,460.0
Universidad Metropolitana de Ciencias de la Educacion,2025,149.0,10.0,290.64,119.32,3.06,613.0,22,,169,191,3976,1256,4278,1.0,2.0,189984000,,,2,,,,,,,,,,,,,,,,,,,,,,,,,,,,,,,,,,,,,,412.0,412.0
Universidad Metropolitana de Ciencias de la Educacion,2026,,,,,,,29,,216,245,4278,1360,4680,,,1218468000,,,10,,,,,,,,,,,,,,,,,,,,,,,,,,,,,,,,,,,,,,,
Universidad Miguel de Cervantes,2015,8.0,3.0,42.41,1.32,0.77,166.0,,,945,945,1006,246,2004,,353.0,,,,,,,,,,,,,,,,,,,,,,,,,,,,,,,,,,,,,,,,,,74.0,91.0
Universidad Miguel de Cervantes,2016,6.0,4.0,34.66,1.45,0.82,156.0,,,846,846,957,168,2005,,515.0,,,,,,,,,,,,,,,,,,,,,,,,,,,,,,,,,,,,,,,,,,64.0,78.0
Universidad Miguel de Cervantes,2017,12.0,3.0,52.56,3.94,2.14,162.0,,,990,990,1086,323,3342,,351.0,,,,,,,,,,,,,,,,,,,,,,,,,,,,,,,,,,,,,,,,,,121.0,138.0
Universidad Miguel de Cervantes,2018,15.0,7.0,54.7,6.18,2.59,151.0,,,1310,1310,1097,298,3458,,449.0,,,,,,,,,,,,,,,,,,,,,,,,,,,,,,,,,,,,,,,,,,123.0,136.0
Universidad Miguel de Cervantes,2019,16.0,14.0,73.43,11.02,8.11,151.0,,,1559,1559,1127,656,3522,,669.0,,,,,,,,,,,,,,,,,,,,,,,,,,,,,,,,,,,,,,,,,,113.0,133.0
Universidad Miguel de Cervantes,2020,17.0,16.0,72.61,11.2,10.18,153.0,,,1573,1573,1118,627,3918,,742.0,,,,,,,,,,,,,,,,,,,,,,,,,,,,,,,,,,,,,,,,,,110.0,120.0
Universidad Miguel de Cervantes,2021,15.0,15.0,71.02,11.09,10.3,152.0,,,1590,1590,1129,1175,4093,,602.0,,,,,,,,,,,,,,,,,,,,,,,,,,,,,,,,,,,,,,,,,,169.0,194.0
Universidad Miguel de Cervantes,2022,17.0,14.0,66.11,11.14,9.14,138.0,,,1493,1493,1011,675,3322,,391.0,,,,,,,,,,,,,,,,,,,,,,,,,,,,,,,,,,,,,,,,,,210.0,224.0
Universidad Miguel de Cervantes,2023,18.0,13.0,75.91,13.16,8.2,144.0,,,1079,1079,1055,840,2873,,264.0,,,,,,,,,,,,,,,,,,,,,,,,,,,,,,,,,,,,,,,,,,153.0,169.0
Universidad Miguel de Cervantes,2024,21.0,13.0,81.48,12.36,8.66,163.0,,,1273,1273,1086,947,2980,,333.0,,,,,,,,,,,,,,,,,,,,,,,,,,,,,,,,,,,,,,,,,,167.0,178.0
Universidad Miguel de Cervantes,2025,18.0,15.0,82.0,10.27,8.5,179.0,,,1282,1282,1206,778,3252,,608.0,,,,,,,,,,,,,,,,,,,,,,,,,,,,,,,,,,,,,,,,,,205.0,215.0
Universidad Miguel de Cervantes,2026,,,,,,,,,1349,1349,1175,803,3304,,,,,,,,,,,,,,,,,,,,,,,,,,,,,,,,,,,,,,,,,,,,,
Universidad San Sebastian,2015,175.0,102.0,1620.77,77.63,39.51,4036.0,,,1167,1167,27075,6388,28715,,259.0,771751000,2000000,,7,,,,,,,,,,,,,,,,,,,,,,,,,,,,,,,,,,,,,51.0,3018.0,3029.0
Universidad San Sebastian,2016,190.0,111.0,1699.61,102.74,41.21,4602.0,,,1362,1362,27063,6594,29739,,331.0,310212000,26000000,,4,,,,,,,,,,,,,,,,,,,,,,,,,,,,,,,,,,,,,76.0,3305.0,3325.0
Universidad San Sebastian,2017,209.0,150.0,1576.47,113.73,45.52,4893.0,,,1771,1771,27593,6440,31065,,377.0,920677000,199801000,,11,,,,,,,,,,,,,,,,,,,,,,,,,,,,,,,,,,,,,67.0,3298.0,3319.0
Universidad San Sebastian,2018,236.0,143.0,1825.78,129.98,56.99,4951.0,16,,2117,2133,30030,7597,33754,,523.0,1104714000,10000000,,11,,,,,,,,,,,,,,,,,,,,,,,,,,,,,,,,,,,,,101.0,3404.0,3404.0
Universidad San Sebastian,2019,283.0,37.0,1918.45,156.8,15.16,5216.0,16,,2351,2367,31206,7273,35409,,692.0,1405461000,98000000,,14,,,,,,,,,,,,,,,,,,,,,,,,,,,,,,,,,,,,,109.0,3904.0,3904.0
Universidad San Sebastian,2020,328.0,58.0,1926.67,180.3,20.85,5217.0,43,,2843,2886,32365,6998,37146,,633.0,995890000,24000000,,11,,,,,,,,,,,,,,,,,,,,,,,,,,,,,,,,,,,,,71.0,2529.0,2529.0
Universidad San Sebastian,2021,353.0,139.0,1282.75,188.2,58.43,3460.0,69,,3294,3363,34905,8598,40257,4.0,611.0,1965187000,399978000,,15,,,,,,,,,,,,,,,,,,,,,,,,,,,,,,,,,,,,,26.0,5236.0,5236.0
Universidad San Sebastian,2022,414.0,134.0,1929.49,269.89,69.22,3876.0,86,,3718,3804,38275,8647,44191,3.0,858.0,3934587000,400000000,,19,,,,,,,,,,,,,,,,,,,,,,,,,,,,,,,,,,,,,105.0,5620.0,5620.0
Universidad San Sebastian,2023,497.0,157.0,2191.71,344.55,89.57,4499.0,110,,3608,3718,41126,11600,48175,2.0,814.0,4372262000,400000000,,33,,,,,,,,,,,,,,,,,,,,,,,,,,,,,,,,,,,,,99.0,5524.0,5524.0
Universidad San Sebastian,2024,701.0,250.0,2241.26,518.88,126.16,5036.0,148,,3004,3152,44438,10758,49510,3.0,939.0,5873607000,36000000,,42,6.7,,8.4,,17.0,,,,,,,20.4,,60.7,,49.6,,8.9,,15.9,,,,,,,,,,,,,,,,,129.0,6029.0,6029.0
Universidad San Sebastian,2025,791.0,278.0,2216.49,587.38,134.12,4984.0,171,,3226,3397,47555,10652,52974,20.0,1035.0,9725741000,1566199000,,63,,,16.5,,49.1,,,,33.7,,,,,55.5,,68.5,,11.9,,20.6,,,,,,,,,,,,,,,,,93.0,6900.0,6900.0
Universidad San Sebastian,2026,,,,,,,170,,2403,2573,48079,9811,53505,,,7443344000,680733000,,48,4.9,,21.8,,38.4,,,,,,,36.4,,52.2,,91.5,,16.0,,26.2,,,,,,,,,,,,,,,,,,,
Universidad Santo Tomas,2015,176.0,78.0,1123.96,75.12,29.34,4415.0,,,825,825,29046,7521,30204,,210.0,346282000,300000000,,3,,,,,,,,,,,,,,,,,,,,,,,,,,,,,,,,,,,,,,3382.0,3382.0
Universidad Santo Tomas,2016,181.0,61.0,1124.78,83.45,25.89,4524.0,,,935,935,29260,7692,30555,,118.0,455915000,422064000,,7,,,,,,,,,,,,,,,,,,,,,,,,,,,,,,,,,,,,,,3801.0,3801.0
Universidad Santo Tomas,2017,209.0,66.0,1164.2,104.25,26.57,4179.0,,,1133,1133,28718,7201,30290,,245.0,657379999,47999999,,7,,,,,,,,,,,,,,,,,,,,,,,,,,,,,,,,,,,,,,2954.0,2954.0
Universidad Santo Tomas,2018,207.0,62.0,1165.08,97.86,9.47,3967.0,13,,1648,1661,28101,6806,30417,,575.0,303226000,2000000,,5,,,,,,,,,,,,,,,,,,,,,,,,,,,,,,,,,,,,,,4283.0,4283.0
Universidad Santo Tomas,2019,189.0,59.0,1199.3,103.73,15.06,3989.0,12,,1262,1274,27393,6127,29439,,118.0,343060000,197995000,,2,,,,,,,,,,,,,,,,,,,,,,,,,,,,,,,,,,,,,,3719.0,3719.0
Universidad Santo Tomas,2020,193.0,66.0,1199.87,103.02,25.36,3738.0,9,,839,848,25160,4690,26300,,530.0,840966000,232000000,,8,,,,,,,,,,,,,,,,,,,,,,,,,,,,,,,,,,,,,,2660.0,2660.0
Universidad Santo Tomas,2021,252.0,70.0,1220.23,131.46,30.02,3836.0,15,,607,622,26760,4728,27865,,325.0,1515863000,599305000,,10,,,,,,,,,,,,,,,,,,,,,,,,,,,,,,,,,,,,,,4694.0,4694.0
Universidad Santo Tomas,2022,263.0,71.0,1274.99,142.47,28.22,4077.0,16,,578,594,26033,5945,27283,,197.0,1770968000,239980000,,13,,,,,,,,,,,,,,,,,,,,,,,151+,,,,34.9,,52.2,,12.7,,26.6,,15.4,,,4418.0,4418.0
Universidad Santo Tomas,2023,345.0,71.0,1264.85,184.58,28.98,3548.0,21,,551,572,26211,5997,27341,,340.0,1361236000,611986000,,11,,,,,,,,,,,,,,,,,,,,,,,151+,,,,36.1,,51.9,,13.6,,43.2,,13.6,,,5710.0,5710.0
Universidad Santo Tomas,2024,412.0,91.0,1221.15,211.91,35.05,3566.0,28,27382.0,434,462,26104,5989,26929,,67.0,5836266000,,1.0,16,8.0,,6.3,,20.8,,,,,,,4.3,,17.7,,41.4,,10.8,,11.5,,22.4,151+,Reporter,,,16.0,,45.3,,18.4,,21.6,,17.4,,,3163.0,3163.0
Universidad Santo Tomas,2025,757.0,116.0,1281.16,285.84,40.91,3869.0,37,26627.0,565,602,27610,6672,28971,4.0,205.0,2895868000,780973000,1.0,13,,,12.6,,36.0,,,,7.4,,,,,17.3,,44.6,,14.9,,12.1,,20.9,,1501+,,,,16.0,,45.5,,9.8,,12.5,,13.1,,4256.0,4256.0
Universidad Santo Tomas,2026,,,,,,,45,26783.0,570,615,29291,6583,30725,,,2276986000,455400000,0.0,18,5.9,,16.0,,44.6,,,,,,,8.3,,17.0,,66.4,,15.6,,18.2,,21.2,126–150,1501+,,,16.6,16.6,45.6,45.6,12.1,10.7,19.0,15.4,16.2,13.4,,,
Universidad Tecnica Federico Santa Maria,2015,282.0,55.0,635.53,230.84,47.8,1386.0,143,,796,939,18329,4734,19399,18.0,227.0,12250204000,381893000,,63,,,,,,,,,,,,,,,,,,,,,,,,,,,,,,,,,,,,,,1171.0,2824.0
Universidad Tecnica Federico Santa Maria,2016,287.0,63.0,689.77,233.03,54.49,1340.0,163,11718.0,897,1060,17998,4761,19182,9.0,212.0,5419938000,901505000,2.0,76,,,,,,,,,,,,,,,,,,,,,,34.0,13,401-500,58.7,0.0,40.5,35.1,74.4,54.1,53.1,10.1,99.8,70.5,39.2,17.2,,1216.0,2322.0
Universidad Tecnica Federico Santa Maria,2017,307.0,67.0,698.75,251.56,55.56,1341.0,150,18424.0,788,938,18146,3999,19166,20.0,253.0,6335056000,673914000,2.0,78,,,,,,,,,,,,,,,,,,,,,,28.3,22,401-500,58.6,,54.7,41.0,77.3,54.7,56.5,10.8,99.7,69.0,34.0,14.2,,1300.0,2435.0
Universidad Tecnica Federico Santa Maria,2018,330.0,75.0,697.48,269.05,54.99,1420.0,151,19265.0,909,1060,18275,4219,19500,21.0,258.0,5803294000,517977000,2.0,64,,,,,,,,,,,,,,,,,,,,,,30.3,24,501–600,64.7,,73.4,40.0,86.2,51.7,62.5,10.7,99.5,64.8,42.2,14.6,,1295.0,2773.0
Universidad Tecnica Federico Santa Maria,2019,414.0,92.0,776.76,318.22,62.14,1609.0,187,19273.0,1025,1212,18318,4176,19664,17.0,282.0,11375524000,1596287000,3.0,69,,,,,,,,,,,,,,,,,,,,,,27.9,51–60,601–800,,,72.2,44.3,87.6,54.4,37.4,10.2,92.7,50.4,34.1,12.1,,1132.0,2282.0
Universidad Tecnica Federico Santa Maria,2020,378.0,96.0,686.87,312.04,70.11,1478.0,173,19067.0,879,1052,18239,4776,19422,18.0,216.0,7129322000,1231689000,3.0,58,,,,,,,,,,,,,,,,,,,,,,27.3,63,801–1000,46.7,,68.7,44.9,89.2,54.5,44.2,9.8,74.3,40.2,23.3,13.6,,905.0,2067.0
Universidad Tecnica Federico Santa Maria,2021,408.0,96.0,737.58,326.84,64.65,1548.0,190,19430.0,978,1168,21134,4937,22535,19.0,190.0,7605710000,698486000,4.0,51,,,,,,,,,,,,,,,,,,,,,,24.7,49,1001+,54.3,,56.1,43.6,89.2,58.9,59.9,10.0,68.5,35.8,33.7,13.8,,1278.0,2480.0
Universidad Tecnica Federico Santa Maria,2022,398.0,98.0,765.16,321.43,67.09,1533.0,176,19291.0,615,791,21527,4890,22476,20.0,243.0,7440768000,1282661000,4.0,54,,,,,,,,,,,,,,,,,,,,,,25.7,49,1201+,56.9,,48.8,41.3,82.1,56.1,64.0,12.0,72.2,28.7,37.1,14.3,,1500.0,2931.0
Universidad Tecnica Federico Santa Maria,2023,455.0,99.0,813.82,363.11,70.57,1538.0,225,22405.0,1127,1352,21503,4845,22997,27.0,282.0,12417250000,1491600000,3.0,77,,,,,,,,,,,,,,,,,,,,,,30.0,62,1201–1500,50.7,,48.1,39.4,81.3,54.8,56.2,12.0,66.9,27.3,30.4,14.0,,1693.0,2836.0
Universidad Tecnica Federico Santa Maria,2024,457.0,109.0,792.17,357.2,72.36,1510.0,229,22812.0,1042,1271,21092,4884,22652,40.0,300.0,10344504000,887700000,3.0,55,57.5,15.8,73.6,5.9,80.6,,10.1,1.9,,,61.9,27.0,3.7,9.5,9.5,95.4,10.0,40.8,50.6,80.0,7.9,29.7,63,1201–1500,45.0,,37.9,32.3,56.4,56.9,51.2,10.8,60.5,36.2,28.4,12.3,,1837.0,2873.0
Universidad Tecnica Federico Santa Maria,2025,464.0,99.0,787.05,373.18,68.11,1524.0,277,23753.0,1027,1304,21303,5198,22958,35.0,319.0,40010485000,2818006000,2.0,84,,13.8,85.0,5.0,74.1,,13.1,1.6,41.5,,64.5,,3.2,8.2,41.6,88.4,9.8,50.5,33.0,84.6,7.6,31.0,,1501+,,,,38.1,,55.6,,11.8,,33.8,,12.7,,2149.0,3465.0
Universidad Tecnica Federico Santa Maria,2026,,,,,,,318,19907.0,1099,1417,21334,5572,23332,,,5410081000,683096000,2.0,41,46.3,19.0,80.2,8.3,67.7,1.6,17.7,1.8,,,62.5,22.5,4.7,10.0,46.3,94.1,13.3,51.1,37.5,83.4,42.7,27.1,=44,1501+,26.5,,40.7,40.7,53.8,53.8,15.0,12.9,45.2,33.0,19.4,14.5,,,
Universidad Tecnica Federico Santa Maria,2027,,,,,,,,,,,,,,,,,,,,,20.1,,8.7,,,16.0,4.0,,,,,4.5,,45.6,,13.3,,26.6,,47.1,,,,,,,,,,,,,,,,,,
Universidad Tecnologica Metropolitana,2015,83.0,10.0,302.34,57.16,1.98,736.0,,,63,63,7613,2178,7738,,11.0,144716000,,,1,,,,,,,,,,,,,,,,,,,,,,,,,,,,,,,,,,,,,,829.0,943.0
Universidad Tecnologica Metropolitana,2016,86.0,11.0,299.57,55.66,2.86,732.0,,,85,85,8342,2358,8487,,8.0,365965000,,,4,,,,,,,,,,,,,,,,,,,,,,,,,,,,,,,,,,,,,,712.0,787.0
Universidad Tecnologica Metropolitana,2017,88.0,13.0,300.67,54.15,3.69,760.0,,,61,61,8402,2149,8503,,49.0,1017614000,160000000,,12,,,,,,,,,,,,,,,,,,,,,,,,,,,,,,,,,,,,,,852.0,972.0
Universidad Tecnologica Metropolitana,2018,105.0,18.0,339.02,61.95,5.82,789.0,,,24,24,8976,2328,9043,,10.0,568806000,200000000,,3,,,,,,,,,,,,,,,,,,,,,,,,,,,,,,,,,,,,,,637.0,707.0
Universidad Tecnologica Metropolitana,2019,132.0,23.0,351.61,83.41,12.41,810.0,,,32,32,8590,1909,8706,,16.0,488881000,2000000,,6,,,,,,,,,,,,,,,,,,,,,,,,,,,,,,,,,,,,,,820.0,884.0
Universidad Tecnologica Metropolitana,2020,154.0,32.0,380.7,112.43,21.45,864.0,5,,21,26,8969,2047,9020,,16.0,1104758000,24000000,,10,,,,,,,,,,,,,,,,,,,,,,,,,,,,,,,,,,,,,,1101.0,1156.0
Universidad Tecnologica Metropolitana,2021,171.0,35.0,374.98,117.25,23.61,873.0,8,,61,69,9136,1738,9319,,12.0,2203597000,199914000,,9,,,,,,,,,,,,,,,,,,,,,,,,,,,,,,,,,,,,,,680.0,704.0
Universidad Tecnologica Metropolitana,2022,167.0,35.0,369.91,120.16,23.14,852.0,11,,126,137,8601,1707,8922,,23.0,1934781000,200000000,,15,,,,,,,,,,,,,,,,,,,,,,,,,,,,,,,,,,,,,,1374.0,1415.0
Universidad Tecnologica Metropolitana,2023,195.0,40.0,371.14,135.32,29.93,851.0,18,,159,177,8041,1912,8365,,23.0,1794913000,400000000,,13,,,,,,,,,,,,,,,,,,,,,,,,,,,,,,,,,,,,,,1366.0,1392.0
Universidad Tecnologica Metropolitana,2024,216.0,64.0,396.23,168.11,47.11,878.0,26,,172,198,7935,1852,8204,,33.0,1289735000,36000000,,11,,,10.1,,50.6,,,,,,,10.0,,21.7,,29.1,,7.4,,12.9,,,,,,,,,,,,,,,,,,1532.0,1571.0
Universidad Tecnologica Metropolitana,2025,228.0,69.0,402.16,168.8,46.2,916.0,42,,273,315,8161,2242,8546,3.0,68.0,5813355000,43000000,,19,,,27.3,,78.9,,,,19.5,,,,,16.1,,29.5,,7.8,,13.9,,,,,,,,,,,,,,,,,,768.0,788.0
Universidad Tecnologica Metropolitana,2026,,,,,,,56,,271,327,8712,2569,9402,,,2543726000,455400000,,17,35.6,,41.1,,64.5,,,,,,,22.5,,12.7,,40.4,,12.1,,20.8,,,,,,,,,,,,,,,,,,,
Universidad UNIACC,2025,,,,,,,,,,,,,,,,,,,,,,1.3,,,,,,7.0,,,,,17.3,,,,3.7,,5.4,,,,,,,,,,,,,,,,,,,
Universidad UNIACC,2026,,,,,,,,,,,,,,,,,,,,2.1,,1.2,,,,,,,,,7.4,,23.6,,,,4.0,,5.8,,,,,,,,,,,,,,,,,,,
Universidad Ucinf,2015,10.0,13.0,111.26,4.02,4.14,388.0,,,50,50,3068,313,3126,,21.0,,,,,,,,,,,,,,,,,,,,,,,,,,,,,,,,,,,,,,,,,,491.0,622.0
Universidad Ucinf,2016,12.0,10.0,77.57,2.03,2.03,337.0,,,241,241,2614,362,2855,,6.0,,,,,,,,,,,,,,,,,,,,,,,,,,,,,,,,,,,,,,,,,,854.0,924.0
Universidad Ucinf,2017,1.0,2.0,7.46,0.12,0.24,45.0,,,158,158,546,,704,,10.0,,,,,,,,,,,,,,,,,,,,,,,,,,,,,,,,,,,,,,,,,,787.0,855.0
Universidad Ucinf,2018,5.0,1.0,14.2,0.59,0.36,89.0,,,8,8,140,,148,,1.0,,,,,,,,,,,,,,,,,,,,,,,,,,,,,,,,,,,,,,,,,,317.0,336.0
Universidad Ucinf,2019,,,2.11,,,14.0,,,,,45,,45,,,,,,,,,,,,,,,,,,,,,,,,,,,,,,,,,,,,,,,,,,,,,
Universidad de Antofagasta,2015,138.0,15.0,395.66,131.23,12.03,573.0,53,,145,198,7427,1789,7628,10.0,38.0,1221224000,180000000,,18,,,,,,,,,,,,,,,,,,,,,,,,,,,,,,,,,,,,,4.0,770.0,1671.0
Universidad de Antofagasta,2016,132.0,13.0,380.81,128.09,12.5,462.0,56,,212,268,6965,2026,7333,6.0,48.0,1866578000,699730000,,25,,,,,,,,,,,,,,,,,,,,,,,,,,,,,,,,,,,,,4.0,777.0,1193.0
Universidad de Antofagasta,2017,145.0,19.0,401.22,138.19,16.06,603.0,62,,189,251,7501,1905,7752,6.0,64.0,2707486000,815105000,,25,,,,,,,,,,,,,,,,,,,,,,,,,,,,,,,,,,,,,4.0,721.0,909.0
Universidad de Antofagasta,2018,157.0,31.0,432.02,149.77,26.47,700.0,70,,218,288,8050,2048,8358,13.0,67.0,1738832000,669310000,,17,,,,,,,,,,,,,,,,,,,,,,,101+,,,,0.0,,58.3,,4.7,,70.2,,23.0,,11.0,715.0,960.0
Universidad de Antofagasta,2019,166.0,31.0,422.93,156.88,28.15,668.0,66,,189,255,8044,1943,8349,13.0,68.0,1481445000,376000000,,17,,,,,,,,,,,,,,,,,,,,,,,81–90,,,,36.5,,57.8,,26.4,,78.4,,25.0,,2.0,829.0,1000.0
Universidad de Antofagasta,2020,158.0,30.0,395.62,155.0,30.0,493.0,59,,68,127,7819,1699,7972,8.0,54.0,1521845000,859094000,,12,,,,,,,,,,,,,,,,,,,,,,,86,,39.4,,35.5,,65.2,,19.1,,95.1,,22.5,,,620.0,795.0
Universidad de Antofagasta,2021,157.0,31.0,407.07,153.86,29.0,560.0,43,9152.0,80,123,7868,1647,8073,14.0,69.0,3315348000,690000000,1.0,28,,,,,,,,,,,,,,,,,,,,,,20.1,,601–800,,,,33.4,,49.9,,8.8,,69.5,,14.5,,805.0,990.0
Universidad de Antofagasta,2022,162.0,36.0,481.73,157.45,32.25,598.0,58,,83,141,7699,1570,7896,10.0,38.0,2235996000,799706000,,12,,,,,,,,,,,,,,,,,,,,,,,84,,44.0,,34.9,,74.7,,25.6,,99.5,,24.7,,7.0,1255.0,1453.0
Universidad de Antofagasta,2023,163.0,59.0,540.16,156.21,36.33,793.0,61,8083.0,57,118,7455,1657,7780,12.0,43.0,3281714000,821518000,2.0,21,,,,,,,,,,,,,,,,,,,,,,20.4,87,601–800,42.7,,36.1,36.9,71.1,52.4,20.5,9.5,98.6,81.0,27.2,14.8,18.0,1143.0,1341.0
Universidad de Antofagasta,2024,160.0,53.0,543.52,152.05,32.25,827.0,35,8563.0,45,80,7043,1700,7124,4.0,18.0,3303092000,1193496000,2.0,19,50.6,,65.9,,99.9,,,,,,33.4,4.2,,13.4,,60.2,,14.7,,4.9,,15.9,126–150,1201–1500,,,17.4,17.2,54.2,53.2,19.9,9.4,42.8,51.7,25.9,16.9,9.0,881.0,1046.0
Universidad de Antofagasta,2025,152.0,58.0,457.77,147.66,33.91,730.0,93,7978.0,48,141,7013,1710,7279,5.0,19.0,3672832000,945255000,2.0,19,,,68.7,,98.2,,,,16.3,,34.4,,,18.3,,56.5,,19.1,,8.3,,13.3,,1201–1500,,,,17.4,,53.6,,9.5,,43.5,,18.5,8.0,950.0,1121.0
Universidad de Antofagasta,2026,,,,,,,33,7763.0,22,55,7080,1602,7176,,,765369000,,3.0,7,22.7,,56.1,,92.1,,,,,,36.2,20.8,,24.8,,75.9,,22.6,,12.3,,10.1,94,1501+,21.6,,18.1,18.1,55.0,55.0,11.1,9.6,23.3,40.2,23.9,22.5,,,
"Universidad de Artes, Ciencias y Comunicacion",2026,,,,,,,,,,,,,,,,175549000,,,2,,,,,,,,,,,,,,,,,,,,,,,,,,,,,,,,,,,,,,,
Universidad de Atacama,2015,41.0,13.0,247.93,40.5,12.07,352.0,,,,,4352,1679,4352,,8.0,589676000,,,9,,,,,,,,,,,,,,,,,,,,,,,,,,,,,,,,,,,,,,268.0,600.0
Universidad de Atacama,2016,50.0,22.0,261.18,47.93,20.09,341.0,,,14,14,6359,2139,6373,,11.0,768462000,,,7,,,,,,,,,,,,,,,,,,,,,,,,,,,,,,,,,,,,,,273.0,662.0
Universidad de Atacama,2017,70.0,27.0,319.07,70.0,27.0,333.0,,,19,19,6928,2378,6947,,10.0,79985000,,,3,,,,,,,,,,,,,,,,,,,,,,,,,,,,,,,,,,,,,,416.0,832.0
Universidad de Atacama,2018,74.0,26.0,331.66,74.0,26.0,333.0,4,,17,21,7107,2016,7128,,17.0,195374000,,,2,,,,,,,,,,,,,,,,,,,,,,,,,,,,,,,,,,,,,,269.0,758.0
Universidad de Atacama,2019,91.0,22.0,333.57,91.0,22.0,337.0,8,,40,48,7342,2058,7390,,25.0,723159000,4000000,,12,,,,,,,,,,,,,,,,,,,,,,,,,,,,,,,,,,,,,,391.0,942.0
Universidad de Atacama,2020,104.0,24.0,382.11,103.14,24.0,396.0,9,,135,144,6661,1713,6805,,20.0,725838000,,,9,,,,,,,,,,,,,,,,,,,,,,,,,,,,,,,,,,,,,,308.0,1071.0
Universidad de Atacama,2021,102.0,34.0,379.82,100.14,31.75,429.0,12,,18,30,7739,1846,7833,,41.0,854708000,,,11,,,,,,,,,,,,,,,,,,,,,,,,,,,,,,,,,,,,,,439.0,1076.0
Universidad de Atacama,2022,105.0,28.0,364.59,102.5,27.25,391.0,14,,29,43,7603,1640,7657,1.0,19.0,2098981000,170487000,,16,,,,,,,,,,,,,,,,,,,,,,,,,,,,,,,,,,,,,,625.0,1373.0
Universidad de Atacama,2023,101.0,27.0,336.25,98.5,26.5,349.0,9,,31,40,7652,1950,7693,3.0,11.0,2251190000,191910000,,15,,,,,,,,,,,,,,,,,,,,,,,,,,,,,,,,,,,,,,490.0,1043.0
Universidad de Atacama,2024,101.0,29.0,332.5,99.25,28.5,343.0,13,,34,47,7847,2061,7894,,12.0,2157735550,227627550,,12,,,46.6,,41.1,,,,,,,8.6,,5.3,,36.8,,6.2,,6.7,,,,,,,,,,,,,,,,,,639.0,1531.0
Universidad de Atacama,2025,101.0,26.0,334.0,99.25,25.5,350.0,16,,34,50,8064,2182,8144,2.0,13.0,2472382000,236534000,,10,,,55.5,,58.2,,,,23.5,,,,,5.9,,56.2,,8.0,,9.1,,,,,,,,,,,,,,,,,,613.0,1436.0
Universidad de Atacama,2026,,,,,,,26,,46,72,8091,2064,8163,,,711012000,,,5,16.3,,81.5,,65.9,,,,,,,18.2,,5.2,,65.5,,7.9,,9.1,,,,,,,,,,,,,,,,,,,
Universidad de Chile,2015,1266.0,150.0,2159.86,1069.78,112.8,3455.0,1333,,5972,7305,29494,8634,38417,189.0,1692.0,63642874000,24095904000,,345,,,,,,,,,,,,,,,,,,,,,,,,,,,,,,,,,,,,,443.0,3343.0,3343.0
Universidad de Chile,2016,1302.0,156.0,2191.61,1106.06,123.41,3540.0,1394,29207.0,5797,7191,30480,8454,38874,209.0,1655.0,34958849000,5408794000,3.0,353,,,,,,,,,,,,,,,,,,,,,,14.2,4,501-600,75.4,0.0,32.7,0.0,76.0,44.1,76.8,19.6,88.6,30.5,69.5,28.3,599.0,3340.0,3340.0
Universidad de Chile,2017,1346.0,157.0,2264.3,1153.14,123.84,3650.0,1319,38079.0,5482,6801,31095,8355,39246,179.0,1736.0,33240856000,2334202000,4.0,331,,,,,,,,,,,,,,,,,,,,,,17.4,4,501-600,81.1,,34.9,32.1,78.8,46.7,86.3,18.4,92.5,36.9,73.5,25.4,471.0,3653.0,3653.0
Universidad de Chile,2018,1440.0,159.0,2320.39,1214.7,120.84,3783.0,1279,38848.0,4681,5960,32434,8508,39493,227.0,1774.0,41516818000,4384806000,5.0,295,,,,,,,,,,,,,,,,,,,,,,17.2,6,601–800,81.5,,35.4,31.8,80.3,49.1,91.3,19.0,90.4,34.3,70.7,24.4,573.0,3464.0,3464.0
Universidad de Chile,2019,1500.0,172.0,2370.58,1273.34,129.84,3884.0,1229,39345.0,4688,5917,33757,8600,40582,209.0,1767.0,45115580000,4915512000,6.0,315,,,,,,,,,,,,,,,,,,,,,,17.1,7,601–800,83.0,,36.9,34.0,80.6,50.5,92.1,18.0,82.4,34.6,78.4,24.3,550.0,3879.0,3879.0
Universidad de Chile,2020,1484.0,198.0,2367.88,1265.77,146.7,3884.0,1137,35447.0,4045,5182,33274,8043,39501,185.0,1083.0,33271871000,7262774000,6.0,285,,,,,,,,,,,,,,,,,,,,,,15.0,8,801–1000,82.0,,52.1,34.5,79.8,51.2,91.4,17.1,73.8,33.9,80.1,23.2,504.0,2964.0,2964.0
Universidad de Chile,2021,1548.0,177.0,2365.64,1302.22,133.52,3932.0,1245,36433.0,5200,6445,35615,8460,43336,192.0,1886.0,56656051000,3850831000,6.0,235,,,,,,,,,,,,,,,,,,,,,,15.4,6,801–1000,82.1,,53.3,38.3,79.3,51.9,91.8,17.0,76.7,35.1,78.5,23.6,503.0,4193.0,4193.0
Universidad de Chile,2022,1584.0,179.0,2341.61,1316.99,135.41,3927.0,1219,37264.0,5425,6644,34833,8078,42904,173.0,1422.0,39538571000,5939355000,5.0,265,,,,,,,,,,,,,,,,,,,,,,15.4,7,801–1000,83.7,,61.7,40.3,79.4,50.4,93.2,18.1,82.8,36.7,77.7,23.8,424.0,4321.0,4321.0
Universidad de Chile,2023,1612.0,185.0,2310.09,1337.26,138.43,3922.0,1153,37286.0,5094,6247,37086,8849,45248,192.0,1920.0,50285726000,17130366000,5.0,250,,,,,,,,,,,,,,,,,,,,,,15.5,9,1001–1200,81.6,,57.2,41.7,79.1,51.2,90.4,18.6,79.3,37.1,76.8,22.6,580.0,5038.0,5038.0
Universidad de Chile,2024,1679.0,190.0,2370.48,1397.83,145.5,4040.0,1166,39510.0,4999,6165,37202,8691,45329,192.0,1949.0,41357569875,5215391875,5.0,267,73.7,9.0,98.4,12.5,83.1,,50.4,5.0,,50.2,94.9,99.2,9.7,24.6,48.6,99.8,81.5,100.0,96.6,100.0,36.3,16.4,9,801–1000,77.0,,55.5,57.4,49.7,52.9,88.9,19.8,79.6,50.5,72.4,25.9,476.0,5343.0,5343.0
Universidad de Chile,2025,1693.0,197.0,2373.48,1410.76,148.89,4079.0,1205,39966.0,5356,6561,37610,11724,54202,231.0,2235.0,59686651000,5818164000,3.0,234,,8.5,99.6,11.2,83.6,,96.1,4.5,99.9,53.7,93.9,,8.0,22.7,77.1,99.7,82.8,100.0,90.0,100.0,64.1,16.9,,1001–1200,,,,55.8,,49.6,,21.3,,48.3,,25.6,547.0,5351.0,5351.0
Universidad de Chile,2026,,,,,,,1204,42010.0,5343,6547,37087,11646,53161,,,28144239000,2220224000,3.0,194,69.2,12.2,99.4,18.2,75.7,13.1,97.6,8.1,,59.1,92.5,100.0,10.9,22.3,77.9,99.7,91.9,100.0,92.0,100.0,69.5,17.3,13,1001–1200,38.4,,56.5,56.5,49.3,49.3,25.0,21.5,61.6,48.3,33.6,26.6,,,
Universidad de Chile,2027,,,,,,,,,,,,,,,,,,,,,10.6,,16.0,,,95.7,8.2,,57.1,,,9.9,,76.8,,92.0,,85.1,,66.4,,,,,,,,,,,,,,,,,,
Universidad de Concepcion,2015,730.0,111.0,1397.84,685.43,104.32,1739.0,567,,1432,1999,24291,5709,26796,87.0,460.0,14557726000,2677562000,,172,,,,,,,,,,,,,,,,,,,,,,,,,,,,,,,,,,,,,112.0,2936.0,2942.0
Universidad de Concepcion,2016,757.0,115.0,1406.48,712.93,108.43,1739.0,587,,1506,2093,24812,5915,27596,81.0,388.0,14092935000,2906544000,,162,,,,,,,,,,,,,,,,,,,,,,,14,,58.5,,69.7,,65.2,,63.5,,73.1,,43.5,,124.0,2656.0,2662.0
Universidad de Concepcion,2017,788.0,120.0,1434.5,738.73,110.5,1778.0,604,26253.0,1493,2097,24646,5763,27663,81.0,484.0,16795777000,3362160000,1.0,184,,,,,,,,,,,,,,,,,,,,,,17.6,13,601-800,63.9,,86.9,56.4,66.4,46.2,71.1,13.0,76.1,20.8,48.4,15.5,153.0,2906.0,2913.0
Universidad de Concepcion,2018,823.0,118.0,1464.84,771.05,109.8,1813.0,646,26682.0,1568,2214,25023,6023,27606,79.0,446.0,19840850000,4154758000,1.0,162,,,,,,,,,,,,,,,,,,,,,,17.9,17,801–1000,69.9,,94.9,57.2,67.6,47.6,79.8,13.5,73.7,20.4,57.2,17.1,144.0,2764.0,2777.0
Universidad de Concepcion,2019,865.0,129.0,1476.82,809.73,119.32,1822.0,647,27077.0,1487,2134,24933,5807,27165,117.0,470.0,16113541000,3373398000,1.0,155,,,,,,,,,,,,,,,,,,,,,,17.5,45,1001+,55.5,,94.4,55.1,67.9,48.5,58.7,13.3,60.5,18.2,44.4,14.8,149.0,2733.0,2743.0
Universidad de Concepcion,2020,873.0,139.0,1462.48,815.16,127.55,1832.0,670,27640.0,1458,2128,25870,5280,28996,88.0,334.0,17260364000,3649702000,1.0,138,,,,,,,,,,,,,,,,,,,,,,17.4,=47,1001+,55.0,,93.1,56.6,68.8,48.7,58.6,11.6,59.3,19.7,43.6,15.4,127.0,2149.0,2158.0
Universidad de Concepcion,2021,894.0,136.0,1485.23,834.32,123.18,1868.0,664,28176.0,1672,2336,26569,5061,29680,89.0,472.0,25946994000,3809129000,2.0,108,,,,,,,,,,,,,,,,,,,,,,17.2,55,1001+,51.6,,88.8,56.0,72.6,49.3,51.1,12.1,64.4,23.5,37.9,16.4,124.0,3168.0,3175.0
Universidad de Concepcion,2022,939.0,141.0,1478.3,877.75,128.02,1852.0,676,28260.0,1665,2341,27452,5190,30428,110.0,428.0,20632528000,6006302000,2.0,144,,,,,,,,,,,,,,,,,,,,,,17.2,26,1001–1200,65.9,,92.3,56.1,73.3,50.4,72.7,13.3,75.9,28.3,50.6,16.7,166.0,3223.0,3232.0
Universidad de Concepcion,2023,954.0,140.0,1495.36,891.52,125.59,1884.0,688,28112.0,1657,2345,26129,5291,29045,104.0,522.0,24968591000,10590383000,2.0,141,,,,,,,,,,,,,,,,,,,,,,17.1,22,1201–1500,66.8,,87.2,49.9,71.6,50.7,76.3,14.0,79.3,30.1,48.4,16.4,158.0,3538.0,3556.0
Universidad de Concepcion,2024,998.0,146.0,1529.84,934.8,131.18,1916.0,698,30174.0,1382,2080,25797,5494,28491,99.0,459.0,22454368811,5718305355,2.0,138,66.3,13.1,82.7,7.4,88.7,,9.5,2.2,,,84.1,84.5,13.1,32.0,16.3,97.8,27.0,80.7,35.6,84.9,31.6,18.2,33,1201–1500,57.3,,47.9,44.6,51.6,52.0,69.7,16.4,57.1,38.2,47.8,17.3,159.0,3634.0,3646.0
Universidad de Concepcion,2025,1015.0,150.0,1539.18,946.11,132.82,1951.0,735,30363.0,1202,1937,25370,5428,28017,120.0,496.0,51731363000,6639679000,2.0,153,,10.6,88.1,6.7,93.4,,12.5,1.7,86.3,,87.8,,14.8,39.4,61.1,97.6,26.2,87.7,22.4,89.1,45.9,17.9,,1201–1500,,,,48.0,,51.3,,17.0,,38.5,,18.2,149.0,3450.0,3470.0
Universidad de Concepcion,2026,,,,,,,737,29870.0,1283,2020,25818,5574,28703,,,15760868000,2880822000,2.0,101,60.4,14.5,88.9,12.3,89.8,6.9,16.9,2.6,,27.8,87.1,82.5,20.2,37.0,64.1,98.7,36.8,89.2,34.0,88.7,69.5,17.0,=32,1201–1500,28.3,,47.7,47.7,50.8,50.8,19.7,18.1,40.9,40.9,22.2,19.3,,,
Universidad de Concepcion,2027,,,,,,,,,,,,,,,,,,,,,12.6,,10.4,,,15.6,2.5,,26.6,,,18.4,,66.6,,38.4,,26.6,,72.1,,,,,,,,,,,,,,,,,,
Universidad de La Serena,2015,109.0,9.0,342.09,98.27,6.05,671.0,22,,93,115,6997,1700,7182,9.0,63.0,968271000,,,13,,,,,,,,,,,,,,,,,,,,,,,,,,,,,,,,,,,,,,727.0,811.0
Universidad de La Serena,2016,111.0,9.0,353.5,102.3,6.41,688.0,26,,119,145,7090,1782,7359,5.0,38.0,703411000,,,12,,,,,,,,,,,,,,,,,,,,,,,,,,,,,,,,,,,,,,850.0,921.0
Universidad de La Serena,2017,132.0,18.0,373.45,122.7,15.59,719.0,36,,172,208,7411,1942,7721,2.0,21.0,1234817000,2000000,,14,,,,,,,,,,,,,,,,,,,,,,,,,,,,,,,,,,,,,,778.0,868.0
Universidad de La Serena,2018,130.0,19.0,360.91,117.16,15.95,718.0,45,,124,169,7517,1894,7805,,24.0,1003367000,19919000,,17,,,,,,,,,,,,,,,,,,,,,,,91–100,,,,35.3,,40.1,,15.8,,78.7,,18.9,,,607.0,683.0
Universidad de La Serena,2019,136.0,21.0,359.89,120.82,17.48,708.0,56,,116,172,7606,1896,7918,7.0,31.0,721918000,,,15,,,,,,,,,,,,,,,,,,,,,,,101+,,,,36.6,,46.4,,15.3,,77.6,,14.4,,,767.0,813.0
Universidad de La Serena,2020,121.0,19.0,300.07,112.14,15.77,539.0,59,,84,143,6656,1738,6824,4.0,20.0,1438490000,,,17,,,,,,,,,,,,,,,,,,,,,,,101–125,,,,35.5,,52.2,,18.0,,91.3,,12.8,,,487.0,505.0
Universidad de La Serena,2021,124.0,24.0,308.7,113.6,17.05,668.0,66,,131,197,7973,1522,8194,5.0,49.0,1587586000,199919000,,16,,,,,,,,,,,,,,,,,,,,,,,99,,38.0,,36.9,,57.1,,19.0,,94.4,,20.7,,,992.0,1064.0
Universidad de La Serena,2022,130.0,19.0,315.68,120.09,13.91,637.0,70,7778.0,115,185,7576,1377,7784,6.0,35.0,3316468000,,1.0,17,,,,,,,,,,,,,,,,,,,,,,21.6,101–125,Reporter,,,34.9,,61.6,,17.5,,97.4,,16.6,,,1041.0,1109.0
Universidad de La Serena,2023,132.0,18.0,342.25,122.22,13.76,755.0,78,7643.0,96,174,7483,1688,7674,10.0,54.0,2466623000,,1.0,16,,,,,,,,,,,,,,,,,,,,,,25.5,=93,801–1000,41.4,,36.1,36.9,61.9,48.0,26.0,9.3,95.3,65.6,22.1,12.7,,999.0,1071.0
Universidad de La Serena,2024,137.0,23.0,338.61,125.3,16.98,724.0,80,8170.0,88,168,7465,1782,7654,10.0,29.0,2063349000,,1.0,16,39.3,4.7,63.1,7.3,99.9,,7.7,1.3,,,31.3,12.6,3.0,7.3,1.0,33.0,3.9,16.9,2.0,13.0,1.2,26.4,126–150,1201–1500,,,16.6,16.4,50.7,50.4,19.9,9.9,43.8,49.2,19.5,12.3,,1365.0,1412.0
Universidad de La Serena,2025,142.0,23.0,339.84,131.4,14.81,758.0,91,7761.0,118,209,7554,1847,7763,14.0,32.0,4031595000,474207000,0.0,22,,4.4,77.1,5.6,90.6,,2.1,1.3,21.8,,35.9,,3.3,9.7,14.7,45.2,4.0,23.5,2.6,19.3,1.1,24.6,,1201–1500,,,,16.6,,50.0,,9.4,,54.3,,12.9,,1063.0,1099.0
Universidad de La Serena,2026,,,,,,,99,7657.0,112,211,7837,1910,8112,,,1254668000,,1.0,10,31.1,,74.9,,83.5,,,,,,36.3,21.1,,9.9,,58.3,,27.6,,16.7,,22.4,81,1201–1500,23.2,,17.3,17.3,50.3,50.3,11.9,10.3,41.4,54.3,18.3,14.3,,,
Universidad de Las Americas,2015,45.0,53.0,996.12,13.48,17.02,3063.0,,,178,178,26229,4734,26407,,102.0,,,,,,,,,,,,,,,,,,,,,,,,,,,,,,,,,,,,,,,,,,3984.0,4938.0
Universidad de Las Americas,2016,59.0,56.0,980.2,17.83,15.78,2936.0,,,136,136,24264,5359,24521,,46.0,,,,,,,,,,,,,,,,,,,,,,,,,,,,,,,,,,,,,,,,,,3914.0,4614.0
Universidad de Las Americas,2017,71.0,50.0,996.82,25.66,12.41,2817.0,,,90,90,24287,6196,24410,,37.0,,,,,,,,,,,,,,,,,,,,,,,,,,,,,,,,,,,,,,,,,,3847.0,4338.0
Universidad de Las Americas,2018,106.0,45.0,985.3,39.46,12.0,3026.0,,,69,69,23114,5235,23221,,31.0,90798000,,,1,,,,,,,,,,,,,,,,,,,,,,,,,,,,,,,,,,,,,,2947.0,3325.0
Universidad de Las Americas,2019,113.0,52.0,988.85,47.49,14.93,2860.0,,,57,57,23571,5301,23674,,18.0,,,,,,,,,,,,,,,,,,,,,,,,,,,,,,,,,,,,,,,,,,2712.0,3282.0
Universidad de Las Americas,2020,132.0,45.0,946.11,57.97,16.59,2496.0,,,56,56,22734,5146,22790,,23.0,,,,,,,,,,,,,,,,,,,,,,,,,,,,,,,,,,,,,,,,,,2294.0,2849.0
Universidad de Las Americas,2021,195.0,68.0,1063.77,114.25,31.93,2342.0,,,143,143,24770,6100,25671,,30.0,,,,,,,,,,,,,,,,,,,,,,,,,,,,,,,,,,,,,,,,,,3498.0,4115.0
Universidad de Las Americas,2022,326.0,100.0,1110.31,198.68,45.38,2767.0,,,237,237,26012,5412,27224,,58.0,157632000,,,2,,,,,,,,,,,,,,,,,,,,,,,,,,,,,,,,,,,,,,3094.0,3821.0
Universidad de Las Americas,2023,361.0,104.0,1105.95,195.04,47.23,2573.0,,,229,229,27473,7667,28938,,84.0,1320257000,242138000,,12,,,,,,,,,,,,,,,,,,,,,,,,,,,,,,,,,,,,,,3453.0,4346.0
Universidad de Las Americas,2024,378.0,98.0,1163.56,204.43,42.34,2579.0,,,224,224,30041,8875,31708,,107.0,1223605000,,,5,6.3,,3.3,,2.1,,,,,,,9.0,,11.6,,12.9,,11.5,,17.1,,,,,,,,,,,,,,,,,,3546.0,4161.0
Universidad de Las Americas,2025,461.0,107.0,1323.15,264.09,51.71,2857.0,,,347,347,33106,8923,34925,,98.0,1227355000,70000000,,11,,,6.8,,11.1,,,,16.5,,,,,16.9,,29.1,,20.7,,20.5,,,,,,,,,,,,,,,,,,3622.0,4196.0
Universidad de Las Americas,2026,,,,,,,10,,399,409,36354,9124,38495,,,1534054000,,,13,10.4,,9.7,,15.8,,,,,,,17.9,,21.1,,46.9,,26.2,,25.5,,,,,,,,,,,,,,,,,,,
Universidad de Los Lagos,2015,81.0,24.0,365.54,69.55,14.18,775.0,15,,129,144,9238,2732,9382,,9.0,1658987000,641243000,,18,,,,,,,,,,,,,,,,,,,,,,,,,,,,,,,,,,,,,,307.0,1287.0
Universidad de Los Lagos,2016,86.0,24.0,407.16,78.66,17.73,867.0,29,,91,120,9251,3084,9371,,,1290991000,446338000,,13,,,,,,,,,,,,,,,,,,,,,,,,,,,,,,,,,,,,,,453.0,1812.0
Universidad de Los Lagos,2017,99.0,22.0,432.45,93.09,13.86,904.0,21,,67,88,9472,2715,9560,3.0,38.0,1600421000,347685000,,21,,,,,,,,,,,,,,,,,,,,,,,,,,,,,,,,,,,,,,450.0,1869.0
Universidad de Los Lagos,2018,118.0,26.0,458.94,108.82,17.93,928.0,32,,63,95,9776,2674,9871,4.0,25.0,1846675000,569143000,,18,,,,,,,,,,,,,,,,,,,,,,,,,,,,,,,,,,,,,,561.0,2083.0
Universidad de Los Lagos,2019,127.0,26.0,472.91,119.84,17.66,909.0,30,,63,93,9657,2484,9750,4.0,36.0,1253607000,,,14,,,,,,,,,,,,,,,,,,,,,,,81–90,,,,36.5,,45.7,,45.3,,39.9,,24.2,,,483.0,1630.0
Universidad de Los Lagos,2020,140.0,32.0,444.78,127.84,24.05,802.0,31,,71,102,9338,2379,9440,2.0,31.0,2035985000,818915000,,16,,,,,,,,,,,,,,,,,,,,,,,101–125,,,,35.5,,53.5,,28.4,,58.5,,24.4,,,545.0,1622.0
Universidad de Los Lagos,2021,143.0,28.0,459.98,132.24,20.67,824.0,32,,50,82,9385,2048,9467,7.0,36.0,1958518000,399717000,,14,,,,,,,,,,,,,,,,,,,,,,,97,,38.6,,36.9,,55.9,,28.8,,63.6,,30.6,,,654.0,1696.0
Universidad de Los Lagos,2022,164.0,32.0,500.24,152.06,23.62,880.0,29,5249.0,71,100,9491,2309,9591,7.0,21.0,2676075000,200000000,0.0,15,,,,,,,,,,,,,,,,,,,,,,16.9,81,Reporter,44.6,,34.9,,62.6,,38.1,,67.9,,34.7,,,556.0,1372.0
Universidad de Los Lagos,2023,165.0,32.0,509.89,153.61,23.45,926.0,27,5567.0,47,74,10036,2711,10110,8.0,14.0,1827663000,200000000,0.0,17,,,,,,,,,,,,,,,,,,,,,,16.6,95,Reporter,40.9,,36.1,,61.3,,36.8,,55.4,,32.7,,,789.0,1633.0
Universidad de Los Lagos,2024,159.0,29.0,542.04,149.93,20.74,978.0,24,5995.0,58,82,10373,2816,10455,5.0,23.0,2351559960,681043960,0.0,15,44.9,,52.8,,8.8,,,,,,,36.6,,14.0,,29.6,,12.3,,7.0,,17.4,101–125,1501+,,,16.8,16.0,50.3,49.5,37.4,14.1,49.0,25.8,21.4,15.9,,820.0,1633.0
Universidad de Los Lagos,2025,161.0,24.0,547.75,149.44,15.41,1016.0,21,6332.0,124,145,11245,3282,11390,6.0,25.0,2510738000,237263000,0.0,16,,,77.4,,22.3,,,,36.4,,,,,11.1,,41.0,,13.4,,7.3,,17.3,,1501+,,,,16.8,,49.9,,14.9,,24.1,,15.8,,741.0,1440.0
Universidad de Los Lagos,2026,,,,,,,41,6923.0,184,225,12141,3358,12366,,,1625622000,455200000,0.0,8,39.2,,79.2,,25.7,,,,,,,30.1,,9.4,,59.4,,13.3,,8.8,,19.0,=83,1501+,22.8,,16.6,16.6,48.5,48.5,18.3,14.6,28.5,21.0,19.0,15.6,,,
Universidad de Magallanes,2015,63.0,9.0,269.36,56.11,4.8,615.0,,,35,35,4243,1427,4308,,6.0,626345000,154000000,,8,,,,,,,,,,,,,,,,,,,,,,,,,,,,,,,,,,,,,,332.0,580.0
Universidad de Magallanes,2016,65.0,11.0,265.09,55.61,5.74,683.0,,,81,81,4440,1497,4527,,4.0,1205921000,32000000,,14,,,,,,,,,,,,,,,,,,,,,,,,,,,,,,,,,,,,,,178.0,369.0
Universidad de Magallanes,2017,69.0,24.0,270.42,60.59,9.14,682.0,3,,27,30,4480,1385,4518,,4.0,1165513000,2000000,,13,,,,,,,,,,,,,,,,,,,,,,,,,,,,,,,,,,,,,,303.0,567.0
Universidad de Magallanes,2018,79.0,10.0,212.05,76.5,10.0,225.0,5,,20,25,4534,1227,4559,,,2021316000,200000000,,13,,,,,,,,,,,,,,,,,,,,,,,91–100,,,,35.3,,67.2,,17.3,,72.4,,25.4,,,397.0,688.0
Universidad de Magallanes,2019,87.0,,213.05,83.5,,228.0,7,,35,42,4273,1152,4315,,,996182000,163249000,,7,,,,,,,,,,,,,,,,,,,,,,,,,,,,,,,,,,,,,,112.0,335.0
Universidad de Magallanes,2020,100.0,13.0,275.99,92.53,1.17,619.0,6,,16,22,3800,953,3855,,,1811238000,199880000,,13,,,,,,,,,,,,,,,,,,,,,,,,,,,,,,,,,,,,,,204.0,416.0
Universidad de Magallanes,2021,102.0,32.0,285.47,93.27,17.45,627.0,8,,60,68,4074,1192,4169,,,8750238000,199379000,,10,,,,,,,,,,,,,,,,,,,,,,,,,,,,,,,,,,,,,,235.0,463.0
Universidad de Magallanes,2022,104.0,33.0,288.38,92.35,15.92,638.0,9,,56,65,3856,1040,3921,,,3101587000,199995000,,18,,,,,,,,,,,,,,,,,,,,,,,,,,,,,,,,,,,,,,486.0,761.0
Universidad de Magallanes,2023,117.0,34.0,316.14,103.48,19.53,712.0,16,,95,111,3935,1176,4046,,,2194603000,837500000,,8,,,,,,,,,,,,,,,,,,,,,,,73,,46.3,,46.8,,78.2,,25.9,,87.3,,36.1,,,315.0,452.0
Universidad de Magallanes,2024,108.0,30.0,307.9,100.79,16.7,685.0,15,4235.0,95,110,4103,1190,4237,,,2105059400,376180400,1.0,15,,,32.5,,94.2,,,,,,,11.1,,48.7,,48.9,,11.1,,6.3,,15.6,126–150,Reporter,,,26.7,,53.0,,17.8,,43.8,,20.2,,,260.0,459.0
Universidad de Magallanes,2025,115.0,25.0,313.74,109.59,15.93,601.0,20,3754.0,98,118,4382,1248,4500,,,2209742000,280000000,2.0,9,,,40.7,,99.7,,,,18.4,,,,,45.7,,55.8,,13.3,,9.0,,15.3,,Reporter,,,,,,,,,,,,,,253.0,373.0
Universidad de Magallanes,2026,,,,,,,18,,73,91,4553,1270,4644,,,1785800000,238982000,,7,8.6,,49.9,,99.0,,,,,,,19.4,,55.0,,65.3,,13.3,,10.1,,,,,,,,,,,,,,,,,,,
Universidad de Playa Ancha,2022,,,,,,,,,,,,,,,,639218000,200000000,,2,,,,,,,,,,,,,,,,,,,,,,,,,,,,,,,,,,,,,,,
Universidad de Playa Ancha,2024,,,,,,,,,,,,,,,,,,,,24.0,,37.2,,1.6,,,,,,,33.7,,23.9,,27.5,,7.7,,4.2,,,,,,,,,,,,,,,,,,,
Universidad de Playa Ancha,2025,,,,,,,,,,,,,,,,,,,,,,51.0,,8.1,,,,35.1,,,,,23.3,,29.9,,12.1,,3.8,,,,,,,,,,,,,,,,,,,
Universidad de Playa Ancha,2026,,,,,,,,,,,,,,,,,,,,21.3,,49.1,,12.9,,,,,,,21.4,,22.1,,39.4,,14.0,,,,,,,,,,,,,,,,,,,,,
Universidad de Santiago de Chile,2015,539.0,83.0,1012.18,417.27,49.64,2388.0,331,,1082,1413,21988,6537,24118,68.0,407.0,14877291000,879522000,,85,,,,,,,,,,,,,,,,,,,,,,,,,,,,,,,,,,,,,86.0,2411.0,2800.0
Universidad de Santiago de Chile,2016,581.0,112.0,1074.8,442.61,61.11,2758.0,343,,1222,1565,21236,5901,23905,49.0,399.0,8035400000,284605000,,81,,,,,,,,,,,,,,,,,,,,,,,,,,,,,,,,,,,,,100.0,2069.0,2486.0
Universidad de Santiago de Chile,2017,593.0,120.0,1142.14,460.11,71.3,2771.0,336,,916,1252,21566,5959,23689,58.0,543.0,9234977000,1340134000,,98,,,,,,,,,,,,,,,,,,,,,,,,,,,,,,,,,,,,,4.0,2527.0,2954.0
Universidad de Santiago de Chile,2018,644.0,119.0,1161.54,486.57,71.75,2796.0,368,,1015,1383,21848,6328,24157,76.0,652.0,8020034000,864402000,,84,,,,,,,,,,,,,,,,,,,,,,,,,,,,,,,,,,,,,157.0,2483.0,2937.0
Universidad de Santiago de Chile,2019,649.0,94.0,1088.22,473.89,54.74,2626.0,377,,902,1279,21141,6439,22923,71.0,448.0,8514698000,1245110000,,83,,,,,,,,,,,,,,,,,,,,,,,,,,,,,,,,,,,,,109.0,2362.0,2800.0
Universidad de Santiago de Chile,2020,634.0,107.0,1122.43,457.14,60.23,2786.0,371,,603,974,20526,5840,21726,52.0,246.0,8432796000,833089000,,75,,,,,,,,,,,,,,,,,,,,,,,,,,,,,,,,,,,,,126.0,1956.0,2239.0
Universidad de Santiago de Chile,2021,668.0,141.0,1203.6,471.23,71.24,3143.0,358,,983,1341,23055,6389,25361,40.0,425.0,11596754000,1789494000,,75,,,,,,,,,,,,,,,,,,,,,,,,,,,,,,,,,,,,,87.0,2527.0,2835.0
Universidad de Santiago de Chile,2022,702.0,151.0,1241.0,483.2,75.25,3200.0,343,,1080,1423,23787,5612,25922,39.0,293.0,11850760000,1308100000,,77,,,,,,,,,,,,,,,,,,,,,,,,,,,,,,,,,,,,,144.0,2979.0,3429.0
Universidad de Santiago de Chile,2023,763.0,176.0,1340.42,553.41,89.33,3400.0,338,,907,1245,23340,6117,25372,68.0,561.0,12269876000,1870428000,,74,,,,,,,,,,,,,,,,,,,,,,,,,,,,,,,,,,,,,157.0,3320.0,3590.0
Universidad de Santiago de Chile,2024,791.0,177.0,1371.77,572.5,99.18,3427.0,327,,922,1249,22515,5723,24725,89.0,465.0,12903439025,1591473025,,91,38.1,6.6,68.7,4.0,33.0,,4.0,2.2,,27.2,77.6,45.4,8.7,24.8,7.3,93.8,43.3,94.5,72.9,95.0,12.9,,,,,,,,,,,,,,,,158.0,3220.0,3459.0
Universidad de Santiago de Chile,2025,834.0,161.0,1362.89,587.5,94.23,3382.0,329,,1030,1359,22724,6643,25075,78.0,427.0,28746218000,2822698000,,90,,6.3,81.9,4.2,56.7,,12.7,2.2,62.5,26.1,81.9,,7.2,20.9,51.1,94.2,43.4,97.7,55.0,97.0,11.2,,,,,,,,,,,,,,,,159.0,3228.0,3414.0
Universidad de Santiago de Chile,2026,,,,,,,362,,939,1301,23088,6755,25431,,,9160677000,454436000,,63,29.0,10.6,80.6,7.8,57.7,8.0,17.5,3.8,,32.7,81.4,63.7,11.4,24.0,53.9,96.7,50.4,96.9,59.9,96.9,53.7,,,,,,,,,,,,,,,,,,
Universidad de Santiago de Chile,2027,,,,,,,,,,,,,,,,,,,,,9.8,,6.9,,,16.1,5.3,,29.8,,,11.7,,60.0,,46.6,,46.5,,58.6,,,,,,,,,,,,,,,,,,
Universidad de Talca,2015,249.0,57.0,427.73,209.68,47.11,643.0,103,,998,1101,9392,2159,10644,9.0,283.0,3562507000,306643000,,52,,,,,,,,,,,,,,,,,,,,,,,,,,,,,,,,,,,,,16.0,1016.0,1073.0
Universidad de Talca,2016,251.0,57.0,449.95,219.48,48.16,665.0,127,,786,913,9666,2390,10720,13.0,222.0,5267272000,457760000,,67,,,,,,,,,,,,,,,,,,,,,,,24,,46.1,,32.7,,50.8,,47.7,,52.1,,41.1,,11.0,990.0,1053.0
Universidad de Talca,2017,263.0,63.0,465.84,228.59,51.68,681.0,138,10436.0,862,1000,9946,2445,11126,15.0,190.0,4577921000,156000000,1.0,50,,,,,,,,,,,,,,,,,,,,,,25.1,31–35,801+,,,20.9,32.1,68.9,46.2,53.6,11.2,56.8,12.3,39.7,14.1,16.0,965.0,1042.0
Universidad de Talca,2018,288.0,66.0,526.95,257.2,57.43,721.0,156,10532.0,883,1039,10521,2699,11691,25.0,201.0,4730823000,837676000,1.0,50,,,,,,,,,,,,,,,,,,,,,,24.6,51–60,801–1000,,,26.7,1.0,69.4,49.2,54.5,10.4,74.3,20.7,39.3,15.7,16.0,1108.0,1164.0
Universidad de Talca,2019,301.0,72.0,573.45,273.64,64.52,736.0,175,10628.0,862,1037,10571,2637,11912,23.0,230.0,4229527000,6000000,1.0,41,,,,,,,,,,,,,,,,,,,,,,23.6,71–80,801–1000,,,71.6,34.0,69.0,50.5,36.2,10.8,70.9,25.2,28.3,13.0,20.0,1244.0,1285.0
Universidad de Talca,2020,325.0,85.0,612.7,291.18,72.93,912.0,186,10795.0,858,1044,10529,2553,11705,12.0,152.0,4711555000,253981000,1.0,43,,,,,,,,,,,,,,,,,,,,,,16.1,=82,1001+,39.7,,50.4,44.7,70.7,49.5,34.3,11.2,64.1,27.5,23.9,15.3,16.0,827.0,850.0
Universidad de Talca,2021,314.0,73.0,593.52,281.61,62.91,809.0,215,11310.0,841,1056,11408,2566,12679,25.0,320.0,7515360000,398044000,1.0,40,,,,,,,,,,,,,,,,,,,,,,15.7,68,1001+,46.2,,40.4,37.8,75.2,50.8,47.8,11.0,64.8,27.2,28.7,16.0,13.0,1597.0,1644.0
Universidad de Talca,2022,312.0,72.0,590.23,285.91,61.77,798.0,222,11367.0,680,902,10708,2455,11786,26.0,279.0,7350747000,39989000,1.0,51,,,,,,,,,,,,,,,,,,,,,,15.4,=67,1201+,48.9,,42.4,36.0,74.7,52.9,42.6,11.8,70.6,25.5,38.0,16.4,23.0,1603.0,1657.0
Universidad de Talca,2023,319.0,75.0,595.43,281.66,58.43,908.0,259,11372.0,553,812,10547,2727,11524,19.0,205.0,6782672000,244666000,1.0,52,,,,,,,,,,,,,,,,,,,,,,12.5,76,1201–1500,44.9,,36.1,38.3,69.0,52.3,41.4,11.9,66.1,25.3,31.9,17.0,20.0,1470.0,1508.0
Universidad de Talca,2024,322.0,75.0,584.33,278.66,56.91,927.0,303,12510.0,555,858,11055,2818,12113,30.0,175.0,9139925000,266820000,0.0,62,62.5,22.5,83.9,5.7,48.6,,6.8,1.4,,,51.7,32.4,6.7,19.5,3.8,88.2,11.0,44.6,8.6,35.7,7.0,15.5,=80,1201–1500,40.3,,34.2,36.7,52.6,52.3,40.9,13.7,59.1,31.5,26.9,17.4,35.0,1479.0,1509.0
Universidad de Talca,2025,330.0,76.0,579.55,284.31,56.21,914.0,319,11786.0,596,915,11555,2990,12654,35.0,161.0,11423260000,845426000,1.0,53,,21.4,93.7,6.2,72.8,,2.1,1.4,48.7,,58.6,,6.4,19.6,35.7,83.0,10.8,54.1,5.6,41.3,1.3,14.8,,1501+,,,,34.4,,52.1,,14.2,,33.4,,18.1,25.0,1356.0,1391.0
Universidad de Talca,2026,,,,,,,346,11543.0,607,953,12237,2886,13445,,,7235737000,,2.0,49,53.9,27.4,94.9,13.2,80.8,1.7,2.5,1.9,,,62.0,59.3,9.1,19.1,46.4,94.1,14.4,54.0,11.7,48.9,29.4,12.7,47,1501+,26.4,,37.6,37.6,52.0,52.0,16.5,13.7,38.4,32.6,22.2,20.1,,,
Universidad de Talca,2027,,,,,,,,,,,,,,,,,,,,,24.5,,12.3,,,4.0,1.8,,,,,8.0,,38.5,,14.2,,8.0,,32.7,,,,,,,,,,,,,,,,,,
Universidad de Tarapaca,2015,114.0,11.0,358.8,112.5,10.32,442.0,3,,55,58,8722,1876,8821,1.0,140.0,699223000,,,12,,,,,,,,,,,,,,,,,,,,,,,,,,,,,,,,,,,,,,1204.0,1303.0
Universidad de Tarapaca,2016,121.0,14.0,355.55,119.5,13.45,431.0,2,,44,46,8456,1857,8539,,53.0,1350599000,4000000,,18,,,,,,,,,,,,,,,,,,,,,,,,,,,,,,,,,,,,,,918.0,975.0
Universidad de Tarapaca,2017,132.0,18.0,358.23,127.25,14.18,432.0,1,,79,80,8468,1774,8548,3.0,69.0,1331569857,23998857,,17,,,,,,,,,,,,,,,,,,,,,,,,,,,,,,,,,,,,,,930.0,1011.0
Universidad de Tarapaca,2018,133.0,18.0,358.0,130.23,15.66,436.0,8,,68,76,8919,2011,8995,3.0,80.0,1173553000,2000000,,15,,,,,,,,,,,,,,,,,,,,,,,91–100,,,,9.5,,62.9,,50.0,,44.1,,15.5,,,1029.0,1129.0
Universidad de Tarapaca,2019,138.0,21.0,352.23,134.7,16.09,460.0,3,8857.0,66,69,9171,1999,9240,6.0,92.0,2154173000,24000000,2.0,18,,,,,,,,,,,,,,,,,,,,,,25.0,101+,1001+,,,36.5,34.0,68.1,48.4,35.4,11.6,41.3,11.4,19.0,11.4,,909.0,969.0
Universidad de Tarapaca,2020,151.0,26.0,334.75,140.73,18.43,445.0,8,8708.0,6,14,9475,2001,9489,2.0,71.0,2025473000,,2.0,18,,,,,,,,,,,,,,,,,,,,,,25.1,=100,1001+,36.6,,41.8,34.4,72.3,50.2,40.3,13.7,43.8,10.8,21.2,12.7,,793.0,849.0
Universidad de Tarapaca,2021,174.0,27.0,361.25,164.57,21.77,458.0,27,8703.0,136,163,10209,1993,10372,2.0,89.0,2515066000,,2.0,18,,,,,,,,,,,,,,,,,,,,,,27.4,101–125,1001+,,,37.3,35.3,74.1,51.9,35.4,15.9,52.0,13.8,22.6,13.8,,1358.0,1424.0
Universidad de Tarapaca,2022,183.0,27.0,360.07,178.59,23.95,438.0,42,9460.0,76,118,10266,1925,10384,,76.0,6256563000,192988000,3.0,28,,,,,,,,,,,,,,,,,,,,,,31.7,77,1201+,45.6,,36.0,34.9,76.7,51.4,46.2,17.0,67.0,17.8,27.3,14.5,,1309.0,1339.0
Universidad de Tarapaca,2023,214.0,37.0,387.64,207.93,32.84,531.0,57,9758.0,175,232,10440,2136,10672,5.0,126.0,3291578000,,3.0,31,,,,,,,,,,,,,,,,,,,,,,30.2,=52,1201–1500,54.2,,45.3,37.2,86.9,52.6,49.2,18.2,87.1,23.6,34.5,14.7,,1411.0,1456.0
Universidad de Tarapaca,2024,229.0,43.0,398.53,221.74,38.31,656.0,60,10496.0,239,299,10306,2128,10605,13.0,88.0,2037451000,,4.0,17,10.4,,97.8,8.0,60.7,,4.1,,,,30.9,18.7,2.1,9.5,2.6,83.1,3.6,15.7,2.3,10.6,1.0,31.8,72,1201–1500,41.9,,19.8,19.4,56.9,59.0,47.0,19.0,66.0,45.1,22.7,12.4,,1233.0,1457.0
Universidad de Tarapaca,2025,258.0,64.0,465.26,237.26,46.19,1078.0,64,10554.0,184,248,10600,2437,10848,10.0,109.0,7115215000,,3.0,29,,,99.0,9.8,88.1,,2.1,,29.1,,37.9,,2.4,9.4,41.7,88.5,3.5,20.6,1.6,9.7,1.0,31.6,,1201–1500,,,,19.9,,56.2,,21.3,,48.2,,11.3,,1298.0,1461.0
Universidad de Tarapaca,2026,,,,,,,91,10738.0,201,292,10978,2866,11270,,,5044142000,232886000,3.0,30,40.2,17.7,99.8,20.4,92.3,,2.5,,,,40.4,29.9,4.4,9.7,49.6,95.4,4.1,21.5,2.1,9.1,21.0,29.9,18,1001–1200,34.0,,21.7,21.7,58.7,58.7,31.4,23.6,62.2,55.4,16.4,12.7,,,
Universidad de Tarapaca,2027,,,,,,,,,,,,,,,,,,,,,15.4,,24.1,,,3.9,,,,,,4.2,,58.2,,4.8,,3.0,,21.6,,,,,,,,,,,,,,,,,,
Universidad de Valparaiso,2015,256.0,55.0,879.63,202.78,36.01,1779.0,93,,607,700,14336,3787,15654,4.0,90.0,2838160000,171854000,,49,,,,,,,,,,,,,,,,,,,,,,,,,,,,,,,,,,,,,120.0,1916.0,1933.0
Universidad de Valparaiso,2016,283.0,68.0,923.35,219.48,39.14,1885.0,143,,766,909,14914,4114,16535,6.0,123.0,4865035000,346715000,,67,,,,,,,,,,,,,,,,,,,,,,,,,,,,,,,,,,,,,88.0,1894.0,1897.0
Universidad de Valparaiso,2017,294.0,65.0,877.85,239.55,43.26,1714.0,162,,761,923,14936,4054,16624,16.0,123.0,4205986000,4000000,,74,,,,,,,,,,,,,,,,,,,,,,,31–35,,,,35.7,,63.8,,47.7,,72.5,,40.7,,129.0,1839.0,1850.0
Universidad de Valparaiso,2018,334.0,67.0,886.66,265.54,42.09,1824.0,172,15654.0,721,893,15481,4131,17082,13.0,88.0,4383938000,569032000,3.0,70,,,,,,,,,,,,,,,,,,,,,,17.4,46,801–1000,55.7,,36.3,32.1,66.3,46.3,56.4,8.2,71.6,19.2,45.4,15.9,150.0,1962.0,1965.0
Universidad de Valparaiso,2019,347.0,67.0,898.56,283.62,42.92,1865.0,195,16535.0,720,915,15724,4202,17509,10.0,100.0,4260692000,552579000,3.0,62,,,,,,,,,,,,,,,,,,,,,,17.9,43,1001+,56.8,,36.8,34.3,73.1,47.0,57.0,9.2,57.8,17.1,53.9,13.5,128.0,1915.0,1960.0
Universidad de Valparaiso,2020,376.0,78.0,893.27,309.62,52.25,1796.0,163,16211.0,439,602,15392,3624,16665,8.0,63.0,4375795000,459990000,3.0,46,,,,,,,,,,,,,,,,,,,,,,18.5,54,1001+,51.9,,36.0,34.5,69.5,48.7,52.9,9.7,50.1,18.4,49.4,16.7,123.0,1158.0,1184.0
Universidad de Valparaiso,2021,391.0,72.0,876.15,315.21,48.88,1748.0,219,16682.0,565,784,15624,3606,17265,22.0,111.0,6121967000,1022831000,4.0,57,,,,,,,,,,,,,,,,,,,,,,18.8,61,1001+,47.9,,37.5,33.5,71.7,48.8,52.8,10.0,53.4,17.9,35.9,16.5,124.0,2596.0,2650.0
Universidad de Valparaiso,2022,396.0,73.0,895.91,319.72,49.49,1698.0,239,17089.0,771,1010,15216,3663,17243,37.0,124.0,11483862000,649063000,3.0,62,,,,,,,,,,,,,,,,,,,,,,19.0,73,1201+,47.7,,35.0,35.0,67.0,49.2,54.3,10.9,59.4,19.3,31.9,15.5,145.0,2368.0,2428.0
Universidad de Valparaiso,2023,432.0,76.0,920.86,338.49,48.43,1812.0,244,16371.0,821,1065,14937,4115,17022,30.0,206.0,7197571000,869792000,2.0,58,,,,,,,,,,,,,,,,,,,,,,18.3,77,1501+,44.5,,36.2,37.0,64.0,47.8,48.8,11.4,51.6,18.6,32.8,15.5,128.0,2488.0,2519.0
Universidad de Valparaiso,2024,436.0,75.0,950.07,351.77,51.35,1827.0,262,16627.0,824,1086,14791,4250,16936,32.0,198.0,6687001100,918063100,2.0,49,38.9,7.2,52.0,3.5,46.7,,8.5,1.8,,,46.4,42.8,7.8,22.4,4.6,90.1,10.4,42.1,6.8,30.8,6.3,19.0,90,1501+,38.3,,18.9,18.7,46.3,47.8,46.2,12.2,42.3,22.0,29.0,15.4,134.0,2230.0,2260.0
Universidad de Valparaiso,2025,440.0,80.0,961.31,360.93,52.83,1790.0,281,16626.0,819,1100,14980,4460,17066,34.0,182.0,8813244000,1221149000,3.0,47,,6.3,62.4,2.9,36.8,,2.2,1.8,47.7,,50.2,,8.5,25.5,39.7,86.9,10.9,54.5,4.0,34.4,4.0,18.5,,1501+,,,,18.9,,46.7,,12.5,,21.9,,16.5,131.0,1776.0,1784.0
Universidad de Valparaiso,2026,,,,,,,331,16514.0,785,1116,15301,4590,17327,,,3522877000,,3.0,31,33.0,8.6,61.2,5.0,37.1,2.4,4.8,2.9,,,50.8,43.7,12.8,25.6,34.3,86.8,15.5,56.9,8.4,37.5,39.7,17.9,87,1501+,22.6,,20.6,20.6,46.7,46.7,15.9,13.1,29.4,22.5,20.3,16.9,,,
Universidad de Valparaiso,2027,,,,,,,,,,,,,,,,,,,,,7.7,,4.3,,,5.6,3.2,,,,,10.9,,32.2,,15.9,,5.6,,37.4,,,,,,,,,,,,,,,,,,
Universidad de Vina del Mar,2015,55.0,19.0,327.67,26.15,5.26,965.0,,,57,57,8346,1941,8403,,425.0,,,,,,,,,,,,,,,,,,,,,,,,,,,,,,,,,,,,,,,,,,861.0,863.0
Universidad de Vina del Mar,2016,51.0,18.0,344.82,24.96,4.9,985.0,,,78,78,8957,2175,9035,,438.0,,,,,,,,,,,,,,,,,,,,,,,,,,,,,,,,,,,,,,,,,7.0,964.0,964.0
Universidad de Vina del Mar,2017,48.0,26.0,348.34,20.85,6.57,996.0,,,185,185,8757,1976,8942,,96.0,,,,,,,,,,,,,,,,,,,,,,,,,,,,,,,,,,,,,,,,,,1074.0,1074.0
Universidad de Vina del Mar,2018,51.0,26.0,351.73,25.74,9.15,903.0,,,272,272,8872,1914,9144,,119.0,,,,,,,,,,,,,,,,,,,,,,,,,,,,,,,,,,,,,,,,,,1078.0,1078.0
Universidad de Vina del Mar,2019,60.0,21.0,388.01,36.13,11.14,814.0,,,467,467,9068,1971,9535,,108.0,,,,,,,,,,,,,,,,,,,,,,,,,,,,,,,,,,,,,,,,,,1086.0,1086.0
Universidad de Vina del Mar,2020,59.0,29.0,361.26,34.05,13.71,825.0,,,721,721,8288,1652,9009,,202.0,,,,,,,,,,,,,,,,,,,,,,,,,,,,,,,,,,,,,,,,,,1172.0,1172.0
Universidad de Vina del Mar,2021,75.0,41.0,397.34,39.31,15.77,944.0,,,895,895,8814,1715,9709,,240.0,,,,,,,,,,,,,,,,,,,,,,,,,,,,,,,,,,,,,,,,,,1607.0,1607.0
Universidad de Vina del Mar,2022,90.0,29.0,408.09,48.54,14.83,978.0,,,819,819,8327,1654,9146,,160.0,,,,,,,,,,,,,,,,,,,,,,,,,,,,,,,,,,,,,,,,,,1571.0,1571.0
Universidad de Vina del Mar,2023,104.0,30.0,410.03,56.05,17.19,1023.0,,,1137,1137,8217,1648,9354,,252.0,,,,,,,,,,,,,,,,,,,,,,,,,,,,,,,,,,,,,,,,,,1513.0,1513.0
Universidad de Vina del Mar,2024,131.0,37.0,420.74,70.65,20.08,1071.0,,,1149,1149,8574,1574,9792,,172.0,,,,,,,3.1,,1.0,,,,,,,4.9,,44.1,,5.3,,9.0,,7.7,,,,,,,,,,,,,,,,,,1355.0,1355.0
Universidad de Vina del Mar,2025,149.0,40.0,420.68,84.4,23.69,1074.0,,,1236,1236,9526,1465,10806,,247.0,,,,,,,5.0,,4.8,,,,9.2,,,,,54.2,,8.3,,11.1,,6.5,,,,,,,,,,,,,,,,,,1753.0,1753.0
Universidad de Vina del Mar,2026,,,,,,,2,,1139,1141,10056,1182,11197,,,,,,,3.7,,9.3,,4.0,,,,,,,10.4,,33.3,,18.0,,8.3,,5.5,,,,,,,,,,,,,,,,,,,
Universidad de la Frontera,2015,205.0,20.0,370.95,181.11,16.34,554.0,162,,516,678,9388,2624,10157,26.0,163.0,5970955000,699504000,,66,,,,,,,,,,,,,,,,,,,,,,,,,,,,,,,,,,,,,44.0,1048.0,1089.0
Universidad de la Frontera,2016,211.0,25.0,389.07,185.05,20.93,595.0,148,,524,672,9539,2678,10310,23.0,206.0,5405318000,665349000,,68,,,,,,,,,,,,,,,,,,,,,,,26–30,,,,64.9,,31.0,,29.8,,69.3,,34.1,,49.0,1240.0,1282.0
Universidad de la Frontera,2017,240.0,30.0,424.27,207.95,26.43,632.0,171,9731.0,654,825,9682,2715,10635,22.0,194.0,6066478000,536133000,1.0,78,,,,,,,,,,,,,,,,,,,,,,24.9,31–35,601-800,,,35.9,53.0,50.6,40.9,43.7,10.2,79.2,22.8,40.3,14.3,54.0,1213.0,1245.0
Universidad de la Frontera,2018,250.0,25.0,425.8,216.48,20.93,635.0,195,10157.0,618,813,10014,2760,10946,18.0,231.0,5932898000,1217505000,0.0,80,,,,,,,,,,,,,,,,,,,,,,24.7,61–70,801–1000,,,35.3,32.2,58.1,43.5,54.1,9.1,67.2,17.2,30.9,16.5,74.0,973.0,1017.0
Universidad de la Frontera,2019,270.0,27.0,420.07,233.09,24.43,627.0,199,10310.0,582,781,10235,2513,11137,41.0,215.0,5017954000,702439000,0.0,63,,,,,,,,,,,,,,,,,,,,,,26.5,42,801–1000,58.5,,36.7,34.0,62.9,45.9,60.4,16.7,81.6,32.9,44.4,15.1,62.0,1182.0,1244.0
Universidad de la Frontera,2020,318.0,41.0,503.17,269.83,35.0,909.0,206,10437.0,420,626,10427,2517,11136,40.0,283.0,6701816000,1259947000,1.0,67,,,,,,,,,,,,,,,,,,,,,,24.6,46,801–1000,55.3,,37.4,34.5,58.2,47.9,67.2,16.0,70.9,34.0,35.9,15.1,41.0,517.0,539.0
Universidad de la Frontera,2021,339.0,38.0,516.73,287.55,34.02,962.0,217,10827.0,394,611,11546,2160,12183,33.0,182.0,8517269000,882730000,1.0,58,,,,,,,,,,,,,,,,,,,,,,23.4,58,1001+,50.9,,37.0,33.9,66.6,46.9,58.3,17.7,69.7,31.9,31.3,14.9,65.0,1427.0,1459.0
Universidad de la Frontera,2022,325.0,35.0,516.55,278.95,29.7,959.0,193,11018.0,490,683,11164,2236,11941,32.0,154.0,9707290000,1209027000,1.0,63,,,,,,,,,,,,,,,,,,,,,,26.2,60,1001–1200,51.1,,35.8,34.8,67.5,49.6,49.0,19.9,74.3,30.6,37.8,15.3,69.0,1694.0,1761.0
Universidad de la Frontera,2023,355.0,36.0,570.59,311.02,32.02,1008.0,211,11053.0,398,609,10872,2560,11583,30.0,151.0,12881914000,2044071000,1.0,90,,,,,,,,,,,,,,,,,,,,,,22.0,59,1201–1500,51.6,,36.4,37.1,66.0,49.7,48.2,12.9,76.5,28.8,39.1,16.0,56.0,1174.0,1227.0
Universidad de la Frontera,2024,391.0,49.0,593.39,351.14,42.89,1050.0,284,12157.0,526,810,11257,2761,12301,42.0,141.0,12011589105,2140088105,1.0,73,68.4,6.6,93.6,8.5,70.9,,9.0,1.2,,,49.9,24.0,3.6,12.8,9.4,95.3,9.7,39.2,4.4,20.9,2.1,23.2,=67,1201–1500,42.8,,23.4,22.8,49.2,51.3,47.8,12.3,49.8,32.7,34.7,17.6,80.0,1282.0,1343.0
Universidad de la Frontera,2025,403.0,44.0,607.82,356.55,37.41,1097.0,309,11847.0,507,816,11093,2613,12165,19.0,63.0,13549556000,2822283000,0.0,81,,6.0,98.6,9.3,82.7,,2.3,1.2,34.4,,56.3,,4.1,16.4,53.3,95.2,10.3,52.3,3.0,23.0,1.5,23.0,,1501+,,,,23.5,,49.0,,12.6,,33.1,,17.7,43.0,1281.0,1339.0
Universidad de la Frontera,2026,,,,,,,306,11481.0,451,757,11263,2762,12216,,,8798493000,1364746000,1.0,53,81.6,3.1,99.1,19.2,85.6,1.5,2.7,1.7,,,60.5,32.3,6.5,14.9,44.0,93.1,14.4,54.1,7.5,34.0,32.3,20.2,36,1201–1500,27.8,,24.1,24.1,50.2,50.2,24.9,23.7,34.0,35.8,22.6,17.8,,,
Universidad de la Frontera,2027,,,,,,,,,,,,,,,,,,,,,2.1,,19.0,,,4.0,1.6,,,,,6.0,,44.6,,13.0,,6.6,,33.9,,,,,,,,,,,,,,,,,,
Universidad de los Andes,2015,235.0,94.0,609.2,130.32,40.77,2019.0,73,,869,942,7074,2820,8915,2.0,359.0,1770487000,149851000,,27,,,,,,,,,,,,,,,,,,,,,,,,,,,,,,,,,,,,,91.0,901.0,901.0
Universidad de los Andes,2016,244.0,92.0,573.5,146.67,42.73,1819.0,86,,748,834,7486,2610,9345,10.0,291.0,2593807000,601529000,,27,,,,,,,,,,,,,,,,,,,,,,,,,,,,,,,,,,,,,94.0,913.0,913.0
Universidad de los Andes,2017,266.0,109.0,598.23,158.77,49.68,1870.0,94,,722,816,7932,2858,10063,5.0,274.0,2119147000,749490000,,21,,,,,,,,,,,,,,,,,,,,,,,41–45,,,,35.1,,65.4,,54.6,,45.3,,34.9,,102.0,999.0,999.0
Universidad de los Andes,2018,278.0,100.0,597.14,171.86,48.27,1649.0,109,,868,977,8182,2864,10928,3.0,379.0,1640374000,143078000,,22,,,,,,,,,,,,,,,,,,,,,,,50,,53.9,,35.9,,76.1,,64.0,,67.4,,33.4,,104.0,1121.0,1121.0
Universidad de los Andes,2019,273.0,82.0,507.09,174.95,42.61,1292.0,116,,995,1111,8411,2973,11883,11.0,304.0,2346352000,399987000,,26,,,,,,,,,,,,,,,,,,,,,,,47,,54.6,,37.2,,74.0,,53.3,,63.2,,48.3,,114.0,1072.0,1072.0
Universidad de los Andes,2020,263.0,75.0,498.59,178.07,46.44,1232.0,120,8402.0,1124,1244,8828,4396,15040,12.0,346.0,3303770000,149995000,2.0,33,,,,,,,,,,,,,,,,,,,,,,14.4,43,1001+,56.3,,45.0,34.6,69.4,47.8,60.0,10.5,57.2,15.6,50.4,16.1,88.0,910.0,910.0
Universidad de los Andes,2021,277.0,85.0,541.98,197.55,49.35,1355.0,134,8734.0,1195,1329,8825,4229,15743,7.0,360.0,10400005000,1039974000,2.0,25,,,,,,,,,,,,,,,,,,,,,,15.1,50,1001+,54.0,,41.2,36.2,73.7,46.4,50.8,10.9,72.7,23.3,43.5,16.7,132.0,1481.0,1481.0
Universidad de los Andes,2022,292.0,86.0,568.05,206.74,48.2,1465.0,175,9254.0,1508,1683,8772,5262,16211,10.0,529.0,6027520000,1189320000,2.0,43,,,,,,,,,,,,,,,,,,,,,,18.9,53,1001–1200,54.9,,52.9,36.2,73.8,48.1,48.7,12.9,73.0,32.3,46.8,17.8,166.0,1364.0,1364.0
Universidad de los Andes,2023,296.0,87.0,586.34,217.07,48.02,1448.0,162,9405.0,1479,1641,8995,5253,18981,16.0,624.0,4694443000,1480262000,3.0,43,,,,,,,,,,,,,,,,,,,,,,18.9,41,1201–1500,59.4,,38.8,40.2,71.4,48.1,62.1,14.3,68.4,28.0,50.8,17.8,167.0,1369.0,1369.0
Universidad de los Andes,2024,311.0,97.0,649.17,228.38,53.0,1602.0,167,9711.0,1512,1679,9054,6032,23316,15.0,528.0,5607238000,1375099000,2.0,40,35.1,12.4,50.2,3.0,26.9,,9.1,2.3,,,52.6,13.1,9.0,25.4,1.2,61.3,15.0,53.1,24.5,75.3,1.1,17.9,32,1201–1500,57.7,,20.9,17.2,48.1,50.0,70.2,15.7,51.3,30.1,55.5,20.6,163.0,1318.0,1318.0
Universidad de los Andes,2025,339.0,102.0,689.53,243.82,55.82,1661.0,160,10206.0,1729,1889,9115,3837,20595,18.0,382.0,6513328000,1492866000,2.0,46,,12.2,64.6,2.8,35.2,,38.6,2.0,23.9,,60.7,,8.4,24.5,22.6,63.5,16.4,68.2,18.1,82.1,1.2,18.0,,1501+,,,,20.9,,48.7,,15.3,,31.1,,20.8,166.0,1328.0,1328.0
Universidad de los Andes,2026,,,,,,,161,10398.0,1781,1942,9393,5487,22297,,,5175549000,1138497000,2.0,34,28.1,15.1,58.2,4.7,36.0,7.7,45.2,3.5,,,63.4,25.8,13.4,29.2,17.9,64.3,25.3,72.6,36.5,90.2,28.9,17.7,29,1501+,28.8,,22.4,22.4,48.1,48.1,19.7,16.1,36.4,32.0,29.6,22.2,,,
Universidad de los Andes,2027,,,,,,,,,,,,,,,,,,,,,12.7,,4.1,,,49.8,3.1,,,,,13.7,,21.1,,28.2,,28.3,,37.3,,,,,,,,,,,,,,,,,,
Universidad del Bio-Bio,2015,205.0,23.0,509.57,205.05,21.98,608.0,37,,495,532,11956,3000,12646,3.0,168.0,1589454000,562685000,,37,,,,,,,,,,,,,,,,,,,,,,,,,,,,,,,,,,,,,,1300.0,1658.0
Universidad del Bio-Bio,2016,216.0,23.0,506.98,214.18,22.18,602.0,58,,387,445,11890,2980,12421,6.0,144.0,1497080000,317965000,,32,,,,,,,,,,,,,,,,,,,,,,,,,,,,,,,,,,,,,,1348.0,1645.0
Universidad del Bio-Bio,2017,242.0,32.0,517.23,232.2,29.14,581.0,61,,351,412,12265,3097,12860,7.0,175.0,2159042000,673991000,,24,,,,,,,,,,,,,,,,,,,,,,,,,,,,,,,,,,,,,,1280.0,1615.0
Universidad del Bio-Bio,2018,254.0,31.0,502.07,246.57,29.5,634.0,63,,323,386,12435,2896,12919,11.0,135.0,1967953000,710944000,,26,,,,,,,,,,,,,,,,,,,,,,,101+,,,,45.0,,55.4,,13.5,,38.6,,28.9,,,1256.0,1591.0
Universidad del Bio-Bio,2019,267.0,35.0,510.66,263.16,34.82,624.0,69,12893.0,292,361,11885,2967,12320,11.0,125.0,3459574000,716817000,1.0,40,,,,,,,,,,,,,,,,,,,,,,24.7,91–100,1001+,,,46.8,36.5,60.0,43.8,36.0,7.9,24.5,5.9,36.3,12.8,,1353.0,1742.0
Universidad del Bio-Bio,2020,271.0,36.0,496.3,268.73,35.2,584.0,81,12955.0,253,334,11441,2693,11863,14.0,89.0,2569494000,355999000,1.0,27,,,,,,,,,,,,,,,,,,,,,,24.7,101–125,1001+,,,48.1,37.3,60.0,46.6,37.6,8.4,22.8,7.9,27.6,13.2,,1138.0,1376.0
Universidad del Bio-Bio,2021,282.0,32.0,498.16,278.84,31.2,592.0,93,13085.0,254,347,12154,2670,12522,12.0,106.0,3764291000,729734000,1.0,27,,,,,,,,,,,,,,,,,,,,,,25.5,126–150,1001+,,,36.9,37.1,64.6,46.2,23.4,10.8,33.5,6.1,24.3,13.7,,1566.0,1932.0
Universidad del Bio-Bio,2022,296.0,32.0,501.84,292.3,31.41,596.0,103,12933.0,211,314,11580,2240,11931,13.0,118.0,5094320000,1327406000,1.0,41,,,,,,,,,,,,,,,,,,,,,,25.7,151+,1201+,,,35.2,34.8,62.3,47.8,23.2,9.8,31.5,9.3,23.6,14.2,,1761.0,2015.0
Universidad del Bio-Bio,2023,306.0,33.0,516.32,301.43,32.11,619.0,111,12343.0,254,365,11070,2661,11672,16.0,105.0,4761146000,1476964000,1.0,35,,,,,,,,,,,,,,,,,,,,,,24.8,101–125,1501+,,,44.5,37.0,61.7,46.3,44.3,8.5,27.6,8.1,27.3,13.8,,1628.0,1873.0
Universidad del Bio-Bio,2024,299.0,34.0,482.84,291.05,33.8,584.0,132,12662.0,248,380,10998,2879,11619,19.0,121.0,5067020080,1145787080,1.0,29,77.2,9.7,78.5,3.8,14.6,,4.1,1.4,,,39.8,35.3,2.9,8.3,1.4,69.7,8.6,35.8,4.2,19.1,1.1,25.5,101–125,1501+,,,23.8,19.1,46.5,46.7,34.8,12.8,30.9,13.9,32.1,12.9,,1682.0,1910.0
Universidad del Bio-Bio,2025,320.0,34.0,500.39,318.09,34.23,596.0,148,11689.0,324,472,11324,3274,12051,25.0,103.0,6184392000,2917874000,1.0,44,,8.7,89.2,4.0,40.3,,2.0,1.4,32.0,,46.4,,3.2,10.7,30.3,76.3,8.0,42.7,3.0,22.6,1.0,23.5,,1501+,,,,23.8,,46.8,,11.2,,14.5,,13.7,,1619.0,1844.0
Universidad del Bio-Bio,2026,,,,,,,154,11435.0,348,502,11716,3179,12439,,,3053862000,1366180000,1.0,22,72.2,11.8,92.0,8.6,50.3,1.6,2.5,1.9,,,49.5,39.6,4.9,10.8,32.1,84.8,11.6,46.3,5.0,23.3,24.0,22.9,126–150,1501+,,,18.7,18.7,46.8,46.8,7.0,6.8,23.7,17.2,19.1,14.9,,,
Universidad del Desarrollo,2015,169.0,66.0,886.77,99.89,32.82,2141.0,10,,2219,2229,13666,3535,16864,,453.0,1160512000,,,13,,,,,,,,,,,,,,,,,,,,,,,,,,,,,,,,,,,,,71.0,1739.0,1761.0
Universidad del Desarrollo,2016,193.0,83.0,1022.93,121.95,40.89,2160.0,18,,1817,1835,13849,3686,16565,,386.0,1041829000,146810000,,9,,,,,,,,,,,,,,,,,,,,,,,41–45,,,,32.7,,34.0,,26.5,,25.7,,29.2,,179.0,1966.0,1995.0
Universidad del Desarrollo,2017,181.0,85.0,885.09,112.73,34.43,2196.0,29,,1628,1657,13934,4587,17031,,438.0,1382823000,122530000,,17,,,,,,,,,,,,,,,,,,,,,,,36–40,,,,38.2,,56.1,,33.6,,89.2,,34.8,,138.0,2056.0,2071.0
Universidad del Desarrollo,2018,221.0,93.0,808.93,133.61,38.77,2172.0,43,,1318,1361,14066,4454,16975,3.0,464.0,2201086000,52000000,,28,,,,,,,,,,,,,,,,,,,,,,,61–70,,,,40.9,,59.2,,30.4,,98.0,,28.2,,220.0,1969.0,1986.0
Universidad del Desarrollo,2019,255.0,89.0,815.86,141.95,39.14,2285.0,65,15925.0,1222,1287,14369,4376,17105,1.0,503.0,2328661000,586266000,2.0,23,,,,,,,,,,,,,,,,,,,,,,18.0,81–90,401–500,,,45.1,35.5,72.4,45.6,21.9,8.2,100.0,94.3,20.0,12.5,160.0,1647.0,1663.0
Universidad del Desarrollo,2020,284.0,120.0,1002.36,157.32,55.98,2340.0,81,15384.0,1033,1114,14880,4415,18176,5.0,654.0,2571180000,24000000,4.0,15,,,,,,,,,,,,,,,,,,,,,,19.0,71,401–500,43.6,,43.7,36.8,69.5,48.1,24.7,8.8,100.0,99.1,24.6,13.5,93.0,1201.0,1216.0
Universidad del Desarrollo,2021,301.0,112.0,1158.95,180.25,62.25,2500.0,91,15213.0,1072,1163,15393,4950,19891,10.0,448.0,2580218000,370846000,3.0,16,,,,,,,,,,,,,,,,,,,,,,18.6,67,401–500,46.5,,46.4,35.8,75.1,49.0,25.8,9.2,99.6,99.5,30.5,14.3,130.0,2702.0,2718.0
Universidad del Desarrollo,2022,298.0,118.0,1061.05,189.25,58.91,2573.0,99,15787.0,1307,1406,15279,5650,20139,10.0,564.0,4816915000,381512000,4.0,34,,,,,,,,,,,,,,,,,,,,,,19.3,63,501–600,50.4,,49.9,38.0,72.9,50.4,39.3,10.1,98.7,89.4,29.2,14.9,210.0,2086.0,2104.0
Universidad del Desarrollo,2023,336.0,130.0,990.48,205.05,57.57,2752.0,100,15933.0,1116,1216,16372,7174,21255,11.0,612.0,3610332000,346712000,3.0,21,,,,,,,,,,,,,,,,,,,,,,15.9,64,601–800,49.5,,47.3,39.6,73.1,50.6,38.1,10.1,97.9,73.8,28.7,15.0,180.0,2311.0,2328.0
Universidad del Desarrollo,2024,369.0,139.0,938.63,198.52,57.04,2809.0,108,16638.0,1043,1151,17005,7077,22598,23.0,523.0,2974651000,453500000,4.0,19,13.1,7.6,18.0,2.2,84.1,,8.4,2.0,,,42.6,32.3,12.9,34.5,1.1,51.7,6.6,27.8,14.6,52.9,3.5,14.4,92,1001–1200,38.1,,22.0,21.2,51.9,52.2,37.5,10.8,55.7,53.0,27.7,17.8,149.0,2280.0,2303.0
Universidad del Desarrollo,2025,319.0,177.0,1076.0,220.57,68.04,3262.0,112,16511.0,934,1046,17654,6817,23008,11.0,579.0,3831129000,70000000,4.0,23,,7.3,27.6,2.3,95.7,,4.9,2.0,45.8,,48.7,,11.7,31.9,14.7,45.2,7.2,39.5,8.6,59.5,5.1,15.6,,1201–1500,,,,22.1,,52.2,,11.7,,50.6,,17.4,198.0,2134.0,2159.0
Universidad del Desarrollo,2026,,,,,,,114,17491.0,871,985,18624,6576,23424,,,4582616000,224352000,4.0,27,11.8,10.6,28.6,4.0,91.7,7.6,6.8,3.3,,,51.6,43.4,15.7,30.2,18.3,65.1,11.8,44.4,15.7,60.2,47.5,17.7,=67,1201–1500,24.6,,28.0,28.0,51.0,51.0,14.4,12.1,39.0,47.2,19.9,16.4,,,
Universidad del Desarrollo,2027,,,,,,,,,,,,,,,,,,,,,8.6,,3.4,,,7.4,3.1,,,,,16.4,,25.6,,14.1,,17.8,,51.6,,,,,,,,,,,,,,,,,,
Universidad del Mar,2015,3.0,1.0,19.32,0.5,1.01,73.0,,,,,400,,400,,33.0,,,,,,,,,,,,,,,,,,,,,,,,,,,,,,,,,,,,,,,,,,826.0,936.0
Universidad del Mar,2016,4.0,1.0,20.22,0.59,1.02,81.0,,,,,168,,168,5.0,10.0,,,,,,,,,,,,,,,,,,,,,,,,,,,,,,,,,,,,,,,,,,439.0,504.0
Universidad del Mar,2017,4.0,1.0,12.84,0.59,1.02,68.0,,,2,2,28,,30,,3.0,,,,,,,,,,,,,,,,,,,,,,,,,,,,,,,,,,,,,,,,,,312.0,340.0
Universidad del Mar,2018,3.0,1.0,2.68,0.14,0.86,23.0,,,,,6,,6,,,,,,,,,,,,,,,,,,,,,,,,,,,,,,,,,,,,,,,,,,,,,
Universidad del Pacifico,2015,22.0,10.0,149.72,9.69,1.06,461.0,,,122,122,4385,924,4609,,14.0,,,,,,,,,,,,,,,,,,,,,,,,,,,,,,,,,,,,,,,,,,724.0,985.0
Universidad del Pacifico,2016,19.0,11.0,155.86,9.24,1.72,459.0,,,130,130,3823,975,4029,,7.0,200000000,,,1,,,,,,,,,,,,,,,,,,,,,,,,,,,,,,,,,,,,,,656.0,871.0
Universidad del Pacifico,2017,20.0,12.0,143.84,8.5,1.11,448.0,,,133,133,3543,992,3730,,29.0,,,,,,,,,,,,,,,,,,,,,,,,,,,,,,,,,,,,,,,,,,554.0,684.0
Universidad del Pacifico,2018,19.0,6.0,115.95,9.86,0.66,356.0,,,61,61,2648,373,2736,,44.0,,,,,,,,,,,,,,,,,,,,,,,,,,,,,,,,,,,,,,,,,,462.0,608.0
Universidad del Pacifico,2019,,,,,,,,,,,,,,,,,,,,,,,,,,,,,,,,,,,,,,,,,,,,,,,,,,,,,,,,,5.0,42.0
Universidad del Pacifico,2020,,,,,,,,,,,,,,,,,,,,,,,,,,,,,,,,,,,,,,,,,,,,,,,,,,,,,,,,,1.0,1.0
