fuente,universidad,anio_dato,ventana,variable,valor,unidad,definicion,url,fecha_descarga,metodo
anid,Pontificia Universidad Catolica de Chile,2015,,montos_anid_adjudicados,29851795000,CLP,"Suma adjudicada por ANID en el año de fallo, en pesos nominales (la base publica miles de pesos; aquí se convierte)",https://raw.githubusercontent.com/ANID-GITHUB/Historico-de-Proyectos-Adjudicados/master/BDH_HISTORICA.csv,2026-09-25T05:05:34+00:00,requests
anid,Pontificia Universidad Catolica de Chile,2015,,proyectos_anid_adjudicados,306,proyectos,Iniciativas adjudicadas en el año de fallo,https://raw.githubusercontent.com/ANID-GITHUB/Historico-de-Proyectos-Adjudicados/master/BDH_HISTORICA.csv,2026-09-25T05:05:34+00:00,requests
anid,Pontificia Universidad Catolica de Chile,2015,,montos_anid_con_industria,1923123000,CLP,Parte adjudicada en instrumentos que suponen participación de empresas o transferencia,https://raw.githubusercontent.com/ANID-GITHUB/Historico-de-Proyectos-Adjudicados/master/BDH_HISTORICA.csv,2026-09-25T05:05:34+00:00,requests
anid,Pontificia Universidad Catolica de Chile,2016,,montos_anid_adjudicados,34233610000,CLP,"Suma adjudicada por ANID en el año de fallo, en pesos nominales (la base publica miles de pesos; aquí se convierte)",https://raw.githubusercontent.com/ANID-GITHUB/Historico-de-Proyectos-Adjudicados/master/BDH_HISTORICA.csv,2026-09-25T05:05:34+00:00,requests
anid,Pontificia Universidad Catolica de Chile,2016,,proyectos_anid_adjudicados,320,proyectos,Iniciativas adjudicadas en el año de fallo,https://raw.githubusercontent.com/ANID-GITHUB/Historico-de-Proyectos-Adjudicados/master/BDH_HISTORICA.csv,2026-09-25T05:05:34+00:00,requests
anid,Pontificia Universidad Catolica de Chile,2016,,montos_anid_con_industria,2123488000,CLP,Parte adjudicada en instrumentos que suponen participación de empresas o transferencia,https://raw.githubusercontent.com/ANID-GITHUB/Historico-de-Proyectos-Adjudicados/master/BDH_HISTORICA.csv,2026-09-25T05:05:34+00:00,requests
anid,Pontificia Universidad Catolica de Chile,2017,,montos_anid_adjudicados,29873510000,CLP,"Suma adjudicada por ANID en el año de fallo, en pesos nominales (la base publica miles de pesos; aquí se convierte)",https://raw.githubusercontent.com/ANID-GITHUB/Historico-de-Proyectos-Adjudicados/master/BDH_HISTORICA.csv,2026-09-25T05:05:34+00:00,requests
anid,Pontificia Universidad Catolica de Chile,2017,,proyectos_anid_adjudicados,289,proyectos,Iniciativas adjudicadas en el año de fallo,https://raw.githubusercontent.com/ANID-GITHUB/Historico-de-Proyectos-Adjudicados/master/BDH_HISTORICA.csv,2026-09-25T05:05:34+00:00,requests
anid,Pontificia Universidad Catolica de Chile,2017,,montos_anid_con_industria,2023624000,CLP,Parte adjudicada en instrumentos que suponen participación de empresas o transferencia,https://raw.githubusercontent.com/ANID-GITHUB/Historico-de-Proyectos-Adjudicados/master/BDH_HISTORICA.csv,2026-09-25T05:05:34+00:00,requests
anid,Pontificia Universidad Catolica de Chile,2018,,montos_anid_adjudicados,31039296000,CLP,"Suma adjudicada por ANID en el año de fallo, en pesos nominales (la base publica miles de pesos; aquí se convierte)",https://raw.githubusercontent.com/ANID-GITHUB/Historico-de-Proyectos-Adjudicados/master/BDH_HISTORICA.csv,2026-09-25T05:05:34+00:00,requests
anid,Pontificia Universidad Catolica de Chile,2018,,proyectos_anid_adjudicados,261,proyectos,Iniciativas adjudicadas en el año de fallo,https://raw.githubusercontent.com/ANID-GITHUB/Historico-de-Proyectos-Adjudicados/master/BDH_HISTORICA.csv,2026-09-25T05:05:34+00:00,requests
anid,Pontificia Universidad Catolica de Chile,2018,,montos_anid_con_industria,2006325000,CLP,Parte adjudicada en instrumentos que suponen participación de empresas o transferencia,https://raw.githubusercontent.com/ANID-GITHUB/Historico-de-Proyectos-Adjudicados/master/BDH_HISTORICA.csv,2026-09-25T05:05:34+00:00,requests
anid,Pontificia Universidad Catolica de Chile,2019,,montos_anid_adjudicados,29603054000,CLP,"Suma adjudicada por ANID en el año de fallo, en pesos nominales (la base publica miles de pesos; aquí se convierte)",https://raw.githubusercontent.com/ANID-GITHUB/Historico-de-Proyectos-Adjudicados/master/BDH_HISTORICA.csv,2026-09-25T05:05:34+00:00,requests
anid,Pontificia Universidad Catolica de Chile,2019,,proyectos_anid_adjudicados,266,proyectos,Iniciativas adjudicadas en el año de fallo,https://raw.githubusercontent.com/ANID-GITHUB/Historico-de-Proyectos-Adjudicados/master/BDH_HISTORICA.csv,2026-09-25T05:05:34+00:00,requests
anid,Pontificia Universidad Catolica de Chile,2019,,montos_anid_con_industria,2080109000,CLP,Parte adjudicada en instrumentos que suponen participación de empresas o transferencia,https://raw.githubusercontent.com/ANID-GITHUB/Historico-de-Proyectos-Adjudicados/master/BDH_HISTORICA.csv,2026-09-25T05:05:34+00:00,requests
anid,Pontificia Universidad Catolica de Chile,2020,,montos_anid_adjudicados,24025133000,CLP,"Suma adjudicada por ANID en el año de fallo, en pesos nominales (la base publica miles de pesos; aquí se convierte)",https://raw.githubusercontent.com/ANID-GITHUB/Historico-de-Proyectos-Adjudicados/master/BDH_HISTORICA.csv,2026-09-25T05:05:34+00:00,requests
anid,Pontificia Universidad Catolica de Chile,2020,,proyectos_anid_adjudicados,229,proyectos,Iniciativas adjudicadas en el año de fallo,https://raw.githubusercontent.com/ANID-GITHUB/Historico-de-Proyectos-Adjudicados/master/BDH_HISTORICA.csv,2026-09-25T05:05:34+00:00,requests
anid,Pontificia Universidad Catolica de Chile,2020,,montos_anid_con_industria,1662897000,CLP,Parte adjudicada en instrumentos que suponen participación de empresas o transferencia,https://raw.githubusercontent.com/ANID-GITHUB/Historico-de-Proyectos-Adjudicados/master/BDH_HISTORICA.csv,2026-09-25T05:05:34+00:00,requests
anid,Pontificia Universidad Catolica de Chile,2021,,montos_anid_adjudicados,43968335000,CLP,"Suma adjudicada por ANID en el año de fallo, en pesos nominales (la base publica miles de pesos; aquí se convierte)",https://raw.githubusercontent.com/ANID-GITHUB/Historico-de-Proyectos-Adjudicados/master/BDH_HISTORICA.csv,2026-09-25T05:05:34+00:00,requests
anid,Pontificia Universidad Catolica de Chile,2021,,proyectos_anid_adjudicados,210,proyectos,Iniciativas adjudicadas en el año de fallo,https://raw.githubusercontent.com/ANID-GITHUB/Historico-de-Proyectos-Adjudicados/master/BDH_HISTORICA.csv,2026-09-25T05:05:34+00:00,requests
anid,Pontificia Universidad Catolica de Chile,2021,,montos_anid_con_industria,3534283000,CLP,Parte adjudicada en instrumentos que suponen participación de empresas o transferencia,https://raw.githubusercontent.com/ANID-GITHUB/Historico-de-Proyectos-Adjudicados/master/BDH_HISTORICA.csv,2026-09-25T05:05:34+00:00,requests
anid,Pontificia Universidad Catolica de Chile,2022,,montos_anid_adjudicados,40094113000,CLP,"Suma adjudicada por ANID en el año de fallo, en pesos nominales (la base publica miles de pesos; aquí se convierte)",https://raw.githubusercontent.com/ANID-GITHUB/Historico-de-Proyectos-Adjudicados/master/BDH_HISTORICA.csv,2026-09-25T05:05:34+00:00,requests
anid,Pontificia Universidad Catolica de Chile,2022,,proyectos_anid_adjudicados,237,proyectos,Iniciativas adjudicadas en el año de fallo,https://raw.githubusercontent.com/ANID-GITHUB/Historico-de-Proyectos-Adjudicados/master/BDH_HISTORICA.csv,2026-09-25T05:05:34+00:00,requests
anid,Pontificia Universidad Catolica de Chile,2022,,montos_anid_con_industria,10489120000,CLP,Parte adjudicada en instrumentos que suponen participación de empresas o transferencia,https://raw.githubusercontent.com/ANID-GITHUB/Historico-de-Proyectos-Adjudicados/master/BDH_HISTORICA.csv,2026-09-25T05:05:34+00:00,requests
anid,Pontificia Universidad Catolica de Chile,2023,,montos_anid_adjudicados,43049911000,CLP,"Suma adjudicada por ANID en el año de fallo, en pesos nominales (la base publica miles de pesos; aquí se convierte)",https://raw.githubusercontent.com/ANID-GITHUB/Historico-de-Proyectos-Adjudicados/master/BDH_HISTORICA.csv,2026-09-25T05:05:34+00:00,requests
anid,Pontificia Universidad Catolica de Chile,2023,,proyectos_anid_adjudicados,249,proyectos,Iniciativas adjudicadas en el año de fallo,https://raw.githubusercontent.com/ANID-GITHUB/Historico-de-Proyectos-Adjudicados/master/BDH_HISTORICA.csv,2026-09-25T05:05:34+00:00,requests
anid,Pontificia Universidad Catolica de Chile,2023,,montos_anid_con_industria,12275301000,CLP,Parte adjudicada en instrumentos que suponen participación de empresas o transferencia,https://raw.githubusercontent.com/ANID-GITHUB/Historico-de-Proyectos-Adjudicados/master/BDH_HISTORICA.csv,2026-09-25T05:05:34+00:00,requests
anid,Pontificia Universidad Catolica de Chile,2024,,montos_anid_adjudicados,39953278000,CLP,"Suma adjudicada por ANID en el año de fallo, en pesos nominales (la base publica miles de pesos; aquí se convierte)",https://raw.githubusercontent.com/ANID-GITHUB/Historico-de-Proyectos-Adjudicados/master/BDH_HISTORICA.csv,2026-09-25T05:05:34+00:00,requests
anid,Pontificia Universidad Catolica de Chile,2024,,proyectos_anid_adjudicados,259,proyectos,Iniciativas adjudicadas en el año de fallo,https://raw.githubusercontent.com/ANID-GITHUB/Historico-de-Proyectos-Adjudicados/master/BDH_HISTORICA.csv,2026-09-25T05:05:34+00:00,requests
anid,Pontificia Universidad Catolica de Chile,2024,,montos_anid_con_industria,3030948000,CLP,Parte adjudicada en instrumentos que suponen participación de empresas o transferencia,https://raw.githubusercontent.com/ANID-GITHUB/Historico-de-Proyectos-Adjudicados/master/BDH_HISTORICA.csv,2026-09-25T05:05:34+00:00,requests
anid,Pontificia Universidad Catolica de Chile,2025,,montos_anid_adjudicados,74710233000,CLP,"Suma adjudicada por ANID en el año de fallo, en pesos nominales (la base publica miles de pesos; aquí se convierte)",https://raw.githubusercontent.com/ANID-GITHUB/Historico-de-Proyectos-Adjudicados/master/BDH_HISTORICA.csv,2026-09-25T05:05:34+00:00,requests
anid,Pontificia Universidad Catolica de Chile,2025,,proyectos_anid_adjudicados,258,proyectos,Iniciativas adjudicadas en el año de fallo,https://raw.githubusercontent.com/ANID-GITHUB/Historico-de-Proyectos-Adjudicados/master/BDH_HISTORICA.csv,2026-09-25T05:05:34+00:00,requests
anid,Pontificia Universidad Catolica de Chile,2025,,montos_anid_con_industria,5579090000,CLP,Parte adjudicada en instrumentos que suponen participación de empresas o transferencia,https://raw.githubusercontent.com/ANID-GITHUB/Historico-de-Proyectos-Adjudicados/master/BDH_HISTORICA.csv,2026-09-25T05:05:34+00:00,requests
anid,Pontificia Universidad Catolica de Chile,2026,,montos_anid_adjudicados,27068937000,CLP,"Suma adjudicada por ANID en el año de fallo, en pesos nominales (la base publica miles de pesos; aquí se convierte)",https://raw.githubusercontent.com/ANID-GITHUB/Historico-de-Proyectos-Adjudicados/master/BDH_HISTORICA.csv,2026-09-25T05:05:34+00:00,requests
anid,Pontificia Universidad Catolica de Chile,2026,,proyectos_anid_adjudicados,189,proyectos,Iniciativas adjudicadas en el año de fallo,https://raw.githubusercontent.com/ANID-GITHUB/Historico-de-Proyectos-Adjudicados/master/BDH_HISTORICA.csv,2026-09-25T05:05:34+00:00,requests
anid,Pontificia Universidad Catolica de Chile,2026,,montos_anid_con_industria,2275785000,CLP,Parte adjudicada en instrumentos que suponen participación de empresas o transferencia,https://raw.githubusercontent.com/ANID-GITHUB/Historico-de-Proyectos-Adjudicados/master/BDH_HISTORICA.csv,2026-09-25T05:05:34+00:00,requests
anid,Pontificia Universidad Catolica de Valparaiso,2015,,montos_anid_adjudicados,6461638000,CLP,"Suma adjudicada por ANID en el año de fallo, en pesos nominales (la base publica miles de pesos; aquí se convierte)",https://raw.githubusercontent.com/ANID-GITHUB/Historico-de-Proyectos-Adjudicados/master/BDH_HISTORICA.csv,2026-09-25T05:05:34+00:00,requests
anid,Pontificia Universidad Catolica de Valparaiso,2015,,proyectos_anid_adjudicados,83,proyectos,Iniciativas adjudicadas en el año de fallo,https://raw.githubusercontent.com/ANID-GITHUB/Historico-de-Proyectos-Adjudicados/master/BDH_HISTORICA.csv,2026-09-25T05:05:34+00:00,requests
anid,Pontificia Universidad Catolica de Valparaiso,2015,,montos_anid_con_industria,449968000,CLP,Parte adjudicada en instrumentos que suponen participación de empresas o transferencia,https://raw.githubusercontent.com/ANID-GITHUB/Historico-de-Proyectos-Adjudicados/master/BDH_HISTORICA.csv,2026-09-25T05:05:34+00:00,requests
anid,Pontificia Universidad Catolica de Valparaiso,2016,,montos_anid_adjudicados,9455386000,CLP,"Suma adjudicada por ANID en el año de fallo, en pesos nominales (la base publica miles de pesos; aquí se convierte)",https://raw.githubusercontent.com/ANID-GITHUB/Historico-de-Proyectos-Adjudicados/master/BDH_HISTORICA.csv,2026-09-25T05:05:34+00:00,requests
anid,Pontificia Universidad Catolica de Valparaiso,2016,,proyectos_anid_adjudicados,79,proyectos,Iniciativas adjudicadas en el año de fallo,https://raw.githubusercontent.com/ANID-GITHUB/Historico-de-Proyectos-Adjudicados/master/BDH_HISTORICA.csv,2026-09-25T05:05:34+00:00,requests
anid,Pontificia Universidad Catolica de Valparaiso,2016,,montos_anid_con_industria,290377000,CLP,Parte adjudicada en instrumentos que suponen participación de empresas o transferencia,https://raw.githubusercontent.com/ANID-GITHUB/Historico-de-Proyectos-Adjudicados/master/BDH_HISTORICA.csv,2026-09-25T05:05:34+00:00,requests
anid,Pontificia Universidad Catolica de Valparaiso,2017,,montos_anid_adjudicados,6110004000,CLP,"Suma adjudicada por ANID en el año de fallo, en pesos nominales (la base publica miles de pesos; aquí se convierte)",https://raw.githubusercontent.com/ANID-GITHUB/Historico-de-Proyectos-Adjudicados/master/BDH_HISTORICA.csv,2026-09-25T05:05:34+00:00,requests
anid,Pontificia Universidad Catolica de Valparaiso,2017,,proyectos_anid_adjudicados,83,proyectos,Iniciativas adjudicadas en el año de fallo,https://raw.githubusercontent.com/ANID-GITHUB/Historico-de-Proyectos-Adjudicados/master/BDH_HISTORICA.csv,2026-09-25T05:05:34+00:00,requests
anid,Pontificia Universidad Catolica de Valparaiso,2017,,montos_anid_con_industria,363321000,CLP,Parte adjudicada en instrumentos que suponen participación de empresas o transferencia,https://raw.githubusercontent.com/ANID-GITHUB/Historico-de-Proyectos-Adjudicados/master/BDH_HISTORICA.csv,2026-09-25T05:05:34+00:00,requests
anid,Pontificia Universidad Catolica de Valparaiso,2018,,montos_anid_adjudicados,7089345000,CLP,"Suma adjudicada por ANID en el año de fallo, en pesos nominales (la base publica miles de pesos; aquí se convierte)",https://raw.githubusercontent.com/ANID-GITHUB/Historico-de-Proyectos-Adjudicados/master/BDH_HISTORICA.csv,2026-09-25T05:05:34+00:00,requests
anid,Pontificia Universidad Catolica de Valparaiso,2018,,proyectos_anid_adjudicados,78,proyectos,Iniciativas adjudicadas en el año de fallo,https://raw.githubusercontent.com/ANID-GITHUB/Historico-de-Proyectos-Adjudicados/master/BDH_HISTORICA.csv,2026-09-25T05:05:34+00:00,requests
anid,Pontificia Universidad Catolica de Valparaiso,2018,,montos_anid_con_industria,212640000,CLP,Parte adjudicada en instrumentos que suponen participación de empresas o transferencia,https://raw.githubusercontent.com/ANID-GITHUB/Historico-de-Proyectos-Adjudicados/master/BDH_HISTORICA.csv,2026-09-25T05:05:34+00:00,requests
anid,Pontificia Universidad Catolica de Valparaiso,2019,,montos_anid_adjudicados,7796699000,CLP,"Suma adjudicada por ANID en el año de fallo, en pesos nominales (la base publica miles de pesos; aquí se convierte)",https://raw.githubusercontent.com/ANID-GITHUB/Historico-de-Proyectos-Adjudicados/master/BDH_HISTORICA.csv,2026-09-25T05:05:34+00:00,requests
anid,Pontificia Universidad Catolica de Valparaiso,2019,,proyectos_anid_adjudicados,89,proyectos,Iniciativas adjudicadas en el año de fallo,https://raw.githubusercontent.com/ANID-GITHUB/Historico-de-Proyectos-Adjudicados/master/BDH_HISTORICA.csv,2026-09-25T05:05:34+00:00,requests
anid,Pontificia Universidad Catolica de Valparaiso,2019,,montos_anid_con_industria,568444000,CLP,Parte adjudicada en instrumentos que suponen participación de empresas o transferencia,https://raw.githubusercontent.com/ANID-GITHUB/Historico-de-Proyectos-Adjudicados/master/BDH_HISTORICA.csv,2026-09-25T05:05:34+00:00,requests
anid,Pontificia Universidad Catolica de Valparaiso,2020,,montos_anid_adjudicados,5042522000,CLP,"Suma adjudicada por ANID en el año de fallo, en pesos nominales (la base publica miles de pesos; aquí se convierte)",https://raw.githubusercontent.com/ANID-GITHUB/Historico-de-Proyectos-Adjudicados/master/BDH_HISTORICA.csv,2026-09-25T05:05:34+00:00,requests
anid,Pontificia Universidad Catolica de Valparaiso,2020,,proyectos_anid_adjudicados,54,proyectos,Iniciativas adjudicadas en el año de fallo,https://raw.githubusercontent.com/ANID-GITHUB/Historico-de-Proyectos-Adjudicados/master/BDH_HISTORICA.csv,2026-09-25T05:05:34+00:00,requests
anid,Pontificia Universidad Catolica de Valparaiso,2020,,montos_anid_con_industria,200000000,CLP,Parte adjudicada en instrumentos que suponen participación de empresas o transferencia,https://raw.githubusercontent.com/ANID-GITHUB/Historico-de-Proyectos-Adjudicados/master/BDH_HISTORICA.csv,2026-09-25T05:05:34+00:00,requests
anid,Pontificia Universidad Catolica de Valparaiso,2021,,montos_anid_adjudicados,6406962000,CLP,"Suma adjudicada por ANID en el año de fallo, en pesos nominales (la base publica miles de pesos; aquí se convierte)",https://raw.githubusercontent.com/ANID-GITHUB/Historico-de-Proyectos-Adjudicados/master/BDH_HISTORICA.csv,2026-09-25T05:05:34+00:00,requests
anid,Pontificia Universidad Catolica de Valparaiso,2021,,proyectos_anid_adjudicados,56,proyectos,Iniciativas adjudicadas en el año de fallo,https://raw.githubusercontent.com/ANID-GITHUB/Historico-de-Proyectos-Adjudicados/master/BDH_HISTORICA.csv,2026-09-25T05:05:34+00:00,requests
anid,Pontificia Universidad Catolica de Valparaiso,2021,,montos_anid_con_industria,599879000,CLP,Parte adjudicada en instrumentos que suponen participación de empresas o transferencia,https://raw.githubusercontent.com/ANID-GITHUB/Historico-de-Proyectos-Adjudicados/master/BDH_HISTORICA.csv,2026-09-25T05:05:34+00:00,requests
anid,Pontificia Universidad Catolica de Valparaiso,2022,,montos_anid_adjudicados,10489358000,CLP,"Suma adjudicada por ANID en el año de fallo, en pesos nominales (la base publica miles de pesos; aquí se convierte)",https://raw.githubusercontent.com/ANID-GITHUB/Historico-de-Proyectos-Adjudicados/master/BDH_HISTORICA.csv,2026-09-25T05:05:34+00:00,requests
anid,Pontificia Universidad Catolica de Valparaiso,2022,,proyectos_anid_adjudicados,79,proyectos,Iniciativas adjudicadas en el año de fallo,https://raw.githubusercontent.com/ANID-GITHUB/Historico-de-Proyectos-Adjudicados/master/BDH_HISTORICA.csv,2026-09-25T05:05:34+00:00,requests
anid,Pontificia Universidad Catolica de Valparaiso,2022,,montos_anid_con_industria,1234598000,CLP,Parte adjudicada en instrumentos que suponen participación de empresas o transferencia,https://raw.githubusercontent.com/ANID-GITHUB/Historico-de-Proyectos-Adjudicados/master/BDH_HISTORICA.csv,2026-09-25T05:05:34+00:00,requests
anid,Pontificia Universidad Catolica de Valparaiso,2023,,montos_anid_adjudicados,12129258000,CLP,"Suma adjudicada por ANID en el año de fallo, en pesos nominales (la base publica miles de pesos; aquí se convierte)",https://raw.githubusercontent.com/ANID-GITHUB/Historico-de-Proyectos-Adjudicados/master/BDH_HISTORICA.csv,2026-09-25T05:05:34+00:00,requests
anid,Pontificia Universidad Catolica de Valparaiso,2023,,proyectos_anid_adjudicados,101,proyectos,Iniciativas adjudicadas en el año de fallo,https://raw.githubusercontent.com/ANID-GITHUB/Historico-de-Proyectos-Adjudicados/master/BDH_HISTORICA.csv,2026-09-25T05:05:34+00:00,requests
anid,Pontificia Universidad Catolica de Valparaiso,2023,,montos_anid_con_industria,1817681000,CLP,Parte adjudicada en instrumentos que suponen participación de empresas o transferencia,https://raw.githubusercontent.com/ANID-GITHUB/Historico-de-Proyectos-Adjudicados/master/BDH_HISTORICA.csv,2026-09-25T05:05:34+00:00,requests
anid,Pontificia Universidad Catolica de Valparaiso,2024,,montos_anid_adjudicados,12276075045,CLP,"Suma adjudicada por ANID en el año de fallo, en pesos nominales (la base publica miles de pesos; aquí se convierte)",https://raw.githubusercontent.com/ANID-GITHUB/Historico-de-Proyectos-Adjudicados/master/BDH_HISTORICA.csv,2026-09-25T05:05:34+00:00,requests
anid,Pontificia Universidad Catolica de Valparaiso,2024,,proyectos_anid_adjudicados,85,proyectos,Iniciativas adjudicadas en el año de fallo,https://raw.githubusercontent.com/ANID-GITHUB/Historico-de-Proyectos-Adjudicados/master/BDH_HISTORICA.csv,2026-09-25T05:05:34+00:00,requests
anid,Pontificia Universidad Catolica de Valparaiso,2024,,montos_anid_con_industria,1733436045,CLP,Parte adjudicada en instrumentos que suponen participación de empresas o transferencia,https://raw.githubusercontent.com/ANID-GITHUB/Historico-de-Proyectos-Adjudicados/master/BDH_HISTORICA.csv,2026-09-25T05:05:34+00:00,requests
anid,Pontificia Universidad Catolica de Valparaiso,2025,,montos_anid_adjudicados,12327045000,CLP,"Suma adjudicada por ANID en el año de fallo, en pesos nominales (la base publica miles de pesos; aquí se convierte)",https://raw.githubusercontent.com/ANID-GITHUB/Historico-de-Proyectos-Adjudicados/master/BDH_HISTORICA.csv,2026-09-25T05:05:34+00:00,requests
anid,Pontificia Universidad Catolica de Valparaiso,2025,,proyectos_anid_adjudicados,84,proyectos,Iniciativas adjudicadas en el año de fallo,https://raw.githubusercontent.com/ANID-GITHUB/Historico-de-Proyectos-Adjudicados/master/BDH_HISTORICA.csv,2026-09-25T05:05:34+00:00,requests
anid,Pontificia Universidad Catolica de Valparaiso,2025,,montos_anid_con_industria,864126000,CLP,Parte adjudicada en instrumentos que suponen participación de empresas o transferencia,https://raw.githubusercontent.com/ANID-GITHUB/Historico-de-Proyectos-Adjudicados/master/BDH_HISTORICA.csv,2026-09-25T05:05:34+00:00,requests
anid,Pontificia Universidad Catolica de Valparaiso,2026,,montos_anid_adjudicados,12013591000,CLP,"Suma adjudicada por ANID en el año de fallo, en pesos nominales (la base publica miles de pesos; aquí se convierte)",https://raw.githubusercontent.com/ANID-GITHUB/Historico-de-Proyectos-Adjudicados/master/BDH_HISTORICA.csv,2026-09-25T05:05:34+00:00,requests
anid,Pontificia Universidad Catolica de Valparaiso,2026,,proyectos_anid_adjudicados,75,proyectos,Iniciativas adjudicadas en el año de fallo,https://raw.githubusercontent.com/ANID-GITHUB/Historico-de-Proyectos-Adjudicados/master/BDH_HISTORICA.csv,2026-09-25T05:05:34+00:00,requests
anid,Pontificia Universidad Catolica de Valparaiso,2026,,montos_anid_con_industria,2047286000,CLP,Parte adjudicada en instrumentos que suponen participación de empresas o transferencia,https://raw.githubusercontent.com/ANID-GITHUB/Historico-de-Proyectos-Adjudicados/master/BDH_HISTORICA.csv,2026-09-25T05:05:34+00:00,requests
anid,Universidad Academia de Humanismo Cristiano,2015,,montos_anid_adjudicados,454639000,CLP,"Suma adjudicada por ANID en el año de fallo, en pesos nominales (la base publica miles de pesos; aquí se convierte)",https://raw.githubusercontent.com/ANID-GITHUB/Historico-de-Proyectos-Adjudicados/master/BDH_HISTORICA.csv,2026-09-25T05:05:34+00:00,requests
anid,Universidad Academia de Humanismo Cristiano,2015,,proyectos_anid_adjudicados,5,proyectos,Iniciativas adjudicadas en el año de fallo,https://raw.githubusercontent.com/ANID-GITHUB/Historico-de-Proyectos-Adjudicados/master/BDH_HISTORICA.csv,2026-09-25T05:05:34+00:00,requests
anid,Universidad Academia de Humanismo Cristiano,2016,,montos_anid_adjudicados,430319000,CLP,"Suma adjudicada por ANID en el año de fallo, en pesos nominales (la base publica miles de pesos; aquí se convierte)",https://raw.githubusercontent.com/ANID-GITHUB/Historico-de-Proyectos-Adjudicados/master/BDH_HISTORICA.csv,2026-09-25T05:05:34+00:00,requests
anid,Universidad Academia de Humanismo Cristiano,2016,,proyectos_anid_adjudicados,5,proyectos,Iniciativas adjudicadas en el año de fallo,https://raw.githubusercontent.com/ANID-GITHUB/Historico-de-Proyectos-Adjudicados/master/BDH_HISTORICA.csv,2026-09-25T05:05:34+00:00,requests
anid,Universidad Academia de Humanismo Cristiano,2017,,montos_anid_adjudicados,515560000,CLP,"Suma adjudicada por ANID en el año de fallo, en pesos nominales (la base publica miles de pesos; aquí se convierte)",https://raw.githubusercontent.com/ANID-GITHUB/Historico-de-Proyectos-Adjudicados/master/BDH_HISTORICA.csv,2026-09-25T05:05:34+00:00,requests
anid,Universidad Academia de Humanismo Cristiano,2017,,proyectos_anid_adjudicados,7,proyectos,Iniciativas adjudicadas en el año de fallo,https://raw.githubusercontent.com/ANID-GITHUB/Historico-de-Proyectos-Adjudicados/master/BDH_HISTORICA.csv,2026-09-25T05:05:34+00:00,requests
anid,Universidad Academia de Humanismo Cristiano,2018,,montos_anid_adjudicados,309417000,CLP,"Suma adjudicada por ANID en el año de fallo, en pesos nominales (la base publica miles de pesos; aquí se convierte)",https://raw.githubusercontent.com/ANID-GITHUB/Historico-de-Proyectos-Adjudicados/master/BDH_HISTORICA.csv,2026-09-25T05:05:34+00:00,requests
anid,Universidad Academia de Humanismo Cristiano,2018,,proyectos_anid_adjudicados,3,proyectos,Iniciativas adjudicadas en el año de fallo,https://raw.githubusercontent.com/ANID-GITHUB/Historico-de-Proyectos-Adjudicados/master/BDH_HISTORICA.csv,2026-09-25T05:05:34+00:00,requests
anid,Universidad Academia de Humanismo Cristiano,2019,,montos_anid_adjudicados,440917000,CLP,"Suma adjudicada por ANID en el año de fallo, en pesos nominales (la base publica miles de pesos; aquí se convierte)",https://raw.githubusercontent.com/ANID-GITHUB/Historico-de-Proyectos-Adjudicados/master/BDH_HISTORICA.csv,2026-09-25T05:05:34+00:00,requests
anid,Universidad Academia de Humanismo Cristiano,2019,,proyectos_anid_adjudicados,6,proyectos,Iniciativas adjudicadas en el año de fallo,https://raw.githubusercontent.com/ANID-GITHUB/Historico-de-Proyectos-Adjudicados/master/BDH_HISTORICA.csv,2026-09-25T05:05:34+00:00,requests
anid,Universidad Academia de Humanismo Cristiano,2020,,montos_anid_adjudicados,611885000,CLP,"Suma adjudicada por ANID en el año de fallo, en pesos nominales (la base publica miles de pesos; aquí se convierte)",https://raw.githubusercontent.com/ANID-GITHUB/Historico-de-Proyectos-Adjudicados/master/BDH_HISTORICA.csv,2026-09-25T05:05:34+00:00,requests
anid,Universidad Academia de Humanismo Cristiano,2020,,proyectos_anid_adjudicados,8,proyectos,Iniciativas adjudicadas en el año de fallo,https://raw.githubusercontent.com/ANID-GITHUB/Historico-de-Proyectos-Adjudicados/master/BDH_HISTORICA.csv,2026-09-25T05:05:34+00:00,requests
anid,Universidad Academia de Humanismo Cristiano,2021,,montos_anid_adjudicados,214873000,CLP,"Suma adjudicada por ANID en el año de fallo, en pesos nominales (la base publica miles de pesos; aquí se convierte)",https://raw.githubusercontent.com/ANID-GITHUB/Historico-de-Proyectos-Adjudicados/master/BDH_HISTORICA.csv,2026-09-25T05:05:34+00:00,requests
anid,Universidad Academia de Humanismo Cristiano,2021,,proyectos_anid_adjudicados,3,proyectos,Iniciativas adjudicadas en el año de fallo,https://raw.githubusercontent.com/ANID-GITHUB/Historico-de-Proyectos-Adjudicados/master/BDH_HISTORICA.csv,2026-09-25T05:05:34+00:00,requests
anid,Universidad Academia de Humanismo Cristiano,2022,,montos_anid_adjudicados,334949000,CLP,"Suma adjudicada por ANID en el año de fallo, en pesos nominales (la base publica miles de pesos; aquí se convierte)",https://raw.githubusercontent.com/ANID-GITHUB/Historico-de-Proyectos-Adjudicados/master/BDH_HISTORICA.csv,2026-09-25T05:05:34+00:00,requests
anid,Universidad Academia de Humanismo Cristiano,2022,,proyectos_anid_adjudicados,5,proyectos,Iniciativas adjudicadas en el año de fallo,https://raw.githubusercontent.com/ANID-GITHUB/Historico-de-Proyectos-Adjudicados/master/BDH_HISTORICA.csv,2026-09-25T05:05:34+00:00,requests
anid,Universidad Academia de Humanismo Cristiano,2023,,montos_anid_adjudicados,258654000,CLP,"Suma adjudicada por ANID en el año de fallo, en pesos nominales (la base publica miles de pesos; aquí se convierte)",https://raw.githubusercontent.com/ANID-GITHUB/Historico-de-Proyectos-Adjudicados/master/BDH_HISTORICA.csv,2026-09-25T05:05:34+00:00,requests
anid,Universidad Academia de Humanismo Cristiano,2023,,proyectos_anid_adjudicados,4,proyectos,Iniciativas adjudicadas en el año de fallo,https://raw.githubusercontent.com/ANID-GITHUB/Historico-de-Proyectos-Adjudicados/master/BDH_HISTORICA.csv,2026-09-25T05:05:34+00:00,requests
anid,Universidad Academia de Humanismo Cristiano,2024,,montos_anid_adjudicados,333433000,CLP,"Suma adjudicada por ANID en el año de fallo, en pesos nominales (la base publica miles de pesos; aquí se convierte)",https://raw.githubusercontent.com/ANID-GITHUB/Historico-de-Proyectos-Adjudicados/master/BDH_HISTORICA.csv,2026-09-25T05:05:34+00:00,requests
anid,Universidad Academia de Humanismo Cristiano,2024,,proyectos_anid_adjudicados,4,proyectos,Iniciativas adjudicadas en el año de fallo,https://raw.githubusercontent.com/ANID-GITHUB/Historico-de-Proyectos-Adjudicados/master/BDH_HISTORICA.csv,2026-09-25T05:05:34+00:00,requests
anid,Universidad Academia de Humanismo Cristiano,2025,,montos_anid_adjudicados,726660000,CLP,"Suma adjudicada por ANID en el año de fallo, en pesos nominales (la base publica miles de pesos; aquí se convierte)",https://raw.githubusercontent.com/ANID-GITHUB/Historico-de-Proyectos-Adjudicados/master/BDH_HISTORICA.csv,2026-09-25T05:05:34+00:00,requests
anid,Universidad Academia de Humanismo Cristiano,2025,,proyectos_anid_adjudicados,5,proyectos,Iniciativas adjudicadas en el año de fallo,https://raw.githubusercontent.com/ANID-GITHUB/Historico-de-Proyectos-Adjudicados/master/BDH_HISTORICA.csv,2026-09-25T05:05:34+00:00,requests
anid,Universidad Academia de Humanismo Cristiano,2026,,montos_anid_adjudicados,149571000,CLP,"Suma adjudicada por ANID en el año de fallo, en pesos nominales (la base publica miles de pesos; aquí se convierte)",https://raw.githubusercontent.com/ANID-GITHUB/Historico-de-Proyectos-Adjudicados/master/BDH_HISTORICA.csv,2026-09-25T05:05:34+00:00,requests
anid,Universidad Academia de Humanismo Cristiano,2026,,proyectos_anid_adjudicados,2,proyectos,Iniciativas adjudicadas en el año de fallo,https://raw.githubusercontent.com/ANID-GITHUB/Historico-de-Proyectos-Adjudicados/master/BDH_HISTORICA.csv,2026-09-25T05:05:34+00:00,requests
anid,Universidad Adolfo Ibanez,2015,,montos_anid_adjudicados,2549931000,CLP,"Suma adjudicada por ANID en el año de fallo, en pesos nominales (la base publica miles de pesos; aquí se convierte)",https://raw.githubusercontent.com/ANID-GITHUB/Historico-de-Proyectos-Adjudicados/master/BDH_HISTORICA.csv,2026-09-25T05:05:34+00:00,requests
anid,Universidad Adolfo Ibanez,2015,,proyectos_anid_adjudicados,25,proyectos,Iniciativas adjudicadas en el año de fallo,https://raw.githubusercontent.com/ANID-GITHUB/Historico-de-Proyectos-Adjudicados/master/BDH_HISTORICA.csv,2026-09-25T05:05:34+00:00,requests
anid,Universidad Adolfo Ibanez,2015,,montos_anid_con_industria,151432000,CLP,Parte adjudicada en instrumentos que suponen participación de empresas o transferencia,https://raw.githubusercontent.com/ANID-GITHUB/Historico-de-Proyectos-Adjudicados/master/BDH_HISTORICA.csv,2026-09-25T05:05:34+00:00,requests
anid,Universidad Adolfo Ibanez,2016,,montos_anid_adjudicados,1861027000,CLP,"Suma adjudicada por ANID en el año de fallo, en pesos nominales (la base publica miles de pesos; aquí se convierte)",https://raw.githubusercontent.com/ANID-GITHUB/Historico-de-Proyectos-Adjudicados/master/BDH_HISTORICA.csv,2026-09-25T05:05:34+00:00,requests
anid,Universidad Adolfo Ibanez,2016,,proyectos_anid_adjudicados,24,proyectos,Iniciativas adjudicadas en el año de fallo,https://raw.githubusercontent.com/ANID-GITHUB/Historico-de-Proyectos-Adjudicados/master/BDH_HISTORICA.csv,2026-09-25T05:05:34+00:00,requests
anid,Universidad Adolfo Ibanez,2016,,montos_anid_con_industria,371360000,CLP,Parte adjudicada en instrumentos que suponen participación de empresas o transferencia,https://raw.githubusercontent.com/ANID-GITHUB/Historico-de-Proyectos-Adjudicados/master/BDH_HISTORICA.csv,2026-09-25T05:05:34+00:00,requests
anid,Universidad Adolfo Ibanez,2017,,montos_anid_adjudicados,2742425000,CLP,"Suma adjudicada por ANID en el año de fallo, en pesos nominales (la base publica miles de pesos; aquí se convierte)",https://raw.githubusercontent.com/ANID-GITHUB/Historico-de-Proyectos-Adjudicados/master/BDH_HISTORICA.csv,2026-09-25T05:05:34+00:00,requests
anid,Universidad Adolfo Ibanez,2017,,proyectos_anid_adjudicados,40,proyectos,Iniciativas adjudicadas en el año de fallo,https://raw.githubusercontent.com/ANID-GITHUB/Historico-de-Proyectos-Adjudicados/master/BDH_HISTORICA.csv,2026-09-25T05:05:34+00:00,requests
anid,Universidad Adolfo Ibanez,2018,,montos_anid_adjudicados,2301678000,CLP,"Suma adjudicada por ANID en el año de fallo, en pesos nominales (la base publica miles de pesos; aquí se convierte)",https://raw.githubusercontent.com/ANID-GITHUB/Historico-de-Proyectos-Adjudicados/master/BDH_HISTORICA.csv,2026-09-25T05:05:34+00:00,requests
anid,Universidad Adolfo Ibanez,2018,,proyectos_anid_adjudicados,33,proyectos,Iniciativas adjudicadas en el año de fallo,https://raw.githubusercontent.com/ANID-GITHUB/Historico-de-Proyectos-Adjudicados/master/BDH_HISTORICA.csv,2026-09-25T05:05:34+00:00,requests
anid,Universidad Adolfo Ibanez,2018,,montos_anid_con_industria,2000000,CLP,Parte adjudicada en instrumentos que suponen participación de empresas o transferencia,https://raw.githubusercontent.com/ANID-GITHUB/Historico-de-Proyectos-Adjudicados/master/BDH_HISTORICA.csv,2026-09-25T05:05:34+00:00,requests
anid,Universidad Adolfo Ibanez,2019,,montos_anid_adjudicados,3487016000,CLP,"Suma adjudicada por ANID en el año de fallo, en pesos nominales (la base publica miles de pesos; aquí se convierte)",https://raw.githubusercontent.com/ANID-GITHUB/Historico-de-Proyectos-Adjudicados/master/BDH_HISTORICA.csv,2026-09-25T05:05:34+00:00,requests
anid,Universidad Adolfo Ibanez,2019,,proyectos_anid_adjudicados,40,proyectos,Iniciativas adjudicadas en el año de fallo,https://raw.githubusercontent.com/ANID-GITHUB/Historico-de-Proyectos-Adjudicados/master/BDH_HISTORICA.csv,2026-09-25T05:05:34+00:00,requests
anid,Universidad Adolfo Ibanez,2019,,montos_anid_con_industria,423590000,CLP,Parte adjudicada en instrumentos que suponen participación de empresas o transferencia,https://raw.githubusercontent.com/ANID-GITHUB/Historico-de-Proyectos-Adjudicados/master/BDH_HISTORICA.csv,2026-09-25T05:05:34+00:00,requests
anid,Universidad Adolfo Ibanez,2020,,montos_anid_adjudicados,3207989000,CLP,"Suma adjudicada por ANID en el año de fallo, en pesos nominales (la base publica miles de pesos; aquí se convierte)",https://raw.githubusercontent.com/ANID-GITHUB/Historico-de-Proyectos-Adjudicados/master/BDH_HISTORICA.csv,2026-09-25T05:05:34+00:00,requests
anid,Universidad Adolfo Ibanez,2020,,proyectos_anid_adjudicados,44,proyectos,Iniciativas adjudicadas en el año de fallo,https://raw.githubusercontent.com/ANID-GITHUB/Historico-de-Proyectos-Adjudicados/master/BDH_HISTORICA.csv,2026-09-25T05:05:34+00:00,requests
anid,Universidad Adolfo Ibanez,2020,,montos_anid_con_industria,384700000,CLP,Parte adjudicada en instrumentos que suponen participación de empresas o transferencia,https://raw.githubusercontent.com/ANID-GITHUB/Historico-de-Proyectos-Adjudicados/master/BDH_HISTORICA.csv,2026-09-25T05:05:34+00:00,requests
anid,Universidad Adolfo Ibanez,2021,,montos_anid_adjudicados,3741317000,CLP,"Suma adjudicada por ANID en el año de fallo, en pesos nominales (la base publica miles de pesos; aquí se convierte)",https://raw.githubusercontent.com/ANID-GITHUB/Historico-de-Proyectos-Adjudicados/master/BDH_HISTORICA.csv,2026-09-25T05:05:34+00:00,requests
anid,Universidad Adolfo Ibanez,2021,,proyectos_anid_adjudicados,32,proyectos,Iniciativas adjudicadas en el año de fallo,https://raw.githubusercontent.com/ANID-GITHUB/Historico-de-Proyectos-Adjudicados/master/BDH_HISTORICA.csv,2026-09-25T05:05:34+00:00,requests
anid,Universidad Adolfo Ibanez,2021,,montos_anid_con_industria,399306000,CLP,Parte adjudicada en instrumentos que suponen participación de empresas o transferencia,https://raw.githubusercontent.com/ANID-GITHUB/Historico-de-Proyectos-Adjudicados/master/BDH_HISTORICA.csv,2026-09-25T05:05:34+00:00,requests
anid,Universidad Adolfo Ibanez,2022,,montos_anid_adjudicados,5362023000,CLP,"Suma adjudicada por ANID en el año de fallo, en pesos nominales (la base publica miles de pesos; aquí se convierte)",https://raw.githubusercontent.com/ANID-GITHUB/Historico-de-Proyectos-Adjudicados/master/BDH_HISTORICA.csv,2026-09-25T05:05:34+00:00,requests
anid,Universidad Adolfo Ibanez,2022,,proyectos_anid_adjudicados,48,proyectos,Iniciativas adjudicadas en el año de fallo,https://raw.githubusercontent.com/ANID-GITHUB/Historico-de-Proyectos-Adjudicados/master/BDH_HISTORICA.csv,2026-09-25T05:05:34+00:00,requests
anid,Universidad Adolfo Ibanez,2022,,montos_anid_con_industria,440000000,CLP,Parte adjudicada en instrumentos que suponen participación de empresas o transferencia,https://raw.githubusercontent.com/ANID-GITHUB/Historico-de-Proyectos-Adjudicados/master/BDH_HISTORICA.csv,2026-09-25T05:05:34+00:00,requests
anid,Universidad Adolfo Ibanez,2023,,montos_anid_adjudicados,7321433000,CLP,"Suma adjudicada por ANID en el año de fallo, en pesos nominales (la base publica miles de pesos; aquí se convierte)",https://raw.githubusercontent.com/ANID-GITHUB/Historico-de-Proyectos-Adjudicados/master/BDH_HISTORICA.csv,2026-09-25T05:05:34+00:00,requests
anid,Universidad Adolfo Ibanez,2023,,proyectos_anid_adjudicados,64,proyectos,Iniciativas adjudicadas en el año de fallo,https://raw.githubusercontent.com/ANID-GITHUB/Historico-de-Proyectos-Adjudicados/master/BDH_HISTORICA.csv,2026-09-25T05:05:34+00:00,requests
anid,Universidad Adolfo Ibanez,2023,,montos_anid_con_industria,542410000,CLP,Parte adjudicada en instrumentos que suponen participación de empresas o transferencia,https://raw.githubusercontent.com/ANID-GITHUB/Historico-de-Proyectos-Adjudicados/master/BDH_HISTORICA.csv,2026-09-25T05:05:34+00:00,requests
anid,Universidad Adolfo Ibanez,2024,,montos_anid_adjudicados,6318642000,CLP,"Suma adjudicada por ANID en el año de fallo, en pesos nominales (la base publica miles de pesos; aquí se convierte)",https://raw.githubusercontent.com/ANID-GITHUB/Historico-de-Proyectos-Adjudicados/master/BDH_HISTORICA.csv,2026-09-25T05:05:34+00:00,requests
anid,Universidad Adolfo Ibanez,2024,,proyectos_anid_adjudicados,50,proyectos,Iniciativas adjudicadas en el año de fallo,https://raw.githubusercontent.com/ANID-GITHUB/Historico-de-Proyectos-Adjudicados/master/BDH_HISTORICA.csv,2026-09-25T05:05:34+00:00,requests
anid,Universidad Adolfo Ibanez,2024,,montos_anid_con_industria,453700000,CLP,Parte adjudicada en instrumentos que suponen participación de empresas o transferencia,https://raw.githubusercontent.com/ANID-GITHUB/Historico-de-Proyectos-Adjudicados/master/BDH_HISTORICA.csv,2026-09-25T05:05:34+00:00,requests
anid,Universidad Adolfo Ibanez,2025,,montos_anid_adjudicados,7620248000,CLP,"Suma adjudicada por ANID en el año de fallo, en pesos nominales (la base publica miles de pesos; aquí se convierte)",https://raw.githubusercontent.com/ANID-GITHUB/Historico-de-Proyectos-Adjudicados/master/BDH_HISTORICA.csv,2026-09-25T05:05:34+00:00,requests
anid,Universidad Adolfo Ibanez,2025,,proyectos_anid_adjudicados,54,proyectos,Iniciativas adjudicadas en el año de fallo,https://raw.githubusercontent.com/ANID-GITHUB/Historico-de-Proyectos-Adjudicados/master/BDH_HISTORICA.csv,2026-09-25T05:05:34+00:00,requests
anid,Universidad Adolfo Ibanez,2025,,montos_anid_con_industria,1884063000,CLP,Parte adjudicada en instrumentos que suponen participación de empresas o transferencia,https://raw.githubusercontent.com/ANID-GITHUB/Historico-de-Proyectos-Adjudicados/master/BDH_HISTORICA.csv,2026-09-25T05:05:34+00:00,requests
anid,Universidad Adolfo Ibanez,2026,,montos_anid_adjudicados,4991190000,CLP,"Suma adjudicada por ANID en el año de fallo, en pesos nominales (la base publica miles de pesos; aquí se convierte)",https://raw.githubusercontent.com/ANID-GITHUB/Historico-de-Proyectos-Adjudicados/master/BDH_HISTORICA.csv,2026-09-25T05:05:34+00:00,requests
anid,Universidad Adolfo Ibanez,2026,,proyectos_anid_adjudicados,43,proyectos,Iniciativas adjudicadas en el año de fallo,https://raw.githubusercontent.com/ANID-GITHUB/Historico-de-Proyectos-Adjudicados/master/BDH_HISTORICA.csv,2026-09-25T05:05:34+00:00,requests
anid,Universidad Adolfo Ibanez,2026,,montos_anid_con_industria,227700000,CLP,Parte adjudicada en instrumentos que suponen participación de empresas o transferencia,https://raw.githubusercontent.com/ANID-GITHUB/Historico-de-Proyectos-Adjudicados/master/BDH_HISTORICA.csv,2026-09-25T05:05:34+00:00,requests
anid,Universidad Adventista de Chile,2018,,montos_anid_adjudicados,95520000,CLP,"Suma adjudicada por ANID en el año de fallo, en pesos nominales (la base publica miles de pesos; aquí se convierte)",https://raw.githubusercontent.com/ANID-GITHUB/Historico-de-Proyectos-Adjudicados/master/BDH_HISTORICA.csv,2026-09-25T05:05:34+00:00,requests
anid,Universidad Adventista de Chile,2018,,proyectos_anid_adjudicados,1,proyectos,Iniciativas adjudicadas en el año de fallo,https://raw.githubusercontent.com/ANID-GITHUB/Historico-de-Proyectos-Adjudicados/master/BDH_HISTORICA.csv,2026-09-25T05:05:34+00:00,requests
anid,Universidad Adventista de Chile,2024,,montos_anid_adjudicados,287690112,CLP,"Suma adjudicada por ANID en el año de fallo, en pesos nominales (la base publica miles de pesos; aquí se convierte)",https://raw.githubusercontent.com/ANID-GITHUB/Historico-de-Proyectos-Adjudicados/master/BDH_HISTORICA.csv,2026-09-25T05:05:34+00:00,requests
anid,Universidad Adventista de Chile,2024,,proyectos_anid_adjudicados,2,proyectos,Iniciativas adjudicadas en el año de fallo,https://raw.githubusercontent.com/ANID-GITHUB/Historico-de-Proyectos-Adjudicados/master/BDH_HISTORICA.csv,2026-09-25T05:05:34+00:00,requests
anid,Universidad Adventista de Chile,2024,,montos_anid_con_industria,227700000,CLP,Parte adjudicada en instrumentos que suponen participación de empresas o transferencia,https://raw.githubusercontent.com/ANID-GITHUB/Historico-de-Proyectos-Adjudicados/master/BDH_HISTORICA.csv,2026-09-25T05:05:34+00:00,requests
anid,Universidad Adventista de Chile,2025,,montos_anid_adjudicados,237263000,CLP,"Suma adjudicada por ANID en el año de fallo, en pesos nominales (la base publica miles de pesos; aquí se convierte)",https://raw.githubusercontent.com/ANID-GITHUB/Historico-de-Proyectos-Adjudicados/master/BDH_HISTORICA.csv,2026-09-25T05:05:34+00:00,requests
anid,Universidad Adventista de Chile,2025,,proyectos_anid_adjudicados,1,proyectos,Iniciativas adjudicadas en el año de fallo,https://raw.githubusercontent.com/ANID-GITHUB/Historico-de-Proyectos-Adjudicados/master/BDH_HISTORICA.csv,2026-09-25T05:05:34+00:00,requests
anid,Universidad Adventista de Chile,2025,,montos_anid_con_industria,237263000,CLP,Parte adjudicada en instrumentos que suponen participación de empresas o transferencia,https://raw.githubusercontent.com/ANID-GITHUB/Historico-de-Proyectos-Adjudicados/master/BDH_HISTORICA.csv,2026-09-25T05:05:34+00:00,requests
anid,Universidad Adventista de Chile,2026,,montos_anid_adjudicados,86664000,CLP,"Suma adjudicada por ANID en el año de fallo, en pesos nominales (la base publica miles de pesos; aquí se convierte)",https://raw.githubusercontent.com/ANID-GITHUB/Historico-de-Proyectos-Adjudicados/master/BDH_HISTORICA.csv,2026-09-25T05:05:34+00:00,requests
anid,Universidad Adventista de Chile,2026,,proyectos_anid_adjudicados,1,proyectos,Iniciativas adjudicadas en el año de fallo,https://raw.githubusercontent.com/ANID-GITHUB/Historico-de-Proyectos-Adjudicados/master/BDH_HISTORICA.csv,2026-09-25T05:05:34+00:00,requests
anid,Universidad Alberto Hurtado,2015,,montos_anid_adjudicados,1230741000,CLP,"Suma adjudicada por ANID en el año de fallo, en pesos nominales (la base publica miles de pesos; aquí se convierte)",https://raw.githubusercontent.com/ANID-GITHUB/Historico-de-Proyectos-Adjudicados/master/BDH_HISTORICA.csv,2026-09-25T05:05:34+00:00,requests
anid,Universidad Alberto Hurtado,2015,,proyectos_anid_adjudicados,20,proyectos,Iniciativas adjudicadas en el año de fallo,https://raw.githubusercontent.com/ANID-GITHUB/Historico-de-Proyectos-Adjudicados/master/BDH_HISTORICA.csv,2026-09-25T05:05:34+00:00,requests
anid,Universidad Alberto Hurtado,2016,,montos_anid_adjudicados,1049147000,CLP,"Suma adjudicada por ANID en el año de fallo, en pesos nominales (la base publica miles de pesos; aquí se convierte)",https://raw.githubusercontent.com/ANID-GITHUB/Historico-de-Proyectos-Adjudicados/master/BDH_HISTORICA.csv,2026-09-25T05:05:34+00:00,requests
anid,Universidad Alberto Hurtado,2016,,proyectos_anid_adjudicados,16,proyectos,Iniciativas adjudicadas en el año de fallo,https://raw.githubusercontent.com/ANID-GITHUB/Historico-de-Proyectos-Adjudicados/master/BDH_HISTORICA.csv,2026-09-25T05:05:34+00:00,requests
anid,Universidad Alberto Hurtado,2017,,montos_anid_adjudicados,1945578000,CLP,"Suma adjudicada por ANID en el año de fallo, en pesos nominales (la base publica miles de pesos; aquí se convierte)",https://raw.githubusercontent.com/ANID-GITHUB/Historico-de-Proyectos-Adjudicados/master/BDH_HISTORICA.csv,2026-09-25T05:05:34+00:00,requests
anid,Universidad Alberto Hurtado,2017,,proyectos_anid_adjudicados,28,proyectos,Iniciativas adjudicadas en el año de fallo,https://raw.githubusercontent.com/ANID-GITHUB/Historico-de-Proyectos-Adjudicados/master/BDH_HISTORICA.csv,2026-09-25T05:05:34+00:00,requests
anid,Universidad Alberto Hurtado,2017,,montos_anid_con_industria,199649000,CLP,Parte adjudicada en instrumentos que suponen participación de empresas o transferencia,https://raw.githubusercontent.com/ANID-GITHUB/Historico-de-Proyectos-Adjudicados/master/BDH_HISTORICA.csv,2026-09-25T05:05:34+00:00,requests
anid,Universidad Alberto Hurtado,2018,,montos_anid_adjudicados,2583153000,CLP,"Suma adjudicada por ANID en el año de fallo, en pesos nominales (la base publica miles de pesos; aquí se convierte)",https://raw.githubusercontent.com/ANID-GITHUB/Historico-de-Proyectos-Adjudicados/master/BDH_HISTORICA.csv,2026-09-25T05:05:34+00:00,requests
anid,Universidad Alberto Hurtado,2018,,proyectos_anid_adjudicados,25,proyectos,Iniciativas adjudicadas en el año de fallo,https://raw.githubusercontent.com/ANID-GITHUB/Historico-de-Proyectos-Adjudicados/master/BDH_HISTORICA.csv,2026-09-25T05:05:34+00:00,requests
anid,Universidad Alberto Hurtado,2018,,montos_anid_con_industria,149992000,CLP,Parte adjudicada en instrumentos que suponen participación de empresas o transferencia,https://raw.githubusercontent.com/ANID-GITHUB/Historico-de-Proyectos-Adjudicados/master/BDH_HISTORICA.csv,2026-09-25T05:05:34+00:00,requests
anid,Universidad Alberto Hurtado,2019,,montos_anid_adjudicados,1668763000,CLP,"Suma adjudicada por ANID en el año de fallo, en pesos nominales (la base publica miles de pesos; aquí se convierte)",https://raw.githubusercontent.com/ANID-GITHUB/Historico-de-Proyectos-Adjudicados/master/BDH_HISTORICA.csv,2026-09-25T05:05:34+00:00,requests
anid,Universidad Alberto Hurtado,2019,,proyectos_anid_adjudicados,21,proyectos,Iniciativas adjudicadas en el año de fallo,https://raw.githubusercontent.com/ANID-GITHUB/Historico-de-Proyectos-Adjudicados/master/BDH_HISTORICA.csv,2026-09-25T05:05:34+00:00,requests
anid,Universidad Alberto Hurtado,2020,,montos_anid_adjudicados,2458031000,CLP,"Suma adjudicada por ANID en el año de fallo, en pesos nominales (la base publica miles de pesos; aquí se convierte)",https://raw.githubusercontent.com/ANID-GITHUB/Historico-de-Proyectos-Adjudicados/master/BDH_HISTORICA.csv,2026-09-25T05:05:34+00:00,requests
anid,Universidad Alberto Hurtado,2020,,proyectos_anid_adjudicados,31,proyectos,Iniciativas adjudicadas en el año de fallo,https://raw.githubusercontent.com/ANID-GITHUB/Historico-de-Proyectos-Adjudicados/master/BDH_HISTORICA.csv,2026-09-25T05:05:34+00:00,requests
anid,Universidad Alberto Hurtado,2020,,montos_anid_con_industria,400000000,CLP,Parte adjudicada en instrumentos que suponen participación de empresas o transferencia,https://raw.githubusercontent.com/ANID-GITHUB/Historico-de-Proyectos-Adjudicados/master/BDH_HISTORICA.csv,2026-09-25T05:05:34+00:00,requests
anid,Universidad Alberto Hurtado,2021,,montos_anid_adjudicados,1468898000,CLP,"Suma adjudicada por ANID en el año de fallo, en pesos nominales (la base publica miles de pesos; aquí se convierte)",https://raw.githubusercontent.com/ANID-GITHUB/Historico-de-Proyectos-Adjudicados/master/BDH_HISTORICA.csv,2026-09-25T05:05:34+00:00,requests
anid,Universidad Alberto Hurtado,2021,,proyectos_anid_adjudicados,17,proyectos,Iniciativas adjudicadas en el año de fallo,https://raw.githubusercontent.com/ANID-GITHUB/Historico-de-Proyectos-Adjudicados/master/BDH_HISTORICA.csv,2026-09-25T05:05:34+00:00,requests
anid,Universidad Alberto Hurtado,2021,,montos_anid_con_industria,199000000,CLP,Parte adjudicada en instrumentos que suponen participación de empresas o transferencia,https://raw.githubusercontent.com/ANID-GITHUB/Historico-de-Proyectos-Adjudicados/master/BDH_HISTORICA.csv,2026-09-25T05:05:34+00:00,requests
anid,Universidad Alberto Hurtado,2022,,montos_anid_adjudicados,2692185000,CLP,"Suma adjudicada por ANID en el año de fallo, en pesos nominales (la base publica miles de pesos; aquí se convierte)",https://raw.githubusercontent.com/ANID-GITHUB/Historico-de-Proyectos-Adjudicados/master/BDH_HISTORICA.csv,2026-09-25T05:05:34+00:00,requests
anid,Universidad Alberto Hurtado,2022,,proyectos_anid_adjudicados,33,proyectos,Iniciativas adjudicadas en el año de fallo,https://raw.githubusercontent.com/ANID-GITHUB/Historico-de-Proyectos-Adjudicados/master/BDH_HISTORICA.csv,2026-09-25T05:05:34+00:00,requests
anid,Universidad Alberto Hurtado,2023,,montos_anid_adjudicados,2870927000,CLP,"Suma adjudicada por ANID en el año de fallo, en pesos nominales (la base publica miles de pesos; aquí se convierte)",https://raw.githubusercontent.com/ANID-GITHUB/Historico-de-Proyectos-Adjudicados/master/BDH_HISTORICA.csv,2026-09-25T05:05:34+00:00,requests
anid,Universidad Alberto Hurtado,2023,,proyectos_anid_adjudicados,23,proyectos,Iniciativas adjudicadas en el año de fallo,https://raw.githubusercontent.com/ANID-GITHUB/Historico-de-Proyectos-Adjudicados/master/BDH_HISTORICA.csv,2026-09-25T05:05:34+00:00,requests
anid,Universidad Alberto Hurtado,2024,,montos_anid_adjudicados,1986841000,CLP,"Suma adjudicada por ANID en el año de fallo, en pesos nominales (la base publica miles de pesos; aquí se convierte)",https://raw.githubusercontent.com/ANID-GITHUB/Historico-de-Proyectos-Adjudicados/master/BDH_HISTORICA.csv,2026-09-25T05:05:34+00:00,requests
anid,Universidad Alberto Hurtado,2024,,proyectos_anid_adjudicados,23,proyectos,Iniciativas adjudicadas en el año de fallo,https://raw.githubusercontent.com/ANID-GITHUB/Historico-de-Proyectos-Adjudicados/master/BDH_HISTORICA.csv,2026-09-25T05:05:34+00:00,requests
anid,Universidad Alberto Hurtado,2025,,montos_anid_adjudicados,6508651000,CLP,"Suma adjudicada por ANID en el año de fallo, en pesos nominales (la base publica miles de pesos; aquí se convierte)",https://raw.githubusercontent.com/ANID-GITHUB/Historico-de-Proyectos-Adjudicados/master/BDH_HISTORICA.csv,2026-09-25T05:05:34+00:00,requests
anid,Universidad Alberto Hurtado,2025,,proyectos_anid_adjudicados,41,proyectos,Iniciativas adjudicadas en el año de fallo,https://raw.githubusercontent.com/ANID-GITHUB/Historico-de-Proyectos-Adjudicados/master/BDH_HISTORICA.csv,2026-09-25T05:05:34+00:00,requests
anid,Universidad Alberto Hurtado,2025,,montos_anid_con_industria,36000000,CLP,Parte adjudicada en instrumentos que suponen participación de empresas o transferencia,https://raw.githubusercontent.com/ANID-GITHUB/Historico-de-Proyectos-Adjudicados/master/BDH_HISTORICA.csv,2026-09-25T05:05:34+00:00,requests
anid,Universidad Alberto Hurtado,2026,,montos_anid_adjudicados,3398453000,CLP,"Suma adjudicada por ANID en el año de fallo, en pesos nominales (la base publica miles de pesos; aquí se convierte)",https://raw.githubusercontent.com/ANID-GITHUB/Historico-de-Proyectos-Adjudicados/master/BDH_HISTORICA.csv,2026-09-25T05:05:34+00:00,requests
anid,Universidad Alberto Hurtado,2026,,proyectos_anid_adjudicados,26,proyectos,Iniciativas adjudicadas en el año de fallo,https://raw.githubusercontent.com/ANID-GITHUB/Historico-de-Proyectos-Adjudicados/master/BDH_HISTORICA.csv,2026-09-25T05:05:34+00:00,requests
anid,Universidad Alberto Hurtado,2026,,montos_anid_con_industria,455400000,CLP,Parte adjudicada en instrumentos que suponen participación de empresas o transferencia,https://raw.githubusercontent.com/ANID-GITHUB/Historico-de-Proyectos-Adjudicados/master/BDH_HISTORICA.csv,2026-09-25T05:05:34+00:00,requests
anid,Universidad Andres Bello,2015,,montos_anid_adjudicados,5879852000,CLP,"Suma adjudicada por ANID en el año de fallo, en pesos nominales (la base publica miles de pesos; aquí se convierte)",https://raw.githubusercontent.com/ANID-GITHUB/Historico-de-Proyectos-Adjudicados/master/BDH_HISTORICA.csv,2026-09-25T05:05:34+00:00,requests
anid,Universidad Andres Bello,2015,,proyectos_anid_adjudicados,63,proyectos,Iniciativas adjudicadas en el año de fallo,https://raw.githubusercontent.com/ANID-GITHUB/Historico-de-Proyectos-Adjudicados/master/BDH_HISTORICA.csv,2026-09-25T05:05:34+00:00,requests
anid,Universidad Andres Bello,2015,,montos_anid_con_industria,152000000,CLP,Parte adjudicada en instrumentos que suponen participación de empresas o transferencia,https://raw.githubusercontent.com/ANID-GITHUB/Historico-de-Proyectos-Adjudicados/master/BDH_HISTORICA.csv,2026-09-25T05:05:34+00:00,requests
anid,Universidad Andres Bello,2016,,montos_anid_adjudicados,5594454000,CLP,"Suma adjudicada por ANID en el año de fallo, en pesos nominales (la base publica miles de pesos; aquí se convierte)",https://raw.githubusercontent.com/ANID-GITHUB/Historico-de-Proyectos-Adjudicados/master/BDH_HISTORICA.csv,2026-09-25T05:05:34+00:00,requests
anid,Universidad Andres Bello,2016,,proyectos_anid_adjudicados,55,proyectos,Iniciativas adjudicadas en el año de fallo,https://raw.githubusercontent.com/ANID-GITHUB/Historico-de-Proyectos-Adjudicados/master/BDH_HISTORICA.csv,2026-09-25T05:05:34+00:00,requests
anid,Universidad Andres Bello,2016,,montos_anid_con_industria,149994000,CLP,Parte adjudicada en instrumentos que suponen participación de empresas o transferencia,https://raw.githubusercontent.com/ANID-GITHUB/Historico-de-Proyectos-Adjudicados/master/BDH_HISTORICA.csv,2026-09-25T05:05:34+00:00,requests
anid,Universidad Andres Bello,2017,,montos_anid_adjudicados,6102981000,CLP,"Suma adjudicada por ANID en el año de fallo, en pesos nominales (la base publica miles de pesos; aquí se convierte)",https://raw.githubusercontent.com/ANID-GITHUB/Historico-de-Proyectos-Adjudicados/master/BDH_HISTORICA.csv,2026-09-25T05:05:34+00:00,requests
anid,Universidad Andres Bello,2017,,proyectos_anid_adjudicados,57,proyectos,Iniciativas adjudicadas en el año de fallo,https://raw.githubusercontent.com/ANID-GITHUB/Historico-de-Proyectos-Adjudicados/master/BDH_HISTORICA.csv,2026-09-25T05:05:34+00:00,requests
anid,Universidad Andres Bello,2017,,montos_anid_con_industria,26000000,CLP,Parte adjudicada en instrumentos que suponen participación de empresas o transferencia,https://raw.githubusercontent.com/ANID-GITHUB/Historico-de-Proyectos-Adjudicados/master/BDH_HISTORICA.csv,2026-09-25T05:05:34+00:00,requests
anid,Universidad Andres Bello,2018,,montos_anid_adjudicados,7614949000,CLP,"Suma adjudicada por ANID en el año de fallo, en pesos nominales (la base publica miles de pesos; aquí se convierte)",https://raw.githubusercontent.com/ANID-GITHUB/Historico-de-Proyectos-Adjudicados/master/BDH_HISTORICA.csv,2026-09-25T05:05:34+00:00,requests
anid,Universidad Andres Bello,2018,,proyectos_anid_adjudicados,68,proyectos,Iniciativas adjudicadas en el año de fallo,https://raw.githubusercontent.com/ANID-GITHUB/Historico-de-Proyectos-Adjudicados/master/BDH_HISTORICA.csv,2026-09-25T05:05:34+00:00,requests
anid,Universidad Andres Bello,2018,,montos_anid_con_industria,413575000,CLP,Parte adjudicada en instrumentos que suponen participación de empresas o transferencia,https://raw.githubusercontent.com/ANID-GITHUB/Historico-de-Proyectos-Adjudicados/master/BDH_HISTORICA.csv,2026-09-25T05:05:34+00:00,requests
anid,Universidad Andres Bello,2019,,montos_anid_adjudicados,4683919000,CLP,"Suma adjudicada por ANID en el año de fallo, en pesos nominales (la base publica miles de pesos; aquí se convierte)",https://raw.githubusercontent.com/ANID-GITHUB/Historico-de-Proyectos-Adjudicados/master/BDH_HISTORICA.csv,2026-09-25T05:05:34+00:00,requests
anid,Universidad Andres Bello,2019,,proyectos_anid_adjudicados,34,proyectos,Iniciativas adjudicadas en el año de fallo,https://raw.githubusercontent.com/ANID-GITHUB/Historico-de-Proyectos-Adjudicados/master/BDH_HISTORICA.csv,2026-09-25T05:05:34+00:00,requests
anid,Universidad Andres Bello,2019,,montos_anid_con_industria,358887000,CLP,Parte adjudicada en instrumentos que suponen participación de empresas o transferencia,https://raw.githubusercontent.com/ANID-GITHUB/Historico-de-Proyectos-Adjudicados/master/BDH_HISTORICA.csv,2026-09-25T05:05:34+00:00,requests
anid,Universidad Andres Bello,2020,,montos_anid_adjudicados,7198588000,CLP,"Suma adjudicada por ANID en el año de fallo, en pesos nominales (la base publica miles de pesos; aquí se convierte)",https://raw.githubusercontent.com/ANID-GITHUB/Historico-de-Proyectos-Adjudicados/master/BDH_HISTORICA.csv,2026-09-25T05:05:34+00:00,requests
anid,Universidad Andres Bello,2020,,proyectos_anid_adjudicados,64,proyectos,Iniciativas adjudicadas en el año de fallo,https://raw.githubusercontent.com/ANID-GITHUB/Historico-de-Proyectos-Adjudicados/master/BDH_HISTORICA.csv,2026-09-25T05:05:34+00:00,requests
anid,Universidad Andres Bello,2020,,montos_anid_con_industria,185430000,CLP,Parte adjudicada en instrumentos que suponen participación de empresas o transferencia,https://raw.githubusercontent.com/ANID-GITHUB/Historico-de-Proyectos-Adjudicados/master/BDH_HISTORICA.csv,2026-09-25T05:05:34+00:00,requests
anid,Universidad Andres Bello,2021,,montos_anid_adjudicados,6058374000,CLP,"Suma adjudicada por ANID en el año de fallo, en pesos nominales (la base publica miles de pesos; aquí se convierte)",https://raw.githubusercontent.com/ANID-GITHUB/Historico-de-Proyectos-Adjudicados/master/BDH_HISTORICA.csv,2026-09-25T05:05:34+00:00,requests
anid,Universidad Andres Bello,2021,,proyectos_anid_adjudicados,43,proyectos,Iniciativas adjudicadas en el año de fallo,https://raw.githubusercontent.com/ANID-GITHUB/Historico-de-Proyectos-Adjudicados/master/BDH_HISTORICA.csv,2026-09-25T05:05:34+00:00,requests
anid,Universidad Andres Bello,2021,,montos_anid_con_industria,399098000,CLP,Parte adjudicada en instrumentos que suponen participación de empresas o transferencia,https://raw.githubusercontent.com/ANID-GITHUB/Historico-de-Proyectos-Adjudicados/master/BDH_HISTORICA.csv,2026-09-25T05:05:34+00:00,requests
anid,Universidad Andres Bello,2022,,montos_anid_adjudicados,1166601000,CLP,"Suma adjudicada por ANID en el año de fallo, en pesos nominales (la base publica miles de pesos; aquí se convierte)",https://raw.githubusercontent.com/ANID-GITHUB/Historico-de-Proyectos-Adjudicados/master/BDH_HISTORICA.csv,2026-09-25T05:05:34+00:00,requests
anid,Universidad Andres Bello,2022,,proyectos_anid_adjudicados,6,proyectos,Iniciativas adjudicadas en el año de fallo,https://raw.githubusercontent.com/ANID-GITHUB/Historico-de-Proyectos-Adjudicados/master/BDH_HISTORICA.csv,2026-09-25T05:05:34+00:00,requests
anid,Universidad Andres Bello,2022,,montos_anid_con_industria,60000000,CLP,Parte adjudicada en instrumentos que suponen participación de empresas o transferencia,https://raw.githubusercontent.com/ANID-GITHUB/Historico-de-Proyectos-Adjudicados/master/BDH_HISTORICA.csv,2026-09-25T05:05:34+00:00,requests
anid,Universidad Andres Bello,2025,,montos_anid_adjudicados,0,CLP,"Suma adjudicada por ANID en el año de fallo, en pesos nominales (la base publica miles de pesos; aquí se convierte)",https://raw.githubusercontent.com/ANID-GITHUB/Historico-de-Proyectos-Adjudicados/master/BDH_HISTORICA.csv,2026-09-25T05:05:34+00:00,requests
anid,Universidad Andres Bello,2025,,proyectos_anid_adjudicados,1,proyectos,Iniciativas adjudicadas en el año de fallo,https://raw.githubusercontent.com/ANID-GITHUB/Historico-de-Proyectos-Adjudicados/master/BDH_HISTORICA.csv,2026-09-25T05:05:34+00:00,requests
anid,Universidad Arturo Prat,2015,,montos_anid_adjudicados,483209000,CLP,"Suma adjudicada por ANID en el año de fallo, en pesos nominales (la base publica miles de pesos; aquí se convierte)",https://raw.githubusercontent.com/ANID-GITHUB/Historico-de-Proyectos-Adjudicados/master/BDH_HISTORICA.csv,2026-09-25T05:05:34+00:00,requests
anid,Universidad Arturo Prat,2015,,proyectos_anid_adjudicados,8,proyectos,Iniciativas adjudicadas en el año de fallo,https://raw.githubusercontent.com/ANID-GITHUB/Historico-de-Proyectos-Adjudicados/master/BDH_HISTORICA.csv,2026-09-25T05:05:34+00:00,requests
anid,Universidad Arturo Prat,2015,,montos_anid_con_industria,137783000,CLP,Parte adjudicada en instrumentos que suponen participación de empresas o transferencia,https://raw.githubusercontent.com/ANID-GITHUB/Historico-de-Proyectos-Adjudicados/master/BDH_HISTORICA.csv,2026-09-25T05:05:34+00:00,requests
anid,Universidad Arturo Prat,2016,,montos_anid_adjudicados,428842000,CLP,"Suma adjudicada por ANID en el año de fallo, en pesos nominales (la base publica miles de pesos; aquí se convierte)",https://raw.githubusercontent.com/ANID-GITHUB/Historico-de-Proyectos-Adjudicados/master/BDH_HISTORICA.csv,2026-09-25T05:05:34+00:00,requests
anid,Universidad Arturo Prat,2016,,proyectos_anid_adjudicados,7,proyectos,Iniciativas adjudicadas en el año de fallo,https://raw.githubusercontent.com/ANID-GITHUB/Historico-de-Proyectos-Adjudicados/master/BDH_HISTORICA.csv,2026-09-25T05:05:34+00:00,requests
anid,Universidad Arturo Prat,2016,,montos_anid_con_industria,149950000,CLP,Parte adjudicada en instrumentos que suponen participación de empresas o transferencia,https://raw.githubusercontent.com/ANID-GITHUB/Historico-de-Proyectos-Adjudicados/master/BDH_HISTORICA.csv,2026-09-25T05:05:34+00:00,requests
anid,Universidad Arturo Prat,2017,,montos_anid_adjudicados,747328000,CLP,"Suma adjudicada por ANID en el año de fallo, en pesos nominales (la base publica miles de pesos; aquí se convierte)",https://raw.githubusercontent.com/ANID-GITHUB/Historico-de-Proyectos-Adjudicados/master/BDH_HISTORICA.csv,2026-09-25T05:05:34+00:00,requests
anid,Universidad Arturo Prat,2017,,proyectos_anid_adjudicados,7,proyectos,Iniciativas adjudicadas en el año de fallo,https://raw.githubusercontent.com/ANID-GITHUB/Historico-de-Proyectos-Adjudicados/master/BDH_HISTORICA.csv,2026-09-25T05:05:34+00:00,requests
anid,Universidad Arturo Prat,2018,,montos_anid_adjudicados,1277693000,CLP,"Suma adjudicada por ANID en el año de fallo, en pesos nominales (la base publica miles de pesos; aquí se convierte)",https://raw.githubusercontent.com/ANID-GITHUB/Historico-de-Proyectos-Adjudicados/master/BDH_HISTORICA.csv,2026-09-25T05:05:34+00:00,requests
anid,Universidad Arturo Prat,2018,,proyectos_anid_adjudicados,12,proyectos,Iniciativas adjudicadas en el año de fallo,https://raw.githubusercontent.com/ANID-GITHUB/Historico-de-Proyectos-Adjudicados/master/BDH_HISTORICA.csv,2026-09-25T05:05:34+00:00,requests
anid,Universidad Arturo Prat,2018,,montos_anid_con_industria,201600000,CLP,Parte adjudicada en instrumentos que suponen participación de empresas o transferencia,https://raw.githubusercontent.com/ANID-GITHUB/Historico-de-Proyectos-Adjudicados/master/BDH_HISTORICA.csv,2026-09-25T05:05:34+00:00,requests
anid,Universidad Arturo Prat,2019,,montos_anid_adjudicados,808671000,CLP,"Suma adjudicada por ANID en el año de fallo, en pesos nominales (la base publica miles de pesos; aquí se convierte)",https://raw.githubusercontent.com/ANID-GITHUB/Historico-de-Proyectos-Adjudicados/master/BDH_HISTORICA.csv,2026-09-25T05:05:34+00:00,requests
anid,Universidad Arturo Prat,2019,,proyectos_anid_adjudicados,8,proyectos,Iniciativas adjudicadas en el año de fallo,https://raw.githubusercontent.com/ANID-GITHUB/Historico-de-Proyectos-Adjudicados/master/BDH_HISTORICA.csv,2026-09-25T05:05:34+00:00,requests
anid,Universidad Arturo Prat,2019,,montos_anid_con_industria,173997000,CLP,Parte adjudicada en instrumentos que suponen participación de empresas o transferencia,https://raw.githubusercontent.com/ANID-GITHUB/Historico-de-Proyectos-Adjudicados/master/BDH_HISTORICA.csv,2026-09-25T05:05:34+00:00,requests
anid,Universidad Arturo Prat,2020,,montos_anid_adjudicados,1291979000,CLP,"Suma adjudicada por ANID en el año de fallo, en pesos nominales (la base publica miles de pesos; aquí se convierte)",https://raw.githubusercontent.com/ANID-GITHUB/Historico-de-Proyectos-Adjudicados/master/BDH_HISTORICA.csv,2026-09-25T05:05:34+00:00,requests
anid,Universidad Arturo Prat,2020,,proyectos_anid_adjudicados,10,proyectos,Iniciativas adjudicadas en el año de fallo,https://raw.githubusercontent.com/ANID-GITHUB/Historico-de-Proyectos-Adjudicados/master/BDH_HISTORICA.csv,2026-09-25T05:05:34+00:00,requests
anid,Universidad Arturo Prat,2020,,montos_anid_con_industria,199897000,CLP,Parte adjudicada en instrumentos que suponen participación de empresas o transferencia,https://raw.githubusercontent.com/ANID-GITHUB/Historico-de-Proyectos-Adjudicados/master/BDH_HISTORICA.csv,2026-09-25T05:05:34+00:00,requests
anid,Universidad Arturo Prat,2021,,montos_anid_adjudicados,1273837000,CLP,"Suma adjudicada por ANID en el año de fallo, en pesos nominales (la base publica miles de pesos; aquí se convierte)",https://raw.githubusercontent.com/ANID-GITHUB/Historico-de-Proyectos-Adjudicados/master/BDH_HISTORICA.csv,2026-09-25T05:05:34+00:00,requests
anid,Universidad Arturo Prat,2021,,proyectos_anid_adjudicados,9,proyectos,Iniciativas adjudicadas en el año de fallo,https://raw.githubusercontent.com/ANID-GITHUB/Historico-de-Proyectos-Adjudicados/master/BDH_HISTORICA.csv,2026-09-25T05:05:34+00:00,requests
anid,Universidad Arturo Prat,2021,,montos_anid_con_industria,385050000,CLP,Parte adjudicada en instrumentos que suponen participación de empresas o transferencia,https://raw.githubusercontent.com/ANID-GITHUB/Historico-de-Proyectos-Adjudicados/master/BDH_HISTORICA.csv,2026-09-25T05:05:34+00:00,requests
anid,Universidad Arturo Prat,2022,,montos_anid_adjudicados,1633370000,CLP,"Suma adjudicada por ANID en el año de fallo, en pesos nominales (la base publica miles de pesos; aquí se convierte)",https://raw.githubusercontent.com/ANID-GITHUB/Historico-de-Proyectos-Adjudicados/master/BDH_HISTORICA.csv,2026-09-25T05:05:34+00:00,requests
anid,Universidad Arturo Prat,2022,,proyectos_anid_adjudicados,13,proyectos,Iniciativas adjudicadas en el año de fallo,https://raw.githubusercontent.com/ANID-GITHUB/Historico-de-Proyectos-Adjudicados/master/BDH_HISTORICA.csv,2026-09-25T05:05:34+00:00,requests
anid,Universidad Arturo Prat,2023,,montos_anid_adjudicados,1276697000,CLP,"Suma adjudicada por ANID en el año de fallo, en pesos nominales (la base publica miles de pesos; aquí se convierte)",https://raw.githubusercontent.com/ANID-GITHUB/Historico-de-Proyectos-Adjudicados/master/BDH_HISTORICA.csv,2026-09-25T05:05:34+00:00,requests
anid,Universidad Arturo Prat,2023,,proyectos_anid_adjudicados,7,proyectos,Iniciativas adjudicadas en el año de fallo,https://raw.githubusercontent.com/ANID-GITHUB/Historico-de-Proyectos-Adjudicados/master/BDH_HISTORICA.csv,2026-09-25T05:05:34+00:00,requests
anid,Universidad Arturo Prat,2024,,montos_anid_adjudicados,1485021440,CLP,"Suma adjudicada por ANID en el año de fallo, en pesos nominales (la base publica miles de pesos; aquí se convierte)",https://raw.githubusercontent.com/ANID-GITHUB/Historico-de-Proyectos-Adjudicados/master/BDH_HISTORICA.csv,2026-09-25T05:05:34+00:00,requests
anid,Universidad Arturo Prat,2024,,proyectos_anid_adjudicados,16,proyectos,Iniciativas adjudicadas en el año de fallo,https://raw.githubusercontent.com/ANID-GITHUB/Historico-de-Proyectos-Adjudicados/master/BDH_HISTORICA.csv,2026-09-25T05:05:34+00:00,requests
anid,Universidad Arturo Prat,2024,,montos_anid_con_industria,143848440,CLP,Parte adjudicada en instrumentos que suponen participación de empresas o transferencia,https://raw.githubusercontent.com/ANID-GITHUB/Historico-de-Proyectos-Adjudicados/master/BDH_HISTORICA.csv,2026-09-25T05:05:34+00:00,requests
anid,Universidad Arturo Prat,2025,,montos_anid_adjudicados,2684515000,CLP,"Suma adjudicada por ANID en el año de fallo, en pesos nominales (la base publica miles de pesos; aquí se convierte)",https://raw.githubusercontent.com/ANID-GITHUB/Historico-de-Proyectos-Adjudicados/master/BDH_HISTORICA.csv,2026-09-25T05:05:34+00:00,requests
anid,Universidad Arturo Prat,2025,,proyectos_anid_adjudicados,14,proyectos,Iniciativas adjudicadas en el año de fallo,https://raw.githubusercontent.com/ANID-GITHUB/Historico-de-Proyectos-Adjudicados/master/BDH_HISTORICA.csv,2026-09-25T05:05:34+00:00,requests
anid,Universidad Arturo Prat,2026,,montos_anid_adjudicados,2419171000,CLP,"Suma adjudicada por ANID en el año de fallo, en pesos nominales (la base publica miles de pesos; aquí se convierte)",https://raw.githubusercontent.com/ANID-GITHUB/Historico-de-Proyectos-Adjudicados/master/BDH_HISTORICA.csv,2026-09-25T05:05:34+00:00,requests
anid,Universidad Arturo Prat,2026,,proyectos_anid_adjudicados,15,proyectos,Iniciativas adjudicadas en el año de fallo,https://raw.githubusercontent.com/ANID-GITHUB/Historico-de-Proyectos-Adjudicados/master/BDH_HISTORICA.csv,2026-09-25T05:05:34+00:00,requests
anid,Universidad Arturo Prat,2026,,montos_anid_con_industria,472844000,CLP,Parte adjudicada en instrumentos que suponen participación de empresas o transferencia,https://raw.githubusercontent.com/ANID-GITHUB/Historico-de-Proyectos-Adjudicados/master/BDH_HISTORICA.csv,2026-09-25T05:05:34+00:00,requests
anid,Universidad Austral de Chile,2015,,montos_anid_adjudicados,12796983000,CLP,"Suma adjudicada por ANID en el año de fallo, en pesos nominales (la base publica miles de pesos; aquí se convierte)",https://raw.githubusercontent.com/ANID-GITHUB/Historico-de-Proyectos-Adjudicados/master/BDH_HISTORICA.csv,2026-09-25T05:05:34+00:00,requests
anid,Universidad Austral de Chile,2015,,proyectos_anid_adjudicados,85,proyectos,Iniciativas adjudicadas en el año de fallo,https://raw.githubusercontent.com/ANID-GITHUB/Historico-de-Proyectos-Adjudicados/master/BDH_HISTORICA.csv,2026-09-25T05:05:34+00:00,requests
anid,Universidad Austral de Chile,2015,,montos_anid_con_industria,4812013000,CLP,Parte adjudicada en instrumentos que suponen participación de empresas o transferencia,https://raw.githubusercontent.com/ANID-GITHUB/Historico-de-Proyectos-Adjudicados/master/BDH_HISTORICA.csv,2026-09-25T05:05:34+00:00,requests
anid,Universidad Austral de Chile,2016,,montos_anid_adjudicados,8247750000,CLP,"Suma adjudicada por ANID en el año de fallo, en pesos nominales (la base publica miles de pesos; aquí se convierte)",https://raw.githubusercontent.com/ANID-GITHUB/Historico-de-Proyectos-Adjudicados/master/BDH_HISTORICA.csv,2026-09-25T05:05:34+00:00,requests
anid,Universidad Austral de Chile,2016,,proyectos_anid_adjudicados,76,proyectos,Iniciativas adjudicadas en el año de fallo,https://raw.githubusercontent.com/ANID-GITHUB/Historico-de-Proyectos-Adjudicados/master/BDH_HISTORICA.csv,2026-09-25T05:05:34+00:00,requests
anid,Universidad Austral de Chile,2016,,montos_anid_con_industria,534660000,CLP,Parte adjudicada en instrumentos que suponen participación de empresas o transferencia,https://raw.githubusercontent.com/ANID-GITHUB/Historico-de-Proyectos-Adjudicados/master/BDH_HISTORICA.csv,2026-09-25T05:05:34+00:00,requests
anid,Universidad Austral de Chile,2017,,montos_anid_adjudicados,7981188000,CLP,"Suma adjudicada por ANID en el año de fallo, en pesos nominales (la base publica miles de pesos; aquí se convierte)",https://raw.githubusercontent.com/ANID-GITHUB/Historico-de-Proyectos-Adjudicados/master/BDH_HISTORICA.csv,2026-09-25T05:05:34+00:00,requests
anid,Universidad Austral de Chile,2017,,proyectos_anid_adjudicados,78,proyectos,Iniciativas adjudicadas en el año de fallo,https://raw.githubusercontent.com/ANID-GITHUB/Historico-de-Proyectos-Adjudicados/master/BDH_HISTORICA.csv,2026-09-25T05:05:34+00:00,requests
anid,Universidad Austral de Chile,2017,,montos_anid_con_industria,447260000,CLP,Parte adjudicada en instrumentos que suponen participación de empresas o transferencia,https://raw.githubusercontent.com/ANID-GITHUB/Historico-de-Proyectos-Adjudicados/master/BDH_HISTORICA.csv,2026-09-25T05:05:34+00:00,requests
anid,Universidad Austral de Chile,2018,,montos_anid_adjudicados,6656180000,CLP,"Suma adjudicada por ANID en el año de fallo, en pesos nominales (la base publica miles de pesos; aquí se convierte)",https://raw.githubusercontent.com/ANID-GITHUB/Historico-de-Proyectos-Adjudicados/master/BDH_HISTORICA.csv,2026-09-25T05:05:34+00:00,requests
anid,Universidad Austral de Chile,2018,,proyectos_anid_adjudicados,65,proyectos,Iniciativas adjudicadas en el año de fallo,https://raw.githubusercontent.com/ANID-GITHUB/Historico-de-Proyectos-Adjudicados/master/BDH_HISTORICA.csv,2026-09-25T05:05:34+00:00,requests
anid,Universidad Austral de Chile,2018,,montos_anid_con_industria,224757000,CLP,Parte adjudicada en instrumentos que suponen participación de empresas o transferencia,https://raw.githubusercontent.com/ANID-GITHUB/Historico-de-Proyectos-Adjudicados/master/BDH_HISTORICA.csv,2026-09-25T05:05:34+00:00,requests
anid,Universidad Austral de Chile,2019,,montos_anid_adjudicados,8859400000,CLP,"Suma adjudicada por ANID en el año de fallo, en pesos nominales (la base publica miles de pesos; aquí se convierte)",https://raw.githubusercontent.com/ANID-GITHUB/Historico-de-Proyectos-Adjudicados/master/BDH_HISTORICA.csv,2026-09-25T05:05:34+00:00,requests
anid,Universidad Austral de Chile,2019,,proyectos_anid_adjudicados,81,proyectos,Iniciativas adjudicadas en el año de fallo,https://raw.githubusercontent.com/ANID-GITHUB/Historico-de-Proyectos-Adjudicados/master/BDH_HISTORICA.csv,2026-09-25T05:05:34+00:00,requests
anid,Universidad Austral de Chile,2019,,montos_anid_con_industria,401974000,CLP,Parte adjudicada en instrumentos que suponen participación de empresas o transferencia,https://raw.githubusercontent.com/ANID-GITHUB/Historico-de-Proyectos-Adjudicados/master/BDH_HISTORICA.csv,2026-09-25T05:05:34+00:00,requests
anid,Universidad Austral de Chile,2020,,montos_anid_adjudicados,7624938000,CLP,"Suma adjudicada por ANID en el año de fallo, en pesos nominales (la base publica miles de pesos; aquí se convierte)",https://raw.githubusercontent.com/ANID-GITHUB/Historico-de-Proyectos-Adjudicados/master/BDH_HISTORICA.csv,2026-09-25T05:05:34+00:00,requests
anid,Universidad Austral de Chile,2020,,proyectos_anid_adjudicados,47,proyectos,Iniciativas adjudicadas en el año de fallo,https://raw.githubusercontent.com/ANID-GITHUB/Historico-de-Proyectos-Adjudicados/master/BDH_HISTORICA.csv,2026-09-25T05:05:34+00:00,requests
anid,Universidad Austral de Chile,2020,,montos_anid_con_industria,840533000,CLP,Parte adjudicada en instrumentos que suponen participación de empresas o transferencia,https://raw.githubusercontent.com/ANID-GITHUB/Historico-de-Proyectos-Adjudicados/master/BDH_HISTORICA.csv,2026-09-25T05:05:34+00:00,requests
anid,Universidad Austral de Chile,2021,,montos_anid_adjudicados,8627023000,CLP,"Suma adjudicada por ANID en el año de fallo, en pesos nominales (la base publica miles de pesos; aquí se convierte)",https://raw.githubusercontent.com/ANID-GITHUB/Historico-de-Proyectos-Adjudicados/master/BDH_HISTORICA.csv,2026-09-25T05:05:34+00:00,requests
anid,Universidad Austral de Chile,2021,,proyectos_anid_adjudicados,56,proyectos,Iniciativas adjudicadas en el año de fallo,https://raw.githubusercontent.com/ANID-GITHUB/Historico-de-Proyectos-Adjudicados/master/BDH_HISTORICA.csv,2026-09-25T05:05:34+00:00,requests
anid,Universidad Austral de Chile,2021,,montos_anid_con_industria,599041000,CLP,Parte adjudicada en instrumentos que suponen participación de empresas o transferencia,https://raw.githubusercontent.com/ANID-GITHUB/Historico-de-Proyectos-Adjudicados/master/BDH_HISTORICA.csv,2026-09-25T05:05:34+00:00,requests
anid,Universidad Austral de Chile,2022,,montos_anid_adjudicados,9818984000,CLP,"Suma adjudicada por ANID en el año de fallo, en pesos nominales (la base publica miles de pesos; aquí se convierte)",https://raw.githubusercontent.com/ANID-GITHUB/Historico-de-Proyectos-Adjudicados/master/BDH_HISTORICA.csv,2026-09-25T05:05:34+00:00,requests
anid,Universidad Austral de Chile,2022,,proyectos_anid_adjudicados,76,proyectos,Iniciativas adjudicadas en el año de fallo,https://raw.githubusercontent.com/ANID-GITHUB/Historico-de-Proyectos-Adjudicados/master/BDH_HISTORICA.csv,2026-09-25T05:05:34+00:00,requests
anid,Universidad Austral de Chile,2022,,montos_anid_con_industria,197620000,CLP,Parte adjudicada en instrumentos que suponen participación de empresas o transferencia,https://raw.githubusercontent.com/ANID-GITHUB/Historico-de-Proyectos-Adjudicados/master/BDH_HISTORICA.csv,2026-09-25T05:05:34+00:00,requests
anid,Universidad Austral de Chile,2023,,montos_anid_adjudicados,10983075000,CLP,"Suma adjudicada por ANID en el año de fallo, en pesos nominales (la base publica miles de pesos; aquí se convierte)",https://raw.githubusercontent.com/ANID-GITHUB/Historico-de-Proyectos-Adjudicados/master/BDH_HISTORICA.csv,2026-09-25T05:05:34+00:00,requests
anid,Universidad Austral de Chile,2023,,proyectos_anid_adjudicados,80,proyectos,Iniciativas adjudicadas en el año de fallo,https://raw.githubusercontent.com/ANID-GITHUB/Historico-de-Proyectos-Adjudicados/master/BDH_HISTORICA.csv,2026-09-25T05:05:34+00:00,requests
anid,Universidad Austral de Chile,2023,,montos_anid_con_industria,598880000,CLP,Parte adjudicada en instrumentos que suponen participación de empresas o transferencia,https://raw.githubusercontent.com/ANID-GITHUB/Historico-de-Proyectos-Adjudicados/master/BDH_HISTORICA.csv,2026-09-25T05:05:34+00:00,requests
anid,Universidad Austral de Chile,2024,,montos_anid_adjudicados,10041578780,CLP,"Suma adjudicada por ANID en el año de fallo, en pesos nominales (la base publica miles de pesos; aquí se convierte)",https://raw.githubusercontent.com/ANID-GITHUB/Historico-de-Proyectos-Adjudicados/master/BDH_HISTORICA.csv,2026-09-25T05:05:34+00:00,requests
anid,Universidad Austral de Chile,2024,,proyectos_anid_adjudicados,65,proyectos,Iniciativas adjudicadas en el año de fallo,https://raw.githubusercontent.com/ANID-GITHUB/Historico-de-Proyectos-Adjudicados/master/BDH_HISTORICA.csv,2026-09-25T05:05:34+00:00,requests
anid,Universidad Austral de Chile,2024,,montos_anid_con_industria,670954780,CLP,Parte adjudicada en instrumentos que suponen participación de empresas o transferencia,https://raw.githubusercontent.com/ANID-GITHUB/Historico-de-Proyectos-Adjudicados/master/BDH_HISTORICA.csv,2026-09-25T05:05:34+00:00,requests
anid,Universidad Austral de Chile,2025,,montos_anid_adjudicados,17544887000,CLP,"Suma adjudicada por ANID en el año de fallo, en pesos nominales (la base publica miles de pesos; aquí se convierte)",https://raw.githubusercontent.com/ANID-GITHUB/Historico-de-Proyectos-Adjudicados/master/BDH_HISTORICA.csv,2026-09-25T05:05:34+00:00,requests
anid,Universidad Austral de Chile,2025,,proyectos_anid_adjudicados,63,proyectos,Iniciativas adjudicadas en el año de fallo,https://raw.githubusercontent.com/ANID-GITHUB/Historico-de-Proyectos-Adjudicados/master/BDH_HISTORICA.csv,2026-09-25T05:05:34+00:00,requests
anid,Universidad Austral de Chile,2025,,montos_anid_con_industria,734869000,CLP,Parte adjudicada en instrumentos que suponen participación de empresas o transferencia,https://raw.githubusercontent.com/ANID-GITHUB/Historico-de-Proyectos-Adjudicados/master/BDH_HISTORICA.csv,2026-09-25T05:05:34+00:00,requests
anid,Universidad Austral de Chile,2026,,montos_anid_adjudicados,8082310000,CLP,"Suma adjudicada por ANID en el año de fallo, en pesos nominales (la base publica miles de pesos; aquí se convierte)",https://raw.githubusercontent.com/ANID-GITHUB/Historico-de-Proyectos-Adjudicados/master/BDH_HISTORICA.csv,2026-09-25T05:05:34+00:00,requests
anid,Universidad Austral de Chile,2026,,proyectos_anid_adjudicados,47,proyectos,Iniciativas adjudicadas en el año de fallo,https://raw.githubusercontent.com/ANID-GITHUB/Historico-de-Proyectos-Adjudicados/master/BDH_HISTORICA.csv,2026-09-25T05:05:34+00:00,requests
anid,Universidad Austral de Chile,2026,,montos_anid_con_industria,910342000,CLP,Parte adjudicada en instrumentos que suponen participación de empresas o transferencia,https://raw.githubusercontent.com/ANID-GITHUB/Historico-de-Proyectos-Adjudicados/master/BDH_HISTORICA.csv,2026-09-25T05:05:34+00:00,requests
anid,Universidad Autonoma de Chile,2015,,montos_anid_adjudicados,2232942000,CLP,"Suma adjudicada por ANID en el año de fallo, en pesos nominales (la base publica miles de pesos; aquí se convierte)",https://raw.githubusercontent.com/ANID-GITHUB/Historico-de-Proyectos-Adjudicados/master/BDH_HISTORICA.csv,2026-09-25T05:05:34+00:00,requests
anid,Universidad Autonoma de Chile,2015,,proyectos_anid_adjudicados,20,proyectos,Iniciativas adjudicadas en el año de fallo,https://raw.githubusercontent.com/ANID-GITHUB/Historico-de-Proyectos-Adjudicados/master/BDH_HISTORICA.csv,2026-09-25T05:05:34+00:00,requests
anid,Universidad Autonoma de Chile,2015,,montos_anid_con_industria,149604000,CLP,Parte adjudicada en instrumentos que suponen participación de empresas o transferencia,https://raw.githubusercontent.com/ANID-GITHUB/Historico-de-Proyectos-Adjudicados/master/BDH_HISTORICA.csv,2026-09-25T05:05:34+00:00,requests
anid,Universidad Autonoma de Chile,2016,,montos_anid_adjudicados,1288155000,CLP,"Suma adjudicada por ANID en el año de fallo, en pesos nominales (la base publica miles de pesos; aquí se convierte)",https://raw.githubusercontent.com/ANID-GITHUB/Historico-de-Proyectos-Adjudicados/master/BDH_HISTORICA.csv,2026-09-25T05:05:34+00:00,requests
anid,Universidad Autonoma de Chile,2016,,proyectos_anid_adjudicados,16,proyectos,Iniciativas adjudicadas en el año de fallo,https://raw.githubusercontent.com/ANID-GITHUB/Historico-de-Proyectos-Adjudicados/master/BDH_HISTORICA.csv,2026-09-25T05:05:34+00:00,requests
anid,Universidad Autonoma de Chile,2017,,montos_anid_adjudicados,2181491000,CLP,"Suma adjudicada por ANID en el año de fallo, en pesos nominales (la base publica miles de pesos; aquí se convierte)",https://raw.githubusercontent.com/ANID-GITHUB/Historico-de-Proyectos-Adjudicados/master/BDH_HISTORICA.csv,2026-09-25T05:05:34+00:00,requests
anid,Universidad Autonoma de Chile,2017,,proyectos_anid_adjudicados,29,proyectos,Iniciativas adjudicadas en el año de fallo,https://raw.githubusercontent.com/ANID-GITHUB/Historico-de-Proyectos-Adjudicados/master/BDH_HISTORICA.csv,2026-09-25T05:05:34+00:00,requests
anid,Universidad Autonoma de Chile,2017,,montos_anid_con_industria,332289000,CLP,Parte adjudicada en instrumentos que suponen participación de empresas o transferencia,https://raw.githubusercontent.com/ANID-GITHUB/Historico-de-Proyectos-Adjudicados/master/BDH_HISTORICA.csv,2026-09-25T05:05:34+00:00,requests
anid,Universidad Autonoma de Chile,2018,,montos_anid_adjudicados,1965990000,CLP,"Suma adjudicada por ANID en el año de fallo, en pesos nominales (la base publica miles de pesos; aquí se convierte)",https://raw.githubusercontent.com/ANID-GITHUB/Historico-de-Proyectos-Adjudicados/master/BDH_HISTORICA.csv,2026-09-25T05:05:34+00:00,requests
anid,Universidad Autonoma de Chile,2018,,proyectos_anid_adjudicados,22,proyectos,Iniciativas adjudicadas en el año de fallo,https://raw.githubusercontent.com/ANID-GITHUB/Historico-de-Proyectos-Adjudicados/master/BDH_HISTORICA.csv,2026-09-25T05:05:34+00:00,requests
anid,Universidad Autonoma de Chile,2019,,montos_anid_adjudicados,1934579000,CLP,"Suma adjudicada por ANID en el año de fallo, en pesos nominales (la base publica miles de pesos; aquí se convierte)",https://raw.githubusercontent.com/ANID-GITHUB/Historico-de-Proyectos-Adjudicados/master/BDH_HISTORICA.csv,2026-09-25T05:05:34+00:00,requests
anid,Universidad Autonoma de Chile,2019,,proyectos_anid_adjudicados,28,proyectos,Iniciativas adjudicadas en el año de fallo,https://raw.githubusercontent.com/ANID-GITHUB/Historico-de-Proyectos-Adjudicados/master/BDH_HISTORICA.csv,2026-09-25T05:05:34+00:00,requests
anid,Universidad Autonoma de Chile,2020,,montos_anid_adjudicados,2360336000,CLP,"Suma adjudicada por ANID en el año de fallo, en pesos nominales (la base publica miles de pesos; aquí se convierte)",https://raw.githubusercontent.com/ANID-GITHUB/Historico-de-Proyectos-Adjudicados/master/BDH_HISTORICA.csv,2026-09-25T05:05:34+00:00,requests
anid,Universidad Autonoma de Chile,2020,,proyectos_anid_adjudicados,21,proyectos,Iniciativas adjudicadas en el año de fallo,https://raw.githubusercontent.com/ANID-GITHUB/Historico-de-Proyectos-Adjudicados/master/BDH_HISTORICA.csv,2026-09-25T05:05:34+00:00,requests
anid,Universidad Autonoma de Chile,2021,,montos_anid_adjudicados,2401273000,CLP,"Suma adjudicada por ANID en el año de fallo, en pesos nominales (la base publica miles de pesos; aquí se convierte)",https://raw.githubusercontent.com/ANID-GITHUB/Historico-de-Proyectos-Adjudicados/master/BDH_HISTORICA.csv,2026-09-25T05:05:34+00:00,requests
anid,Universidad Autonoma de Chile,2021,,proyectos_anid_adjudicados,18,proyectos,Iniciativas adjudicadas en el año de fallo,https://raw.githubusercontent.com/ANID-GITHUB/Historico-de-Proyectos-Adjudicados/master/BDH_HISTORICA.csv,2026-09-25T05:05:34+00:00,requests
anid,Universidad Autonoma de Chile,2022,,montos_anid_adjudicados,7456559000,CLP,"Suma adjudicada por ANID en el año de fallo, en pesos nominales (la base publica miles de pesos; aquí se convierte)",https://raw.githubusercontent.com/ANID-GITHUB/Historico-de-Proyectos-Adjudicados/master/BDH_HISTORICA.csv,2026-09-25T05:05:34+00:00,requests
anid,Universidad Autonoma de Chile,2022,,proyectos_anid_adjudicados,32,proyectos,Iniciativas adjudicadas en el año de fallo,https://raw.githubusercontent.com/ANID-GITHUB/Historico-de-Proyectos-Adjudicados/master/BDH_HISTORICA.csv,2026-09-25T05:05:34+00:00,requests
anid,Universidad Autonoma de Chile,2022,,montos_anid_con_industria,395867000,CLP,Parte adjudicada en instrumentos que suponen participación de empresas o transferencia,https://raw.githubusercontent.com/ANID-GITHUB/Historico-de-Proyectos-Adjudicados/master/BDH_HISTORICA.csv,2026-09-25T05:05:34+00:00,requests
anid,Universidad Autonoma de Chile,2023,,montos_anid_adjudicados,4758396000,CLP,"Suma adjudicada por ANID en el año de fallo, en pesos nominales (la base publica miles de pesos; aquí se convierte)",https://raw.githubusercontent.com/ANID-GITHUB/Historico-de-Proyectos-Adjudicados/master/BDH_HISTORICA.csv,2026-09-25T05:05:34+00:00,requests
anid,Universidad Autonoma de Chile,2023,,proyectos_anid_adjudicados,35,proyectos,Iniciativas adjudicadas en el año de fallo,https://raw.githubusercontent.com/ANID-GITHUB/Historico-de-Proyectos-Adjudicados/master/BDH_HISTORICA.csv,2026-09-25T05:05:34+00:00,requests
anid,Universidad Autonoma de Chile,2023,,montos_anid_con_industria,1461158000,CLP,Parte adjudicada en instrumentos que suponen participación de empresas o transferencia,https://raw.githubusercontent.com/ANID-GITHUB/Historico-de-Proyectos-Adjudicados/master/BDH_HISTORICA.csv,2026-09-25T05:05:34+00:00,requests
anid,Universidad Autonoma de Chile,2024,,montos_anid_adjudicados,3785627000,CLP,"Suma adjudicada por ANID en el año de fallo, en pesos nominales (la base publica miles de pesos; aquí se convierte)",https://raw.githubusercontent.com/ANID-GITHUB/Historico-de-Proyectos-Adjudicados/master/BDH_HISTORICA.csv,2026-09-25T05:05:34+00:00,requests
anid,Universidad Autonoma de Chile,2024,,proyectos_anid_adjudicados,27,proyectos,Iniciativas adjudicadas en el año de fallo,https://raw.githubusercontent.com/ANID-GITHUB/Historico-de-Proyectos-Adjudicados/master/BDH_HISTORICA.csv,2026-09-25T05:05:34+00:00,requests
anid,Universidad Autonoma de Chile,2024,,montos_anid_con_industria,262000000,CLP,Parte adjudicada en instrumentos que suponen participación de empresas o transferencia,https://raw.githubusercontent.com/ANID-GITHUB/Historico-de-Proyectos-Adjudicados/master/BDH_HISTORICA.csv,2026-09-25T05:05:34+00:00,requests
anid,Universidad Autonoma de Chile,2025,,montos_anid_adjudicados,6533607000,CLP,"Suma adjudicada por ANID en el año de fallo, en pesos nominales (la base publica miles de pesos; aquí se convierte)",https://raw.githubusercontent.com/ANID-GITHUB/Historico-de-Proyectos-Adjudicados/master/BDH_HISTORICA.csv,2026-09-25T05:05:34+00:00,requests
anid,Universidad Autonoma de Chile,2025,,proyectos_anid_adjudicados,41,proyectos,Iniciativas adjudicadas en el año de fallo,https://raw.githubusercontent.com/ANID-GITHUB/Historico-de-Proyectos-Adjudicados/master/BDH_HISTORICA.csv,2026-09-25T05:05:34+00:00,requests
anid,Universidad Autonoma de Chile,2025,,montos_anid_con_industria,1027580000,CLP,Parte adjudicada en instrumentos que suponen participación de empresas o transferencia,https://raw.githubusercontent.com/ANID-GITHUB/Historico-de-Proyectos-Adjudicados/master/BDH_HISTORICA.csv,2026-09-25T05:05:34+00:00,requests
anid,Universidad Autonoma de Chile,2026,,montos_anid_adjudicados,1741905000,CLP,"Suma adjudicada por ANID en el año de fallo, en pesos nominales (la base publica miles de pesos; aquí se convierte)",https://raw.githubusercontent.com/ANID-GITHUB/Historico-de-Proyectos-Adjudicados/master/BDH_HISTORICA.csv,2026-09-25T05:05:34+00:00,requests
anid,Universidad Autonoma de Chile,2026,,proyectos_anid_adjudicados,16,proyectos,Iniciativas adjudicadas en el año de fallo,https://raw.githubusercontent.com/ANID-GITHUB/Historico-de-Proyectos-Adjudicados/master/BDH_HISTORICA.csv,2026-09-25T05:05:34+00:00,requests
anid,Universidad Autonoma de Chile,2026,,montos_anid_con_industria,227700000,CLP,Parte adjudicada en instrumentos que suponen participación de empresas o transferencia,https://raw.githubusercontent.com/ANID-GITHUB/Historico-de-Proyectos-Adjudicados/master/BDH_HISTORICA.csv,2026-09-25T05:05:34+00:00,requests
anid,Universidad Bernardo O'Higgins,2022,,montos_anid_adjudicados,689750000,CLP,"Suma adjudicada por ANID en el año de fallo, en pesos nominales (la base publica miles de pesos; aquí se convierte)",https://raw.githubusercontent.com/ANID-GITHUB/Historico-de-Proyectos-Adjudicados/master/BDH_HISTORICA.csv,2026-09-25T05:05:34+00:00,requests
anid,Universidad Bernardo O'Higgins,2022,,proyectos_anid_adjudicados,2,proyectos,Iniciativas adjudicadas en el año de fallo,https://raw.githubusercontent.com/ANID-GITHUB/Historico-de-Proyectos-Adjudicados/master/BDH_HISTORICA.csv,2026-09-25T05:05:34+00:00,requests
anid,Universidad Bernardo O'Higgins,2023,,montos_anid_adjudicados,1473410000,CLP,"Suma adjudicada por ANID en el año de fallo, en pesos nominales (la base publica miles de pesos; aquí se convierte)",https://raw.githubusercontent.com/ANID-GITHUB/Historico-de-Proyectos-Adjudicados/master/BDH_HISTORICA.csv,2026-09-25T05:05:34+00:00,requests
anid,Universidad Bernardo O'Higgins,2023,,proyectos_anid_adjudicados,11,proyectos,Iniciativas adjudicadas en el año de fallo,https://raw.githubusercontent.com/ANID-GITHUB/Historico-de-Proyectos-Adjudicados/master/BDH_HISTORICA.csv,2026-09-25T05:05:34+00:00,requests
anid,Universidad Bernardo O'Higgins,2023,,montos_anid_con_industria,400000000,CLP,Parte adjudicada en instrumentos que suponen participación de empresas o transferencia,https://raw.githubusercontent.com/ANID-GITHUB/Historico-de-Proyectos-Adjudicados/master/BDH_HISTORICA.csv,2026-09-25T05:05:34+00:00,requests
anid,Universidad Bernardo O'Higgins,2024,,montos_anid_adjudicados,539534000,CLP,"Suma adjudicada por ANID en el año de fallo, en pesos nominales (la base publica miles de pesos; aquí se convierte)",https://raw.githubusercontent.com/ANID-GITHUB/Historico-de-Proyectos-Adjudicados/master/BDH_HISTORICA.csv,2026-09-25T05:05:34+00:00,requests
anid,Universidad Bernardo O'Higgins,2024,,proyectos_anid_adjudicados,5,proyectos,Iniciativas adjudicadas en el año de fallo,https://raw.githubusercontent.com/ANID-GITHUB/Historico-de-Proyectos-Adjudicados/master/BDH_HISTORICA.csv,2026-09-25T05:05:34+00:00,requests
anid,Universidad Bernardo O'Higgins,2025,,montos_anid_adjudicados,1462803000,CLP,"Suma adjudicada por ANID en el año de fallo, en pesos nominales (la base publica miles de pesos; aquí se convierte)",https://raw.githubusercontent.com/ANID-GITHUB/Historico-de-Proyectos-Adjudicados/master/BDH_HISTORICA.csv,2026-09-25T05:05:34+00:00,requests
anid,Universidad Bernardo O'Higgins,2025,,proyectos_anid_adjudicados,13,proyectos,Iniciativas adjudicadas en el año de fallo,https://raw.githubusercontent.com/ANID-GITHUB/Historico-de-Proyectos-Adjudicados/master/BDH_HISTORICA.csv,2026-09-25T05:05:34+00:00,requests
anid,Universidad Bernardo O'Higgins,2025,,montos_anid_con_industria,474263000,CLP,Parte adjudicada en instrumentos que suponen participación de empresas o transferencia,https://raw.githubusercontent.com/ANID-GITHUB/Historico-de-Proyectos-Adjudicados/master/BDH_HISTORICA.csv,2026-09-25T05:05:34+00:00,requests
anid,Universidad Bernardo O'Higgins,2026,,montos_anid_adjudicados,1439380000,CLP,"Suma adjudicada por ANID en el año de fallo, en pesos nominales (la base publica miles de pesos; aquí se convierte)",https://raw.githubusercontent.com/ANID-GITHUB/Historico-de-Proyectos-Adjudicados/master/BDH_HISTORICA.csv,2026-09-25T05:05:34+00:00,requests
anid,Universidad Bernardo O'Higgins,2026,,proyectos_anid_adjudicados,8,proyectos,Iniciativas adjudicadas en el año de fallo,https://raw.githubusercontent.com/ANID-GITHUB/Historico-de-Proyectos-Adjudicados/master/BDH_HISTORICA.csv,2026-09-25T05:05:34+00:00,requests
anid,Universidad Bernardo O'Higgins,2026,,montos_anid_con_industria,227700000,CLP,Parte adjudicada en instrumentos que suponen participación de empresas o transferencia,https://raw.githubusercontent.com/ANID-GITHUB/Historico-de-Proyectos-Adjudicados/master/BDH_HISTORICA.csv,2026-09-25T05:05:34+00:00,requests
anid,Universidad Catolica Cardenal Raul Silva Henriquez,2015,,montos_anid_adjudicados,216568000,CLP,"Suma adjudicada por ANID en el año de fallo, en pesos nominales (la base publica miles de pesos; aquí se convierte)",https://raw.githubusercontent.com/ANID-GITHUB/Historico-de-Proyectos-Adjudicados/master/BDH_HISTORICA.csv,2026-09-25T05:05:34+00:00,requests
anid,Universidad Catolica Cardenal Raul Silva Henriquez,2015,,proyectos_anid_adjudicados,2,proyectos,Iniciativas adjudicadas en el año de fallo,https://raw.githubusercontent.com/ANID-GITHUB/Historico-de-Proyectos-Adjudicados/master/BDH_HISTORICA.csv,2026-09-25T05:05:34+00:00,requests
anid,Universidad Catolica Cardenal Raul Silva Henriquez,2016,,montos_anid_adjudicados,40189000,CLP,"Suma adjudicada por ANID en el año de fallo, en pesos nominales (la base publica miles de pesos; aquí se convierte)",https://raw.githubusercontent.com/ANID-GITHUB/Historico-de-Proyectos-Adjudicados/master/BDH_HISTORICA.csv,2026-09-25T05:05:34+00:00,requests
anid,Universidad Catolica Cardenal Raul Silva Henriquez,2016,,proyectos_anid_adjudicados,1,proyectos,Iniciativas adjudicadas en el año de fallo,https://raw.githubusercontent.com/ANID-GITHUB/Historico-de-Proyectos-Adjudicados/master/BDH_HISTORICA.csv,2026-09-25T05:05:34+00:00,requests
anid,Universidad Catolica Cardenal Raul Silva Henriquez,2017,,montos_anid_adjudicados,208183000,CLP,"Suma adjudicada por ANID en el año de fallo, en pesos nominales (la base publica miles de pesos; aquí se convierte)",https://raw.githubusercontent.com/ANID-GITHUB/Historico-de-Proyectos-Adjudicados/master/BDH_HISTORICA.csv,2026-09-25T05:05:34+00:00,requests
anid,Universidad Catolica Cardenal Raul Silva Henriquez,2017,,proyectos_anid_adjudicados,4,proyectos,Iniciativas adjudicadas en el año de fallo,https://raw.githubusercontent.com/ANID-GITHUB/Historico-de-Proyectos-Adjudicados/master/BDH_HISTORICA.csv,2026-09-25T05:05:34+00:00,requests
anid,Universidad Catolica Cardenal Raul Silva Henriquez,2018,,montos_anid_adjudicados,116711000,CLP,"Suma adjudicada por ANID en el año de fallo, en pesos nominales (la base publica miles de pesos; aquí se convierte)",https://raw.githubusercontent.com/ANID-GITHUB/Historico-de-Proyectos-Adjudicados/master/BDH_HISTORICA.csv,2026-09-25T05:05:34+00:00,requests
anid,Universidad Catolica Cardenal Raul Silva Henriquez,2018,,proyectos_anid_adjudicados,2,proyectos,Iniciativas adjudicadas en el año de fallo,https://raw.githubusercontent.com/ANID-GITHUB/Historico-de-Proyectos-Adjudicados/master/BDH_HISTORICA.csv,2026-09-25T05:05:34+00:00,requests
anid,Universidad Catolica Cardenal Raul Silva Henriquez,2019,,montos_anid_adjudicados,68415000,CLP,"Suma adjudicada por ANID en el año de fallo, en pesos nominales (la base publica miles de pesos; aquí se convierte)",https://raw.githubusercontent.com/ANID-GITHUB/Historico-de-Proyectos-Adjudicados/master/BDH_HISTORICA.csv,2026-09-25T05:05:34+00:00,requests
anid,Universidad Catolica Cardenal Raul Silva Henriquez,2019,,proyectos_anid_adjudicados,2,proyectos,Iniciativas adjudicadas en el año de fallo,https://raw.githubusercontent.com/ANID-GITHUB/Historico-de-Proyectos-Adjudicados/master/BDH_HISTORICA.csv,2026-09-25T05:05:34+00:00,requests
anid,Universidad Catolica Cardenal Raul Silva Henriquez,2020,,montos_anid_adjudicados,377721000,CLP,"Suma adjudicada por ANID en el año de fallo, en pesos nominales (la base publica miles de pesos; aquí se convierte)",https://raw.githubusercontent.com/ANID-GITHUB/Historico-de-Proyectos-Adjudicados/master/BDH_HISTORICA.csv,2026-09-25T05:05:34+00:00,requests
anid,Universidad Catolica Cardenal Raul Silva Henriquez,2020,,proyectos_anid_adjudicados,5,proyectos,Iniciativas adjudicadas en el año de fallo,https://raw.githubusercontent.com/ANID-GITHUB/Historico-de-Proyectos-Adjudicados/master/BDH_HISTORICA.csv,2026-09-25T05:05:34+00:00,requests
anid,Universidad Catolica Cardenal Raul Silva Henriquez,2021,,montos_anid_adjudicados,388584000,CLP,"Suma adjudicada por ANID en el año de fallo, en pesos nominales (la base publica miles de pesos; aquí se convierte)",https://raw.githubusercontent.com/ANID-GITHUB/Historico-de-Proyectos-Adjudicados/master/BDH_HISTORICA.csv,2026-09-25T05:05:34+00:00,requests
anid,Universidad Catolica Cardenal Raul Silva Henriquez,2021,,proyectos_anid_adjudicados,3,proyectos,Iniciativas adjudicadas en el año de fallo,https://raw.githubusercontent.com/ANID-GITHUB/Historico-de-Proyectos-Adjudicados/master/BDH_HISTORICA.csv,2026-09-25T05:05:34+00:00,requests
anid,Universidad Catolica Cardenal Raul Silva Henriquez,2022,,montos_anid_adjudicados,808672000,CLP,"Suma adjudicada por ANID en el año de fallo, en pesos nominales (la base publica miles de pesos; aquí se convierte)",https://raw.githubusercontent.com/ANID-GITHUB/Historico-de-Proyectos-Adjudicados/master/BDH_HISTORICA.csv,2026-09-25T05:05:34+00:00,requests
anid,Universidad Catolica Cardenal Raul Silva Henriquez,2022,,proyectos_anid_adjudicados,10,proyectos,Iniciativas adjudicadas en el año de fallo,https://raw.githubusercontent.com/ANID-GITHUB/Historico-de-Proyectos-Adjudicados/master/BDH_HISTORICA.csv,2026-09-25T05:05:34+00:00,requests
anid,Universidad Catolica de Temuco,2015,,montos_anid_adjudicados,1280456000,CLP,"Suma adjudicada por ANID en el año de fallo, en pesos nominales (la base publica miles de pesos; aquí se convierte)",https://raw.githubusercontent.com/ANID-GITHUB/Historico-de-Proyectos-Adjudicados/master/BDH_HISTORICA.csv,2026-09-25T05:05:34+00:00,requests
anid,Universidad Catolica de Temuco,2015,,proyectos_anid_adjudicados,21,proyectos,Iniciativas adjudicadas en el año de fallo,https://raw.githubusercontent.com/ANID-GITHUB/Historico-de-Proyectos-Adjudicados/master/BDH_HISTORICA.csv,2026-09-25T05:05:34+00:00,requests
anid,Universidad Catolica de Temuco,2015,,montos_anid_con_industria,552921000,CLP,Parte adjudicada en instrumentos que suponen participación de empresas o transferencia,https://raw.githubusercontent.com/ANID-GITHUB/Historico-de-Proyectos-Adjudicados/master/BDH_HISTORICA.csv,2026-09-25T05:05:34+00:00,requests
anid,Universidad Catolica de Temuco,2016,,montos_anid_adjudicados,1850840000,CLP,"Suma adjudicada por ANID en el año de fallo, en pesos nominales (la base publica miles de pesos; aquí se convierte)",https://raw.githubusercontent.com/ANID-GITHUB/Historico-de-Proyectos-Adjudicados/master/BDH_HISTORICA.csv,2026-09-25T05:05:34+00:00,requests
anid,Universidad Catolica de Temuco,2016,,proyectos_anid_adjudicados,25,proyectos,Iniciativas adjudicadas en el año de fallo,https://raw.githubusercontent.com/ANID-GITHUB/Historico-de-Proyectos-Adjudicados/master/BDH_HISTORICA.csv,2026-09-25T05:05:34+00:00,requests
anid,Universidad Catolica de Temuco,2016,,montos_anid_con_industria,640453000,CLP,Parte adjudicada en instrumentos que suponen participación de empresas o transferencia,https://raw.githubusercontent.com/ANID-GITHUB/Historico-de-Proyectos-Adjudicados/master/BDH_HISTORICA.csv,2026-09-25T05:05:34+00:00,requests
anid,Universidad Catolica de Temuco,2017,,montos_anid_adjudicados,1302645000,CLP,"Suma adjudicada por ANID en el año de fallo, en pesos nominales (la base publica miles de pesos; aquí se convierte)",https://raw.githubusercontent.com/ANID-GITHUB/Historico-de-Proyectos-Adjudicados/master/BDH_HISTORICA.csv,2026-09-25T05:05:34+00:00,requests
anid,Universidad Catolica de Temuco,2017,,proyectos_anid_adjudicados,17,proyectos,Iniciativas adjudicadas en el año de fallo,https://raw.githubusercontent.com/ANID-GITHUB/Historico-de-Proyectos-Adjudicados/master/BDH_HISTORICA.csv,2026-09-25T05:05:34+00:00,requests
anid,Universidad Catolica de Temuco,2017,,montos_anid_con_industria,222950000,CLP,Parte adjudicada en instrumentos que suponen participación de empresas o transferencia,https://raw.githubusercontent.com/ANID-GITHUB/Historico-de-Proyectos-Adjudicados/master/BDH_HISTORICA.csv,2026-09-25T05:05:34+00:00,requests
anid,Universidad Catolica de Temuco,2018,,montos_anid_adjudicados,1994934000,CLP,"Suma adjudicada por ANID en el año de fallo, en pesos nominales (la base publica miles de pesos; aquí se convierte)",https://raw.githubusercontent.com/ANID-GITHUB/Historico-de-Proyectos-Adjudicados/master/BDH_HISTORICA.csv,2026-09-25T05:05:34+00:00,requests
anid,Universidad Catolica de Temuco,2018,,proyectos_anid_adjudicados,24,proyectos,Iniciativas adjudicadas en el año de fallo,https://raw.githubusercontent.com/ANID-GITHUB/Historico-de-Proyectos-Adjudicados/master/BDH_HISTORICA.csv,2026-09-25T05:05:34+00:00,requests
anid,Universidad Catolica de Temuco,2018,,montos_anid_con_industria,256797000,CLP,Parte adjudicada en instrumentos que suponen participación de empresas o transferencia,https://raw.githubusercontent.com/ANID-GITHUB/Historico-de-Proyectos-Adjudicados/master/BDH_HISTORICA.csv,2026-09-25T05:05:34+00:00,requests
anid,Universidad Catolica de Temuco,2019,,montos_anid_adjudicados,1484687000,CLP,"Suma adjudicada por ANID en el año de fallo, en pesos nominales (la base publica miles de pesos; aquí se convierte)",https://raw.githubusercontent.com/ANID-GITHUB/Historico-de-Proyectos-Adjudicados/master/BDH_HISTORICA.csv,2026-09-25T05:05:34+00:00,requests
anid,Universidad Catolica de Temuco,2019,,proyectos_anid_adjudicados,19,proyectos,Iniciativas adjudicadas en el año de fallo,https://raw.githubusercontent.com/ANID-GITHUB/Historico-de-Proyectos-Adjudicados/master/BDH_HISTORICA.csv,2026-09-25T05:05:34+00:00,requests
anid,Universidad Catolica de Temuco,2019,,montos_anid_con_industria,455478000,CLP,Parte adjudicada en instrumentos que suponen participación de empresas o transferencia,https://raw.githubusercontent.com/ANID-GITHUB/Historico-de-Proyectos-Adjudicados/master/BDH_HISTORICA.csv,2026-09-25T05:05:34+00:00,requests
anid,Universidad Catolica de Temuco,2020,,montos_anid_adjudicados,1726020000,CLP,"Suma adjudicada por ANID en el año de fallo, en pesos nominales (la base publica miles de pesos; aquí se convierte)",https://raw.githubusercontent.com/ANID-GITHUB/Historico-de-Proyectos-Adjudicados/master/BDH_HISTORICA.csv,2026-09-25T05:05:34+00:00,requests
anid,Universidad Catolica de Temuco,2020,,proyectos_anid_adjudicados,21,proyectos,Iniciativas adjudicadas en el año de fallo,https://raw.githubusercontent.com/ANID-GITHUB/Historico-de-Proyectos-Adjudicados/master/BDH_HISTORICA.csv,2026-09-25T05:05:34+00:00,requests
anid,Universidad Catolica de Temuco,2020,,montos_anid_con_industria,30000000,CLP,Parte adjudicada en instrumentos que suponen participación de empresas o transferencia,https://raw.githubusercontent.com/ANID-GITHUB/Historico-de-Proyectos-Adjudicados/master/BDH_HISTORICA.csv,2026-09-25T05:05:34+00:00,requests
anid,Universidad Catolica de Temuco,2021,,montos_anid_adjudicados,1767828000,CLP,"Suma adjudicada por ANID en el año de fallo, en pesos nominales (la base publica miles de pesos; aquí se convierte)",https://raw.githubusercontent.com/ANID-GITHUB/Historico-de-Proyectos-Adjudicados/master/BDH_HISTORICA.csv,2026-09-25T05:05:34+00:00,requests
anid,Universidad Catolica de Temuco,2021,,proyectos_anid_adjudicados,14,proyectos,Iniciativas adjudicadas en el año de fallo,https://raw.githubusercontent.com/ANID-GITHUB/Historico-de-Proyectos-Adjudicados/master/BDH_HISTORICA.csv,2026-09-25T05:05:34+00:00,requests
anid,Universidad Catolica de Temuco,2021,,montos_anid_con_industria,829784000,CLP,Parte adjudicada en instrumentos que suponen participación de empresas o transferencia,https://raw.githubusercontent.com/ANID-GITHUB/Historico-de-Proyectos-Adjudicados/master/BDH_HISTORICA.csv,2026-09-25T05:05:34+00:00,requests
anid,Universidad Catolica de Temuco,2022,,montos_anid_adjudicados,2631098000,CLP,"Suma adjudicada por ANID en el año de fallo, en pesos nominales (la base publica miles de pesos; aquí se convierte)",https://raw.githubusercontent.com/ANID-GITHUB/Historico-de-Proyectos-Adjudicados/master/BDH_HISTORICA.csv,2026-09-25T05:05:34+00:00,requests
anid,Universidad Catolica de Temuco,2022,,proyectos_anid_adjudicados,23,proyectos,Iniciativas adjudicadas en el año de fallo,https://raw.githubusercontent.com/ANID-GITHUB/Historico-de-Proyectos-Adjudicados/master/BDH_HISTORICA.csv,2026-09-25T05:05:34+00:00,requests
anid,Universidad Catolica de Temuco,2022,,montos_anid_con_industria,429260000,CLP,Parte adjudicada en instrumentos que suponen participación de empresas o transferencia,https://raw.githubusercontent.com/ANID-GITHUB/Historico-de-Proyectos-Adjudicados/master/BDH_HISTORICA.csv,2026-09-25T05:05:34+00:00,requests
anid,Universidad Catolica de Temuco,2023,,montos_anid_adjudicados,2417333000,CLP,"Suma adjudicada por ANID en el año de fallo, en pesos nominales (la base publica miles de pesos; aquí se convierte)",https://raw.githubusercontent.com/ANID-GITHUB/Historico-de-Proyectos-Adjudicados/master/BDH_HISTORICA.csv,2026-09-25T05:05:34+00:00,requests
anid,Universidad Catolica de Temuco,2023,,proyectos_anid_adjudicados,21,proyectos,Iniciativas adjudicadas en el año de fallo,https://raw.githubusercontent.com/ANID-GITHUB/Historico-de-Proyectos-Adjudicados/master/BDH_HISTORICA.csv,2026-09-25T05:05:34+00:00,requests
anid,Universidad Catolica de Temuco,2024,,montos_anid_adjudicados,3006112290,CLP,"Suma adjudicada por ANID en el año de fallo, en pesos nominales (la base publica miles de pesos; aquí se convierte)",https://raw.githubusercontent.com/ANID-GITHUB/Historico-de-Proyectos-Adjudicados/master/BDH_HISTORICA.csv,2026-09-25T05:05:34+00:00,requests
anid,Universidad Catolica de Temuco,2024,,proyectos_anid_adjudicados,26,proyectos,Iniciativas adjudicadas en el año de fallo,https://raw.githubusercontent.com/ANID-GITHUB/Historico-de-Proyectos-Adjudicados/master/BDH_HISTORICA.csv,2026-09-25T05:05:34+00:00,requests
anid,Universidad Catolica de Temuco,2024,,montos_anid_con_industria,286350290,CLP,Parte adjudicada en instrumentos que suponen participación de empresas o transferencia,https://raw.githubusercontent.com/ANID-GITHUB/Historico-de-Proyectos-Adjudicados/master/BDH_HISTORICA.csv,2026-09-25T05:05:34+00:00,requests
anid,Universidad Catolica de Temuco,2025,,montos_anid_adjudicados,4031908000,CLP,"Suma adjudicada por ANID en el año de fallo, en pesos nominales (la base publica miles de pesos; aquí se convierte)",https://raw.githubusercontent.com/ANID-GITHUB/Historico-de-Proyectos-Adjudicados/master/BDH_HISTORICA.csv,2026-09-25T05:05:34+00:00,requests
anid,Universidad Catolica de Temuco,2025,,proyectos_anid_adjudicados,26,proyectos,Iniciativas adjudicadas en el año de fallo,https://raw.githubusercontent.com/ANID-GITHUB/Historico-de-Proyectos-Adjudicados/master/BDH_HISTORICA.csv,2026-09-25T05:05:34+00:00,requests
anid,Universidad Catolica de Temuco,2025,,montos_anid_con_industria,1293370000,CLP,Parte adjudicada en instrumentos que suponen participación de empresas o transferencia,https://raw.githubusercontent.com/ANID-GITHUB/Historico-de-Proyectos-Adjudicados/master/BDH_HISTORICA.csv,2026-09-25T05:05:34+00:00,requests
anid,Universidad Catolica de Temuco,2026,,montos_anid_adjudicados,3569198000,CLP,"Suma adjudicada por ANID en el año de fallo, en pesos nominales (la base publica miles de pesos; aquí se convierte)",https://raw.githubusercontent.com/ANID-GITHUB/Historico-de-Proyectos-Adjudicados/master/BDH_HISTORICA.csv,2026-09-25T05:05:34+00:00,requests
anid,Universidad Catolica de Temuco,2026,,proyectos_anid_adjudicados,26,proyectos,Iniciativas adjudicadas en el año de fallo,https://raw.githubusercontent.com/ANID-GITHUB/Historico-de-Proyectos-Adjudicados/master/BDH_HISTORICA.csv,2026-09-25T05:05:34+00:00,requests
anid,Universidad Catolica de Temuco,2026,,montos_anid_con_industria,683100000,CLP,Parte adjudicada en instrumentos que suponen participación de empresas o transferencia,https://raw.githubusercontent.com/ANID-GITHUB/Historico-de-Proyectos-Adjudicados/master/BDH_HISTORICA.csv,2026-09-25T05:05:34+00:00,requests
anid,Universidad Catolica de la Santisima Concepcion,2015,,montos_anid_adjudicados,525888000,CLP,"Suma adjudicada por ANID en el año de fallo, en pesos nominales (la base publica miles de pesos; aquí se convierte)",https://raw.githubusercontent.com/ANID-GITHUB/Historico-de-Proyectos-Adjudicados/master/BDH_HISTORICA.csv,2026-09-25T05:05:34+00:00,requests
anid,Universidad Catolica de la Santisima Concepcion,2015,,proyectos_anid_adjudicados,7,proyectos,Iniciativas adjudicadas en el año de fallo,https://raw.githubusercontent.com/ANID-GITHUB/Historico-de-Proyectos-Adjudicados/master/BDH_HISTORICA.csv,2026-09-25T05:05:34+00:00,requests
anid,Universidad Catolica de la Santisima Concepcion,2016,,montos_anid_adjudicados,941320000,CLP,"Suma adjudicada por ANID en el año de fallo, en pesos nominales (la base publica miles de pesos; aquí se convierte)",https://raw.githubusercontent.com/ANID-GITHUB/Historico-de-Proyectos-Adjudicados/master/BDH_HISTORICA.csv,2026-09-25T05:05:34+00:00,requests
anid,Universidad Catolica de la Santisima Concepcion,2016,,proyectos_anid_adjudicados,11,proyectos,Iniciativas adjudicadas en el año de fallo,https://raw.githubusercontent.com/ANID-GITHUB/Historico-de-Proyectos-Adjudicados/master/BDH_HISTORICA.csv,2026-09-25T05:05:34+00:00,requests
anid,Universidad Catolica de la Santisima Concepcion,2016,,montos_anid_con_industria,2000000,CLP,Parte adjudicada en instrumentos que suponen participación de empresas o transferencia,https://raw.githubusercontent.com/ANID-GITHUB/Historico-de-Proyectos-Adjudicados/master/BDH_HISTORICA.csv,2026-09-25T05:05:34+00:00,requests
anid,Universidad Catolica de la Santisima Concepcion,2017,,montos_anid_adjudicados,699396000,CLP,"Suma adjudicada por ANID en el año de fallo, en pesos nominales (la base publica miles de pesos; aquí se convierte)",https://raw.githubusercontent.com/ANID-GITHUB/Historico-de-Proyectos-Adjudicados/master/BDH_HISTORICA.csv,2026-09-25T05:05:34+00:00,requests
anid,Universidad Catolica de la Santisima Concepcion,2017,,proyectos_anid_adjudicados,7,proyectos,Iniciativas adjudicadas en el año de fallo,https://raw.githubusercontent.com/ANID-GITHUB/Historico-de-Proyectos-Adjudicados/master/BDH_HISTORICA.csv,2026-09-25T05:05:34+00:00,requests
anid,Universidad Catolica de la Santisima Concepcion,2017,,montos_anid_con_industria,24000000,CLP,Parte adjudicada en instrumentos que suponen participación de empresas o transferencia,https://raw.githubusercontent.com/ANID-GITHUB/Historico-de-Proyectos-Adjudicados/master/BDH_HISTORICA.csv,2026-09-25T05:05:34+00:00,requests
anid,Universidad Catolica de la Santisima Concepcion,2018,,montos_anid_adjudicados,1548189000,CLP,"Suma adjudicada por ANID en el año de fallo, en pesos nominales (la base publica miles de pesos; aquí se convierte)",https://raw.githubusercontent.com/ANID-GITHUB/Historico-de-Proyectos-Adjudicados/master/BDH_HISTORICA.csv,2026-09-25T05:05:34+00:00,requests
anid,Universidad Catolica de la Santisima Concepcion,2018,,proyectos_anid_adjudicados,16,proyectos,Iniciativas adjudicadas en el año de fallo,https://raw.githubusercontent.com/ANID-GITHUB/Historico-de-Proyectos-Adjudicados/master/BDH_HISTORICA.csv,2026-09-25T05:05:34+00:00,requests
anid,Universidad Catolica de la Santisima Concepcion,2018,,montos_anid_con_industria,199984000,CLP,Parte adjudicada en instrumentos que suponen participación de empresas o transferencia,https://raw.githubusercontent.com/ANID-GITHUB/Historico-de-Proyectos-Adjudicados/master/BDH_HISTORICA.csv,2026-09-25T05:05:34+00:00,requests
anid,Universidad Catolica de la Santisima Concepcion,2019,,montos_anid_adjudicados,3110109000,CLP,"Suma adjudicada por ANID en el año de fallo, en pesos nominales (la base publica miles de pesos; aquí se convierte)",https://raw.githubusercontent.com/ANID-GITHUB/Historico-de-Proyectos-Adjudicados/master/BDH_HISTORICA.csv,2026-09-25T05:05:34+00:00,requests
anid,Universidad Catolica de la Santisima Concepcion,2019,,proyectos_anid_adjudicados,32,proyectos,Iniciativas adjudicadas en el año de fallo,https://raw.githubusercontent.com/ANID-GITHUB/Historico-de-Proyectos-Adjudicados/master/BDH_HISTORICA.csv,2026-09-25T05:05:34+00:00,requests
anid,Universidad Catolica de la Santisima Concepcion,2019,,montos_anid_con_industria,202000000,CLP,Parte adjudicada en instrumentos que suponen participación de empresas o transferencia,https://raw.githubusercontent.com/ANID-GITHUB/Historico-de-Proyectos-Adjudicados/master/BDH_HISTORICA.csv,2026-09-25T05:05:34+00:00,requests
anid,Universidad Catolica de la Santisima Concepcion,2020,,montos_anid_adjudicados,1915026000,CLP,"Suma adjudicada por ANID en el año de fallo, en pesos nominales (la base publica miles de pesos; aquí se convierte)",https://raw.githubusercontent.com/ANID-GITHUB/Historico-de-Proyectos-Adjudicados/master/BDH_HISTORICA.csv,2026-09-25T05:05:34+00:00,requests
anid,Universidad Catolica de la Santisima Concepcion,2020,,proyectos_anid_adjudicados,18,proyectos,Iniciativas adjudicadas en el año de fallo,https://raw.githubusercontent.com/ANID-GITHUB/Historico-de-Proyectos-Adjudicados/master/BDH_HISTORICA.csv,2026-09-25T05:05:34+00:00,requests
anid,Universidad Catolica de la Santisima Concepcion,2020,,montos_anid_con_industria,200000000,CLP,Parte adjudicada en instrumentos que suponen participación de empresas o transferencia,https://raw.githubusercontent.com/ANID-GITHUB/Historico-de-Proyectos-Adjudicados/master/BDH_HISTORICA.csv,2026-09-25T05:05:34+00:00,requests
anid,Universidad Catolica de la Santisima Concepcion,2021,,montos_anid_adjudicados,2404662000,CLP,"Suma adjudicada por ANID en el año de fallo, en pesos nominales (la base publica miles de pesos; aquí se convierte)",https://raw.githubusercontent.com/ANID-GITHUB/Historico-de-Proyectos-Adjudicados/master/BDH_HISTORICA.csv,2026-09-25T05:05:34+00:00,requests
anid,Universidad Catolica de la Santisima Concepcion,2021,,proyectos_anid_adjudicados,17,proyectos,Iniciativas adjudicadas en el año de fallo,https://raw.githubusercontent.com/ANID-GITHUB/Historico-de-Proyectos-Adjudicados/master/BDH_HISTORICA.csv,2026-09-25T05:05:34+00:00,requests
anid,Universidad Catolica de la Santisima Concepcion,2021,,montos_anid_con_industria,30000000,CLP,Parte adjudicada en instrumentos que suponen participación de empresas o transferencia,https://raw.githubusercontent.com/ANID-GITHUB/Historico-de-Proyectos-Adjudicados/master/BDH_HISTORICA.csv,2026-09-25T05:05:34+00:00,requests
anid,Universidad Catolica de la Santisima Concepcion,2022,,montos_anid_adjudicados,4815957000,CLP,"Suma adjudicada por ANID en el año de fallo, en pesos nominales (la base publica miles de pesos; aquí se convierte)",https://raw.githubusercontent.com/ANID-GITHUB/Historico-de-Proyectos-Adjudicados/master/BDH_HISTORICA.csv,2026-09-25T05:05:34+00:00,requests
anid,Universidad Catolica de la Santisima Concepcion,2022,,proyectos_anid_adjudicados,26,proyectos,Iniciativas adjudicadas en el año de fallo,https://raw.githubusercontent.com/ANID-GITHUB/Historico-de-Proyectos-Adjudicados/master/BDH_HISTORICA.csv,2026-09-25T05:05:34+00:00,requests
anid,Universidad Catolica de la Santisima Concepcion,2022,,montos_anid_con_industria,200000000,CLP,Parte adjudicada en instrumentos que suponen participación de empresas o transferencia,https://raw.githubusercontent.com/ANID-GITHUB/Historico-de-Proyectos-Adjudicados/master/BDH_HISTORICA.csv,2026-09-25T05:05:34+00:00,requests
anid,Universidad Catolica de la Santisima Concepcion,2023,,montos_anid_adjudicados,4127666000,CLP,"Suma adjudicada por ANID en el año de fallo, en pesos nominales (la base publica miles de pesos; aquí se convierte)",https://raw.githubusercontent.com/ANID-GITHUB/Historico-de-Proyectos-Adjudicados/master/BDH_HISTORICA.csv,2026-09-25T05:05:34+00:00,requests
anid,Universidad Catolica de la Santisima Concepcion,2023,,proyectos_anid_adjudicados,30,proyectos,Iniciativas adjudicadas en el año de fallo,https://raw.githubusercontent.com/ANID-GITHUB/Historico-de-Proyectos-Adjudicados/master/BDH_HISTORICA.csv,2026-09-25T05:05:34+00:00,requests
anid,Universidad Catolica de la Santisima Concepcion,2023,,montos_anid_con_industria,1242676000,CLP,Parte adjudicada en instrumentos que suponen participación de empresas o transferencia,https://raw.githubusercontent.com/ANID-GITHUB/Historico-de-Proyectos-Adjudicados/master/BDH_HISTORICA.csv,2026-09-25T05:05:34+00:00,requests
anid,Universidad Catolica de la Santisima Concepcion,2024,,montos_anid_adjudicados,3549897000,CLP,"Suma adjudicada por ANID en el año de fallo, en pesos nominales (la base publica miles de pesos; aquí se convierte)",https://raw.githubusercontent.com/ANID-GITHUB/Historico-de-Proyectos-Adjudicados/master/BDH_HISTORICA.csv,2026-09-25T05:05:34+00:00,requests
anid,Universidad Catolica de la Santisima Concepcion,2024,,proyectos_anid_adjudicados,23,proyectos,Iniciativas adjudicadas en el año de fallo,https://raw.githubusercontent.com/ANID-GITHUB/Historico-de-Proyectos-Adjudicados/master/BDH_HISTORICA.csv,2026-09-25T05:05:34+00:00,requests
anid,Universidad Catolica de la Santisima Concepcion,2024,,montos_anid_con_industria,263700000,CLP,Parte adjudicada en instrumentos que suponen participación de empresas o transferencia,https://raw.githubusercontent.com/ANID-GITHUB/Historico-de-Proyectos-Adjudicados/master/BDH_HISTORICA.csv,2026-09-25T05:05:34+00:00,requests
anid,Universidad Catolica de la Santisima Concepcion,2025,,montos_anid_adjudicados,4501214000,CLP,"Suma adjudicada por ANID en el año de fallo, en pesos nominales (la base publica miles de pesos; aquí se convierte)",https://raw.githubusercontent.com/ANID-GITHUB/Historico-de-Proyectos-Adjudicados/master/BDH_HISTORICA.csv,2026-09-25T05:05:34+00:00,requests
anid,Universidad Catolica de la Santisima Concepcion,2025,,proyectos_anid_adjudicados,32,proyectos,Iniciativas adjudicadas en el año de fallo,https://raw.githubusercontent.com/ANID-GITHUB/Historico-de-Proyectos-Adjudicados/master/BDH_HISTORICA.csv,2026-09-25T05:05:34+00:00,requests
anid,Universidad Catolica de la Santisima Concepcion,2025,,montos_anid_con_industria,711789000,CLP,Parte adjudicada en instrumentos que suponen participación de empresas o transferencia,https://raw.githubusercontent.com/ANID-GITHUB/Historico-de-Proyectos-Adjudicados/master/BDH_HISTORICA.csv,2026-09-25T05:05:34+00:00,requests
anid,Universidad Catolica de la Santisima Concepcion,2026,,montos_anid_adjudicados,2364048000,CLP,"Suma adjudicada por ANID en el año de fallo, en pesos nominales (la base publica miles de pesos; aquí se convierte)",https://raw.githubusercontent.com/ANID-GITHUB/Historico-de-Proyectos-Adjudicados/master/BDH_HISTORICA.csv,2026-09-25T05:05:34+00:00,requests
anid,Universidad Catolica de la Santisima Concepcion,2026,,proyectos_anid_adjudicados,17,proyectos,Iniciativas adjudicadas en el año de fallo,https://raw.githubusercontent.com/ANID-GITHUB/Historico-de-Proyectos-Adjudicados/master/BDH_HISTORICA.csv,2026-09-25T05:05:34+00:00,requests
anid,Universidad Catolica de la Santisima Concepcion,2026,,montos_anid_con_industria,455400000,CLP,Parte adjudicada en instrumentos que suponen participación de empresas o transferencia,https://raw.githubusercontent.com/ANID-GITHUB/Historico-de-Proyectos-Adjudicados/master/BDH_HISTORICA.csv,2026-09-25T05:05:34+00:00,requests
anid,Universidad Catolica del Maule,2015,,montos_anid_adjudicados,673260000,CLP,"Suma adjudicada por ANID en el año de fallo, en pesos nominales (la base publica miles de pesos; aquí se convierte)",https://raw.githubusercontent.com/ANID-GITHUB/Historico-de-Proyectos-Adjudicados/master/BDH_HISTORICA.csv,2026-09-25T05:05:34+00:00,requests
anid,Universidad Catolica del Maule,2015,,proyectos_anid_adjudicados,12,proyectos,Iniciativas adjudicadas en el año de fallo,https://raw.githubusercontent.com/ANID-GITHUB/Historico-de-Proyectos-Adjudicados/master/BDH_HISTORICA.csv,2026-09-25T05:05:34+00:00,requests
anid,Universidad Catolica del Maule,2015,,montos_anid_con_industria,149996000,CLP,Parte adjudicada en instrumentos que suponen participación de empresas o transferencia,https://raw.githubusercontent.com/ANID-GITHUB/Historico-de-Proyectos-Adjudicados/master/BDH_HISTORICA.csv,2026-09-25T05:05:34+00:00,requests
anid,Universidad Catolica del Maule,2016,,montos_anid_adjudicados,532366000,CLP,"Suma adjudicada por ANID en el año de fallo, en pesos nominales (la base publica miles de pesos; aquí se convierte)",https://raw.githubusercontent.com/ANID-GITHUB/Historico-de-Proyectos-Adjudicados/master/BDH_HISTORICA.csv,2026-09-25T05:05:34+00:00,requests
anid,Universidad Catolica del Maule,2016,,proyectos_anid_adjudicados,7,proyectos,Iniciativas adjudicadas en el año de fallo,https://raw.githubusercontent.com/ANID-GITHUB/Historico-de-Proyectos-Adjudicados/master/BDH_HISTORICA.csv,2026-09-25T05:05:34+00:00,requests
anid,Universidad Catolica del Maule,2017,,montos_anid_adjudicados,880726000,CLP,"Suma adjudicada por ANID en el año de fallo, en pesos nominales (la base publica miles de pesos; aquí se convierte)",https://raw.githubusercontent.com/ANID-GITHUB/Historico-de-Proyectos-Adjudicados/master/BDH_HISTORICA.csv,2026-09-25T05:05:34+00:00,requests
anid,Universidad Catolica del Maule,2017,,proyectos_anid_adjudicados,17,proyectos,Iniciativas adjudicadas en el año de fallo,https://raw.githubusercontent.com/ANID-GITHUB/Historico-de-Proyectos-Adjudicados/master/BDH_HISTORICA.csv,2026-09-25T05:05:34+00:00,requests
anid,Universidad Catolica del Maule,2017,,montos_anid_con_industria,201968000,CLP,Parte adjudicada en instrumentos que suponen participación de empresas o transferencia,https://raw.githubusercontent.com/ANID-GITHUB/Historico-de-Proyectos-Adjudicados/master/BDH_HISTORICA.csv,2026-09-25T05:05:34+00:00,requests
anid,Universidad Catolica del Maule,2018,,montos_anid_adjudicados,733628000,CLP,"Suma adjudicada por ANID en el año de fallo, en pesos nominales (la base publica miles de pesos; aquí se convierte)",https://raw.githubusercontent.com/ANID-GITHUB/Historico-de-Proyectos-Adjudicados/master/BDH_HISTORICA.csv,2026-09-25T05:05:34+00:00,requests
anid,Universidad Catolica del Maule,2018,,proyectos_anid_adjudicados,10,proyectos,Iniciativas adjudicadas en el año de fallo,https://raw.githubusercontent.com/ANID-GITHUB/Historico-de-Proyectos-Adjudicados/master/BDH_HISTORICA.csv,2026-09-25T05:05:34+00:00,requests
anid,Universidad Catolica del Maule,2018,,montos_anid_con_industria,2000000,CLP,Parte adjudicada en instrumentos que suponen participación de empresas o transferencia,https://raw.githubusercontent.com/ANID-GITHUB/Historico-de-Proyectos-Adjudicados/master/BDH_HISTORICA.csv,2026-09-25T05:05:34+00:00,requests
anid,Universidad Catolica del Maule,2019,,montos_anid_adjudicados,1165435000,CLP,"Suma adjudicada por ANID en el año de fallo, en pesos nominales (la base publica miles de pesos; aquí se convierte)",https://raw.githubusercontent.com/ANID-GITHUB/Historico-de-Proyectos-Adjudicados/master/BDH_HISTORICA.csv,2026-09-25T05:05:34+00:00,requests
anid,Universidad Catolica del Maule,2019,,proyectos_anid_adjudicados,20,proyectos,Iniciativas adjudicadas en el año de fallo,https://raw.githubusercontent.com/ANID-GITHUB/Historico-de-Proyectos-Adjudicados/master/BDH_HISTORICA.csv,2026-09-25T05:05:34+00:00,requests
anid,Universidad Catolica del Maule,2020,,montos_anid_adjudicados,1330673000,CLP,"Suma adjudicada por ANID en el año de fallo, en pesos nominales (la base publica miles de pesos; aquí se convierte)",https://raw.githubusercontent.com/ANID-GITHUB/Historico-de-Proyectos-Adjudicados/master/BDH_HISTORICA.csv,2026-09-25T05:05:34+00:00,requests
anid,Universidad Catolica del Maule,2020,,proyectos_anid_adjudicados,11,proyectos,Iniciativas adjudicadas en el año de fallo,https://raw.githubusercontent.com/ANID-GITHUB/Historico-de-Proyectos-Adjudicados/master/BDH_HISTORICA.csv,2026-09-25T05:05:34+00:00,requests
anid,Universidad Catolica del Maule,2021,,montos_anid_adjudicados,1996200000,CLP,"Suma adjudicada por ANID en el año de fallo, en pesos nominales (la base publica miles de pesos; aquí se convierte)",https://raw.githubusercontent.com/ANID-GITHUB/Historico-de-Proyectos-Adjudicados/master/BDH_HISTORICA.csv,2026-09-25T05:05:34+00:00,requests
anid,Universidad Catolica del Maule,2021,,proyectos_anid_adjudicados,14,proyectos,Iniciativas adjudicadas en el año de fallo,https://raw.githubusercontent.com/ANID-GITHUB/Historico-de-Proyectos-Adjudicados/master/BDH_HISTORICA.csv,2026-09-25T05:05:34+00:00,requests
anid,Universidad Catolica del Maule,2022,,montos_anid_adjudicados,3244433000,CLP,"Suma adjudicada por ANID en el año de fallo, en pesos nominales (la base publica miles de pesos; aquí se convierte)",https://raw.githubusercontent.com/ANID-GITHUB/Historico-de-Proyectos-Adjudicados/master/BDH_HISTORICA.csv,2026-09-25T05:05:34+00:00,requests
anid,Universidad Catolica del Maule,2022,,proyectos_anid_adjudicados,29,proyectos,Iniciativas adjudicadas en el año de fallo,https://raw.githubusercontent.com/ANID-GITHUB/Historico-de-Proyectos-Adjudicados/master/BDH_HISTORICA.csv,2026-09-25T05:05:34+00:00,requests
anid,Universidad Catolica del Maule,2022,,montos_anid_con_industria,199960000,CLP,Parte adjudicada en instrumentos que suponen participación de empresas o transferencia,https://raw.githubusercontent.com/ANID-GITHUB/Historico-de-Proyectos-Adjudicados/master/BDH_HISTORICA.csv,2026-09-25T05:05:34+00:00,requests
anid,Universidad Catolica del Maule,2023,,montos_anid_adjudicados,2981026000,CLP,"Suma adjudicada por ANID en el año de fallo, en pesos nominales (la base publica miles de pesos; aquí se convierte)",https://raw.githubusercontent.com/ANID-GITHUB/Historico-de-Proyectos-Adjudicados/master/BDH_HISTORICA.csv,2026-09-25T05:05:34+00:00,requests
anid,Universidad Catolica del Maule,2023,,proyectos_anid_adjudicados,26,proyectos,Iniciativas adjudicadas en el año de fallo,https://raw.githubusercontent.com/ANID-GITHUB/Historico-de-Proyectos-Adjudicados/master/BDH_HISTORICA.csv,2026-09-25T05:05:34+00:00,requests
anid,Universidad Catolica del Maule,2023,,montos_anid_con_industria,400000000,CLP,Parte adjudicada en instrumentos que suponen participación de empresas o transferencia,https://raw.githubusercontent.com/ANID-GITHUB/Historico-de-Proyectos-Adjudicados/master/BDH_HISTORICA.csv,2026-09-25T05:05:34+00:00,requests
anid,Universidad Catolica del Maule,2024,,montos_anid_adjudicados,7152753000,CLP,"Suma adjudicada por ANID en el año de fallo, en pesos nominales (la base publica miles de pesos; aquí se convierte)",https://raw.githubusercontent.com/ANID-GITHUB/Historico-de-Proyectos-Adjudicados/master/BDH_HISTORICA.csv,2026-09-25T05:05:34+00:00,requests
anid,Universidad Catolica del Maule,2024,,proyectos_anid_adjudicados,30,proyectos,Iniciativas adjudicadas en el año de fallo,https://raw.githubusercontent.com/ANID-GITHUB/Historico-de-Proyectos-Adjudicados/master/BDH_HISTORICA.csv,2026-09-25T05:05:34+00:00,requests
anid,Universidad Catolica del Maule,2025,,montos_anid_adjudicados,4261762000,CLP,"Suma adjudicada por ANID en el año de fallo, en pesos nominales (la base publica miles de pesos; aquí se convierte)",https://raw.githubusercontent.com/ANID-GITHUB/Historico-de-Proyectos-Adjudicados/master/BDH_HISTORICA.csv,2026-09-25T05:05:34+00:00,requests
anid,Universidad Catolica del Maule,2025,,proyectos_anid_adjudicados,32,proyectos,Iniciativas adjudicadas en el año de fallo,https://raw.githubusercontent.com/ANID-GITHUB/Historico-de-Proyectos-Adjudicados/master/BDH_HISTORICA.csv,2026-09-25T05:05:34+00:00,requests
anid,Universidad Catolica del Maule,2025,,montos_anid_con_industria,484899000,CLP,Parte adjudicada en instrumentos que suponen participación de empresas o transferencia,https://raw.githubusercontent.com/ANID-GITHUB/Historico-de-Proyectos-Adjudicados/master/BDH_HISTORICA.csv,2026-09-25T05:05:34+00:00,requests
anid,Universidad Catolica del Maule,2026,,montos_anid_adjudicados,3211171000,CLP,"Suma adjudicada por ANID en el año de fallo, en pesos nominales (la base publica miles de pesos; aquí se convierte)",https://raw.githubusercontent.com/ANID-GITHUB/Historico-de-Proyectos-Adjudicados/master/BDH_HISTORICA.csv,2026-09-25T05:05:34+00:00,requests
anid,Universidad Catolica del Maule,2026,,proyectos_anid_adjudicados,23,proyectos,Iniciativas adjudicadas en el año de fallo,https://raw.githubusercontent.com/ANID-GITHUB/Historico-de-Proyectos-Adjudicados/master/BDH_HISTORICA.csv,2026-09-25T05:05:34+00:00,requests
anid,Universidad Catolica del Norte,2015,,montos_anid_adjudicados,2278761000,CLP,"Suma adjudicada por ANID en el año de fallo, en pesos nominales (la base publica miles de pesos; aquí se convierte)",https://raw.githubusercontent.com/ANID-GITHUB/Historico-de-Proyectos-Adjudicados/master/BDH_HISTORICA.csv,2026-09-25T05:05:34+00:00,requests
anid,Universidad Catolica del Norte,2015,,proyectos_anid_adjudicados,34,proyectos,Iniciativas adjudicadas en el año de fallo,https://raw.githubusercontent.com/ANID-GITHUB/Historico-de-Proyectos-Adjudicados/master/BDH_HISTORICA.csv,2026-09-25T05:05:34+00:00,requests
anid,Universidad Catolica del Norte,2015,,montos_anid_con_industria,303648000,CLP,Parte adjudicada en instrumentos que suponen participación de empresas o transferencia,https://raw.githubusercontent.com/ANID-GITHUB/Historico-de-Proyectos-Adjudicados/master/BDH_HISTORICA.csv,2026-09-25T05:05:34+00:00,requests
anid,Universidad Catolica del Norte,2016,,montos_anid_adjudicados,2915309000,CLP,"Suma adjudicada por ANID en el año de fallo, en pesos nominales (la base publica miles de pesos; aquí se convierte)",https://raw.githubusercontent.com/ANID-GITHUB/Historico-de-Proyectos-Adjudicados/master/BDH_HISTORICA.csv,2026-09-25T05:05:34+00:00,requests
anid,Universidad Catolica del Norte,2016,,proyectos_anid_adjudicados,32,proyectos,Iniciativas adjudicadas en el año de fallo,https://raw.githubusercontent.com/ANID-GITHUB/Historico-de-Proyectos-Adjudicados/master/BDH_HISTORICA.csv,2026-09-25T05:05:34+00:00,requests
anid,Universidad Catolica del Norte,2016,,montos_anid_con_industria,541513000,CLP,Parte adjudicada en instrumentos que suponen participación de empresas o transferencia,https://raw.githubusercontent.com/ANID-GITHUB/Historico-de-Proyectos-Adjudicados/master/BDH_HISTORICA.csv,2026-09-25T05:05:34+00:00,requests
anid,Universidad Catolica del Norte,2017,,montos_anid_adjudicados,2800253000,CLP,"Suma adjudicada por ANID en el año de fallo, en pesos nominales (la base publica miles de pesos; aquí se convierte)",https://raw.githubusercontent.com/ANID-GITHUB/Historico-de-Proyectos-Adjudicados/master/BDH_HISTORICA.csv,2026-09-25T05:05:34+00:00,requests
anid,Universidad Catolica del Norte,2017,,proyectos_anid_adjudicados,38,proyectos,Iniciativas adjudicadas en el año de fallo,https://raw.githubusercontent.com/ANID-GITHUB/Historico-de-Proyectos-Adjudicados/master/BDH_HISTORICA.csv,2026-09-25T05:05:34+00:00,requests
anid,Universidad Catolica del Norte,2017,,montos_anid_con_industria,572736000,CLP,Parte adjudicada en instrumentos que suponen participación de empresas o transferencia,https://raw.githubusercontent.com/ANID-GITHUB/Historico-de-Proyectos-Adjudicados/master/BDH_HISTORICA.csv,2026-09-25T05:05:34+00:00,requests
anid,Universidad Catolica del Norte,2018,,montos_anid_adjudicados,2459478000,CLP,"Suma adjudicada por ANID en el año de fallo, en pesos nominales (la base publica miles de pesos; aquí se convierte)",https://raw.githubusercontent.com/ANID-GITHUB/Historico-de-Proyectos-Adjudicados/master/BDH_HISTORICA.csv,2026-09-25T05:05:34+00:00,requests
anid,Universidad Catolica del Norte,2018,,proyectos_anid_adjudicados,36,proyectos,Iniciativas adjudicadas en el año de fallo,https://raw.githubusercontent.com/ANID-GITHUB/Historico-de-Proyectos-Adjudicados/master/BDH_HISTORICA.csv,2026-09-25T05:05:34+00:00,requests
anid,Universidad Catolica del Norte,2018,,montos_anid_con_industria,199995000,CLP,Parte adjudicada en instrumentos que suponen participación de empresas o transferencia,https://raw.githubusercontent.com/ANID-GITHUB/Historico-de-Proyectos-Adjudicados/master/BDH_HISTORICA.csv,2026-09-25T05:05:34+00:00,requests
anid,Universidad Catolica del Norte,2019,,montos_anid_adjudicados,3154861000,CLP,"Suma adjudicada por ANID en el año de fallo, en pesos nominales (la base publica miles de pesos; aquí se convierte)",https://raw.githubusercontent.com/ANID-GITHUB/Historico-de-Proyectos-Adjudicados/master/BDH_HISTORICA.csv,2026-09-25T05:05:34+00:00,requests
anid,Universidad Catolica del Norte,2019,,proyectos_anid_adjudicados,38,proyectos,Iniciativas adjudicadas en el año de fallo,https://raw.githubusercontent.com/ANID-GITHUB/Historico-de-Proyectos-Adjudicados/master/BDH_HISTORICA.csv,2026-09-25T05:05:34+00:00,requests
anid,Universidad Catolica del Norte,2019,,montos_anid_con_industria,753698000,CLP,Parte adjudicada en instrumentos que suponen participación de empresas o transferencia,https://raw.githubusercontent.com/ANID-GITHUB/Historico-de-Proyectos-Adjudicados/master/BDH_HISTORICA.csv,2026-09-25T05:05:34+00:00,requests
anid,Universidad Catolica del Norte,2020,,montos_anid_adjudicados,2337387000,CLP,"Suma adjudicada por ANID en el año de fallo, en pesos nominales (la base publica miles de pesos; aquí se convierte)",https://raw.githubusercontent.com/ANID-GITHUB/Historico-de-Proyectos-Adjudicados/master/BDH_HISTORICA.csv,2026-09-25T05:05:34+00:00,requests
anid,Universidad Catolica del Norte,2020,,proyectos_anid_adjudicados,25,proyectos,Iniciativas adjudicadas en el año de fallo,https://raw.githubusercontent.com/ANID-GITHUB/Historico-de-Proyectos-Adjudicados/master/BDH_HISTORICA.csv,2026-09-25T05:05:34+00:00,requests
anid,Universidad Catolica del Norte,2020,,montos_anid_con_industria,221988000,CLP,Parte adjudicada en instrumentos que suponen participación de empresas o transferencia,https://raw.githubusercontent.com/ANID-GITHUB/Historico-de-Proyectos-Adjudicados/master/BDH_HISTORICA.csv,2026-09-25T05:05:34+00:00,requests
anid,Universidad Catolica del Norte,2021,,montos_anid_adjudicados,4246187500,CLP,"Suma adjudicada por ANID en el año de fallo, en pesos nominales (la base publica miles de pesos; aquí se convierte)",https://raw.githubusercontent.com/ANID-GITHUB/Historico-de-Proyectos-Adjudicados/master/BDH_HISTORICA.csv,2026-09-25T05:05:34+00:00,requests
anid,Universidad Catolica del Norte,2021,,proyectos_anid_adjudicados,34,proyectos,Iniciativas adjudicadas en el año de fallo,https://raw.githubusercontent.com/ANID-GITHUB/Historico-de-Proyectos-Adjudicados/master/BDH_HISTORICA.csv,2026-09-25T05:05:34+00:00,requests
anid,Universidad Catolica del Norte,2021,,montos_anid_con_industria,1365147000,CLP,Parte adjudicada en instrumentos que suponen participación de empresas o transferencia,https://raw.githubusercontent.com/ANID-GITHUB/Historico-de-Proyectos-Adjudicados/master/BDH_HISTORICA.csv,2026-09-25T05:05:34+00:00,requests
anid,Universidad Catolica del Norte,2022,,montos_anid_adjudicados,4322653000,CLP,"Suma adjudicada por ANID en el año de fallo, en pesos nominales (la base publica miles de pesos; aquí se convierte)",https://raw.githubusercontent.com/ANID-GITHUB/Historico-de-Proyectos-Adjudicados/master/BDH_HISTORICA.csv,2026-09-25T05:05:34+00:00,requests
anid,Universidad Catolica del Norte,2022,,proyectos_anid_adjudicados,34,proyectos,Iniciativas adjudicadas en el año de fallo,https://raw.githubusercontent.com/ANID-GITHUB/Historico-de-Proyectos-Adjudicados/master/BDH_HISTORICA.csv,2026-09-25T05:05:34+00:00,requests
anid,Universidad Catolica del Norte,2022,,montos_anid_con_industria,798680000,CLP,Parte adjudicada en instrumentos que suponen participación de empresas o transferencia,https://raw.githubusercontent.com/ANID-GITHUB/Historico-de-Proyectos-Adjudicados/master/BDH_HISTORICA.csv,2026-09-25T05:05:34+00:00,requests
anid,Universidad Catolica del Norte,2023,,montos_anid_adjudicados,9188508000,CLP,"Suma adjudicada por ANID en el año de fallo, en pesos nominales (la base publica miles de pesos; aquí se convierte)",https://raw.githubusercontent.com/ANID-GITHUB/Historico-de-Proyectos-Adjudicados/master/BDH_HISTORICA.csv,2026-09-25T05:05:34+00:00,requests
anid,Universidad Catolica del Norte,2023,,proyectos_anid_adjudicados,57,proyectos,Iniciativas adjudicadas en el año de fallo,https://raw.githubusercontent.com/ANID-GITHUB/Historico-de-Proyectos-Adjudicados/master/BDH_HISTORICA.csv,2026-09-25T05:05:34+00:00,requests
anid,Universidad Catolica del Norte,2023,,montos_anid_con_industria,1667830000,CLP,Parte adjudicada en instrumentos que suponen participación de empresas o transferencia,https://raw.githubusercontent.com/ANID-GITHUB/Historico-de-Proyectos-Adjudicados/master/BDH_HISTORICA.csv,2026-09-25T05:05:34+00:00,requests
anid,Universidad Catolica del Norte,2024,,montos_anid_adjudicados,12842615964,CLP,"Suma adjudicada por ANID en el año de fallo, en pesos nominales (la base publica miles de pesos; aquí se convierte)",https://raw.githubusercontent.com/ANID-GITHUB/Historico-de-Proyectos-Adjudicados/master/BDH_HISTORICA.csv,2026-09-25T05:05:34+00:00,requests
anid,Universidad Catolica del Norte,2024,,proyectos_anid_adjudicados,53,proyectos,Iniciativas adjudicadas en el año de fallo,https://raw.githubusercontent.com/ANID-GITHUB/Historico-de-Proyectos-Adjudicados/master/BDH_HISTORICA.csv,2026-09-25T05:05:34+00:00,requests
anid,Universidad Catolica del Norte,2024,,montos_anid_con_industria,1186675180,CLP,Parte adjudicada en instrumentos que suponen participación de empresas o transferencia,https://raw.githubusercontent.com/ANID-GITHUB/Historico-de-Proyectos-Adjudicados/master/BDH_HISTORICA.csv,2026-09-25T05:05:34+00:00,requests
anid,Universidad Catolica del Norte,2025,,montos_anid_adjudicados,8109383000,CLP,"Suma adjudicada por ANID en el año de fallo, en pesos nominales (la base publica miles de pesos; aquí se convierte)",https://raw.githubusercontent.com/ANID-GITHUB/Historico-de-Proyectos-Adjudicados/master/BDH_HISTORICA.csv,2026-09-25T05:05:34+00:00,requests
anid,Universidad Catolica del Norte,2025,,proyectos_anid_adjudicados,52,proyectos,Iniciativas adjudicadas en el año de fallo,https://raw.githubusercontent.com/ANID-GITHUB/Historico-de-Proyectos-Adjudicados/master/BDH_HISTORICA.csv,2026-09-25T05:05:34+00:00,requests
anid,Universidad Catolica del Norte,2025,,montos_anid_con_industria,2038469000,CLP,Parte adjudicada en instrumentos que suponen participación de empresas o transferencia,https://raw.githubusercontent.com/ANID-GITHUB/Historico-de-Proyectos-Adjudicados/master/BDH_HISTORICA.csv,2026-09-25T05:05:34+00:00,requests
anid,Universidad Catolica del Norte,2026,,montos_anid_adjudicados,1989944000,CLP,"Suma adjudicada por ANID en el año de fallo, en pesos nominales (la base publica miles de pesos; aquí se convierte)",https://raw.githubusercontent.com/ANID-GITHUB/Historico-de-Proyectos-Adjudicados/master/BDH_HISTORICA.csv,2026-09-25T05:05:34+00:00,requests
anid,Universidad Catolica del Norte,2026,,proyectos_anid_adjudicados,15,proyectos,Iniciativas adjudicadas en el año de fallo,https://raw.githubusercontent.com/ANID-GITHUB/Historico-de-Proyectos-Adjudicados/master/BDH_HISTORICA.csv,2026-09-25T05:05:34+00:00,requests
anid,Universidad Catolica del Norte,2026,,montos_anid_con_industria,227700000,CLP,Parte adjudicada en instrumentos que suponen participación de empresas o transferencia,https://raw.githubusercontent.com/ANID-GITHUB/Historico-de-Proyectos-Adjudicados/master/BDH_HISTORICA.csv,2026-09-25T05:05:34+00:00,requests
anid,Universidad Central de Chile,2015,,montos_anid_adjudicados,210536000,CLP,"Suma adjudicada por ANID en el año de fallo, en pesos nominales (la base publica miles de pesos; aquí se convierte)",https://raw.githubusercontent.com/ANID-GITHUB/Historico-de-Proyectos-Adjudicados/master/BDH_HISTORICA.csv,2026-09-25T05:05:34+00:00,requests
anid,Universidad Central de Chile,2015,,proyectos_anid_adjudicados,3,proyectos,Iniciativas adjudicadas en el año de fallo,https://raw.githubusercontent.com/ANID-GITHUB/Historico-de-Proyectos-Adjudicados/master/BDH_HISTORICA.csv,2026-09-25T05:05:34+00:00,requests
anid,Universidad Central de Chile,2016,,montos_anid_adjudicados,597256000,CLP,"Suma adjudicada por ANID en el año de fallo, en pesos nominales (la base publica miles de pesos; aquí se convierte)",https://raw.githubusercontent.com/ANID-GITHUB/Historico-de-Proyectos-Adjudicados/master/BDH_HISTORICA.csv,2026-09-25T05:05:34+00:00,requests
anid,Universidad Central de Chile,2016,,proyectos_anid_adjudicados,8,proyectos,Iniciativas adjudicadas en el año de fallo,https://raw.githubusercontent.com/ANID-GITHUB/Historico-de-Proyectos-Adjudicados/master/BDH_HISTORICA.csv,2026-09-25T05:05:34+00:00,requests
anid,Universidad Central de Chile,2017,,montos_anid_adjudicados,557409000,CLP,"Suma adjudicada por ANID en el año de fallo, en pesos nominales (la base publica miles de pesos; aquí se convierte)",https://raw.githubusercontent.com/ANID-GITHUB/Historico-de-Proyectos-Adjudicados/master/BDH_HISTORICA.csv,2026-09-25T05:05:34+00:00,requests
anid,Universidad Central de Chile,2017,,proyectos_anid_adjudicados,6,proyectos,Iniciativas adjudicadas en el año de fallo,https://raw.githubusercontent.com/ANID-GITHUB/Historico-de-Proyectos-Adjudicados/master/BDH_HISTORICA.csv,2026-09-25T05:05:34+00:00,requests
anid,Universidad Central de Chile,2018,,montos_anid_adjudicados,569572000,CLP,"Suma adjudicada por ANID en el año de fallo, en pesos nominales (la base publica miles de pesos; aquí se convierte)",https://raw.githubusercontent.com/ANID-GITHUB/Historico-de-Proyectos-Adjudicados/master/BDH_HISTORICA.csv,2026-09-25T05:05:34+00:00,requests
anid,Universidad Central de Chile,2018,,proyectos_anid_adjudicados,6,proyectos,Iniciativas adjudicadas en el año de fallo,https://raw.githubusercontent.com/ANID-GITHUB/Historico-de-Proyectos-Adjudicados/master/BDH_HISTORICA.csv,2026-09-25T05:05:34+00:00,requests
anid,Universidad Central de Chile,2019,,montos_anid_adjudicados,421308000,CLP,"Suma adjudicada por ANID en el año de fallo, en pesos nominales (la base publica miles de pesos; aquí se convierte)",https://raw.githubusercontent.com/ANID-GITHUB/Historico-de-Proyectos-Adjudicados/master/BDH_HISTORICA.csv,2026-09-25T05:05:34+00:00,requests
anid,Universidad Central de Chile,2019,,proyectos_anid_adjudicados,4,proyectos,Iniciativas adjudicadas en el año de fallo,https://raw.githubusercontent.com/ANID-GITHUB/Historico-de-Proyectos-Adjudicados/master/BDH_HISTORICA.csv,2026-09-25T05:05:34+00:00,requests
anid,Universidad Central de Chile,2020,,montos_anid_adjudicados,990652000,CLP,"Suma adjudicada por ANID en el año de fallo, en pesos nominales (la base publica miles de pesos; aquí se convierte)",https://raw.githubusercontent.com/ANID-GITHUB/Historico-de-Proyectos-Adjudicados/master/BDH_HISTORICA.csv,2026-09-25T05:05:34+00:00,requests
anid,Universidad Central de Chile,2020,,proyectos_anid_adjudicados,7,proyectos,Iniciativas adjudicadas en el año de fallo,https://raw.githubusercontent.com/ANID-GITHUB/Historico-de-Proyectos-Adjudicados/master/BDH_HISTORICA.csv,2026-09-25T05:05:34+00:00,requests
anid,Universidad Central de Chile,2021,,montos_anid_adjudicados,1720496000,CLP,"Suma adjudicada por ANID en el año de fallo, en pesos nominales (la base publica miles de pesos; aquí se convierte)",https://raw.githubusercontent.com/ANID-GITHUB/Historico-de-Proyectos-Adjudicados/master/BDH_HISTORICA.csv,2026-09-25T05:05:34+00:00,requests
anid,Universidad Central de Chile,2021,,proyectos_anid_adjudicados,9,proyectos,Iniciativas adjudicadas en el año de fallo,https://raw.githubusercontent.com/ANID-GITHUB/Historico-de-Proyectos-Adjudicados/master/BDH_HISTORICA.csv,2026-09-25T05:05:34+00:00,requests
anid,Universidad Central de Chile,2022,,montos_anid_adjudicados,864739000,CLP,"Suma adjudicada por ANID en el año de fallo, en pesos nominales (la base publica miles de pesos; aquí se convierte)",https://raw.githubusercontent.com/ANID-GITHUB/Historico-de-Proyectos-Adjudicados/master/BDH_HISTORICA.csv,2026-09-25T05:05:34+00:00,requests
anid,Universidad Central de Chile,2022,,proyectos_anid_adjudicados,8,proyectos,Iniciativas adjudicadas en el año de fallo,https://raw.githubusercontent.com/ANID-GITHUB/Historico-de-Proyectos-Adjudicados/master/BDH_HISTORICA.csv,2026-09-25T05:05:34+00:00,requests
anid,Universidad Central de Chile,2023,,montos_anid_adjudicados,1495402000,CLP,"Suma adjudicada por ANID en el año de fallo, en pesos nominales (la base publica miles de pesos; aquí se convierte)",https://raw.githubusercontent.com/ANID-GITHUB/Historico-de-Proyectos-Adjudicados/master/BDH_HISTORICA.csv,2026-09-25T05:05:34+00:00,requests
anid,Universidad Central de Chile,2023,,proyectos_anid_adjudicados,8,proyectos,Iniciativas adjudicadas en el año de fallo,https://raw.githubusercontent.com/ANID-GITHUB/Historico-de-Proyectos-Adjudicados/master/BDH_HISTORICA.csv,2026-09-25T05:05:34+00:00,requests
anid,Universidad Central de Chile,2024,,montos_anid_adjudicados,1491561000,CLP,"Suma adjudicada por ANID en el año de fallo, en pesos nominales (la base publica miles de pesos; aquí se convierte)",https://raw.githubusercontent.com/ANID-GITHUB/Historico-de-Proyectos-Adjudicados/master/BDH_HISTORICA.csv,2026-09-25T05:05:34+00:00,requests
anid,Universidad Central de Chile,2024,,proyectos_anid_adjudicados,14,proyectos,Iniciativas adjudicadas en el año de fallo,https://raw.githubusercontent.com/ANID-GITHUB/Historico-de-Proyectos-Adjudicados/master/BDH_HISTORICA.csv,2026-09-25T05:05:34+00:00,requests
anid,Universidad Central de Chile,2025,,montos_anid_adjudicados,1607639000,CLP,"Suma adjudicada por ANID en el año de fallo, en pesos nominales (la base publica miles de pesos; aquí se convierte)",https://raw.githubusercontent.com/ANID-GITHUB/Historico-de-Proyectos-Adjudicados/master/BDH_HISTORICA.csv,2026-09-25T05:05:34+00:00,requests
anid,Universidad Central de Chile,2025,,proyectos_anid_adjudicados,10,proyectos,Iniciativas adjudicadas en el año de fallo,https://raw.githubusercontent.com/ANID-GITHUB/Historico-de-Proyectos-Adjudicados/master/BDH_HISTORICA.csv,2026-09-25T05:05:34+00:00,requests
anid,Universidad Central de Chile,2025,,montos_anid_con_industria,236392000,CLP,Parte adjudicada en instrumentos que suponen participación de empresas o transferencia,https://raw.githubusercontent.com/ANID-GITHUB/Historico-de-Proyectos-Adjudicados/master/BDH_HISTORICA.csv,2026-09-25T05:05:34+00:00,requests
anid,Universidad Central de Chile,2026,,montos_anid_adjudicados,1029400000,CLP,"Suma adjudicada por ANID en el año de fallo, en pesos nominales (la base publica miles de pesos; aquí se convierte)",https://raw.githubusercontent.com/ANID-GITHUB/Historico-de-Proyectos-Adjudicados/master/BDH_HISTORICA.csv,2026-09-25T05:05:34+00:00,requests
anid,Universidad Central de Chile,2026,,proyectos_anid_adjudicados,10,proyectos,Iniciativas adjudicadas en el año de fallo,https://raw.githubusercontent.com/ANID-GITHUB/Historico-de-Proyectos-Adjudicados/master/BDH_HISTORICA.csv,2026-09-25T05:05:34+00:00,requests
anid,Universidad Diego Portales,2015,,montos_anid_adjudicados,1880825000,CLP,"Suma adjudicada por ANID en el año de fallo, en pesos nominales (la base publica miles de pesos; aquí se convierte)",https://raw.githubusercontent.com/ANID-GITHUB/Historico-de-Proyectos-Adjudicados/master/BDH_HISTORICA.csv,2026-09-25T05:05:34+00:00,requests
anid,Universidad Diego Portales,2015,,proyectos_anid_adjudicados,44,proyectos,Iniciativas adjudicadas en el año de fallo,https://raw.githubusercontent.com/ANID-GITHUB/Historico-de-Proyectos-Adjudicados/master/BDH_HISTORICA.csv,2026-09-25T05:05:34+00:00,requests
anid,Universidad Diego Portales,2015,,montos_anid_con_industria,6000000,CLP,Parte adjudicada en instrumentos que suponen participación de empresas o transferencia,https://raw.githubusercontent.com/ANID-GITHUB/Historico-de-Proyectos-Adjudicados/master/BDH_HISTORICA.csv,2026-09-25T05:05:34+00:00,requests
anid,Universidad Diego Portales,2016,,montos_anid_adjudicados,1400453000,CLP,"Suma adjudicada por ANID en el año de fallo, en pesos nominales (la base publica miles de pesos; aquí se convierte)",https://raw.githubusercontent.com/ANID-GITHUB/Historico-de-Proyectos-Adjudicados/master/BDH_HISTORICA.csv,2026-09-25T05:05:34+00:00,requests
anid,Universidad Diego Portales,2016,,proyectos_anid_adjudicados,30,proyectos,Iniciativas adjudicadas en el año de fallo,https://raw.githubusercontent.com/ANID-GITHUB/Historico-de-Proyectos-Adjudicados/master/BDH_HISTORICA.csv,2026-09-25T05:05:34+00:00,requests
anid,Universidad Diego Portales,2016,,montos_anid_con_industria,52000000,CLP,Parte adjudicada en instrumentos que suponen participación de empresas o transferencia,https://raw.githubusercontent.com/ANID-GITHUB/Historico-de-Proyectos-Adjudicados/master/BDH_HISTORICA.csv,2026-09-25T05:05:34+00:00,requests
anid,Universidad Diego Portales,2017,,montos_anid_adjudicados,3248244000,CLP,"Suma adjudicada por ANID en el año de fallo, en pesos nominales (la base publica miles de pesos; aquí se convierte)",https://raw.githubusercontent.com/ANID-GITHUB/Historico-de-Proyectos-Adjudicados/master/BDH_HISTORICA.csv,2026-09-25T05:05:34+00:00,requests
anid,Universidad Diego Portales,2017,,proyectos_anid_adjudicados,44,proyectos,Iniciativas adjudicadas en el año de fallo,https://raw.githubusercontent.com/ANID-GITHUB/Historico-de-Proyectos-Adjudicados/master/BDH_HISTORICA.csv,2026-09-25T05:05:34+00:00,requests
anid,Universidad Diego Portales,2017,,montos_anid_con_industria,4000000,CLP,Parte adjudicada en instrumentos que suponen participación de empresas o transferencia,https://raw.githubusercontent.com/ANID-GITHUB/Historico-de-Proyectos-Adjudicados/master/BDH_HISTORICA.csv,2026-09-25T05:05:34+00:00,requests
anid,Universidad Diego Portales,2018,,montos_anid_adjudicados,2994798000,CLP,"Suma adjudicada por ANID en el año de fallo, en pesos nominales (la base publica miles de pesos; aquí se convierte)",https://raw.githubusercontent.com/ANID-GITHUB/Historico-de-Proyectos-Adjudicados/master/BDH_HISTORICA.csv,2026-09-25T05:05:34+00:00,requests
anid,Universidad Diego Portales,2018,,proyectos_anid_adjudicados,38,proyectos,Iniciativas adjudicadas en el año de fallo,https://raw.githubusercontent.com/ANID-GITHUB/Historico-de-Proyectos-Adjudicados/master/BDH_HISTORICA.csv,2026-09-25T05:05:34+00:00,requests
anid,Universidad Diego Portales,2018,,montos_anid_con_industria,26000000,CLP,Parte adjudicada en instrumentos que suponen participación de empresas o transferencia,https://raw.githubusercontent.com/ANID-GITHUB/Historico-de-Proyectos-Adjudicados/master/BDH_HISTORICA.csv,2026-09-25T05:05:34+00:00,requests
anid,Universidad Diego Portales,2019,,montos_anid_adjudicados,3330991000,CLP,"Suma adjudicada por ANID en el año de fallo, en pesos nominales (la base publica miles de pesos; aquí se convierte)",https://raw.githubusercontent.com/ANID-GITHUB/Historico-de-Proyectos-Adjudicados/master/BDH_HISTORICA.csv,2026-09-25T05:05:34+00:00,requests
anid,Universidad Diego Portales,2019,,proyectos_anid_adjudicados,42,proyectos,Iniciativas adjudicadas en el año de fallo,https://raw.githubusercontent.com/ANID-GITHUB/Historico-de-Proyectos-Adjudicados/master/BDH_HISTORICA.csv,2026-09-25T05:05:34+00:00,requests
anid,Universidad Diego Portales,2019,,montos_anid_con_industria,200466000,CLP,Parte adjudicada en instrumentos que suponen participación de empresas o transferencia,https://raw.githubusercontent.com/ANID-GITHUB/Historico-de-Proyectos-Adjudicados/master/BDH_HISTORICA.csv,2026-09-25T05:05:34+00:00,requests
anid,Universidad Diego Portales,2020,,montos_anid_adjudicados,1864606000,CLP,"Suma adjudicada por ANID en el año de fallo, en pesos nominales (la base publica miles de pesos; aquí se convierte)",https://raw.githubusercontent.com/ANID-GITHUB/Historico-de-Proyectos-Adjudicados/master/BDH_HISTORICA.csv,2026-09-25T05:05:34+00:00,requests
anid,Universidad Diego Portales,2020,,proyectos_anid_adjudicados,24,proyectos,Iniciativas adjudicadas en el año de fallo,https://raw.githubusercontent.com/ANID-GITHUB/Historico-de-Proyectos-Adjudicados/master/BDH_HISTORICA.csv,2026-09-25T05:05:34+00:00,requests
anid,Universidad Diego Portales,2021,,montos_anid_adjudicados,1802736000,CLP,"Suma adjudicada por ANID en el año de fallo, en pesos nominales (la base publica miles de pesos; aquí se convierte)",https://raw.githubusercontent.com/ANID-GITHUB/Historico-de-Proyectos-Adjudicados/master/BDH_HISTORICA.csv,2026-09-25T05:05:34+00:00,requests
anid,Universidad Diego Portales,2021,,proyectos_anid_adjudicados,22,proyectos,Iniciativas adjudicadas en el año de fallo,https://raw.githubusercontent.com/ANID-GITHUB/Historico-de-Proyectos-Adjudicados/master/BDH_HISTORICA.csv,2026-09-25T05:05:34+00:00,requests
anid,Universidad Diego Portales,2021,,montos_anid_con_industria,60000000,CLP,Parte adjudicada en instrumentos que suponen participación de empresas o transferencia,https://raw.githubusercontent.com/ANID-GITHUB/Historico-de-Proyectos-Adjudicados/master/BDH_HISTORICA.csv,2026-09-25T05:05:34+00:00,requests
anid,Universidad Diego Portales,2022,,montos_anid_adjudicados,3386846000,CLP,"Suma adjudicada por ANID en el año de fallo, en pesos nominales (la base publica miles de pesos; aquí se convierte)",https://raw.githubusercontent.com/ANID-GITHUB/Historico-de-Proyectos-Adjudicados/master/BDH_HISTORICA.csv,2026-09-25T05:05:34+00:00,requests
anid,Universidad Diego Portales,2022,,proyectos_anid_adjudicados,36,proyectos,Iniciativas adjudicadas en el año de fallo,https://raw.githubusercontent.com/ANID-GITHUB/Historico-de-Proyectos-Adjudicados/master/BDH_HISTORICA.csv,2026-09-25T05:05:34+00:00,requests
anid,Universidad Diego Portales,2022,,montos_anid_con_industria,230000000,CLP,Parte adjudicada en instrumentos que suponen participación de empresas o transferencia,https://raw.githubusercontent.com/ANID-GITHUB/Historico-de-Proyectos-Adjudicados/master/BDH_HISTORICA.csv,2026-09-25T05:05:34+00:00,requests
anid,Universidad Diego Portales,2023,,montos_anid_adjudicados,5850486000,CLP,"Suma adjudicada por ANID en el año de fallo, en pesos nominales (la base publica miles de pesos; aquí se convierte)",https://raw.githubusercontent.com/ANID-GITHUB/Historico-de-Proyectos-Adjudicados/master/BDH_HISTORICA.csv,2026-09-25T05:05:34+00:00,requests
anid,Universidad Diego Portales,2023,,proyectos_anid_adjudicados,51,proyectos,Iniciativas adjudicadas en el año de fallo,https://raw.githubusercontent.com/ANID-GITHUB/Historico-de-Proyectos-Adjudicados/master/BDH_HISTORICA.csv,2026-09-25T05:05:34+00:00,requests
anid,Universidad Diego Portales,2023,,montos_anid_con_industria,199479000,CLP,Parte adjudicada en instrumentos que suponen participación de empresas o transferencia,https://raw.githubusercontent.com/ANID-GITHUB/Historico-de-Proyectos-Adjudicados/master/BDH_HISTORICA.csv,2026-09-25T05:05:34+00:00,requests
anid,Universidad Diego Portales,2024,,montos_anid_adjudicados,4043906815,CLP,"Suma adjudicada por ANID en el año de fallo, en pesos nominales (la base publica miles de pesos; aquí se convierte)",https://raw.githubusercontent.com/ANID-GITHUB/Historico-de-Proyectos-Adjudicados/master/BDH_HISTORICA.csv,2026-09-25T05:05:34+00:00,requests
anid,Universidad Diego Portales,2024,,proyectos_anid_adjudicados,45,proyectos,Iniciativas adjudicadas en el año de fallo,https://raw.githubusercontent.com/ANID-GITHUB/Historico-de-Proyectos-Adjudicados/master/BDH_HISTORICA.csv,2026-09-25T05:05:34+00:00,requests
anid,Universidad Diego Portales,2024,,montos_anid_con_industria,562991815,CLP,Parte adjudicada en instrumentos que suponen participación de empresas o transferencia,https://raw.githubusercontent.com/ANID-GITHUB/Historico-de-Proyectos-Adjudicados/master/BDH_HISTORICA.csv,2026-09-25T05:05:34+00:00,requests
anid,Universidad Diego Portales,2025,,montos_anid_adjudicados,21466416000,CLP,"Suma adjudicada por ANID en el año de fallo, en pesos nominales (la base publica miles de pesos; aquí se convierte)",https://raw.githubusercontent.com/ANID-GITHUB/Historico-de-Proyectos-Adjudicados/master/BDH_HISTORICA.csv,2026-09-25T05:05:34+00:00,requests
anid,Universidad Diego Portales,2025,,proyectos_anid_adjudicados,39,proyectos,Iniciativas adjudicadas en el año de fallo,https://raw.githubusercontent.com/ANID-GITHUB/Historico-de-Proyectos-Adjudicados/master/BDH_HISTORICA.csv,2026-09-25T05:05:34+00:00,requests
anid,Universidad Diego Portales,2025,,montos_anid_con_industria,237261000,CLP,Parte adjudicada en instrumentos que suponen participación de empresas o transferencia,https://raw.githubusercontent.com/ANID-GITHUB/Historico-de-Proyectos-Adjudicados/master/BDH_HISTORICA.csv,2026-09-25T05:05:34+00:00,requests
anid,Universidad Diego Portales,2026,,montos_anid_adjudicados,3995855000,CLP,"Suma adjudicada por ANID en el año de fallo, en pesos nominales (la base publica miles de pesos; aquí se convierte)",https://raw.githubusercontent.com/ANID-GITHUB/Historico-de-Proyectos-Adjudicados/master/BDH_HISTORICA.csv,2026-09-25T05:05:34+00:00,requests
anid,Universidad Diego Portales,2026,,proyectos_anid_adjudicados,34,proyectos,Iniciativas adjudicadas en el año de fallo,https://raw.githubusercontent.com/ANID-GITHUB/Historico-de-Proyectos-Adjudicados/master/BDH_HISTORICA.csv,2026-09-25T05:05:34+00:00,requests
anid,Universidad Finis Terrae,2015,,montos_anid_adjudicados,383405000,CLP,"Suma adjudicada por ANID en el año de fallo, en pesos nominales (la base publica miles de pesos; aquí se convierte)",https://raw.githubusercontent.com/ANID-GITHUB/Historico-de-Proyectos-Adjudicados/master/BDH_HISTORICA.csv,2026-09-25T05:05:34+00:00,requests
anid,Universidad Finis Terrae,2015,,proyectos_anid_adjudicados,6,proyectos,Iniciativas adjudicadas en el año de fallo,https://raw.githubusercontent.com/ANID-GITHUB/Historico-de-Proyectos-Adjudicados/master/BDH_HISTORICA.csv,2026-09-25T05:05:34+00:00,requests
anid,Universidad Finis Terrae,2016,,montos_anid_adjudicados,105460000,CLP,"Suma adjudicada por ANID en el año de fallo, en pesos nominales (la base publica miles de pesos; aquí se convierte)",https://raw.githubusercontent.com/ANID-GITHUB/Historico-de-Proyectos-Adjudicados/master/BDH_HISTORICA.csv,2026-09-25T05:05:34+00:00,requests
anid,Universidad Finis Terrae,2016,,proyectos_anid_adjudicados,2,proyectos,Iniciativas adjudicadas en el año de fallo,https://raw.githubusercontent.com/ANID-GITHUB/Historico-de-Proyectos-Adjudicados/master/BDH_HISTORICA.csv,2026-09-25T05:05:34+00:00,requests
anid,Universidad Finis Terrae,2017,,montos_anid_adjudicados,186414000,CLP,"Suma adjudicada por ANID en el año de fallo, en pesos nominales (la base publica miles de pesos; aquí se convierte)",https://raw.githubusercontent.com/ANID-GITHUB/Historico-de-Proyectos-Adjudicados/master/BDH_HISTORICA.csv,2026-09-25T05:05:34+00:00,requests
anid,Universidad Finis Terrae,2017,,proyectos_anid_adjudicados,3,proyectos,Iniciativas adjudicadas en el año de fallo,https://raw.githubusercontent.com/ANID-GITHUB/Historico-de-Proyectos-Adjudicados/master/BDH_HISTORICA.csv,2026-09-25T05:05:34+00:00,requests
anid,Universidad Finis Terrae,2018,,montos_anid_adjudicados,53928000,CLP,"Suma adjudicada por ANID en el año de fallo, en pesos nominales (la base publica miles de pesos; aquí se convierte)",https://raw.githubusercontent.com/ANID-GITHUB/Historico-de-Proyectos-Adjudicados/master/BDH_HISTORICA.csv,2026-09-25T05:05:34+00:00,requests
anid,Universidad Finis Terrae,2018,,proyectos_anid_adjudicados,1,proyectos,Iniciativas adjudicadas en el año de fallo,https://raw.githubusercontent.com/ANID-GITHUB/Historico-de-Proyectos-Adjudicados/master/BDH_HISTORICA.csv,2026-09-25T05:05:34+00:00,requests
anid,Universidad Finis Terrae,2019,,montos_anid_adjudicados,315604000,CLP,"Suma adjudicada por ANID en el año de fallo, en pesos nominales (la base publica miles de pesos; aquí se convierte)",https://raw.githubusercontent.com/ANID-GITHUB/Historico-de-Proyectos-Adjudicados/master/BDH_HISTORICA.csv,2026-09-25T05:05:34+00:00,requests
anid,Universidad Finis Terrae,2019,,proyectos_anid_adjudicados,3,proyectos,Iniciativas adjudicadas en el año de fallo,https://raw.githubusercontent.com/ANID-GITHUB/Historico-de-Proyectos-Adjudicados/master/BDH_HISTORICA.csv,2026-09-25T05:05:34+00:00,requests
anid,Universidad Finis Terrae,2020,,montos_anid_adjudicados,371491000,CLP,"Suma adjudicada por ANID en el año de fallo, en pesos nominales (la base publica miles de pesos; aquí se convierte)",https://raw.githubusercontent.com/ANID-GITHUB/Historico-de-Proyectos-Adjudicados/master/BDH_HISTORICA.csv,2026-09-25T05:05:34+00:00,requests
anid,Universidad Finis Terrae,2020,,proyectos_anid_adjudicados,4,proyectos,Iniciativas adjudicadas en el año de fallo,https://raw.githubusercontent.com/ANID-GITHUB/Historico-de-Proyectos-Adjudicados/master/BDH_HISTORICA.csv,2026-09-25T05:05:34+00:00,requests
anid,Universidad Finis Terrae,2021,,montos_anid_adjudicados,273403000,CLP,"Suma adjudicada por ANID en el año de fallo, en pesos nominales (la base publica miles de pesos; aquí se convierte)",https://raw.githubusercontent.com/ANID-GITHUB/Historico-de-Proyectos-Adjudicados/master/BDH_HISTORICA.csv,2026-09-25T05:05:34+00:00,requests
anid,Universidad Finis Terrae,2021,,proyectos_anid_adjudicados,2,proyectos,Iniciativas adjudicadas en el año de fallo,https://raw.githubusercontent.com/ANID-GITHUB/Historico-de-Proyectos-Adjudicados/master/BDH_HISTORICA.csv,2026-09-25T05:05:34+00:00,requests
anid,Universidad Finis Terrae,2022,,montos_anid_adjudicados,473528000,CLP,"Suma adjudicada por ANID en el año de fallo, en pesos nominales (la base publica miles de pesos; aquí se convierte)",https://raw.githubusercontent.com/ANID-GITHUB/Historico-de-Proyectos-Adjudicados/master/BDH_HISTORICA.csv,2026-09-25T05:05:34+00:00,requests
anid,Universidad Finis Terrae,2022,,proyectos_anid_adjudicados,6,proyectos,Iniciativas adjudicadas en el año de fallo,https://raw.githubusercontent.com/ANID-GITHUB/Historico-de-Proyectos-Adjudicados/master/BDH_HISTORICA.csv,2026-09-25T05:05:34+00:00,requests
anid,Universidad Finis Terrae,2023,,montos_anid_adjudicados,1137668000,CLP,"Suma adjudicada por ANID en el año de fallo, en pesos nominales (la base publica miles de pesos; aquí se convierte)",https://raw.githubusercontent.com/ANID-GITHUB/Historico-de-Proyectos-Adjudicados/master/BDH_HISTORICA.csv,2026-09-25T05:05:34+00:00,requests
anid,Universidad Finis Terrae,2023,,proyectos_anid_adjudicados,11,proyectos,Iniciativas adjudicadas en el año de fallo,https://raw.githubusercontent.com/ANID-GITHUB/Historico-de-Proyectos-Adjudicados/master/BDH_HISTORICA.csv,2026-09-25T05:05:34+00:00,requests
anid,Universidad Finis Terrae,2024,,montos_anid_adjudicados,730025000,CLP,"Suma adjudicada por ANID en el año de fallo, en pesos nominales (la base publica miles de pesos; aquí se convierte)",https://raw.githubusercontent.com/ANID-GITHUB/Historico-de-Proyectos-Adjudicados/master/BDH_HISTORICA.csv,2026-09-25T05:05:34+00:00,requests
anid,Universidad Finis Terrae,2024,,proyectos_anid_adjudicados,9,proyectos,Iniciativas adjudicadas en el año de fallo,https://raw.githubusercontent.com/ANID-GITHUB/Historico-de-Proyectos-Adjudicados/master/BDH_HISTORICA.csv,2026-09-25T05:05:34+00:00,requests
anid,Universidad Finis Terrae,2025,,montos_anid_adjudicados,1838328000,CLP,"Suma adjudicada por ANID en el año de fallo, en pesos nominales (la base publica miles de pesos; aquí se convierte)",https://raw.githubusercontent.com/ANID-GITHUB/Historico-de-Proyectos-Adjudicados/master/BDH_HISTORICA.csv,2026-09-25T05:05:34+00:00,requests
anid,Universidad Finis Terrae,2025,,proyectos_anid_adjudicados,9,proyectos,Iniciativas adjudicadas en el año de fallo,https://raw.githubusercontent.com/ANID-GITHUB/Historico-de-Proyectos-Adjudicados/master/BDH_HISTORICA.csv,2026-09-25T05:05:34+00:00,requests
anid,Universidad Finis Terrae,2026,,montos_anid_adjudicados,1447578000,CLP,"Suma adjudicada por ANID en el año de fallo, en pesos nominales (la base publica miles de pesos; aquí se convierte)",https://raw.githubusercontent.com/ANID-GITHUB/Historico-de-Proyectos-Adjudicados/master/BDH_HISTORICA.csv,2026-09-25T05:05:34+00:00,requests
anid,Universidad Finis Terrae,2026,,proyectos_anid_adjudicados,10,proyectos,Iniciativas adjudicadas en el año de fallo,https://raw.githubusercontent.com/ANID-GITHUB/Historico-de-Proyectos-Adjudicados/master/BDH_HISTORICA.csv,2026-09-25T05:05:34+00:00,requests
anid,Universidad Finis Terrae,2026,,montos_anid_con_industria,227000000,CLP,Parte adjudicada en instrumentos que suponen participación de empresas o transferencia,https://raw.githubusercontent.com/ANID-GITHUB/Historico-de-Proyectos-Adjudicados/master/BDH_HISTORICA.csv,2026-09-25T05:05:34+00:00,requests
anid,Universidad Gabriela Mistral,2015,,montos_anid_adjudicados,45681000,CLP,"Suma adjudicada por ANID en el año de fallo, en pesos nominales (la base publica miles de pesos; aquí se convierte)",https://raw.githubusercontent.com/ANID-GITHUB/Historico-de-Proyectos-Adjudicados/master/BDH_HISTORICA.csv,2026-09-25T05:05:34+00:00,requests
anid,Universidad Gabriela Mistral,2015,,proyectos_anid_adjudicados,1,proyectos,Iniciativas adjudicadas en el año de fallo,https://raw.githubusercontent.com/ANID-GITHUB/Historico-de-Proyectos-Adjudicados/master/BDH_HISTORICA.csv,2026-09-25T05:05:34+00:00,requests
anid,Universidad Gabriela Mistral,2017,,montos_anid_adjudicados,43787000,CLP,"Suma adjudicada por ANID en el año de fallo, en pesos nominales (la base publica miles de pesos; aquí se convierte)",https://raw.githubusercontent.com/ANID-GITHUB/Historico-de-Proyectos-Adjudicados/master/BDH_HISTORICA.csv,2026-09-25T05:05:34+00:00,requests
anid,Universidad Gabriela Mistral,2017,,proyectos_anid_adjudicados,2,proyectos,Iniciativas adjudicadas en el año de fallo,https://raw.githubusercontent.com/ANID-GITHUB/Historico-de-Proyectos-Adjudicados/master/BDH_HISTORICA.csv,2026-09-25T05:05:34+00:00,requests
anid,Universidad Gabriela Mistral,2024,,montos_anid_adjudicados,87395000,CLP,"Suma adjudicada por ANID en el año de fallo, en pesos nominales (la base publica miles de pesos; aquí se convierte)",https://raw.githubusercontent.com/ANID-GITHUB/Historico-de-Proyectos-Adjudicados/master/BDH_HISTORICA.csv,2026-09-25T05:05:34+00:00,requests
anid,Universidad Gabriela Mistral,2024,,proyectos_anid_adjudicados,1,proyectos,Iniciativas adjudicadas en el año de fallo,https://raw.githubusercontent.com/ANID-GITHUB/Historico-de-Proyectos-Adjudicados/master/BDH_HISTORICA.csv,2026-09-25T05:05:34+00:00,requests
anid,Universidad Mayor,2015,,montos_anid_adjudicados,942195000,CLP,"Suma adjudicada por ANID en el año de fallo, en pesos nominales (la base publica miles de pesos; aquí se convierte)",https://raw.githubusercontent.com/ANID-GITHUB/Historico-de-Proyectos-Adjudicados/master/BDH_HISTORICA.csv,2026-09-25T05:05:34+00:00,requests
anid,Universidad Mayor,2015,,proyectos_anid_adjudicados,6,proyectos,Iniciativas adjudicadas en el año de fallo,https://raw.githubusercontent.com/ANID-GITHUB/Historico-de-Proyectos-Adjudicados/master/BDH_HISTORICA.csv,2026-09-25T05:05:34+00:00,requests
anid,Universidad Mayor,2015,,montos_anid_con_industria,24000000,CLP,Parte adjudicada en instrumentos que suponen participación de empresas o transferencia,https://raw.githubusercontent.com/ANID-GITHUB/Historico-de-Proyectos-Adjudicados/master/BDH_HISTORICA.csv,2026-09-25T05:05:34+00:00,requests
anid,Universidad Mayor,2016,,montos_anid_adjudicados,793403000,CLP,"Suma adjudicada por ANID en el año de fallo, en pesos nominales (la base publica miles de pesos; aquí se convierte)",https://raw.githubusercontent.com/ANID-GITHUB/Historico-de-Proyectos-Adjudicados/master/BDH_HISTORICA.csv,2026-09-25T05:05:34+00:00,requests
anid,Universidad Mayor,2016,,proyectos_anid_adjudicados,9,proyectos,Iniciativas adjudicadas en el año de fallo,https://raw.githubusercontent.com/ANID-GITHUB/Historico-de-Proyectos-Adjudicados/master/BDH_HISTORICA.csv,2026-09-25T05:05:34+00:00,requests
anid,Universidad Mayor,2016,,montos_anid_con_industria,89443000,CLP,Parte adjudicada en instrumentos que suponen participación de empresas o transferencia,https://raw.githubusercontent.com/ANID-GITHUB/Historico-de-Proyectos-Adjudicados/master/BDH_HISTORICA.csv,2026-09-25T05:05:34+00:00,requests
anid,Universidad Mayor,2017,,montos_anid_adjudicados,931786000,CLP,"Suma adjudicada por ANID en el año de fallo, en pesos nominales (la base publica miles de pesos; aquí se convierte)",https://raw.githubusercontent.com/ANID-GITHUB/Historico-de-Proyectos-Adjudicados/master/BDH_HISTORICA.csv,2026-09-25T05:05:34+00:00,requests
anid,Universidad Mayor,2017,,proyectos_anid_adjudicados,8,proyectos,Iniciativas adjudicadas en el año de fallo,https://raw.githubusercontent.com/ANID-GITHUB/Historico-de-Proyectos-Adjudicados/master/BDH_HISTORICA.csv,2026-09-25T05:05:34+00:00,requests
anid,Universidad Mayor,2018,,montos_anid_adjudicados,2190506000,CLP,"Suma adjudicada por ANID en el año de fallo, en pesos nominales (la base publica miles de pesos; aquí se convierte)",https://raw.githubusercontent.com/ANID-GITHUB/Historico-de-Proyectos-Adjudicados/master/BDH_HISTORICA.csv,2026-09-25T05:05:34+00:00,requests
anid,Universidad Mayor,2018,,proyectos_anid_adjudicados,26,proyectos,Iniciativas adjudicadas en el año de fallo,https://raw.githubusercontent.com/ANID-GITHUB/Historico-de-Proyectos-Adjudicados/master/BDH_HISTORICA.csv,2026-09-25T05:05:34+00:00,requests
anid,Universidad Mayor,2018,,montos_anid_con_industria,182710000,CLP,Parte adjudicada en instrumentos que suponen participación de empresas o transferencia,https://raw.githubusercontent.com/ANID-GITHUB/Historico-de-Proyectos-Adjudicados/master/BDH_HISTORICA.csv,2026-09-25T05:05:34+00:00,requests
anid,Universidad Mayor,2019,,montos_anid_adjudicados,4772865000,CLP,"Suma adjudicada por ANID en el año de fallo, en pesos nominales (la base publica miles de pesos; aquí se convierte)",https://raw.githubusercontent.com/ANID-GITHUB/Historico-de-Proyectos-Adjudicados/master/BDH_HISTORICA.csv,2026-09-25T05:05:34+00:00,requests
anid,Universidad Mayor,2019,,proyectos_anid_adjudicados,39,proyectos,Iniciativas adjudicadas en el año de fallo,https://raw.githubusercontent.com/ANID-GITHUB/Historico-de-Proyectos-Adjudicados/master/BDH_HISTORICA.csv,2026-09-25T05:05:34+00:00,requests
anid,Universidad Mayor,2019,,montos_anid_con_industria,398029000,CLP,Parte adjudicada en instrumentos que suponen participación de empresas o transferencia,https://raw.githubusercontent.com/ANID-GITHUB/Historico-de-Proyectos-Adjudicados/master/BDH_HISTORICA.csv,2026-09-25T05:05:34+00:00,requests
anid,Universidad Mayor,2020,,montos_anid_adjudicados,1997957000,CLP,"Suma adjudicada por ANID en el año de fallo, en pesos nominales (la base publica miles de pesos; aquí se convierte)",https://raw.githubusercontent.com/ANID-GITHUB/Historico-de-Proyectos-Adjudicados/master/BDH_HISTORICA.csv,2026-09-25T05:05:34+00:00,requests
anid,Universidad Mayor,2020,,proyectos_anid_adjudicados,16,proyectos,Iniciativas adjudicadas en el año de fallo,https://raw.githubusercontent.com/ANID-GITHUB/Historico-de-Proyectos-Adjudicados/master/BDH_HISTORICA.csv,2026-09-25T05:05:34+00:00,requests
anid,Universidad Mayor,2021,,montos_anid_adjudicados,2724157000,CLP,"Suma adjudicada por ANID en el año de fallo, en pesos nominales (la base publica miles de pesos; aquí se convierte)",https://raw.githubusercontent.com/ANID-GITHUB/Historico-de-Proyectos-Adjudicados/master/BDH_HISTORICA.csv,2026-09-25T05:05:34+00:00,requests
anid,Universidad Mayor,2021,,proyectos_anid_adjudicados,17,proyectos,Iniciativas adjudicadas en el año de fallo,https://raw.githubusercontent.com/ANID-GITHUB/Historico-de-Proyectos-Adjudicados/master/BDH_HISTORICA.csv,2026-09-25T05:05:34+00:00,requests
anid,Universidad Mayor,2021,,montos_anid_con_industria,269766000,CLP,Parte adjudicada en instrumentos que suponen participación de empresas o transferencia,https://raw.githubusercontent.com/ANID-GITHUB/Historico-de-Proyectos-Adjudicados/master/BDH_HISTORICA.csv,2026-09-25T05:05:34+00:00,requests
anid,Universidad Mayor,2022,,montos_anid_adjudicados,7107589000,CLP,"Suma adjudicada por ANID en el año de fallo, en pesos nominales (la base publica miles de pesos; aquí se convierte)",https://raw.githubusercontent.com/ANID-GITHUB/Historico-de-Proyectos-Adjudicados/master/BDH_HISTORICA.csv,2026-09-25T05:05:34+00:00,requests
anid,Universidad Mayor,2022,,proyectos_anid_adjudicados,27,proyectos,Iniciativas adjudicadas en el año de fallo,https://raw.githubusercontent.com/ANID-GITHUB/Historico-de-Proyectos-Adjudicados/master/BDH_HISTORICA.csv,2026-09-25T05:05:34+00:00,requests
anid,Universidad Mayor,2022,,montos_anid_con_industria,199650000,CLP,Parte adjudicada en instrumentos que suponen participación de empresas o transferencia,https://raw.githubusercontent.com/ANID-GITHUB/Historico-de-Proyectos-Adjudicados/master/BDH_HISTORICA.csv,2026-09-25T05:05:34+00:00,requests
anid,Universidad Mayor,2023,,montos_anid_adjudicados,4674031000,CLP,"Suma adjudicada por ANID en el año de fallo, en pesos nominales (la base publica miles de pesos; aquí se convierte)",https://raw.githubusercontent.com/ANID-GITHUB/Historico-de-Proyectos-Adjudicados/master/BDH_HISTORICA.csv,2026-09-25T05:05:34+00:00,requests
anid,Universidad Mayor,2023,,proyectos_anid_adjudicados,30,proyectos,Iniciativas adjudicadas en el año de fallo,https://raw.githubusercontent.com/ANID-GITHUB/Historico-de-Proyectos-Adjudicados/master/BDH_HISTORICA.csv,2026-09-25T05:05:34+00:00,requests
anid,Universidad Mayor,2023,,montos_anid_con_industria,212000000,CLP,Parte adjudicada en instrumentos que suponen participación de empresas o transferencia,https://raw.githubusercontent.com/ANID-GITHUB/Historico-de-Proyectos-Adjudicados/master/BDH_HISTORICA.csv,2026-09-25T05:05:34+00:00,requests
anid,Universidad Mayor,2024,,montos_anid_adjudicados,4723882000,CLP,"Suma adjudicada por ANID en el año de fallo, en pesos nominales (la base publica miles de pesos; aquí se convierte)",https://raw.githubusercontent.com/ANID-GITHUB/Historico-de-Proyectos-Adjudicados/master/BDH_HISTORICA.csv,2026-09-25T05:05:34+00:00,requests
anid,Universidad Mayor,2024,,proyectos_anid_adjudicados,31,proyectos,Iniciativas adjudicadas en el año de fallo,https://raw.githubusercontent.com/ANID-GITHUB/Historico-de-Proyectos-Adjudicados/master/BDH_HISTORICA.csv,2026-09-25T05:05:34+00:00,requests
anid,Universidad Mayor,2024,,montos_anid_con_industria,32907000,CLP,Parte adjudicada en instrumentos que suponen participación de empresas o transferencia,https://raw.githubusercontent.com/ANID-GITHUB/Historico-de-Proyectos-Adjudicados/master/BDH_HISTORICA.csv,2026-09-25T05:05:34+00:00,requests
anid,Universidad Mayor,2025,,montos_anid_adjudicados,4599181000,CLP,"Suma adjudicada por ANID en el año de fallo, en pesos nominales (la base publica miles de pesos; aquí se convierte)",https://raw.githubusercontent.com/ANID-GITHUB/Historico-de-Proyectos-Adjudicados/master/BDH_HISTORICA.csv,2026-09-25T05:05:34+00:00,requests
anid,Universidad Mayor,2025,,proyectos_anid_adjudicados,27,proyectos,Iniciativas adjudicadas en el año de fallo,https://raw.githubusercontent.com/ANID-GITHUB/Historico-de-Proyectos-Adjudicados/master/BDH_HISTORICA.csv,2026-09-25T05:05:34+00:00,requests
anid,Universidad Mayor,2025,,montos_anid_con_industria,58235000,CLP,Parte adjudicada en instrumentos que suponen participación de empresas o transferencia,https://raw.githubusercontent.com/ANID-GITHUB/Historico-de-Proyectos-Adjudicados/master/BDH_HISTORICA.csv,2026-09-25T05:05:34+00:00,requests
anid,Universidad Mayor,2026,,montos_anid_adjudicados,2270110000,CLP,"Suma adjudicada por ANID en el año de fallo, en pesos nominales (la base publica miles de pesos; aquí se convierte)",https://raw.githubusercontent.com/ANID-GITHUB/Historico-de-Proyectos-Adjudicados/master/BDH_HISTORICA.csv,2026-09-25T05:05:34+00:00,requests
anid,Universidad Mayor,2026,,proyectos_anid_adjudicados,17,proyectos,Iniciativas adjudicadas en el año de fallo,https://raw.githubusercontent.com/ANID-GITHUB/Historico-de-Proyectos-Adjudicados/master/BDH_HISTORICA.csv,2026-09-25T05:05:34+00:00,requests
anid,Universidad Metropolitana de Ciencias de la Educacion,2015,,montos_anid_adjudicados,152289000,CLP,"Suma adjudicada por ANID en el año de fallo, en pesos nominales (la base publica miles de pesos; aquí se convierte)",https://raw.githubusercontent.com/ANID-GITHUB/Historico-de-Proyectos-Adjudicados/master/BDH_HISTORICA.csv,2026-09-25T05:05:34+00:00,requests
anid,Universidad Metropolitana de Ciencias de la Educacion,2015,,proyectos_anid_adjudicados,2,proyectos,Iniciativas adjudicadas en el año de fallo,https://raw.githubusercontent.com/ANID-GITHUB/Historico-de-Proyectos-Adjudicados/master/BDH_HISTORICA.csv,2026-09-25T05:05:34+00:00,requests
anid,Universidad Metropolitana de Ciencias de la Educacion,2016,,montos_anid_adjudicados,74331000,CLP,"Suma adjudicada por ANID en el año de fallo, en pesos nominales (la base publica miles de pesos; aquí se convierte)",https://raw.githubusercontent.com/ANID-GITHUB/Historico-de-Proyectos-Adjudicados/master/BDH_HISTORICA.csv,2026-09-25T05:05:34+00:00,requests
anid,Universidad Metropolitana de Ciencias de la Educacion,2016,,proyectos_anid_adjudicados,1,proyectos,Iniciativas adjudicadas en el año de fallo,https://raw.githubusercontent.com/ANID-GITHUB/Historico-de-Proyectos-Adjudicados/master/BDH_HISTORICA.csv,2026-09-25T05:05:34+00:00,requests
anid,Universidad Metropolitana de Ciencias de la Educacion,2019,,montos_anid_adjudicados,155848000,CLP,"Suma adjudicada por ANID en el año de fallo, en pesos nominales (la base publica miles de pesos; aquí se convierte)",https://raw.githubusercontent.com/ANID-GITHUB/Historico-de-Proyectos-Adjudicados/master/BDH_HISTORICA.csv,2026-09-25T05:05:34+00:00,requests
anid,Universidad Metropolitana de Ciencias de la Educacion,2019,,proyectos_anid_adjudicados,2,proyectos,Iniciativas adjudicadas en el año de fallo,https://raw.githubusercontent.com/ANID-GITHUB/Historico-de-Proyectos-Adjudicados/master/BDH_HISTORICA.csv,2026-09-25T05:05:34+00:00,requests
anid,Universidad Metropolitana de Ciencias de la Educacion,2020,,montos_anid_adjudicados,136514000,CLP,"Suma adjudicada por ANID en el año de fallo, en pesos nominales (la base publica miles de pesos; aquí se convierte)",https://raw.githubusercontent.com/ANID-GITHUB/Historico-de-Proyectos-Adjudicados/master/BDH_HISTORICA.csv,2026-09-25T05:05:34+00:00,requests
anid,Universidad Metropolitana de Ciencias de la Educacion,2020,,proyectos_anid_adjudicados,3,proyectos,Iniciativas adjudicadas en el año de fallo,https://raw.githubusercontent.com/ANID-GITHUB/Historico-de-Proyectos-Adjudicados/master/BDH_HISTORICA.csv,2026-09-25T05:05:34+00:00,requests
anid,Universidad Metropolitana de Ciencias de la Educacion,2021,,montos_anid_adjudicados,80554000,CLP,"Suma adjudicada por ANID en el año de fallo, en pesos nominales (la base publica miles de pesos; aquí se convierte)",https://raw.githubusercontent.com/ANID-GITHUB/Historico-de-Proyectos-Adjudicados/master/BDH_HISTORICA.csv,2026-09-25T05:05:34+00:00,requests
anid,Universidad Metropolitana de Ciencias de la Educacion,2021,,proyectos_anid_adjudicados,1,proyectos,Iniciativas adjudicadas en el año de fallo,https://raw.githubusercontent.com/ANID-GITHUB/Historico-de-Proyectos-Adjudicados/master/BDH_HISTORICA.csv,2026-09-25T05:05:34+00:00,requests
anid,Universidad Metropolitana de Ciencias de la Educacion,2022,,montos_anid_adjudicados,788377000,CLP,"Suma adjudicada por ANID en el año de fallo, en pesos nominales (la base publica miles de pesos; aquí se convierte)",https://raw.githubusercontent.com/ANID-GITHUB/Historico-de-Proyectos-Adjudicados/master/BDH_HISTORICA.csv,2026-09-25T05:05:34+00:00,requests
anid,Universidad Metropolitana de Ciencias de la Educacion,2022,,proyectos_anid_adjudicados,6,proyectos,Iniciativas adjudicadas en el año de fallo,https://raw.githubusercontent.com/ANID-GITHUB/Historico-de-Proyectos-Adjudicados/master/BDH_HISTORICA.csv,2026-09-25T05:05:34+00:00,requests
anid,Universidad Metropolitana de Ciencias de la Educacion,2023,,montos_anid_adjudicados,698192000,CLP,"Suma adjudicada por ANID en el año de fallo, en pesos nominales (la base publica miles de pesos; aquí se convierte)",https://raw.githubusercontent.com/ANID-GITHUB/Historico-de-Proyectos-Adjudicados/master/BDH_HISTORICA.csv,2026-09-25T05:05:34+00:00,requests
anid,Universidad Metropolitana de Ciencias de la Educacion,2023,,proyectos_anid_adjudicados,9,proyectos,Iniciativas adjudicadas en el año de fallo,https://raw.githubusercontent.com/ANID-GITHUB/Historico-de-Proyectos-Adjudicados/master/BDH_HISTORICA.csv,2026-09-25T05:05:34+00:00,requests
anid,Universidad Metropolitana de Ciencias de la Educacion,2024,,montos_anid_adjudicados,559647000,CLP,"Suma adjudicada por ANID en el año de fallo, en pesos nominales (la base publica miles de pesos; aquí se convierte)",https://raw.githubusercontent.com/ANID-GITHUB/Historico-de-Proyectos-Adjudicados/master/BDH_HISTORICA.csv,2026-09-25T05:05:34+00:00,requests
anid,Universidad Metropolitana de Ciencias de la Educacion,2024,,proyectos_anid_adjudicados,4,proyectos,Iniciativas adjudicadas en el año de fallo,https://raw.githubusercontent.com/ANID-GITHUB/Historico-de-Proyectos-Adjudicados/master/BDH_HISTORICA.csv,2026-09-25T05:05:34+00:00,requests
anid,Universidad Metropolitana de Ciencias de la Educacion,2025,,montos_anid_adjudicados,189984000,CLP,"Suma adjudicada por ANID en el año de fallo, en pesos nominales (la base publica miles de pesos; aquí se convierte)",https://raw.githubusercontent.com/ANID-GITHUB/Historico-de-Proyectos-Adjudicados/master/BDH_HISTORICA.csv,2026-09-25T05:05:34+00:00,requests
anid,Universidad Metropolitana de Ciencias de la Educacion,2025,,proyectos_anid_adjudicados,2,proyectos,Iniciativas adjudicadas en el año de fallo,https://raw.githubusercontent.com/ANID-GITHUB/Historico-de-Proyectos-Adjudicados/master/BDH_HISTORICA.csv,2026-09-25T05:05:34+00:00,requests
anid,Universidad Metropolitana de Ciencias de la Educacion,2026,,montos_anid_adjudicados,1218468000,CLP,"Suma adjudicada por ANID en el año de fallo, en pesos nominales (la base publica miles de pesos; aquí se convierte)",https://raw.githubusercontent.com/ANID-GITHUB/Historico-de-Proyectos-Adjudicados/master/BDH_HISTORICA.csv,2026-09-25T05:05:34+00:00,requests
anid,Universidad Metropolitana de Ciencias de la Educacion,2026,,proyectos_anid_adjudicados,10,proyectos,Iniciativas adjudicadas en el año de fallo,https://raw.githubusercontent.com/ANID-GITHUB/Historico-de-Proyectos-Adjudicados/master/BDH_HISTORICA.csv,2026-09-25T05:05:34+00:00,requests
anid,Universidad San Sebastian,2015,,montos_anid_adjudicados,771751000,CLP,"Suma adjudicada por ANID en el año de fallo, en pesos nominales (la base publica miles de pesos; aquí se convierte)",https://raw.githubusercontent.com/ANID-GITHUB/Historico-de-Proyectos-Adjudicados/master/BDH_HISTORICA.csv,2026-09-25T05:05:34+00:00,requests
anid,Universidad San Sebastian,2015,,proyectos_anid_adjudicados,7,proyectos,Iniciativas adjudicadas en el año de fallo,https://raw.githubusercontent.com/ANID-GITHUB/Historico-de-Proyectos-Adjudicados/master/BDH_HISTORICA.csv,2026-09-25T05:05:34+00:00,requests
anid,Universidad San Sebastian,2015,,montos_anid_con_industria,2000000,CLP,Parte adjudicada en instrumentos que suponen participación de empresas o transferencia,https://raw.githubusercontent.com/ANID-GITHUB/Historico-de-Proyectos-Adjudicados/master/BDH_HISTORICA.csv,2026-09-25T05:05:34+00:00,requests
anid,Universidad San Sebastian,2016,,montos_anid_adjudicados,310212000,CLP,"Suma adjudicada por ANID en el año de fallo, en pesos nominales (la base publica miles de pesos; aquí se convierte)",https://raw.githubusercontent.com/ANID-GITHUB/Historico-de-Proyectos-Adjudicados/master/BDH_HISTORICA.csv,2026-09-25T05:05:34+00:00,requests
anid,Universidad San Sebastian,2016,,proyectos_anid_adjudicados,4,proyectos,Iniciativas adjudicadas en el año de fallo,https://raw.githubusercontent.com/ANID-GITHUB/Historico-de-Proyectos-Adjudicados/master/BDH_HISTORICA.csv,2026-09-25T05:05:34+00:00,requests
anid,Universidad San Sebastian,2016,,montos_anid_con_industria,26000000,CLP,Parte adjudicada en instrumentos que suponen participación de empresas o transferencia,https://raw.githubusercontent.com/ANID-GITHUB/Historico-de-Proyectos-Adjudicados/master/BDH_HISTORICA.csv,2026-09-25T05:05:34+00:00,requests
anid,Universidad San Sebastian,2017,,montos_anid_adjudicados,920677000,CLP,"Suma adjudicada por ANID en el año de fallo, en pesos nominales (la base publica miles de pesos; aquí se convierte)",https://raw.githubusercontent.com/ANID-GITHUB/Historico-de-Proyectos-Adjudicados/master/BDH_HISTORICA.csv,2026-09-25T05:05:34+00:00,requests
anid,Universidad San Sebastian,2017,,proyectos_anid_adjudicados,11,proyectos,Iniciativas adjudicadas en el año de fallo,https://raw.githubusercontent.com/ANID-GITHUB/Historico-de-Proyectos-Adjudicados/master/BDH_HISTORICA.csv,2026-09-25T05:05:34+00:00,requests
anid,Universidad San Sebastian,2017,,montos_anid_con_industria,199801000,CLP,Parte adjudicada en instrumentos que suponen participación de empresas o transferencia,https://raw.githubusercontent.com/ANID-GITHUB/Historico-de-Proyectos-Adjudicados/master/BDH_HISTORICA.csv,2026-09-25T05:05:34+00:00,requests
anid,Universidad San Sebastian,2018,,montos_anid_adjudicados,1104714000,CLP,"Suma adjudicada por ANID en el año de fallo, en pesos nominales (la base publica miles de pesos; aquí se convierte)",https://raw.githubusercontent.com/ANID-GITHUB/Historico-de-Proyectos-Adjudicados/master/BDH_HISTORICA.csv,2026-09-25T05:05:34+00:00,requests
anid,Universidad San Sebastian,2018,,proyectos_anid_adjudicados,11,proyectos,Iniciativas adjudicadas en el año de fallo,https://raw.githubusercontent.com/ANID-GITHUB/Historico-de-Proyectos-Adjudicados/master/BDH_HISTORICA.csv,2026-09-25T05:05:34+00:00,requests
anid,Universidad San Sebastian,2018,,montos_anid_con_industria,10000000,CLP,Parte adjudicada en instrumentos que suponen participación de empresas o transferencia,https://raw.githubusercontent.com/ANID-GITHUB/Historico-de-Proyectos-Adjudicados/master/BDH_HISTORICA.csv,2026-09-25T05:05:34+00:00,requests
anid,Universidad San Sebastian,2019,,montos_anid_adjudicados,1405461000,CLP,"Suma adjudicada por ANID en el año de fallo, en pesos nominales (la base publica miles de pesos; aquí se convierte)",https://raw.githubusercontent.com/ANID-GITHUB/Historico-de-Proyectos-Adjudicados/master/BDH_HISTORICA.csv,2026-09-25T05:05:34+00:00,requests
anid,Universidad San Sebastian,2019,,proyectos_anid_adjudicados,14,proyectos,Iniciativas adjudicadas en el año de fallo,https://raw.githubusercontent.com/ANID-GITHUB/Historico-de-Proyectos-Adjudicados/master/BDH_HISTORICA.csv,2026-09-25T05:05:34+00:00,requests
anid,Universidad San Sebastian,2019,,montos_anid_con_industria,98000000,CLP,Parte adjudicada en instrumentos que suponen participación de empresas o transferencia,https://raw.githubusercontent.com/ANID-GITHUB/Historico-de-Proyectos-Adjudicados/master/BDH_HISTORICA.csv,2026-09-25T05:05:34+00:00,requests
anid,Universidad San Sebastian,2020,,montos_anid_adjudicados,995890000,CLP,"Suma adjudicada por ANID en el año de fallo, en pesos nominales (la base publica miles de pesos; aquí se convierte)",https://raw.githubusercontent.com/ANID-GITHUB/Historico-de-Proyectos-Adjudicados/master/BDH_HISTORICA.csv,2026-09-25T05:05:34+00:00,requests
anid,Universidad San Sebastian,2020,,proyectos_anid_adjudicados,11,proyectos,Iniciativas adjudicadas en el año de fallo,https://raw.githubusercontent.com/ANID-GITHUB/Historico-de-Proyectos-Adjudicados/master/BDH_HISTORICA.csv,2026-09-25T05:05:34+00:00,requests
anid,Universidad San Sebastian,2020,,montos_anid_con_industria,24000000,CLP,Parte adjudicada en instrumentos que suponen participación de empresas o transferencia,https://raw.githubusercontent.com/ANID-GITHUB/Historico-de-Proyectos-Adjudicados/master/BDH_HISTORICA.csv,2026-09-25T05:05:34+00:00,requests
anid,Universidad San Sebastian,2021,,montos_anid_adjudicados,1965187000,CLP,"Suma adjudicada por ANID en el año de fallo, en pesos nominales (la base publica miles de pesos; aquí se convierte)",https://raw.githubusercontent.com/ANID-GITHUB/Historico-de-Proyectos-Adjudicados/master/BDH_HISTORICA.csv,2026-09-25T05:05:34+00:00,requests
anid,Universidad San Sebastian,2021,,proyectos_anid_adjudicados,15,proyectos,Iniciativas adjudicadas en el año de fallo,https://raw.githubusercontent.com/ANID-GITHUB/Historico-de-Proyectos-Adjudicados/master/BDH_HISTORICA.csv,2026-09-25T05:05:34+00:00,requests
anid,Universidad San Sebastian,2021,,montos_anid_con_industria,399978000,CLP,Parte adjudicada en instrumentos que suponen participación de empresas o transferencia,https://raw.githubusercontent.com/ANID-GITHUB/Historico-de-Proyectos-Adjudicados/master/BDH_HISTORICA.csv,2026-09-25T05:05:34+00:00,requests
anid,Universidad San Sebastian,2022,,montos_anid_adjudicados,3934587000,CLP,"Suma adjudicada por ANID en el año de fallo, en pesos nominales (la base publica miles de pesos; aquí se convierte)",https://raw.githubusercontent.com/ANID-GITHUB/Historico-de-Proyectos-Adjudicados/master/BDH_HISTORICA.csv,2026-09-25T05:05:34+00:00,requests
anid,Universidad San Sebastian,2022,,proyectos_anid_adjudicados,19,proyectos,Iniciativas adjudicadas en el año de fallo,https://raw.githubusercontent.com/ANID-GITHUB/Historico-de-Proyectos-Adjudicados/master/BDH_HISTORICA.csv,2026-09-25T05:05:34+00:00,requests
anid,Universidad San Sebastian,2022,,montos_anid_con_industria,400000000,CLP,Parte adjudicada en instrumentos que suponen participación de empresas o transferencia,https://raw.githubusercontent.com/ANID-GITHUB/Historico-de-Proyectos-Adjudicados/master/BDH_HISTORICA.csv,2026-09-25T05:05:34+00:00,requests
anid,Universidad San Sebastian,2023,,montos_anid_adjudicados,4372262000,CLP,"Suma adjudicada por ANID en el año de fallo, en pesos nominales (la base publica miles de pesos; aquí se convierte)",https://raw.githubusercontent.com/ANID-GITHUB/Historico-de-Proyectos-Adjudicados/master/BDH_HISTORICA.csv,2026-09-25T05:05:34+00:00,requests
anid,Universidad San Sebastian,2023,,proyectos_anid_adjudicados,33,proyectos,Iniciativas adjudicadas en el año de fallo,https://raw.githubusercontent.com/ANID-GITHUB/Historico-de-Proyectos-Adjudicados/master/BDH_HISTORICA.csv,2026-09-25T05:05:34+00:00,requests
anid,Universidad San Sebastian,2023,,montos_anid_con_industria,400000000,CLP,Parte adjudicada en instrumentos que suponen participación de empresas o transferencia,https://raw.githubusercontent.com/ANID-GITHUB/Historico-de-Proyectos-Adjudicados/master/BDH_HISTORICA.csv,2026-09-25T05:05:34+00:00,requests
anid,Universidad San Sebastian,2024,,montos_anid_adjudicados,5873607000,CLP,"Suma adjudicada por ANID en el año de fallo, en pesos nominales (la base publica miles de pesos; aquí se convierte)",https://raw.githubusercontent.com/ANID-GITHUB/Historico-de-Proyectos-Adjudicados/master/BDH_HISTORICA.csv,2026-09-25T05:05:34+00:00,requests
anid,Universidad San Sebastian,2024,,proyectos_anid_adjudicados,42,proyectos,Iniciativas adjudicadas en el año de fallo,https://raw.githubusercontent.com/ANID-GITHUB/Historico-de-Proyectos-Adjudicados/master/BDH_HISTORICA.csv,2026-09-25T05:05:34+00:00,requests
anid,Universidad San Sebastian,2024,,montos_anid_con_industria,36000000,CLP,Parte adjudicada en instrumentos que suponen participación de empresas o transferencia,https://raw.githubusercontent.com/ANID-GITHUB/Historico-de-Proyectos-Adjudicados/master/BDH_HISTORICA.csv,2026-09-25T05:05:34+00:00,requests
anid,Universidad San Sebastian,2025,,montos_anid_adjudicados,9725741000,CLP,"Suma adjudicada por ANID en el año de fallo, en pesos nominales (la base publica miles de pesos; aquí se convierte)",https://raw.githubusercontent.com/ANID-GITHUB/Historico-de-Proyectos-Adjudicados/master/BDH_HISTORICA.csv,2026-09-25T05:05:34+00:00,requests
anid,Universidad San Sebastian,2025,,proyectos_anid_adjudicados,63,proyectos,Iniciativas adjudicadas en el año de fallo,https://raw.githubusercontent.com/ANID-GITHUB/Historico-de-Proyectos-Adjudicados/master/BDH_HISTORICA.csv,2026-09-25T05:05:34+00:00,requests
anid,Universidad San Sebastian,2025,,montos_anid_con_industria,1566199000,CLP,Parte adjudicada en instrumentos que suponen participación de empresas o transferencia,https://raw.githubusercontent.com/ANID-GITHUB/Historico-de-Proyectos-Adjudicados/master/BDH_HISTORICA.csv,2026-09-25T05:05:34+00:00,requests
anid,Universidad San Sebastian,2026,,montos_anid_adjudicados,7443344000,CLP,"Suma adjudicada por ANID en el año de fallo, en pesos nominales (la base publica miles de pesos; aquí se convierte)",https://raw.githubusercontent.com/ANID-GITHUB/Historico-de-Proyectos-Adjudicados/master/BDH_HISTORICA.csv,2026-09-25T05:05:34+00:00,requests
anid,Universidad San Sebastian,2026,,proyectos_anid_adjudicados,48,proyectos,Iniciativas adjudicadas en el año de fallo,https://raw.githubusercontent.com/ANID-GITHUB/Historico-de-Proyectos-Adjudicados/master/BDH_HISTORICA.csv,2026-09-25T05:05:34+00:00,requests
anid,Universidad San Sebastian,2026,,montos_anid_con_industria,680733000,CLP,Parte adjudicada en instrumentos que suponen participación de empresas o transferencia,https://raw.githubusercontent.com/ANID-GITHUB/Historico-de-Proyectos-Adjudicados/master/BDH_HISTORICA.csv,2026-09-25T05:05:34+00:00,requests
anid,Universidad Santo Tomas,2015,,montos_anid_adjudicados,346282000,CLP,"Suma adjudicada por ANID en el año de fallo, en pesos nominales (la base publica miles de pesos; aquí se convierte)",https://raw.githubusercontent.com/ANID-GITHUB/Historico-de-Proyectos-Adjudicados/master/BDH_HISTORICA.csv,2026-09-25T05:05:34+00:00,requests
anid,Universidad Santo Tomas,2015,,proyectos_anid_adjudicados,3,proyectos,Iniciativas adjudicadas en el año de fallo,https://raw.githubusercontent.com/ANID-GITHUB/Historico-de-Proyectos-Adjudicados/master/BDH_HISTORICA.csv,2026-09-25T05:05:34+00:00,requests
anid,Universidad Santo Tomas,2015,,montos_anid_con_industria,300000000,CLP,Parte adjudicada en instrumentos que suponen participación de empresas o transferencia,https://raw.githubusercontent.com/ANID-GITHUB/Historico-de-Proyectos-Adjudicados/master/BDH_HISTORICA.csv,2026-09-25T05:05:34+00:00,requests
anid,Universidad Santo Tomas,2016,,montos_anid_adjudicados,455915000,CLP,"Suma adjudicada por ANID en el año de fallo, en pesos nominales (la base publica miles de pesos; aquí se convierte)",https://raw.githubusercontent.com/ANID-GITHUB/Historico-de-Proyectos-Adjudicados/master/BDH_HISTORICA.csv,2026-09-25T05:05:34+00:00,requests
anid,Universidad Santo Tomas,2016,,proyectos_anid_adjudicados,7,proyectos,Iniciativas adjudicadas en el año de fallo,https://raw.githubusercontent.com/ANID-GITHUB/Historico-de-Proyectos-Adjudicados/master/BDH_HISTORICA.csv,2026-09-25T05:05:34+00:00,requests
anid,Universidad Santo Tomas,2016,,montos_anid_con_industria,422064000,CLP,Parte adjudicada en instrumentos que suponen participación de empresas o transferencia,https://raw.githubusercontent.com/ANID-GITHUB/Historico-de-Proyectos-Adjudicados/master/BDH_HISTORICA.csv,2026-09-25T05:05:34+00:00,requests
anid,Universidad Santo Tomas,2017,,montos_anid_adjudicados,657379999,CLP,"Suma adjudicada por ANID en el año de fallo, en pesos nominales (la base publica miles de pesos; aquí se convierte)",https://raw.githubusercontent.com/ANID-GITHUB/Historico-de-Proyectos-Adjudicados/master/BDH_HISTORICA.csv,2026-09-25T05:05:34+00:00,requests
anid,Universidad Santo Tomas,2017,,proyectos_anid_adjudicados,7,proyectos,Iniciativas adjudicadas en el año de fallo,https://raw.githubusercontent.com/ANID-GITHUB/Historico-de-Proyectos-Adjudicados/master/BDH_HISTORICA.csv,2026-09-25T05:05:34+00:00,requests
anid,Universidad Santo Tomas,2017,,montos_anid_con_industria,47999999,CLP,Parte adjudicada en instrumentos que suponen participación de empresas o transferencia,https://raw.githubusercontent.com/ANID-GITHUB/Historico-de-Proyectos-Adjudicados/master/BDH_HISTORICA.csv,2026-09-25T05:05:34+00:00,requests
anid,Universidad Santo Tomas,2018,,montos_anid_adjudicados,303226000,CLP,"Suma adjudicada por ANID en el año de fallo, en pesos nominales (la base publica miles de pesos; aquí se convierte)",https://raw.githubusercontent.com/ANID-GITHUB/Historico-de-Proyectos-Adjudicados/master/BDH_HISTORICA.csv,2026-09-25T05:05:34+00:00,requests
anid,Universidad Santo Tomas,2018,,proyectos_anid_adjudicados,5,proyectos,Iniciativas adjudicadas en el año de fallo,https://raw.githubusercontent.com/ANID-GITHUB/Historico-de-Proyectos-Adjudicados/master/BDH_HISTORICA.csv,2026-09-25T05:05:34+00:00,requests
anid,Universidad Santo Tomas,2018,,montos_anid_con_industria,2000000,CLP,Parte adjudicada en instrumentos que suponen participación de empresas o transferencia,https://raw.githubusercontent.com/ANID-GITHUB/Historico-de-Proyectos-Adjudicados/master/BDH_HISTORICA.csv,2026-09-25T05:05:34+00:00,requests
anid,Universidad Santo Tomas,2019,,montos_anid_adjudicados,343060000,CLP,"Suma adjudicada por ANID en el año de fallo, en pesos nominales (la base publica miles de pesos; aquí se convierte)",https://raw.githubusercontent.com/ANID-GITHUB/Historico-de-Proyectos-Adjudicados/master/BDH_HISTORICA.csv,2026-09-25T05:05:34+00:00,requests
anid,Universidad Santo Tomas,2019,,proyectos_anid_adjudicados,2,proyectos,Iniciativas adjudicadas en el año de fallo,https://raw.githubusercontent.com/ANID-GITHUB/Historico-de-Proyectos-Adjudicados/master/BDH_HISTORICA.csv,2026-09-25T05:05:34+00:00,requests
anid,Universidad Santo Tomas,2019,,montos_anid_con_industria,197995000,CLP,Parte adjudicada en instrumentos que suponen participación de empresas o transferencia,https://raw.githubusercontent.com/ANID-GITHUB/Historico-de-Proyectos-Adjudicados/master/BDH_HISTORICA.csv,2026-09-25T05:05:34+00:00,requests
anid,Universidad Santo Tomas,2020,,montos_anid_adjudicados,840966000,CLP,"Suma adjudicada por ANID en el año de fallo, en pesos nominales (la base publica miles de pesos; aquí se convierte)",https://raw.githubusercontent.com/ANID-GITHUB/Historico-de-Proyectos-Adjudicados/master/BDH_HISTORICA.csv,2026-09-25T05:05:34+00:00,requests
anid,Universidad Santo Tomas,2020,,proyectos_anid_adjudicados,8,proyectos,Iniciativas adjudicadas en el año de fallo,https://raw.githubusercontent.com/ANID-GITHUB/Historico-de-Proyectos-Adjudicados/master/BDH_HISTORICA.csv,2026-09-25T05:05:34+00:00,requests
anid,Universidad Santo Tomas,2020,,montos_anid_con_industria,232000000,CLP,Parte adjudicada en instrumentos que suponen participación de empresas o transferencia,https://raw.githubusercontent.com/ANID-GITHUB/Historico-de-Proyectos-Adjudicados/master/BDH_HISTORICA.csv,2026-09-25T05:05:34+00:00,requests
anid,Universidad Santo Tomas,2021,,montos_anid_adjudicados,1515863000,CLP,"Suma adjudicada por ANID en el año de fallo, en pesos nominales (la base publica miles de pesos; aquí se convierte)",https://raw.githubusercontent.com/ANID-GITHUB/Historico-de-Proyectos-Adjudicados/master/BDH_HISTORICA.csv,2026-09-25T05:05:34+00:00,requests
anid,Universidad Santo Tomas,2021,,proyectos_anid_adjudicados,10,proyectos,Iniciativas adjudicadas en el año de fallo,https://raw.githubusercontent.com/ANID-GITHUB/Historico-de-Proyectos-Adjudicados/master/BDH_HISTORICA.csv,2026-09-25T05:05:34+00:00,requests
anid,Universidad Santo Tomas,2021,,montos_anid_con_industria,599305000,CLP,Parte adjudicada en instrumentos que suponen participación de empresas o transferencia,https://raw.githubusercontent.com/ANID-GITHUB/Historico-de-Proyectos-Adjudicados/master/BDH_HISTORICA.csv,2026-09-25T05:05:34+00:00,requests
anid,Universidad Santo Tomas,2022,,montos_anid_adjudicados,1770968000,CLP,"Suma adjudicada por ANID en el año de fallo, en pesos nominales (la base publica miles de pesos; aquí se convierte)",https://raw.githubusercontent.com/ANID-GITHUB/Historico-de-Proyectos-Adjudicados/master/BDH_HISTORICA.csv,2026-09-25T05:05:34+00:00,requests
anid,Universidad Santo Tomas,2022,,proyectos_anid_adjudicados,13,proyectos,Iniciativas adjudicadas en el año de fallo,https://raw.githubusercontent.com/ANID-GITHUB/Historico-de-Proyectos-Adjudicados/master/BDH_HISTORICA.csv,2026-09-25T05:05:34+00:00,requests
anid,Universidad Santo Tomas,2022,,montos_anid_con_industria,239980000,CLP,Parte adjudicada en instrumentos que suponen participación de empresas o transferencia,https://raw.githubusercontent.com/ANID-GITHUB/Historico-de-Proyectos-Adjudicados/master/BDH_HISTORICA.csv,2026-09-25T05:05:34+00:00,requests
anid,Universidad Santo Tomas,2023,,montos_anid_adjudicados,1361236000,CLP,"Suma adjudicada por ANID en el año de fallo, en pesos nominales (la base publica miles de pesos; aquí se convierte)",https://raw.githubusercontent.com/ANID-GITHUB/Historico-de-Proyectos-Adjudicados/master/BDH_HISTORICA.csv,2026-09-25T05:05:34+00:00,requests
anid,Universidad Santo Tomas,2023,,proyectos_anid_adjudicados,11,proyectos,Iniciativas adjudicadas en el año de fallo,https://raw.githubusercontent.com/ANID-GITHUB/Historico-de-Proyectos-Adjudicados/master/BDH_HISTORICA.csv,2026-09-25T05:05:34+00:00,requests
anid,Universidad Santo Tomas,2023,,montos_anid_con_industria,611986000,CLP,Parte adjudicada en instrumentos que suponen participación de empresas o transferencia,https://raw.githubusercontent.com/ANID-GITHUB/Historico-de-Proyectos-Adjudicados/master/BDH_HISTORICA.csv,2026-09-25T05:05:34+00:00,requests
anid,Universidad Santo Tomas,2024,,montos_anid_adjudicados,5836266000,CLP,"Suma adjudicada por ANID en el año de fallo, en pesos nominales (la base publica miles de pesos; aquí se convierte)",https://raw.githubusercontent.com/ANID-GITHUB/Historico-de-Proyectos-Adjudicados/master/BDH_HISTORICA.csv,2026-09-25T05:05:34+00:00,requests
anid,Universidad Santo Tomas,2024,,proyectos_anid_adjudicados,16,proyectos,Iniciativas adjudicadas en el año de fallo,https://raw.githubusercontent.com/ANID-GITHUB/Historico-de-Proyectos-Adjudicados/master/BDH_HISTORICA.csv,2026-09-25T05:05:34+00:00,requests
anid,Universidad Santo Tomas,2025,,montos_anid_adjudicados,2895868000,CLP,"Suma adjudicada por ANID en el año de fallo, en pesos nominales (la base publica miles de pesos; aquí se convierte)",https://raw.githubusercontent.com/ANID-GITHUB/Historico-de-Proyectos-Adjudicados/master/BDH_HISTORICA.csv,2026-09-25T05:05:34+00:00,requests
anid,Universidad Santo Tomas,2025,,proyectos_anid_adjudicados,13,proyectos,Iniciativas adjudicadas en el año de fallo,https://raw.githubusercontent.com/ANID-GITHUB/Historico-de-Proyectos-Adjudicados/master/BDH_HISTORICA.csv,2026-09-25T05:05:34+00:00,requests
anid,Universidad Santo Tomas,2025,,montos_anid_con_industria,780973000,CLP,Parte adjudicada en instrumentos que suponen participación de empresas o transferencia,https://raw.githubusercontent.com/ANID-GITHUB/Historico-de-Proyectos-Adjudicados/master/BDH_HISTORICA.csv,2026-09-25T05:05:34+00:00,requests
anid,Universidad Santo Tomas,2026,,montos_anid_adjudicados,2276986000,CLP,"Suma adjudicada por ANID en el año de fallo, en pesos nominales (la base publica miles de pesos; aquí se convierte)",https://raw.githubusercontent.com/ANID-GITHUB/Historico-de-Proyectos-Adjudicados/master/BDH_HISTORICA.csv,2026-09-25T05:05:34+00:00,requests
anid,Universidad Santo Tomas,2026,,proyectos_anid_adjudicados,18,proyectos,Iniciativas adjudicadas en el año de fallo,https://raw.githubusercontent.com/ANID-GITHUB/Historico-de-Proyectos-Adjudicados/master/BDH_HISTORICA.csv,2026-09-25T05:05:34+00:00,requests
anid,Universidad Santo Tomas,2026,,montos_anid_con_industria,455400000,CLP,Parte adjudicada en instrumentos que suponen participación de empresas o transferencia,https://raw.githubusercontent.com/ANID-GITHUB/Historico-de-Proyectos-Adjudicados/master/BDH_HISTORICA.csv,2026-09-25T05:05:34+00:00,requests
anid,Universidad Tecnica Federico Santa Maria,2015,,montos_anid_adjudicados,12250204000,CLP,"Suma adjudicada por ANID en el año de fallo, en pesos nominales (la base publica miles de pesos; aquí se convierte)",https://raw.githubusercontent.com/ANID-GITHUB/Historico-de-Proyectos-Adjudicados/master/BDH_HISTORICA.csv,2026-09-25T05:05:34+00:00,requests
anid,Universidad Tecnica Federico Santa Maria,2015,,proyectos_anid_adjudicados,63,proyectos,Iniciativas adjudicadas en el año de fallo,https://raw.githubusercontent.com/ANID-GITHUB/Historico-de-Proyectos-Adjudicados/master/BDH_HISTORICA.csv,2026-09-25T05:05:34+00:00,requests
anid,Universidad Tecnica Federico Santa Maria,2015,,montos_anid_con_industria,381893000,CLP,Parte adjudicada en instrumentos que suponen participación de empresas o transferencia,https://raw.githubusercontent.com/ANID-GITHUB/Historico-de-Proyectos-Adjudicados/master/BDH_HISTORICA.csv,2026-09-25T05:05:34+00:00,requests
anid,Universidad Tecnica Federico Santa Maria,2016,,montos_anid_adjudicados,5419938000,CLP,"Suma adjudicada por ANID en el año de fallo, en pesos nominales (la base publica miles de pesos; aquí se convierte)",https://raw.githubusercontent.com/ANID-GITHUB/Historico-de-Proyectos-Adjudicados/master/BDH_HISTORICA.csv,2026-09-25T05:05:34+00:00,requests
anid,Universidad Tecnica Federico Santa Maria,2016,,proyectos_anid_adjudicados,76,proyectos,Iniciativas adjudicadas en el año de fallo,https://raw.githubusercontent.com/ANID-GITHUB/Historico-de-Proyectos-Adjudicados/master/BDH_HISTORICA.csv,2026-09-25T05:05:34+00:00,requests
anid,Universidad Tecnica Federico Santa Maria,2016,,montos_anid_con_industria,901505000,CLP,Parte adjudicada en instrumentos que suponen participación de empresas o transferencia,https://raw.githubusercontent.com/ANID-GITHUB/Historico-de-Proyectos-Adjudicados/master/BDH_HISTORICA.csv,2026-09-25T05:05:34+00:00,requests
anid,Universidad Tecnica Federico Santa Maria,2017,,montos_anid_adjudicados,6335056000,CLP,"Suma adjudicada por ANID en el año de fallo, en pesos nominales (la base publica miles de pesos; aquí se convierte)",https://raw.githubusercontent.com/ANID-GITHUB/Historico-de-Proyectos-Adjudicados/master/BDH_HISTORICA.csv,2026-09-25T05:05:34+00:00,requests
anid,Universidad Tecnica Federico Santa Maria,2017,,proyectos_anid_adjudicados,78,proyectos,Iniciativas adjudicadas en el año de fallo,https://raw.githubusercontent.com/ANID-GITHUB/Historico-de-Proyectos-Adjudicados/master/BDH_HISTORICA.csv,2026-09-25T05:05:34+00:00,requests
anid,Universidad Tecnica Federico Santa Maria,2017,,montos_anid_con_industria,673914000,CLP,Parte adjudicada en instrumentos que suponen participación de empresas o transferencia,https://raw.githubusercontent.com/ANID-GITHUB/Historico-de-Proyectos-Adjudicados/master/BDH_HISTORICA.csv,2026-09-25T05:05:34+00:00,requests
anid,Universidad Tecnica Federico Santa Maria,2018,,montos_anid_adjudicados,5803294000,CLP,"Suma adjudicada por ANID en el año de fallo, en pesos nominales (la base publica miles de pesos; aquí se convierte)",https://raw.githubusercontent.com/ANID-GITHUB/Historico-de-Proyectos-Adjudicados/master/BDH_HISTORICA.csv,2026-09-25T05:05:34+00:00,requests
anid,Universidad Tecnica Federico Santa Maria,2018,,proyectos_anid_adjudicados,64,proyectos,Iniciativas adjudicadas en el año de fallo,https://raw.githubusercontent.com/ANID-GITHUB/Historico-de-Proyectos-Adjudicados/master/BDH_HISTORICA.csv,2026-09-25T05:05:34+00:00,requests
anid,Universidad Tecnica Federico Santa Maria,2018,,montos_anid_con_industria,517977000,CLP,Parte adjudicada en instrumentos que suponen participación de empresas o transferencia,https://raw.githubusercontent.com/ANID-GITHUB/Historico-de-Proyectos-Adjudicados/master/BDH_HISTORICA.csv,2026-09-25T05:05:34+00:00,requests
anid,Universidad Tecnica Federico Santa Maria,2019,,montos_anid_adjudicados,11375524000,CLP,"Suma adjudicada por ANID en el año de fallo, en pesos nominales (la base publica miles de pesos; aquí se convierte)",https://raw.githubusercontent.com/ANID-GITHUB/Historico-de-Proyectos-Adjudicados/master/BDH_HISTORICA.csv,2026-09-25T05:05:34+00:00,requests
anid,Universidad Tecnica Federico Santa Maria,2019,,proyectos_anid_adjudicados,69,proyectos,Iniciativas adjudicadas en el año de fallo,https://raw.githubusercontent.com/ANID-GITHUB/Historico-de-Proyectos-Adjudicados/master/BDH_HISTORICA.csv,2026-09-25T05:05:34+00:00,requests
anid,Universidad Tecnica Federico Santa Maria,2019,,montos_anid_con_industria,1596287000,CLP,Parte adjudicada en instrumentos que suponen participación de empresas o transferencia,https://raw.githubusercontent.com/ANID-GITHUB/Historico-de-Proyectos-Adjudicados/master/BDH_HISTORICA.csv,2026-09-25T05:05:34+00:00,requests
anid,Universidad Tecnica Federico Santa Maria,2020,,montos_anid_adjudicados,7129322000,CLP,"Suma adjudicada por ANID en el año de fallo, en pesos nominales (la base publica miles de pesos; aquí se convierte)",https://raw.githubusercontent.com/ANID-GITHUB/Historico-de-Proyectos-Adjudicados/master/BDH_HISTORICA.csv,2026-09-25T05:05:34+00:00,requests
anid,Universidad Tecnica Federico Santa Maria,2020,,proyectos_anid_adjudicados,58,proyectos,Iniciativas adjudicadas en el año de fallo,https://raw.githubusercontent.com/ANID-GITHUB/Historico-de-Proyectos-Adjudicados/master/BDH_HISTORICA.csv,2026-09-25T05:05:34+00:00,requests
anid,Universidad Tecnica Federico Santa Maria,2020,,montos_anid_con_industria,1231689000,CLP,Parte adjudicada en instrumentos que suponen participación de empresas o transferencia,https://raw.githubusercontent.com/ANID-GITHUB/Historico-de-Proyectos-Adjudicados/master/BDH_HISTORICA.csv,2026-09-25T05:05:34+00:00,requests
anid,Universidad Tecnica Federico Santa Maria,2021,,montos_anid_adjudicados,7605710000,CLP,"Suma adjudicada por ANID en el año de fallo, en pesos nominales (la base publica miles de pesos; aquí se convierte)",https://raw.githubusercontent.com/ANID-GITHUB/Historico-de-Proyectos-Adjudicados/master/BDH_HISTORICA.csv,2026-09-25T05:05:34+00:00,requests
anid,Universidad Tecnica Federico Santa Maria,2021,,proyectos_anid_adjudicados,51,proyectos,Iniciativas adjudicadas en el año de fallo,https://raw.githubusercontent.com/ANID-GITHUB/Historico-de-Proyectos-Adjudicados/master/BDH_HISTORICA.csv,2026-09-25T05:05:34+00:00,requests
anid,Universidad Tecnica Federico Santa Maria,2021,,montos_anid_con_industria,698486000,CLP,Parte adjudicada en instrumentos que suponen participación de empresas o transferencia,https://raw.githubusercontent.com/ANID-GITHUB/Historico-de-Proyectos-Adjudicados/master/BDH_HISTORICA.csv,2026-09-25T05:05:34+00:00,requests
anid,Universidad Tecnica Federico Santa Maria,2022,,montos_anid_adjudicados,7440768000,CLP,"Suma adjudicada por ANID en el año de fallo, en pesos nominales (la base publica miles de pesos; aquí se convierte)",https://raw.githubusercontent.com/ANID-GITHUB/Historico-de-Proyectos-Adjudicados/master/BDH_HISTORICA.csv,2026-09-25T05:05:34+00:00,requests
anid,Universidad Tecnica Federico Santa Maria,2022,,proyectos_anid_adjudicados,54,proyectos,Iniciativas adjudicadas en el año de fallo,https://raw.githubusercontent.com/ANID-GITHUB/Historico-de-Proyectos-Adjudicados/master/BDH_HISTORICA.csv,2026-09-25T05:05:34+00:00,requests
anid,Universidad Tecnica Federico Santa Maria,2022,,montos_anid_con_industria,1282661000,CLP,Parte adjudicada en instrumentos que suponen participación de empresas o transferencia,https://raw.githubusercontent.com/ANID-GITHUB/Historico-de-Proyectos-Adjudicados/master/BDH_HISTORICA.csv,2026-09-25T05:05:34+00:00,requests
anid,Universidad Tecnica Federico Santa Maria,2023,,montos_anid_adjudicados,12417250000,CLP,"Suma adjudicada por ANID en el año de fallo, en pesos nominales (la base publica miles de pesos; aquí se convierte)",https://raw.githubusercontent.com/ANID-GITHUB/Historico-de-Proyectos-Adjudicados/master/BDH_HISTORICA.csv,2026-09-25T05:05:34+00:00,requests
anid,Universidad Tecnica Federico Santa Maria,2023,,proyectos_anid_adjudicados,77,proyectos,Iniciativas adjudicadas en el año de fallo,https://raw.githubusercontent.com/ANID-GITHUB/Historico-de-Proyectos-Adjudicados/master/BDH_HISTORICA.csv,2026-09-25T05:05:34+00:00,requests
anid,Universidad Tecnica Federico Santa Maria,2023,,montos_anid_con_industria,1491600000,CLP,Parte adjudicada en instrumentos que suponen participación de empresas o transferencia,https://raw.githubusercontent.com/ANID-GITHUB/Historico-de-Proyectos-Adjudicados/master/BDH_HISTORICA.csv,2026-09-25T05:05:34+00:00,requests
anid,Universidad Tecnica Federico Santa Maria,2024,,montos_anid_adjudicados,10344504000,CLP,"Suma adjudicada por ANID en el año de fallo, en pesos nominales (la base publica miles de pesos; aquí se convierte)",https://raw.githubusercontent.com/ANID-GITHUB/Historico-de-Proyectos-Adjudicados/master/BDH_HISTORICA.csv,2026-09-25T05:05:34+00:00,requests
anid,Universidad Tecnica Federico Santa Maria,2024,,proyectos_anid_adjudicados,55,proyectos,Iniciativas adjudicadas en el año de fallo,https://raw.githubusercontent.com/ANID-GITHUB/Historico-de-Proyectos-Adjudicados/master/BDH_HISTORICA.csv,2026-09-25T05:05:34+00:00,requests
anid,Universidad Tecnica Federico Santa Maria,2024,,montos_anid_con_industria,887700000,CLP,Parte adjudicada en instrumentos que suponen participación de empresas o transferencia,https://raw.githubusercontent.com/ANID-GITHUB/Historico-de-Proyectos-Adjudicados/master/BDH_HISTORICA.csv,2026-09-25T05:05:34+00:00,requests
anid,Universidad Tecnica Federico Santa Maria,2025,,montos_anid_adjudicados,40010485000,CLP,"Suma adjudicada por ANID en el año de fallo, en pesos nominales (la base publica miles de pesos; aquí se convierte)",https://raw.githubusercontent.com/ANID-GITHUB/Historico-de-Proyectos-Adjudicados/master/BDH_HISTORICA.csv,2026-09-25T05:05:34+00:00,requests
anid,Universidad Tecnica Federico Santa Maria,2025,,proyectos_anid_adjudicados,84,proyectos,Iniciativas adjudicadas en el año de fallo,https://raw.githubusercontent.com/ANID-GITHUB/Historico-de-Proyectos-Adjudicados/master/BDH_HISTORICA.csv,2026-09-25T05:05:34+00:00,requests
anid,Universidad Tecnica Federico Santa Maria,2025,,montos_anid_con_industria,2818006000,CLP,Parte adjudicada en instrumentos que suponen participación de empresas o transferencia,https://raw.githubusercontent.com/ANID-GITHUB/Historico-de-Proyectos-Adjudicados/master/BDH_HISTORICA.csv,2026-09-25T05:05:34+00:00,requests
anid,Universidad Tecnica Federico Santa Maria,2026,,montos_anid_adjudicados,5410081000,CLP,"Suma adjudicada por ANID en el año de fallo, en pesos nominales (la base publica miles de pesos; aquí se convierte)",https://raw.githubusercontent.com/ANID-GITHUB/Historico-de-Proyectos-Adjudicados/master/BDH_HISTORICA.csv,2026-09-25T05:05:34+00:00,requests
anid,Universidad Tecnica Federico Santa Maria,2026,,proyectos_anid_adjudicados,41,proyectos,Iniciativas adjudicadas en el año de fallo,https://raw.githubusercontent.com/ANID-GITHUB/Historico-de-Proyectos-Adjudicados/master/BDH_HISTORICA.csv,2026-09-25T05:05:34+00:00,requests
anid,Universidad Tecnica Federico Santa Maria,2026,,montos_anid_con_industria,683096000,CLP,Parte adjudicada en instrumentos que suponen participación de empresas o transferencia,https://raw.githubusercontent.com/ANID-GITHUB/Historico-de-Proyectos-Adjudicados/master/BDH_HISTORICA.csv,2026-09-25T05:05:34+00:00,requests
anid,Universidad Tecnologica Metropolitana,2015,,montos_anid_adjudicados,144716000,CLP,"Suma adjudicada por ANID en el año de fallo, en pesos nominales (la base publica miles de pesos; aquí se convierte)",https://raw.githubusercontent.com/ANID-GITHUB/Historico-de-Proyectos-Adjudicados/master/BDH_HISTORICA.csv,2026-09-25T05:05:34+00:00,requests
anid,Universidad Tecnologica Metropolitana,2015,,proyectos_anid_adjudicados,1,proyectos,Iniciativas adjudicadas en el año de fallo,https://raw.githubusercontent.com/ANID-GITHUB/Historico-de-Proyectos-Adjudicados/master/BDH_HISTORICA.csv,2026-09-25T05:05:34+00:00,requests
anid,Universidad Tecnologica Metropolitana,2016,,montos_anid_adjudicados,365965000,CLP,"Suma adjudicada por ANID en el año de fallo, en pesos nominales (la base publica miles de pesos; aquí se convierte)",https://raw.githubusercontent.com/ANID-GITHUB/Historico-de-Proyectos-Adjudicados/master/BDH_HISTORICA.csv,2026-09-25T05:05:34+00:00,requests
anid,Universidad Tecnologica Metropolitana,2016,,proyectos_anid_adjudicados,4,proyectos,Iniciativas adjudicadas en el año de fallo,https://raw.githubusercontent.com/ANID-GITHUB/Historico-de-Proyectos-Adjudicados/master/BDH_HISTORICA.csv,2026-09-25T05:05:34+00:00,requests
anid,Universidad Tecnologica Metropolitana,2017,,montos_anid_adjudicados,1017614000,CLP,"Suma adjudicada por ANID en el año de fallo, en pesos nominales (la base publica miles de pesos; aquí se convierte)",https://raw.githubusercontent.com/ANID-GITHUB/Historico-de-Proyectos-Adjudicados/master/BDH_HISTORICA.csv,2026-09-25T05:05:34+00:00,requests
anid,Universidad Tecnologica Metropolitana,2017,,proyectos_anid_adjudicados,12,proyectos,Iniciativas adjudicadas en el año de fallo,https://raw.githubusercontent.com/ANID-GITHUB/Historico-de-Proyectos-Adjudicados/master/BDH_HISTORICA.csv,2026-09-25T05:05:34+00:00,requests
anid,Universidad Tecnologica Metropolitana,2017,,montos_anid_con_industria,160000000,CLP,Parte adjudicada en instrumentos que suponen participación de empresas o transferencia,https://raw.githubusercontent.com/ANID-GITHUB/Historico-de-Proyectos-Adjudicados/master/BDH_HISTORICA.csv,2026-09-25T05:05:34+00:00,requests
anid,Universidad Tecnologica Metropolitana,2018,,montos_anid_adjudicados,568806000,CLP,"Suma adjudicada por ANID en el año de fallo, en pesos nominales (la base publica miles de pesos; aquí se convierte)",https://raw.githubusercontent.com/ANID-GITHUB/Historico-de-Proyectos-Adjudicados/master/BDH_HISTORICA.csv,2026-09-25T05:05:34+00:00,requests
anid,Universidad Tecnologica Metropolitana,2018,,proyectos_anid_adjudicados,3,proyectos,Iniciativas adjudicadas en el año de fallo,https://raw.githubusercontent.com/ANID-GITHUB/Historico-de-Proyectos-Adjudicados/master/BDH_HISTORICA.csv,2026-09-25T05:05:34+00:00,requests
anid,Universidad Tecnologica Metropolitana,2018,,montos_anid_con_industria,200000000,CLP,Parte adjudicada en instrumentos que suponen participación de empresas o transferencia,https://raw.githubusercontent.com/ANID-GITHUB/Historico-de-Proyectos-Adjudicados/master/BDH_HISTORICA.csv,2026-09-25T05:05:34+00:00,requests
anid,Universidad Tecnologica Metropolitana,2019,,montos_anid_adjudicados,488881000,CLP,"Suma adjudicada por ANID en el año de fallo, en pesos nominales (la base publica miles de pesos; aquí se convierte)",https://raw.githubusercontent.com/ANID-GITHUB/Historico-de-Proyectos-Adjudicados/master/BDH_HISTORICA.csv,2026-09-25T05:05:34+00:00,requests
anid,Universidad Tecnologica Metropolitana,2019,,proyectos_anid_adjudicados,6,proyectos,Iniciativas adjudicadas en el año de fallo,https://raw.githubusercontent.com/ANID-GITHUB/Historico-de-Proyectos-Adjudicados/master/BDH_HISTORICA.csv,2026-09-25T05:05:34+00:00,requests
anid,Universidad Tecnologica Metropolitana,2019,,montos_anid_con_industria,2000000,CLP,Parte adjudicada en instrumentos que suponen participación de empresas o transferencia,https://raw.githubusercontent.com/ANID-GITHUB/Historico-de-Proyectos-Adjudicados/master/BDH_HISTORICA.csv,2026-09-25T05:05:34+00:00,requests
anid,Universidad Tecnologica Metropolitana,2020,,montos_anid_adjudicados,1104758000,CLP,"Suma adjudicada por ANID en el año de fallo, en pesos nominales (la base publica miles de pesos; aquí se convierte)",https://raw.githubusercontent.com/ANID-GITHUB/Historico-de-Proyectos-Adjudicados/master/BDH_HISTORICA.csv,2026-09-25T05:05:34+00:00,requests
anid,Universidad Tecnologica Metropolitana,2020,,proyectos_anid_adjudicados,10,proyectos,Iniciativas adjudicadas en el año de fallo,https://raw.githubusercontent.com/ANID-GITHUB/Historico-de-Proyectos-Adjudicados/master/BDH_HISTORICA.csv,2026-09-25T05:05:34+00:00,requests
anid,Universidad Tecnologica Metropolitana,2020,,montos_anid_con_industria,24000000,CLP,Parte adjudicada en instrumentos que suponen participación de empresas o transferencia,https://raw.githubusercontent.com/ANID-GITHUB/Historico-de-Proyectos-Adjudicados/master/BDH_HISTORICA.csv,2026-09-25T05:05:34+00:00,requests
anid,Universidad Tecnologica Metropolitana,2021,,montos_anid_adjudicados,2203597000,CLP,"Suma adjudicada por ANID en el año de fallo, en pesos nominales (la base publica miles de pesos; aquí se convierte)",https://raw.githubusercontent.com/ANID-GITHUB/Historico-de-Proyectos-Adjudicados/master/BDH_HISTORICA.csv,2026-09-25T05:05:34+00:00,requests
anid,Universidad Tecnologica Metropolitana,2021,,proyectos_anid_adjudicados,9,proyectos,Iniciativas adjudicadas en el año de fallo,https://raw.githubusercontent.com/ANID-GITHUB/Historico-de-Proyectos-Adjudicados/master/BDH_HISTORICA.csv,2026-09-25T05:05:34+00:00,requests
anid,Universidad Tecnologica Metropolitana,2021,,montos_anid_con_industria,199914000,CLP,Parte adjudicada en instrumentos que suponen participación de empresas o transferencia,https://raw.githubusercontent.com/ANID-GITHUB/Historico-de-Proyectos-Adjudicados/master/BDH_HISTORICA.csv,2026-09-25T05:05:34+00:00,requests
anid,Universidad Tecnologica Metropolitana,2022,,montos_anid_adjudicados,1934781000,CLP,"Suma adjudicada por ANID en el año de fallo, en pesos nominales (la base publica miles de pesos; aquí se convierte)",https://raw.githubusercontent.com/ANID-GITHUB/Historico-de-Proyectos-Adjudicados/master/BDH_HISTORICA.csv,2026-09-25T05:05:34+00:00,requests
anid,Universidad Tecnologica Metropolitana,2022,,proyectos_anid_adjudicados,15,proyectos,Iniciativas adjudicadas en el año de fallo,https://raw.githubusercontent.com/ANID-GITHUB/Historico-de-Proyectos-Adjudicados/master/BDH_HISTORICA.csv,2026-09-25T05:05:34+00:00,requests
anid,Universidad Tecnologica Metropolitana,2022,,montos_anid_con_industria,200000000,CLP,Parte adjudicada en instrumentos que suponen participación de empresas o transferencia,https://raw.githubusercontent.com/ANID-GITHUB/Historico-de-Proyectos-Adjudicados/master/BDH_HISTORICA.csv,2026-09-25T05:05:34+00:00,requests
anid,Universidad Tecnologica Metropolitana,2023,,montos_anid_adjudicados,1794913000,CLP,"Suma adjudicada por ANID en el año de fallo, en pesos nominales (la base publica miles de pesos; aquí se convierte)",https://raw.githubusercontent.com/ANID-GITHUB/Historico-de-Proyectos-Adjudicados/master/BDH_HISTORICA.csv,2026-09-25T05:05:34+00:00,requests
anid,Universidad Tecnologica Metropolitana,2023,,proyectos_anid_adjudicados,13,proyectos,Iniciativas adjudicadas en el año de fallo,https://raw.githubusercontent.com/ANID-GITHUB/Historico-de-Proyectos-Adjudicados/master/BDH_HISTORICA.csv,2026-09-25T05:05:34+00:00,requests
anid,Universidad Tecnologica Metropolitana,2023,,montos_anid_con_industria,400000000,CLP,Parte adjudicada en instrumentos que suponen participación de empresas o transferencia,https://raw.githubusercontent.com/ANID-GITHUB/Historico-de-Proyectos-Adjudicados/master/BDH_HISTORICA.csv,2026-09-25T05:05:34+00:00,requests
anid,Universidad Tecnologica Metropolitana,2024,,montos_anid_adjudicados,1289735000,CLP,"Suma adjudicada por ANID en el año de fallo, en pesos nominales (la base publica miles de pesos; aquí se convierte)",https://raw.githubusercontent.com/ANID-GITHUB/Historico-de-Proyectos-Adjudicados/master/BDH_HISTORICA.csv,2026-09-25T05:05:34+00:00,requests
anid,Universidad Tecnologica Metropolitana,2024,,proyectos_anid_adjudicados,11,proyectos,Iniciativas adjudicadas en el año de fallo,https://raw.githubusercontent.com/ANID-GITHUB/Historico-de-Proyectos-Adjudicados/master/BDH_HISTORICA.csv,2026-09-25T05:05:34+00:00,requests
anid,Universidad Tecnologica Metropolitana,2024,,montos_anid_con_industria,36000000,CLP,Parte adjudicada en instrumentos que suponen participación de empresas o transferencia,https://raw.githubusercontent.com/ANID-GITHUB/Historico-de-Proyectos-Adjudicados/master/BDH_HISTORICA.csv,2026-09-25T05:05:34+00:00,requests
anid,Universidad Tecnologica Metropolitana,2025,,montos_anid_adjudicados,5813355000,CLP,"Suma adjudicada por ANID en el año de fallo, en pesos nominales (la base publica miles de pesos; aquí se convierte)",https://raw.githubusercontent.com/ANID-GITHUB/Historico-de-Proyectos-Adjudicados/master/BDH_HISTORICA.csv,2026-09-25T05:05:34+00:00,requests
anid,Universidad Tecnologica Metropolitana,2025,,proyectos_anid_adjudicados,19,proyectos,Iniciativas adjudicadas en el año de fallo,https://raw.githubusercontent.com/ANID-GITHUB/Historico-de-Proyectos-Adjudicados/master/BDH_HISTORICA.csv,2026-09-25T05:05:34+00:00,requests
anid,Universidad Tecnologica Metropolitana,2025,,montos_anid_con_industria,43000000,CLP,Parte adjudicada en instrumentos que suponen participación de empresas o transferencia,https://raw.githubusercontent.com/ANID-GITHUB/Historico-de-Proyectos-Adjudicados/master/BDH_HISTORICA.csv,2026-09-25T05:05:34+00:00,requests
anid,Universidad Tecnologica Metropolitana,2026,,montos_anid_adjudicados,2543726000,CLP,"Suma adjudicada por ANID en el año de fallo, en pesos nominales (la base publica miles de pesos; aquí se convierte)",https://raw.githubusercontent.com/ANID-GITHUB/Historico-de-Proyectos-Adjudicados/master/BDH_HISTORICA.csv,2026-09-25T05:05:34+00:00,requests
anid,Universidad Tecnologica Metropolitana,2026,,proyectos_anid_adjudicados,17,proyectos,Iniciativas adjudicadas en el año de fallo,https://raw.githubusercontent.com/ANID-GITHUB/Historico-de-Proyectos-Adjudicados/master/BDH_HISTORICA.csv,2026-09-25T05:05:34+00:00,requests
anid,Universidad Tecnologica Metropolitana,2026,,montos_anid_con_industria,455400000,CLP,Parte adjudicada en instrumentos que suponen participación de empresas o transferencia,https://raw.githubusercontent.com/ANID-GITHUB/Historico-de-Proyectos-Adjudicados/master/BDH_HISTORICA.csv,2026-09-25T05:05:34+00:00,requests
anid,Universidad de Antofagasta,2015,,montos_anid_adjudicados,1221224000,CLP,"Suma adjudicada por ANID en el año de fallo, en pesos nominales (la base publica miles de pesos; aquí se convierte)",https://raw.githubusercontent.com/ANID-GITHUB/Historico-de-Proyectos-Adjudicados/master/BDH_HISTORICA.csv,2026-09-25T05:05:34+00:00,requests
anid,Universidad de Antofagasta,2015,,proyectos_anid_adjudicados,18,proyectos,Iniciativas adjudicadas en el año de fallo,https://raw.githubusercontent.com/ANID-GITHUB/Historico-de-Proyectos-Adjudicados/master/BDH_HISTORICA.csv,2026-09-25T05:05:34+00:00,requests
anid,Universidad de Antofagasta,2015,,montos_anid_con_industria,180000000,CLP,Parte adjudicada en instrumentos que suponen participación de empresas o transferencia,https://raw.githubusercontent.com/ANID-GITHUB/Historico-de-Proyectos-Adjudicados/master/BDH_HISTORICA.csv,2026-09-25T05:05:34+00:00,requests
anid,Universidad de Antofagasta,2016,,montos_anid_adjudicados,1866578000,CLP,"Suma adjudicada por ANID en el año de fallo, en pesos nominales (la base publica miles de pesos; aquí se convierte)",https://raw.githubusercontent.com/ANID-GITHUB/Historico-de-Proyectos-Adjudicados/master/BDH_HISTORICA.csv,2026-09-25T05:05:34+00:00,requests
anid,Universidad de Antofagasta,2016,,proyectos_anid_adjudicados,25,proyectos,Iniciativas adjudicadas en el año de fallo,https://raw.githubusercontent.com/ANID-GITHUB/Historico-de-Proyectos-Adjudicados/master/BDH_HISTORICA.csv,2026-09-25T05:05:34+00:00,requests
anid,Universidad de Antofagasta,2016,,montos_anid_con_industria,699730000,CLP,Parte adjudicada en instrumentos que suponen participación de empresas o transferencia,https://raw.githubusercontent.com/ANID-GITHUB/Historico-de-Proyectos-Adjudicados/master/BDH_HISTORICA.csv,2026-09-25T05:05:34+00:00,requests
anid,Universidad de Antofagasta,2017,,montos_anid_adjudicados,2707486000,CLP,"Suma adjudicada por ANID en el año de fallo, en pesos nominales (la base publica miles de pesos; aquí se convierte)",https://raw.githubusercontent.com/ANID-GITHUB/Historico-de-Proyectos-Adjudicados/master/BDH_HISTORICA.csv,2026-09-25T05:05:34+00:00,requests
anid,Universidad de Antofagasta,2017,,proyectos_anid_adjudicados,25,proyectos,Iniciativas adjudicadas en el año de fallo,https://raw.githubusercontent.com/ANID-GITHUB/Historico-de-Proyectos-Adjudicados/master/BDH_HISTORICA.csv,2026-09-25T05:05:34+00:00,requests
anid,Universidad de Antofagasta,2017,,montos_anid_con_industria,815105000,CLP,Parte adjudicada en instrumentos que suponen participación de empresas o transferencia,https://raw.githubusercontent.com/ANID-GITHUB/Historico-de-Proyectos-Adjudicados/master/BDH_HISTORICA.csv,2026-09-25T05:05:34+00:00,requests
anid,Universidad de Antofagasta,2018,,montos_anid_adjudicados,1738832000,CLP,"Suma adjudicada por ANID en el año de fallo, en pesos nominales (la base publica miles de pesos; aquí se convierte)",https://raw.githubusercontent.com/ANID-GITHUB/Historico-de-Proyectos-Adjudicados/master/BDH_HISTORICA.csv,2026-09-25T05:05:34+00:00,requests
anid,Universidad de Antofagasta,2018,,proyectos_anid_adjudicados,17,proyectos,Iniciativas adjudicadas en el año de fallo,https://raw.githubusercontent.com/ANID-GITHUB/Historico-de-Proyectos-Adjudicados/master/BDH_HISTORICA.csv,2026-09-25T05:05:34+00:00,requests
anid,Universidad de Antofagasta,2018,,montos_anid_con_industria,669310000,CLP,Parte adjudicada en instrumentos que suponen participación de empresas o transferencia,https://raw.githubusercontent.com/ANID-GITHUB/Historico-de-Proyectos-Adjudicados/master/BDH_HISTORICA.csv,2026-09-25T05:05:34+00:00,requests
anid,Universidad de Antofagasta,2019,,montos_anid_adjudicados,1481445000,CLP,"Suma adjudicada por ANID en el año de fallo, en pesos nominales (la base publica miles de pesos; aquí se convierte)",https://raw.githubusercontent.com/ANID-GITHUB/Historico-de-Proyectos-Adjudicados/master/BDH_HISTORICA.csv,2026-09-25T05:05:34+00:00,requests
anid,Universidad de Antofagasta,2019,,proyectos_anid_adjudicados,17,proyectos,Iniciativas adjudicadas en el año de fallo,https://raw.githubusercontent.com/ANID-GITHUB/Historico-de-Proyectos-Adjudicados/master/BDH_HISTORICA.csv,2026-09-25T05:05:34+00:00,requests
anid,Universidad de Antofagasta,2019,,montos_anid_con_industria,376000000,CLP,Parte adjudicada en instrumentos que suponen participación de empresas o transferencia,https://raw.githubusercontent.com/ANID-GITHUB/Historico-de-Proyectos-Adjudicados/master/BDH_HISTORICA.csv,2026-09-25T05:05:34+00:00,requests
anid,Universidad de Antofagasta,2020,,montos_anid_adjudicados,1521845000,CLP,"Suma adjudicada por ANID en el año de fallo, en pesos nominales (la base publica miles de pesos; aquí se convierte)",https://raw.githubusercontent.com/ANID-GITHUB/Historico-de-Proyectos-Adjudicados/master/BDH_HISTORICA.csv,2026-09-25T05:05:34+00:00,requests
anid,Universidad de Antofagasta,2020,,proyectos_anid_adjudicados,12,proyectos,Iniciativas adjudicadas en el año de fallo,https://raw.githubusercontent.com/ANID-GITHUB/Historico-de-Proyectos-Adjudicados/master/BDH_HISTORICA.csv,2026-09-25T05:05:34+00:00,requests
anid,Universidad de Antofagasta,2020,,montos_anid_con_industria,859094000,CLP,Parte adjudicada en instrumentos que suponen participación de empresas o transferencia,https://raw.githubusercontent.com/ANID-GITHUB/Historico-de-Proyectos-Adjudicados/master/BDH_HISTORICA.csv,2026-09-25T05:05:34+00:00,requests
anid,Universidad de Antofagasta,2021,,montos_anid_adjudicados,3315348000,CLP,"Suma adjudicada por ANID en el año de fallo, en pesos nominales (la base publica miles de pesos; aquí se convierte)",https://raw.githubusercontent.com/ANID-GITHUB/Historico-de-Proyectos-Adjudicados/master/BDH_HISTORICA.csv,2026-09-25T05:05:34+00:00,requests
anid,Universidad de Antofagasta,2021,,proyectos_anid_adjudicados,28,proyectos,Iniciativas adjudicadas en el año de fallo,https://raw.githubusercontent.com/ANID-GITHUB/Historico-de-Proyectos-Adjudicados/master/BDH_HISTORICA.csv,2026-09-25T05:05:34+00:00,requests
anid,Universidad de Antofagasta,2021,,montos_anid_con_industria,690000000,CLP,Parte adjudicada en instrumentos que suponen participación de empresas o transferencia,https://raw.githubusercontent.com/ANID-GITHUB/Historico-de-Proyectos-Adjudicados/master/BDH_HISTORICA.csv,2026-09-25T05:05:34+00:00,requests
anid,Universidad de Antofagasta,2022,,montos_anid_adjudicados,2235996000,CLP,"Suma adjudicada por ANID en el año de fallo, en pesos nominales (la base publica miles de pesos; aquí se convierte)",https://raw.githubusercontent.com/ANID-GITHUB/Historico-de-Proyectos-Adjudicados/master/BDH_HISTORICA.csv,2026-09-25T05:05:34+00:00,requests
anid,Universidad de Antofagasta,2022,,proyectos_anid_adjudicados,12,proyectos,Iniciativas adjudicadas en el año de fallo,https://raw.githubusercontent.com/ANID-GITHUB/Historico-de-Proyectos-Adjudicados/master/BDH_HISTORICA.csv,2026-09-25T05:05:34+00:00,requests
anid,Universidad de Antofagasta,2022,,montos_anid_con_industria,799706000,CLP,Parte adjudicada en instrumentos que suponen participación de empresas o transferencia,https://raw.githubusercontent.com/ANID-GITHUB/Historico-de-Proyectos-Adjudicados/master/BDH_HISTORICA.csv,2026-09-25T05:05:34+00:00,requests
anid,Universidad de Antofagasta,2023,,montos_anid_adjudicados,3281714000,CLP,"Suma adjudicada por ANID en el año de fallo, en pesos nominales (la base publica miles de pesos; aquí se convierte)",https://raw.githubusercontent.com/ANID-GITHUB/Historico-de-Proyectos-Adjudicados/master/BDH_HISTORICA.csv,2026-09-25T05:05:34+00:00,requests
anid,Universidad de Antofagasta,2023,,proyectos_anid_adjudicados,21,proyectos,Iniciativas adjudicadas en el año de fallo,https://raw.githubusercontent.com/ANID-GITHUB/Historico-de-Proyectos-Adjudicados/master/BDH_HISTORICA.csv,2026-09-25T05:05:34+00:00,requests
anid,Universidad de Antofagasta,2023,,montos_anid_con_industria,821518000,CLP,Parte adjudicada en instrumentos que suponen participación de empresas o transferencia,https://raw.githubusercontent.com/ANID-GITHUB/Historico-de-Proyectos-Adjudicados/master/BDH_HISTORICA.csv,2026-09-25T05:05:34+00:00,requests
anid,Universidad de Antofagasta,2024,,montos_anid_adjudicados,3303092000,CLP,"Suma adjudicada por ANID en el año de fallo, en pesos nominales (la base publica miles de pesos; aquí se convierte)",https://raw.githubusercontent.com/ANID-GITHUB/Historico-de-Proyectos-Adjudicados/master/BDH_HISTORICA.csv,2026-09-25T05:05:34+00:00,requests
anid,Universidad de Antofagasta,2024,,proyectos_anid_adjudicados,19,proyectos,Iniciativas adjudicadas en el año de fallo,https://raw.githubusercontent.com/ANID-GITHUB/Historico-de-Proyectos-Adjudicados/master/BDH_HISTORICA.csv,2026-09-25T05:05:34+00:00,requests
anid,Universidad de Antofagasta,2024,,montos_anid_con_industria,1193496000,CLP,Parte adjudicada en instrumentos que suponen participación de empresas o transferencia,https://raw.githubusercontent.com/ANID-GITHUB/Historico-de-Proyectos-Adjudicados/master/BDH_HISTORICA.csv,2026-09-25T05:05:34+00:00,requests
anid,Universidad de Antofagasta,2025,,montos_anid_adjudicados,3672832000,CLP,"Suma adjudicada por ANID en el año de fallo, en pesos nominales (la base publica miles de pesos; aquí se convierte)",https://raw.githubusercontent.com/ANID-GITHUB/Historico-de-Proyectos-Adjudicados/master/BDH_HISTORICA.csv,2026-09-25T05:05:34+00:00,requests
anid,Universidad de Antofagasta,2025,,proyectos_anid_adjudicados,19,proyectos,Iniciativas adjudicadas en el año de fallo,https://raw.githubusercontent.com/ANID-GITHUB/Historico-de-Proyectos-Adjudicados/master/BDH_HISTORICA.csv,2026-09-25T05:05:34+00:00,requests
anid,Universidad de Antofagasta,2025,,montos_anid_con_industria,945255000,CLP,Parte adjudicada en instrumentos que suponen participación de empresas o transferencia,https://raw.githubusercontent.com/ANID-GITHUB/Historico-de-Proyectos-Adjudicados/master/BDH_HISTORICA.csv,2026-09-25T05:05:34+00:00,requests
anid,Universidad de Antofagasta,2026,,montos_anid_adjudicados,765369000,CLP,"Suma adjudicada por ANID en el año de fallo, en pesos nominales (la base publica miles de pesos; aquí se convierte)",https://raw.githubusercontent.com/ANID-GITHUB/Historico-de-Proyectos-Adjudicados/master/BDH_HISTORICA.csv,2026-09-25T05:05:34+00:00,requests
anid,Universidad de Antofagasta,2026,,proyectos_anid_adjudicados,7,proyectos,Iniciativas adjudicadas en el año de fallo,https://raw.githubusercontent.com/ANID-GITHUB/Historico-de-Proyectos-Adjudicados/master/BDH_HISTORICA.csv,2026-09-25T05:05:34+00:00,requests
anid,"Universidad de Artes, Ciencias y Comunicacion",2026,,montos_anid_adjudicados,175549000,CLP,"Suma adjudicada por ANID en el año de fallo, en pesos nominales (la base publica miles de pesos; aquí se convierte)",https://raw.githubusercontent.com/ANID-GITHUB/Historico-de-Proyectos-Adjudicados/master/BDH_HISTORICA.csv,2026-09-25T05:05:34+00:00,requests
anid,"Universidad de Artes, Ciencias y Comunicacion",2026,,proyectos_anid_adjudicados,2,proyectos,Iniciativas adjudicadas en el año de fallo,https://raw.githubusercontent.com/ANID-GITHUB/Historico-de-Proyectos-Adjudicados/master/BDH_HISTORICA.csv,2026-09-25T05:05:34+00:00,requests
anid,Universidad de Atacama,2015,,montos_anid_adjudicados,589676000,CLP,"Suma adjudicada por ANID en el año de fallo, en pesos nominales (la base publica miles de pesos; aquí se convierte)",https://raw.githubusercontent.com/ANID-GITHUB/Historico-de-Proyectos-Adjudicados/master/BDH_HISTORICA.csv,2026-09-25T05:05:34+00:00,requests
anid,Universidad de Atacama,2015,,proyectos_anid_adjudicados,9,proyectos,Iniciativas adjudicadas en el año de fallo,https://raw.githubusercontent.com/ANID-GITHUB/Historico-de-Proyectos-Adjudicados/master/BDH_HISTORICA.csv,2026-09-25T05:05:34+00:00,requests
anid,Universidad de Atacama,2016,,montos_anid_adjudicados,768462000,CLP,"Suma adjudicada por ANID en el año de fallo, en pesos nominales (la base publica miles de pesos; aquí se convierte)",https://raw.githubusercontent.com/ANID-GITHUB/Historico-de-Proyectos-Adjudicados/master/BDH_HISTORICA.csv,2026-09-25T05:05:34+00:00,requests
anid,Universidad de Atacama,2016,,proyectos_anid_adjudicados,7,proyectos,Iniciativas adjudicadas en el año de fallo,https://raw.githubusercontent.com/ANID-GITHUB/Historico-de-Proyectos-Adjudicados/master/BDH_HISTORICA.csv,2026-09-25T05:05:34+00:00,requests
anid,Universidad de Atacama,2017,,montos_anid_adjudicados,79985000,CLP,"Suma adjudicada por ANID en el año de fallo, en pesos nominales (la base publica miles de pesos; aquí se convierte)",https://raw.githubusercontent.com/ANID-GITHUB/Historico-de-Proyectos-Adjudicados/master/BDH_HISTORICA.csv,2026-09-25T05:05:34+00:00,requests
anid,Universidad de Atacama,2017,,proyectos_anid_adjudicados,3,proyectos,Iniciativas adjudicadas en el año de fallo,https://raw.githubusercontent.com/ANID-GITHUB/Historico-de-Proyectos-Adjudicados/master/BDH_HISTORICA.csv,2026-09-25T05:05:34+00:00,requests
anid,Universidad de Atacama,2018,,montos_anid_adjudicados,195374000,CLP,"Suma adjudicada por ANID en el año de fallo, en pesos nominales (la base publica miles de pesos; aquí se convierte)",https://raw.githubusercontent.com/ANID-GITHUB/Historico-de-Proyectos-Adjudicados/master/BDH_HISTORICA.csv,2026-09-25T05:05:34+00:00,requests
anid,Universidad de Atacama,2018,,proyectos_anid_adjudicados,2,proyectos,Iniciativas adjudicadas en el año de fallo,https://raw.githubusercontent.com/ANID-GITHUB/Historico-de-Proyectos-Adjudicados/master/BDH_HISTORICA.csv,2026-09-25T05:05:34+00:00,requests
anid,Universidad de Atacama,2019,,montos_anid_adjudicados,723159000,CLP,"Suma adjudicada por ANID en el año de fallo, en pesos nominales (la base publica miles de pesos; aquí se convierte)",https://raw.githubusercontent.com/ANID-GITHUB/Historico-de-Proyectos-Adjudicados/master/BDH_HISTORICA.csv,2026-09-25T05:05:34+00:00,requests
anid,Universidad de Atacama,2019,,proyectos_anid_adjudicados,12,proyectos,Iniciativas adjudicadas en el año de fallo,https://raw.githubusercontent.com/ANID-GITHUB/Historico-de-Proyectos-Adjudicados/master/BDH_HISTORICA.csv,2026-09-25T05:05:34+00:00,requests
anid,Universidad de Atacama,2019,,montos_anid_con_industria,4000000,CLP,Parte adjudicada en instrumentos que suponen participación de empresas o transferencia,https://raw.githubusercontent.com/ANID-GITHUB/Historico-de-Proyectos-Adjudicados/master/BDH_HISTORICA.csv,2026-09-25T05:05:34+00:00,requests
anid,Universidad de Atacama,2020,,montos_anid_adjudicados,725838000,CLP,"Suma adjudicada por ANID en el año de fallo, en pesos nominales (la base publica miles de pesos; aquí se convierte)",https://raw.githubusercontent.com/ANID-GITHUB/Historico-de-Proyectos-Adjudicados/master/BDH_HISTORICA.csv,2026-09-25T05:05:34+00:00,requests
anid,Universidad de Atacama,2020,,proyectos_anid_adjudicados,9,proyectos,Iniciativas adjudicadas en el año de fallo,https://raw.githubusercontent.com/ANID-GITHUB/Historico-de-Proyectos-Adjudicados/master/BDH_HISTORICA.csv,2026-09-25T05:05:34+00:00,requests
anid,Universidad de Atacama,2021,,montos_anid_adjudicados,854708000,CLP,"Suma adjudicada por ANID en el año de fallo, en pesos nominales (la base publica miles de pesos; aquí se convierte)",https://raw.githubusercontent.com/ANID-GITHUB/Historico-de-Proyectos-Adjudicados/master/BDH_HISTORICA.csv,2026-09-25T05:05:34+00:00,requests
anid,Universidad de Atacama,2021,,proyectos_anid_adjudicados,11,proyectos,Iniciativas adjudicadas en el año de fallo,https://raw.githubusercontent.com/ANID-GITHUB/Historico-de-Proyectos-Adjudicados/master/BDH_HISTORICA.csv,2026-09-25T05:05:34+00:00,requests
anid,Universidad de Atacama,2022,,montos_anid_adjudicados,2098981000,CLP,"Suma adjudicada por ANID en el año de fallo, en pesos nominales (la base publica miles de pesos; aquí se convierte)",https://raw.githubusercontent.com/ANID-GITHUB/Historico-de-Proyectos-Adjudicados/master/BDH_HISTORICA.csv,2026-09-25T05:05:34+00:00,requests
anid,Universidad de Atacama,2022,,proyectos_anid_adjudicados,16,proyectos,Iniciativas adjudicadas en el año de fallo,https://raw.githubusercontent.com/ANID-GITHUB/Historico-de-Proyectos-Adjudicados/master/BDH_HISTORICA.csv,2026-09-25T05:05:34+00:00,requests
anid,Universidad de Atacama,2022,,montos_anid_con_industria,170487000,CLP,Parte adjudicada en instrumentos que suponen participación de empresas o transferencia,https://raw.githubusercontent.com/ANID-GITHUB/Historico-de-Proyectos-Adjudicados/master/BDH_HISTORICA.csv,2026-09-25T05:05:34+00:00,requests
anid,Universidad de Atacama,2023,,montos_anid_adjudicados,2251190000,CLP,"Suma adjudicada por ANID en el año de fallo, en pesos nominales (la base publica miles de pesos; aquí se convierte)",https://raw.githubusercontent.com/ANID-GITHUB/Historico-de-Proyectos-Adjudicados/master/BDH_HISTORICA.csv,2026-09-25T05:05:34+00:00,requests
anid,Universidad de Atacama,2023,,proyectos_anid_adjudicados,15,proyectos,Iniciativas adjudicadas en el año de fallo,https://raw.githubusercontent.com/ANID-GITHUB/Historico-de-Proyectos-Adjudicados/master/BDH_HISTORICA.csv,2026-09-25T05:05:34+00:00,requests
anid,Universidad de Atacama,2023,,montos_anid_con_industria,191910000,CLP,Parte adjudicada en instrumentos que suponen participación de empresas o transferencia,https://raw.githubusercontent.com/ANID-GITHUB/Historico-de-Proyectos-Adjudicados/master/BDH_HISTORICA.csv,2026-09-25T05:05:34+00:00,requests
anid,Universidad de Atacama,2024,,montos_anid_adjudicados,2157735550,CLP,"Suma adjudicada por ANID en el año de fallo, en pesos nominales (la base publica miles de pesos; aquí se convierte)",https://raw.githubusercontent.com/ANID-GITHUB/Historico-de-Proyectos-Adjudicados/master/BDH_HISTORICA.csv,2026-09-25T05:05:34+00:00,requests
anid,Universidad de Atacama,2024,,proyectos_anid_adjudicados,12,proyectos,Iniciativas adjudicadas en el año de fallo,https://raw.githubusercontent.com/ANID-GITHUB/Historico-de-Proyectos-Adjudicados/master/BDH_HISTORICA.csv,2026-09-25T05:05:34+00:00,requests
anid,Universidad de Atacama,2024,,montos_anid_con_industria,227627550,CLP,Parte adjudicada en instrumentos que suponen participación de empresas o transferencia,https://raw.githubusercontent.com/ANID-GITHUB/Historico-de-Proyectos-Adjudicados/master/BDH_HISTORICA.csv,2026-09-25T05:05:34+00:00,requests
anid,Universidad de Atacama,2025,,montos_anid_adjudicados,2472382000,CLP,"Suma adjudicada por ANID en el año de fallo, en pesos nominales (la base publica miles de pesos; aquí se convierte)",https://raw.githubusercontent.com/ANID-GITHUB/Historico-de-Proyectos-Adjudicados/master/BDH_HISTORICA.csv,2026-09-25T05:05:34+00:00,requests
anid,Universidad de Atacama,2025,,proyectos_anid_adjudicados,10,proyectos,Iniciativas adjudicadas en el año de fallo,https://raw.githubusercontent.com/ANID-GITHUB/Historico-de-Proyectos-Adjudicados/master/BDH_HISTORICA.csv,2026-09-25T05:05:34+00:00,requests
anid,Universidad de Atacama,2025,,montos_anid_con_industria,236534000,CLP,Parte adjudicada en instrumentos que suponen participación de empresas o transferencia,https://raw.githubusercontent.com/ANID-GITHUB/Historico-de-Proyectos-Adjudicados/master/BDH_HISTORICA.csv,2026-09-25T05:05:34+00:00,requests
anid,Universidad de Atacama,2026,,montos_anid_adjudicados,711012000,CLP,"Suma adjudicada por ANID en el año de fallo, en pesos nominales (la base publica miles de pesos; aquí se convierte)",https://raw.githubusercontent.com/ANID-GITHUB/Historico-de-Proyectos-Adjudicados/master/BDH_HISTORICA.csv,2026-09-25T05:05:34+00:00,requests
anid,Universidad de Atacama,2026,,proyectos_anid_adjudicados,5,proyectos,Iniciativas adjudicadas en el año de fallo,https://raw.githubusercontent.com/ANID-GITHUB/Historico-de-Proyectos-Adjudicados/master/BDH_HISTORICA.csv,2026-09-25T05:05:34+00:00,requests
anid,Universidad de Chile,2015,,montos_anid_adjudicados,63642874000,CLP,"Suma adjudicada por ANID en el año de fallo, en pesos nominales (la base publica miles de pesos; aquí se convierte)",https://raw.githubusercontent.com/ANID-GITHUB/Historico-de-Proyectos-Adjudicados/master/BDH_HISTORICA.csv,2026-09-25T05:05:34+00:00,requests
anid,Universidad de Chile,2015,,proyectos_anid_adjudicados,345,proyectos,Iniciativas adjudicadas en el año de fallo,https://raw.githubusercontent.com/ANID-GITHUB/Historico-de-Proyectos-Adjudicados/master/BDH_HISTORICA.csv,2026-09-25T05:05:34+00:00,requests
anid,Universidad de Chile,2015,,montos_anid_con_industria,24095904000,CLP,Parte adjudicada en instrumentos que suponen participación de empresas o transferencia,https://raw.githubusercontent.com/ANID-GITHUB/Historico-de-Proyectos-Adjudicados/master/BDH_HISTORICA.csv,2026-09-25T05:05:34+00:00,requests
anid,Universidad de Chile,2016,,montos_anid_adjudicados,34958849000,CLP,"Suma adjudicada por ANID en el año de fallo, en pesos nominales (la base publica miles de pesos; aquí se convierte)",https://raw.githubusercontent.com/ANID-GITHUB/Historico-de-Proyectos-Adjudicados/master/BDH_HISTORICA.csv,2026-09-25T05:05:34+00:00,requests
anid,Universidad de Chile,2016,,proyectos_anid_adjudicados,353,proyectos,Iniciativas adjudicadas en el año de fallo,https://raw.githubusercontent.com/ANID-GITHUB/Historico-de-Proyectos-Adjudicados/master/BDH_HISTORICA.csv,2026-09-25T05:05:34+00:00,requests
anid,Universidad de Chile,2016,,montos_anid_con_industria,5408794000,CLP,Parte adjudicada en instrumentos que suponen participación de empresas o transferencia,https://raw.githubusercontent.com/ANID-GITHUB/Historico-de-Proyectos-Adjudicados/master/BDH_HISTORICA.csv,2026-09-25T05:05:34+00:00,requests
anid,Universidad de Chile,2017,,montos_anid_adjudicados,33240856000,CLP,"Suma adjudicada por ANID en el año de fallo, en pesos nominales (la base publica miles de pesos; aquí se convierte)",https://raw.githubusercontent.com/ANID-GITHUB/Historico-de-Proyectos-Adjudicados/master/BDH_HISTORICA.csv,2026-09-25T05:05:34+00:00,requests
anid,Universidad de Chile,2017,,proyectos_anid_adjudicados,331,proyectos,Iniciativas adjudicadas en el año de fallo,https://raw.githubusercontent.com/ANID-GITHUB/Historico-de-Proyectos-Adjudicados/master/BDH_HISTORICA.csv,2026-09-25T05:05:34+00:00,requests
anid,Universidad de Chile,2017,,montos_anid_con_industria,2334202000,CLP,Parte adjudicada en instrumentos que suponen participación de empresas o transferencia,https://raw.githubusercontent.com/ANID-GITHUB/Historico-de-Proyectos-Adjudicados/master/BDH_HISTORICA.csv,2026-09-25T05:05:34+00:00,requests
anid,Universidad de Chile,2018,,montos_anid_adjudicados,41516818000,CLP,"Suma adjudicada por ANID en el año de fallo, en pesos nominales (la base publica miles de pesos; aquí se convierte)",https://raw.githubusercontent.com/ANID-GITHUB/Historico-de-Proyectos-Adjudicados/master/BDH_HISTORICA.csv,2026-09-25T05:05:34+00:00,requests
anid,Universidad de Chile,2018,,proyectos_anid_adjudicados,295,proyectos,Iniciativas adjudicadas en el año de fallo,https://raw.githubusercontent.com/ANID-GITHUB/Historico-de-Proyectos-Adjudicados/master/BDH_HISTORICA.csv,2026-09-25T05:05:34+00:00,requests
anid,Universidad de Chile,2018,,montos_anid_con_industria,4384806000,CLP,Parte adjudicada en instrumentos que suponen participación de empresas o transferencia,https://raw.githubusercontent.com/ANID-GITHUB/Historico-de-Proyectos-Adjudicados/master/BDH_HISTORICA.csv,2026-09-25T05:05:34+00:00,requests
anid,Universidad de Chile,2019,,montos_anid_adjudicados,45115580000,CLP,"Suma adjudicada por ANID en el año de fallo, en pesos nominales (la base publica miles de pesos; aquí se convierte)",https://raw.githubusercontent.com/ANID-GITHUB/Historico-de-Proyectos-Adjudicados/master/BDH_HISTORICA.csv,2026-09-25T05:05:34+00:00,requests
anid,Universidad de Chile,2019,,proyectos_anid_adjudicados,315,proyectos,Iniciativas adjudicadas en el año de fallo,https://raw.githubusercontent.com/ANID-GITHUB/Historico-de-Proyectos-Adjudicados/master/BDH_HISTORICA.csv,2026-09-25T05:05:34+00:00,requests
anid,Universidad de Chile,2019,,montos_anid_con_industria,4915512000,CLP,Parte adjudicada en instrumentos que suponen participación de empresas o transferencia,https://raw.githubusercontent.com/ANID-GITHUB/Historico-de-Proyectos-Adjudicados/master/BDH_HISTORICA.csv,2026-09-25T05:05:34+00:00,requests
anid,Universidad de Chile,2020,,montos_anid_adjudicados,33271871000,CLP,"Suma adjudicada por ANID en el año de fallo, en pesos nominales (la base publica miles de pesos; aquí se convierte)",https://raw.githubusercontent.com/ANID-GITHUB/Historico-de-Proyectos-Adjudicados/master/BDH_HISTORICA.csv,2026-09-25T05:05:34+00:00,requests
anid,Universidad de Chile,2020,,proyectos_anid_adjudicados,285,proyectos,Iniciativas adjudicadas en el año de fallo,https://raw.githubusercontent.com/ANID-GITHUB/Historico-de-Proyectos-Adjudicados/master/BDH_HISTORICA.csv,2026-09-25T05:05:34+00:00,requests
anid,Universidad de Chile,2020,,montos_anid_con_industria,7262774000,CLP,Parte adjudicada en instrumentos que suponen participación de empresas o transferencia,https://raw.githubusercontent.com/ANID-GITHUB/Historico-de-Proyectos-Adjudicados/master/BDH_HISTORICA.csv,2026-09-25T05:05:34+00:00,requests
anid,Universidad de Chile,2021,,montos_anid_adjudicados,56656051000,CLP,"Suma adjudicada por ANID en el año de fallo, en pesos nominales (la base publica miles de pesos; aquí se convierte)",https://raw.githubusercontent.com/ANID-GITHUB/Historico-de-Proyectos-Adjudicados/master/BDH_HISTORICA.csv,2026-09-25T05:05:34+00:00,requests
anid,Universidad de Chile,2021,,proyectos_anid_adjudicados,235,proyectos,Iniciativas adjudicadas en el año de fallo,https://raw.githubusercontent.com/ANID-GITHUB/Historico-de-Proyectos-Adjudicados/master/BDH_HISTORICA.csv,2026-09-25T05:05:34+00:00,requests
anid,Universidad de Chile,2021,,montos_anid_con_industria,3850831000,CLP,Parte adjudicada en instrumentos que suponen participación de empresas o transferencia,https://raw.githubusercontent.com/ANID-GITHUB/Historico-de-Proyectos-Adjudicados/master/BDH_HISTORICA.csv,2026-09-25T05:05:34+00:00,requests
anid,Universidad de Chile,2022,,montos_anid_adjudicados,39538571000,CLP,"Suma adjudicada por ANID en el año de fallo, en pesos nominales (la base publica miles de pesos; aquí se convierte)",https://raw.githubusercontent.com/ANID-GITHUB/Historico-de-Proyectos-Adjudicados/master/BDH_HISTORICA.csv,2026-09-25T05:05:34+00:00,requests
anid,Universidad de Chile,2022,,proyectos_anid_adjudicados,265,proyectos,Iniciativas adjudicadas en el año de fallo,https://raw.githubusercontent.com/ANID-GITHUB/Historico-de-Proyectos-Adjudicados/master/BDH_HISTORICA.csv,2026-09-25T05:05:34+00:00,requests
anid,Universidad de Chile,2022,,montos_anid_con_industria,5939355000,CLP,Parte adjudicada en instrumentos que suponen participación de empresas o transferencia,https://raw.githubusercontent.com/ANID-GITHUB/Historico-de-Proyectos-Adjudicados/master/BDH_HISTORICA.csv,2026-09-25T05:05:34+00:00,requests
anid,Universidad de Chile,2023,,montos_anid_adjudicados,50285726000,CLP,"Suma adjudicada por ANID en el año de fallo, en pesos nominales (la base publica miles de pesos; aquí se convierte)",https://raw.githubusercontent.com/ANID-GITHUB/Historico-de-Proyectos-Adjudicados/master/BDH_HISTORICA.csv,2026-09-25T05:05:34+00:00,requests
anid,Universidad de Chile,2023,,proyectos_anid_adjudicados,250,proyectos,Iniciativas adjudicadas en el año de fallo,https://raw.githubusercontent.com/ANID-GITHUB/Historico-de-Proyectos-Adjudicados/master/BDH_HISTORICA.csv,2026-09-25T05:05:34+00:00,requests
anid,Universidad de Chile,2023,,montos_anid_con_industria,17130366000,CLP,Parte adjudicada en instrumentos que suponen participación de empresas o transferencia,https://raw.githubusercontent.com/ANID-GITHUB/Historico-de-Proyectos-Adjudicados/master/BDH_HISTORICA.csv,2026-09-25T05:05:34+00:00,requests
anid,Universidad de Chile,2024,,montos_anid_adjudicados,41357569875,CLP,"Suma adjudicada por ANID en el año de fallo, en pesos nominales (la base publica miles de pesos; aquí se convierte)",https://raw.githubusercontent.com/ANID-GITHUB/Historico-de-Proyectos-Adjudicados/master/BDH_HISTORICA.csv,2026-09-25T05:05:34+00:00,requests
anid,Universidad de Chile,2024,,proyectos_anid_adjudicados,267,proyectos,Iniciativas adjudicadas en el año de fallo,https://raw.githubusercontent.com/ANID-GITHUB/Historico-de-Proyectos-Adjudicados/master/BDH_HISTORICA.csv,2026-09-25T05:05:34+00:00,requests
anid,Universidad de Chile,2024,,montos_anid_con_industria,5215391875,CLP,Parte adjudicada en instrumentos que suponen participación de empresas o transferencia,https://raw.githubusercontent.com/ANID-GITHUB/Historico-de-Proyectos-Adjudicados/master/BDH_HISTORICA.csv,2026-09-25T05:05:34+00:00,requests
anid,Universidad de Chile,2025,,montos_anid_adjudicados,59686651000,CLP,"Suma adjudicada por ANID en el año de fallo, en pesos nominales (la base publica miles de pesos; aquí se convierte)",https://raw.githubusercontent.com/ANID-GITHUB/Historico-de-Proyectos-Adjudicados/master/BDH_HISTORICA.csv,2026-09-25T05:05:34+00:00,requests
anid,Universidad de Chile,2025,,proyectos_anid_adjudicados,234,proyectos,Iniciativas adjudicadas en el año de fallo,https://raw.githubusercontent.com/ANID-GITHUB/Historico-de-Proyectos-Adjudicados/master/BDH_HISTORICA.csv,2026-09-25T05:05:34+00:00,requests
anid,Universidad de Chile,2025,,montos_anid_con_industria,5818164000,CLP,Parte adjudicada en instrumentos que suponen participación de empresas o transferencia,https://raw.githubusercontent.com/ANID-GITHUB/Historico-de-Proyectos-Adjudicados/master/BDH_HISTORICA.csv,2026-09-25T05:05:34+00:00,requests
anid,Universidad de Chile,2026,,montos_anid_adjudicados,28144239000,CLP,"Suma adjudicada por ANID en el año de fallo, en pesos nominales (la base publica miles de pesos; aquí se convierte)",https://raw.githubusercontent.com/ANID-GITHUB/Historico-de-Proyectos-Adjudicados/master/BDH_HISTORICA.csv,2026-09-25T05:05:34+00:00,requests
anid,Universidad de Chile,2026,,proyectos_anid_adjudicados,194,proyectos,Iniciativas adjudicadas en el año de fallo,https://raw.githubusercontent.com/ANID-GITHUB/Historico-de-Proyectos-Adjudicados/master/BDH_HISTORICA.csv,2026-09-25T05:05:34+00:00,requests
anid,Universidad de Chile,2026,,montos_anid_con_industria,2220224000,CLP,Parte adjudicada en instrumentos que suponen participación de empresas o transferencia,https://raw.githubusercontent.com/ANID-GITHUB/Historico-de-Proyectos-Adjudicados/master/BDH_HISTORICA.csv,2026-09-25T05:05:34+00:00,requests
anid,Universidad de Concepcion,2015,,montos_anid_adjudicados,14557726000,CLP,"Suma adjudicada por ANID en el año de fallo, en pesos nominales (la base publica miles de pesos; aquí se convierte)",https://raw.githubusercontent.com/ANID-GITHUB/Historico-de-Proyectos-Adjudicados/master/BDH_HISTORICA.csv,2026-09-25T05:05:34+00:00,requests
anid,Universidad de Concepcion,2015,,proyectos_anid_adjudicados,172,proyectos,Iniciativas adjudicadas en el año de fallo,https://raw.githubusercontent.com/ANID-GITHUB/Historico-de-Proyectos-Adjudicados/master/BDH_HISTORICA.csv,2026-09-25T05:05:34+00:00,requests
anid,Universidad de Concepcion,2015,,montos_anid_con_industria,2677562000,CLP,Parte adjudicada en instrumentos que suponen participación de empresas o transferencia,https://raw.githubusercontent.com/ANID-GITHUB/Historico-de-Proyectos-Adjudicados/master/BDH_HISTORICA.csv,2026-09-25T05:05:34+00:00,requests
anid,Universidad de Concepcion,2016,,montos_anid_adjudicados,14092935000,CLP,"Suma adjudicada por ANID en el año de fallo, en pesos nominales (la base publica miles de pesos; aquí se convierte)",https://raw.githubusercontent.com/ANID-GITHUB/Historico-de-Proyectos-Adjudicados/master/BDH_HISTORICA.csv,2026-09-25T05:05:34+00:00,requests
anid,Universidad de Concepcion,2016,,proyectos_anid_adjudicados,162,proyectos,Iniciativas adjudicadas en el año de fallo,https://raw.githubusercontent.com/ANID-GITHUB/Historico-de-Proyectos-Adjudicados/master/BDH_HISTORICA.csv,2026-09-25T05:05:34+00:00,requests
anid,Universidad de Concepcion,2016,,montos_anid_con_industria,2906544000,CLP,Parte adjudicada en instrumentos que suponen participación de empresas o transferencia,https://raw.githubusercontent.com/ANID-GITHUB/Historico-de-Proyectos-Adjudicados/master/BDH_HISTORICA.csv,2026-09-25T05:05:34+00:00,requests
anid,Universidad de Concepcion,2017,,montos_anid_adjudicados,16795777000,CLP,"Suma adjudicada por ANID en el año de fallo, en pesos nominales (la base publica miles de pesos; aquí se convierte)",https://raw.githubusercontent.com/ANID-GITHUB/Historico-de-Proyectos-Adjudicados/master/BDH_HISTORICA.csv,2026-09-25T05:05:34+00:00,requests
anid,Universidad de Concepcion,2017,,proyectos_anid_adjudicados,184,proyectos,Iniciativas adjudicadas en el año de fallo,https://raw.githubusercontent.com/ANID-GITHUB/Historico-de-Proyectos-Adjudicados/master/BDH_HISTORICA.csv,2026-09-25T05:05:34+00:00,requests
anid,Universidad de Concepcion,2017,,montos_anid_con_industria,3362160000,CLP,Parte adjudicada en instrumentos que suponen participación de empresas o transferencia,https://raw.githubusercontent.com/ANID-GITHUB/Historico-de-Proyectos-Adjudicados/master/BDH_HISTORICA.csv,2026-09-25T05:05:34+00:00,requests
anid,Universidad de Concepcion,2018,,montos_anid_adjudicados,19840850000,CLP,"Suma adjudicada por ANID en el año de fallo, en pesos nominales (la base publica miles de pesos; aquí se convierte)",https://raw.githubusercontent.com/ANID-GITHUB/Historico-de-Proyectos-Adjudicados/master/BDH_HISTORICA.csv,2026-09-25T05:05:34+00:00,requests
anid,Universidad de Concepcion,2018,,proyectos_anid_adjudicados,162,proyectos,Iniciativas adjudicadas en el año de fallo,https://raw.githubusercontent.com/ANID-GITHUB/Historico-de-Proyectos-Adjudicados/master/BDH_HISTORICA.csv,2026-09-25T05:05:34+00:00,requests
anid,Universidad de Concepcion,2018,,montos_anid_con_industria,4154758000,CLP,Parte adjudicada en instrumentos que suponen participación de empresas o transferencia,https://raw.githubusercontent.com/ANID-GITHUB/Historico-de-Proyectos-Adjudicados/master/BDH_HISTORICA.csv,2026-09-25T05:05:34+00:00,requests
anid,Universidad de Concepcion,2019,,montos_anid_adjudicados,16113541000,CLP,"Suma adjudicada por ANID en el año de fallo, en pesos nominales (la base publica miles de pesos; aquí se convierte)",https://raw.githubusercontent.com/ANID-GITHUB/Historico-de-Proyectos-Adjudicados/master/BDH_HISTORICA.csv,2026-09-25T05:05:34+00:00,requests
anid,Universidad de Concepcion,2019,,proyectos_anid_adjudicados,155,proyectos,Iniciativas adjudicadas en el año de fallo,https://raw.githubusercontent.com/ANID-GITHUB/Historico-de-Proyectos-Adjudicados/master/BDH_HISTORICA.csv,2026-09-25T05:05:34+00:00,requests
anid,Universidad de Concepcion,2019,,montos_anid_con_industria,3373398000,CLP,Parte adjudicada en instrumentos que suponen participación de empresas o transferencia,https://raw.githubusercontent.com/ANID-GITHUB/Historico-de-Proyectos-Adjudicados/master/BDH_HISTORICA.csv,2026-09-25T05:05:34+00:00,requests
anid,Universidad de Concepcion,2020,,montos_anid_adjudicados,17260364000,CLP,"Suma adjudicada por ANID en el año de fallo, en pesos nominales (la base publica miles de pesos; aquí se convierte)",https://raw.githubusercontent.com/ANID-GITHUB/Historico-de-Proyectos-Adjudicados/master/BDH_HISTORICA.csv,2026-09-25T05:05:34+00:00,requests
anid,Universidad de Concepcion,2020,,proyectos_anid_adjudicados,138,proyectos,Iniciativas adjudicadas en el año de fallo,https://raw.githubusercontent.com/ANID-GITHUB/Historico-de-Proyectos-Adjudicados/master/BDH_HISTORICA.csv,2026-09-25T05:05:34+00:00,requests
anid,Universidad de Concepcion,2020,,montos_anid_con_industria,3649702000,CLP,Parte adjudicada en instrumentos que suponen participación de empresas o transferencia,https://raw.githubusercontent.com/ANID-GITHUB/Historico-de-Proyectos-Adjudicados/master/BDH_HISTORICA.csv,2026-09-25T05:05:34+00:00,requests
anid,Universidad de Concepcion,2021,,montos_anid_adjudicados,25946994000,CLP,"Suma adjudicada por ANID en el año de fallo, en pesos nominales (la base publica miles de pesos; aquí se convierte)",https://raw.githubusercontent.com/ANID-GITHUB/Historico-de-Proyectos-Adjudicados/master/BDH_HISTORICA.csv,2026-09-25T05:05:34+00:00,requests
anid,Universidad de Concepcion,2021,,proyectos_anid_adjudicados,108,proyectos,Iniciativas adjudicadas en el año de fallo,https://raw.githubusercontent.com/ANID-GITHUB/Historico-de-Proyectos-Adjudicados/master/BDH_HISTORICA.csv,2026-09-25T05:05:34+00:00,requests
anid,Universidad de Concepcion,2021,,montos_anid_con_industria,3809129000,CLP,Parte adjudicada en instrumentos que suponen participación de empresas o transferencia,https://raw.githubusercontent.com/ANID-GITHUB/Historico-de-Proyectos-Adjudicados/master/BDH_HISTORICA.csv,2026-09-25T05:05:34+00:00,requests
anid,Universidad de Concepcion,2022,,montos_anid_adjudicados,20632528000,CLP,"Suma adjudicada por ANID en el año de fallo, en pesos nominales (la base publica miles de pesos; aquí se convierte)",https://raw.githubusercontent.com/ANID-GITHUB/Historico-de-Proyectos-Adjudicados/master/BDH_HISTORICA.csv,2026-09-25T05:05:34+00:00,requests
anid,Universidad de Concepcion,2022,,proyectos_anid_adjudicados,144,proyectos,Iniciativas adjudicadas en el año de fallo,https://raw.githubusercontent.com/ANID-GITHUB/Historico-de-Proyectos-Adjudicados/master/BDH_HISTORICA.csv,2026-09-25T05:05:34+00:00,requests
anid,Universidad de Concepcion,2022,,montos_anid_con_industria,6006302000,CLP,Parte adjudicada en instrumentos que suponen participación de empresas o transferencia,https://raw.githubusercontent.com/ANID-GITHUB/Historico-de-Proyectos-Adjudicados/master/BDH_HISTORICA.csv,2026-09-25T05:05:34+00:00,requests
anid,Universidad de Concepcion,2023,,montos_anid_adjudicados,24968591000,CLP,"Suma adjudicada por ANID en el año de fallo, en pesos nominales (la base publica miles de pesos; aquí se convierte)",https://raw.githubusercontent.com/ANID-GITHUB/Historico-de-Proyectos-Adjudicados/master/BDH_HISTORICA.csv,2026-09-25T05:05:34+00:00,requests
anid,Universidad de Concepcion,2023,,proyectos_anid_adjudicados,141,proyectos,Iniciativas adjudicadas en el año de fallo,https://raw.githubusercontent.com/ANID-GITHUB/Historico-de-Proyectos-Adjudicados/master/BDH_HISTORICA.csv,2026-09-25T05:05:34+00:00,requests
anid,Universidad de Concepcion,2023,,montos_anid_con_industria,10590383000,CLP,Parte adjudicada en instrumentos que suponen participación de empresas o transferencia,https://raw.githubusercontent.com/ANID-GITHUB/Historico-de-Proyectos-Adjudicados/master/BDH_HISTORICA.csv,2026-09-25T05:05:34+00:00,requests
anid,Universidad de Concepcion,2024,,montos_anid_adjudicados,22454368811,CLP,"Suma adjudicada por ANID en el año de fallo, en pesos nominales (la base publica miles de pesos; aquí se convierte)",https://raw.githubusercontent.com/ANID-GITHUB/Historico-de-Proyectos-Adjudicados/master/BDH_HISTORICA.csv,2026-09-25T05:05:34+00:00,requests
anid,Universidad de Concepcion,2024,,proyectos_anid_adjudicados,138,proyectos,Iniciativas adjudicadas en el año de fallo,https://raw.githubusercontent.com/ANID-GITHUB/Historico-de-Proyectos-Adjudicados/master/BDH_HISTORICA.csv,2026-09-25T05:05:34+00:00,requests
anid,Universidad de Concepcion,2024,,montos_anid_con_industria,5718305355,CLP,Parte adjudicada en instrumentos que suponen participación de empresas o transferencia,https://raw.githubusercontent.com/ANID-GITHUB/Historico-de-Proyectos-Adjudicados/master/BDH_HISTORICA.csv,2026-09-25T05:05:34+00:00,requests
anid,Universidad de Concepcion,2025,,montos_anid_adjudicados,51731363000,CLP,"Suma adjudicada por ANID en el año de fallo, en pesos nominales (la base publica miles de pesos; aquí se convierte)",https://raw.githubusercontent.com/ANID-GITHUB/Historico-de-Proyectos-Adjudicados/master/BDH_HISTORICA.csv,2026-09-25T05:05:34+00:00,requests
anid,Universidad de Concepcion,2025,,proyectos_anid_adjudicados,153,proyectos,Iniciativas adjudicadas en el año de fallo,https://raw.githubusercontent.com/ANID-GITHUB/Historico-de-Proyectos-Adjudicados/master/BDH_HISTORICA.csv,2026-09-25T05:05:34+00:00,requests
anid,Universidad de Concepcion,2025,,montos_anid_con_industria,6639679000,CLP,Parte adjudicada en instrumentos que suponen participación de empresas o transferencia,https://raw.githubusercontent.com/ANID-GITHUB/Historico-de-Proyectos-Adjudicados/master/BDH_HISTORICA.csv,2026-09-25T05:05:34+00:00,requests
anid,Universidad de Concepcion,2026,,montos_anid_adjudicados,15760868000,CLP,"Suma adjudicada por ANID en el año de fallo, en pesos nominales (la base publica miles de pesos; aquí se convierte)",https://raw.githubusercontent.com/ANID-GITHUB/Historico-de-Proyectos-Adjudicados/master/BDH_HISTORICA.csv,2026-09-25T05:05:34+00:00,requests
anid,Universidad de Concepcion,2026,,proyectos_anid_adjudicados,101,proyectos,Iniciativas adjudicadas en el año de fallo,https://raw.githubusercontent.com/ANID-GITHUB/Historico-de-Proyectos-Adjudicados/master/BDH_HISTORICA.csv,2026-09-25T05:05:34+00:00,requests
anid,Universidad de Concepcion,2026,,montos_anid_con_industria,2880822000,CLP,Parte adjudicada en instrumentos que suponen participación de empresas o transferencia,https://raw.githubusercontent.com/ANID-GITHUB/Historico-de-Proyectos-Adjudicados/master/BDH_HISTORICA.csv,2026-09-25T05:05:34+00:00,requests
anid,Universidad de La Serena,2015,,montos_anid_adjudicados,968271000,CLP,"Suma adjudicada por ANID en el año de fallo, en pesos nominales (la base publica miles de pesos; aquí se convierte)",https://raw.githubusercontent.com/ANID-GITHUB/Historico-de-Proyectos-Adjudicados/master/BDH_HISTORICA.csv,2026-09-25T05:05:34+00:00,requests
anid,Universidad de La Serena,2015,,proyectos_anid_adjudicados,13,proyectos,Iniciativas adjudicadas en el año de fallo,https://raw.githubusercontent.com/ANID-GITHUB/Historico-de-Proyectos-Adjudicados/master/BDH_HISTORICA.csv,2026-09-25T05:05:34+00:00,requests
anid,Universidad de La Serena,2016,,montos_anid_adjudicados,703411000,CLP,"Suma adjudicada por ANID en el año de fallo, en pesos nominales (la base publica miles de pesos; aquí se convierte)",https://raw.githubusercontent.com/ANID-GITHUB/Historico-de-Proyectos-Adjudicados/master/BDH_HISTORICA.csv,2026-09-25T05:05:34+00:00,requests
anid,Universidad de La Serena,2016,,proyectos_anid_adjudicados,12,proyectos,Iniciativas adjudicadas en el año de fallo,https://raw.githubusercontent.com/ANID-GITHUB/Historico-de-Proyectos-Adjudicados/master/BDH_HISTORICA.csv,2026-09-25T05:05:34+00:00,requests
anid,Universidad de La Serena,2017,,montos_anid_adjudicados,1234817000,CLP,"Suma adjudicada por ANID en el año de fallo, en pesos nominales (la base publica miles de pesos; aquí se convierte)",https://raw.githubusercontent.com/ANID-GITHUB/Historico-de-Proyectos-Adjudicados/master/BDH_HISTORICA.csv,2026-09-25T05:05:34+00:00,requests
anid,Universidad de La Serena,2017,,proyectos_anid_adjudicados,14,proyectos,Iniciativas adjudicadas en el año de fallo,https://raw.githubusercontent.com/ANID-GITHUB/Historico-de-Proyectos-Adjudicados/master/BDH_HISTORICA.csv,2026-09-25T05:05:34+00:00,requests
anid,Universidad de La Serena,2017,,montos_anid_con_industria,2000000,CLP,Parte adjudicada en instrumentos que suponen participación de empresas o transferencia,https://raw.githubusercontent.com/ANID-GITHUB/Historico-de-Proyectos-Adjudicados/master/BDH_HISTORICA.csv,2026-09-25T05:05:34+00:00,requests
anid,Universidad de La Serena,2018,,montos_anid_adjudicados,1003367000,CLP,"Suma adjudicada por ANID en el año de fallo, en pesos nominales (la base publica miles de pesos; aquí se convierte)",https://raw.githubusercontent.com/ANID-GITHUB/Historico-de-Proyectos-Adjudicados/master/BDH_HISTORICA.csv,2026-09-25T05:05:34+00:00,requests
anid,Universidad de La Serena,2018,,proyectos_anid_adjudicados,17,proyectos,Iniciativas adjudicadas en el año de fallo,https://raw.githubusercontent.com/ANID-GITHUB/Historico-de-Proyectos-Adjudicados/master/BDH_HISTORICA.csv,2026-09-25T05:05:34+00:00,requests
anid,Universidad de La Serena,2018,,montos_anid_con_industria,19919000,CLP,Parte adjudicada en instrumentos que suponen participación de empresas o transferencia,https://raw.githubusercontent.com/ANID-GITHUB/Historico-de-Proyectos-Adjudicados/master/BDH_HISTORICA.csv,2026-09-25T05:05:34+00:00,requests
anid,Universidad de La Serena,2019,,montos_anid_adjudicados,721918000,CLP,"Suma adjudicada por ANID en el año de fallo, en pesos nominales (la base publica miles de pesos; aquí se convierte)",https://raw.githubusercontent.com/ANID-GITHUB/Historico-de-Proyectos-Adjudicados/master/BDH_HISTORICA.csv,2026-09-25T05:05:34+00:00,requests
anid,Universidad de La Serena,2019,,proyectos_anid_adjudicados,15,proyectos,Iniciativas adjudicadas en el año de fallo,https://raw.githubusercontent.com/ANID-GITHUB/Historico-de-Proyectos-Adjudicados/master/BDH_HISTORICA.csv,2026-09-25T05:05:34+00:00,requests
anid,Universidad de La Serena,2020,,montos_anid_adjudicados,1438490000,CLP,"Suma adjudicada por ANID en el año de fallo, en pesos nominales (la base publica miles de pesos; aquí se convierte)",https://raw.githubusercontent.com/ANID-GITHUB/Historico-de-Proyectos-Adjudicados/master/BDH_HISTORICA.csv,2026-09-25T05:05:34+00:00,requests
anid,Universidad de La Serena,2020,,proyectos_anid_adjudicados,17,proyectos,Iniciativas adjudicadas en el año de fallo,https://raw.githubusercontent.com/ANID-GITHUB/Historico-de-Proyectos-Adjudicados/master/BDH_HISTORICA.csv,2026-09-25T05:05:34+00:00,requests
anid,Universidad de La Serena,2021,,montos_anid_adjudicados,1587586000,CLP,"Suma adjudicada por ANID en el año de fallo, en pesos nominales (la base publica miles de pesos; aquí se convierte)",https://raw.githubusercontent.com/ANID-GITHUB/Historico-de-Proyectos-Adjudicados/master/BDH_HISTORICA.csv,2026-09-25T05:05:34+00:00,requests
anid,Universidad de La Serena,2021,,proyectos_anid_adjudicados,16,proyectos,Iniciativas adjudicadas en el año de fallo,https://raw.githubusercontent.com/ANID-GITHUB/Historico-de-Proyectos-Adjudicados/master/BDH_HISTORICA.csv,2026-09-25T05:05:34+00:00,requests
anid,Universidad de La Serena,2021,,montos_anid_con_industria,199919000,CLP,Parte adjudicada en instrumentos que suponen participación de empresas o transferencia,https://raw.githubusercontent.com/ANID-GITHUB/Historico-de-Proyectos-Adjudicados/master/BDH_HISTORICA.csv,2026-09-25T05:05:34+00:00,requests
anid,Universidad de La Serena,2022,,montos_anid_adjudicados,3316468000,CLP,"Suma adjudicada por ANID en el año de fallo, en pesos nominales (la base publica miles de pesos; aquí se convierte)",https://raw.githubusercontent.com/ANID-GITHUB/Historico-de-Proyectos-Adjudicados/master/BDH_HISTORICA.csv,2026-09-25T05:05:34+00:00,requests
anid,Universidad de La Serena,2022,,proyectos_anid_adjudicados,17,proyectos,Iniciativas adjudicadas en el año de fallo,https://raw.githubusercontent.com/ANID-GITHUB/Historico-de-Proyectos-Adjudicados/master/BDH_HISTORICA.csv,2026-09-25T05:05:34+00:00,requests
anid,Universidad de La Serena,2023,,montos_anid_adjudicados,2466623000,CLP,"Suma adjudicada por ANID en el año de fallo, en pesos nominales (la base publica miles de pesos; aquí se convierte)",https://raw.githubusercontent.com/ANID-GITHUB/Historico-de-Proyectos-Adjudicados/master/BDH_HISTORICA.csv,2026-09-25T05:05:34+00:00,requests
anid,Universidad de La Serena,2023,,proyectos_anid_adjudicados,16,proyectos,Iniciativas adjudicadas en el año de fallo,https://raw.githubusercontent.com/ANID-GITHUB/Historico-de-Proyectos-Adjudicados/master/BDH_HISTORICA.csv,2026-09-25T05:05:34+00:00,requests
anid,Universidad de La Serena,2024,,montos_anid_adjudicados,2063349000,CLP,"Suma adjudicada por ANID en el año de fallo, en pesos nominales (la base publica miles de pesos; aquí se convierte)",https://raw.githubusercontent.com/ANID-GITHUB/Historico-de-Proyectos-Adjudicados/master/BDH_HISTORICA.csv,2026-09-25T05:05:34+00:00,requests
anid,Universidad de La Serena,2024,,proyectos_anid_adjudicados,16,proyectos,Iniciativas adjudicadas en el año de fallo,https://raw.githubusercontent.com/ANID-GITHUB/Historico-de-Proyectos-Adjudicados/master/BDH_HISTORICA.csv,2026-09-25T05:05:34+00:00,requests
anid,Universidad de La Serena,2025,,montos_anid_adjudicados,4031595000,CLP,"Suma adjudicada por ANID en el año de fallo, en pesos nominales (la base publica miles de pesos; aquí se convierte)",https://raw.githubusercontent.com/ANID-GITHUB/Historico-de-Proyectos-Adjudicados/master/BDH_HISTORICA.csv,2026-09-25T05:05:34+00:00,requests
anid,Universidad de La Serena,2025,,proyectos_anid_adjudicados,22,proyectos,Iniciativas adjudicadas en el año de fallo,https://raw.githubusercontent.com/ANID-GITHUB/Historico-de-Proyectos-Adjudicados/master/BDH_HISTORICA.csv,2026-09-25T05:05:34+00:00,requests
anid,Universidad de La Serena,2025,,montos_anid_con_industria,474207000,CLP,Parte adjudicada en instrumentos que suponen participación de empresas o transferencia,https://raw.githubusercontent.com/ANID-GITHUB/Historico-de-Proyectos-Adjudicados/master/BDH_HISTORICA.csv,2026-09-25T05:05:34+00:00,requests
anid,Universidad de La Serena,2026,,montos_anid_adjudicados,1254668000,CLP,"Suma adjudicada por ANID en el año de fallo, en pesos nominales (la base publica miles de pesos; aquí se convierte)",https://raw.githubusercontent.com/ANID-GITHUB/Historico-de-Proyectos-Adjudicados/master/BDH_HISTORICA.csv,2026-09-25T05:05:34+00:00,requests
anid,Universidad de La Serena,2026,,proyectos_anid_adjudicados,10,proyectos,Iniciativas adjudicadas en el año de fallo,https://raw.githubusercontent.com/ANID-GITHUB/Historico-de-Proyectos-Adjudicados/master/BDH_HISTORICA.csv,2026-09-25T05:05:34+00:00,requests
anid,Universidad de Las Americas,2018,,montos_anid_adjudicados,90798000,CLP,"Suma adjudicada por ANID en el año de fallo, en pesos nominales (la base publica miles de pesos; aquí se convierte)",https://raw.githubusercontent.com/ANID-GITHUB/Historico-de-Proyectos-Adjudicados/master/BDH_HISTORICA.csv,2026-09-25T05:05:34+00:00,requests
anid,Universidad de Las Americas,2018,,proyectos_anid_adjudicados,1,proyectos,Iniciativas adjudicadas en el año de fallo,https://raw.githubusercontent.com/ANID-GITHUB/Historico-de-Proyectos-Adjudicados/master/BDH_HISTORICA.csv,2026-09-25T05:05:34+00:00,requests
anid,Universidad de Las Americas,2022,,montos_anid_adjudicados,157632000,CLP,"Suma adjudicada por ANID en el año de fallo, en pesos nominales (la base publica miles de pesos; aquí se convierte)",https://raw.githubusercontent.com/ANID-GITHUB/Historico-de-Proyectos-Adjudicados/master/BDH_HISTORICA.csv,2026-09-25T05:05:34+00:00,requests
anid,Universidad de Las Americas,2022,,proyectos_anid_adjudicados,2,proyectos,Iniciativas adjudicadas en el año de fallo,https://raw.githubusercontent.com/ANID-GITHUB/Historico-de-Proyectos-Adjudicados/master/BDH_HISTORICA.csv,2026-09-25T05:05:34+00:00,requests
anid,Universidad de Las Americas,2023,,montos_anid_adjudicados,1320257000,CLP,"Suma adjudicada por ANID en el año de fallo, en pesos nominales (la base publica miles de pesos; aquí se convierte)",https://raw.githubusercontent.com/ANID-GITHUB/Historico-de-Proyectos-Adjudicados/master/BDH_HISTORICA.csv,2026-09-25T05:05:34+00:00,requests
anid,Universidad de Las Americas,2023,,proyectos_anid_adjudicados,12,proyectos,Iniciativas adjudicadas en el año de fallo,https://raw.githubusercontent.com/ANID-GITHUB/Historico-de-Proyectos-Adjudicados/master/BDH_HISTORICA.csv,2026-09-25T05:05:34+00:00,requests
anid,Universidad de Las Americas,2023,,montos_anid_con_industria,242138000,CLP,Parte adjudicada en instrumentos que suponen participación de empresas o transferencia,https://raw.githubusercontent.com/ANID-GITHUB/Historico-de-Proyectos-Adjudicados/master/BDH_HISTORICA.csv,2026-09-25T05:05:34+00:00,requests
anid,Universidad de Las Americas,2024,,montos_anid_adjudicados,1223605000,CLP,"Suma adjudicada por ANID en el año de fallo, en pesos nominales (la base publica miles de pesos; aquí se convierte)",https://raw.githubusercontent.com/ANID-GITHUB/Historico-de-Proyectos-Adjudicados/master/BDH_HISTORICA.csv,2026-09-25T05:05:34+00:00,requests
anid,Universidad de Las Americas,2024,,proyectos_anid_adjudicados,5,proyectos,Iniciativas adjudicadas en el año de fallo,https://raw.githubusercontent.com/ANID-GITHUB/Historico-de-Proyectos-Adjudicados/master/BDH_HISTORICA.csv,2026-09-25T05:05:34+00:00,requests
anid,Universidad de Las Americas,2025,,montos_anid_adjudicados,1227355000,CLP,"Suma adjudicada por ANID en el año de fallo, en pesos nominales (la base publica miles de pesos; aquí se convierte)",https://raw.githubusercontent.com/ANID-GITHUB/Historico-de-Proyectos-Adjudicados/master/BDH_HISTORICA.csv,2026-09-25T05:05:34+00:00,requests
anid,Universidad de Las Americas,2025,,proyectos_anid_adjudicados,11,proyectos,Iniciativas adjudicadas en el año de fallo,https://raw.githubusercontent.com/ANID-GITHUB/Historico-de-Proyectos-Adjudicados/master/BDH_HISTORICA.csv,2026-09-25T05:05:34+00:00,requests
anid,Universidad de Las Americas,2025,,montos_anid_con_industria,70000000,CLP,Parte adjudicada en instrumentos que suponen participación de empresas o transferencia,https://raw.githubusercontent.com/ANID-GITHUB/Historico-de-Proyectos-Adjudicados/master/BDH_HISTORICA.csv,2026-09-25T05:05:34+00:00,requests
anid,Universidad de Las Americas,2026,,montos_anid_adjudicados,1534054000,CLP,"Suma adjudicada por ANID en el año de fallo, en pesos nominales (la base publica miles de pesos; aquí se convierte)",https://raw.githubusercontent.com/ANID-GITHUB/Historico-de-Proyectos-Adjudicados/master/BDH_HISTORICA.csv,2026-09-25T05:05:34+00:00,requests
anid,Universidad de Las Americas,2026,,proyectos_anid_adjudicados,13,proyectos,Iniciativas adjudicadas en el año de fallo,https://raw.githubusercontent.com/ANID-GITHUB/Historico-de-Proyectos-Adjudicados/master/BDH_HISTORICA.csv,2026-09-25T05:05:34+00:00,requests
anid,Universidad de Los Lagos,2015,,montos_anid_adjudicados,1658987000,CLP,"Suma adjudicada por ANID en el año de fallo, en pesos nominales (la base publica miles de pesos; aquí se convierte)",https://raw.githubusercontent.com/ANID-GITHUB/Historico-de-Proyectos-Adjudicados/master/BDH_HISTORICA.csv,2026-09-25T05:05:34+00:00,requests
anid,Universidad de Los Lagos,2015,,proyectos_anid_adjudicados,18,proyectos,Iniciativas adjudicadas en el año de fallo,https://raw.githubusercontent.com/ANID-GITHUB/Historico-de-Proyectos-Adjudicados/master/BDH_HISTORICA.csv,2026-09-25T05:05:34+00:00,requests
anid,Universidad de Los Lagos,2015,,montos_anid_con_industria,641243000,CLP,Parte adjudicada en instrumentos que suponen participación de empresas o transferencia,https://raw.githubusercontent.com/ANID-GITHUB/Historico-de-Proyectos-Adjudicados/master/BDH_HISTORICA.csv,2026-09-25T05:05:34+00:00,requests
anid,Universidad de Los Lagos,2016,,montos_anid_adjudicados,1290991000,CLP,"Suma adjudicada por ANID en el año de fallo, en pesos nominales (la base publica miles de pesos; aquí se convierte)",https://raw.githubusercontent.com/ANID-GITHUB/Historico-de-Proyectos-Adjudicados/master/BDH_HISTORICA.csv,2026-09-25T05:05:34+00:00,requests
anid,Universidad de Los Lagos,2016,,proyectos_anid_adjudicados,13,proyectos,Iniciativas adjudicadas en el año de fallo,https://raw.githubusercontent.com/ANID-GITHUB/Historico-de-Proyectos-Adjudicados/master/BDH_HISTORICA.csv,2026-09-25T05:05:34+00:00,requests
anid,Universidad de Los Lagos,2016,,montos_anid_con_industria,446338000,CLP,Parte adjudicada en instrumentos que suponen participación de empresas o transferencia,https://raw.githubusercontent.com/ANID-GITHUB/Historico-de-Proyectos-Adjudicados/master/BDH_HISTORICA.csv,2026-09-25T05:05:34+00:00,requests
anid,Universidad de Los Lagos,2017,,montos_anid_adjudicados,1600421000,CLP,"Suma adjudicada por ANID en el año de fallo, en pesos nominales (la base publica miles de pesos; aquí se convierte)",https://raw.githubusercontent.com/ANID-GITHUB/Historico-de-Proyectos-Adjudicados/master/BDH_HISTORICA.csv,2026-09-25T05:05:34+00:00,requests
anid,Universidad de Los Lagos,2017,,proyectos_anid_adjudicados,21,proyectos,Iniciativas adjudicadas en el año de fallo,https://raw.githubusercontent.com/ANID-GITHUB/Historico-de-Proyectos-Adjudicados/master/BDH_HISTORICA.csv,2026-09-25T05:05:34+00:00,requests
anid,Universidad de Los Lagos,2017,,montos_anid_con_industria,347685000,CLP,Parte adjudicada en instrumentos que suponen participación de empresas o transferencia,https://raw.githubusercontent.com/ANID-GITHUB/Historico-de-Proyectos-Adjudicados/master/BDH_HISTORICA.csv,2026-09-25T05:05:34+00:00,requests
anid,Universidad de Los Lagos,2018,,montos_anid_adjudicados,1846675000,CLP,"Suma adjudicada por ANID en el año de fallo, en pesos nominales (la base publica miles de pesos; aquí se convierte)",https://raw.githubusercontent.com/ANID-GITHUB/Historico-de-Proyectos-Adjudicados/master/BDH_HISTORICA.csv,2026-09-25T05:05:34+00:00,requests
anid,Universidad de Los Lagos,2018,,proyectos_anid_adjudicados,18,proyectos,Iniciativas adjudicadas en el año de fallo,https://raw.githubusercontent.com/ANID-GITHUB/Historico-de-Proyectos-Adjudicados/master/BDH_HISTORICA.csv,2026-09-25T05:05:34+00:00,requests
anid,Universidad de Los Lagos,2018,,montos_anid_con_industria,569143000,CLP,Parte adjudicada en instrumentos que suponen participación de empresas o transferencia,https://raw.githubusercontent.com/ANID-GITHUB/Historico-de-Proyectos-Adjudicados/master/BDH_HISTORICA.csv,2026-09-25T05:05:34+00:00,requests
anid,Universidad de Los Lagos,2019,,montos_anid_adjudicados,1253607000,CLP,"Suma adjudicada por ANID en el año de fallo, en pesos nominales (la base publica miles de pesos; aquí se convierte)",https://raw.githubusercontent.com/ANID-GITHUB/Historico-de-Proyectos-Adjudicados/master/BDH_HISTORICA.csv,2026-09-25T05:05:34+00:00,requests
anid,Universidad de Los Lagos,2019,,proyectos_anid_adjudicados,14,proyectos,Iniciativas adjudicadas en el año de fallo,https://raw.githubusercontent.com/ANID-GITHUB/Historico-de-Proyectos-Adjudicados/master/BDH_HISTORICA.csv,2026-09-25T05:05:34+00:00,requests
anid,Universidad de Los Lagos,2020,,montos_anid_adjudicados,2035985000,CLP,"Suma adjudicada por ANID en el año de fallo, en pesos nominales (la base publica miles de pesos; aquí se convierte)",https://raw.githubusercontent.com/ANID-GITHUB/Historico-de-Proyectos-Adjudicados/master/BDH_HISTORICA.csv,2026-09-25T05:05:34+00:00,requests
anid,Universidad de Los Lagos,2020,,proyectos_anid_adjudicados,16,proyectos,Iniciativas adjudicadas en el año de fallo,https://raw.githubusercontent.com/ANID-GITHUB/Historico-de-Proyectos-Adjudicados/master/BDH_HISTORICA.csv,2026-09-25T05:05:34+00:00,requests
anid,Universidad de Los Lagos,2020,,montos_anid_con_industria,818915000,CLP,Parte adjudicada en instrumentos que suponen participación de empresas o transferencia,https://raw.githubusercontent.com/ANID-GITHUB/Historico-de-Proyectos-Adjudicados/master/BDH_HISTORICA.csv,2026-09-25T05:05:34+00:00,requests
anid,Universidad de Los Lagos,2021,,montos_anid_adjudicados,1958518000,CLP,"Suma adjudicada por ANID en el año de fallo, en pesos nominales (la base publica miles de pesos; aquí se convierte)",https://raw.githubusercontent.com/ANID-GITHUB/Historico-de-Proyectos-Adjudicados/master/BDH_HISTORICA.csv,2026-09-25T05:05:34+00:00,requests
anid,Universidad de Los Lagos,2021,,proyectos_anid_adjudicados,14,proyectos,Iniciativas adjudicadas en el año de fallo,https://raw.githubusercontent.com/ANID-GITHUB/Historico-de-Proyectos-Adjudicados/master/BDH_HISTORICA.csv,2026-09-25T05:05:34+00:00,requests
anid,Universidad de Los Lagos,2021,,montos_anid_con_industria,399717000,CLP,Parte adjudicada en instrumentos que suponen participación de empresas o transferencia,https://raw.githubusercontent.com/ANID-GITHUB/Historico-de-Proyectos-Adjudicados/master/BDH_HISTORICA.csv,2026-09-25T05:05:34+00:00,requests
anid,Universidad de Los Lagos,2022,,montos_anid_adjudicados,2676075000,CLP,"Suma adjudicada por ANID en el año de fallo, en pesos nominales (la base publica miles de pesos; aquí se convierte)",https://raw.githubusercontent.com/ANID-GITHUB/Historico-de-Proyectos-Adjudicados/master/BDH_HISTORICA.csv,2026-09-25T05:05:34+00:00,requests
anid,Universidad de Los Lagos,2022,,proyectos_anid_adjudicados,15,proyectos,Iniciativas adjudicadas en el año de fallo,https://raw.githubusercontent.com/ANID-GITHUB/Historico-de-Proyectos-Adjudicados/master/BDH_HISTORICA.csv,2026-09-25T05:05:34+00:00,requests
anid,Universidad de Los Lagos,2022,,montos_anid_con_industria,200000000,CLP,Parte adjudicada en instrumentos que suponen participación de empresas o transferencia,https://raw.githubusercontent.com/ANID-GITHUB/Historico-de-Proyectos-Adjudicados/master/BDH_HISTORICA.csv,2026-09-25T05:05:34+00:00,requests
anid,Universidad de Los Lagos,2023,,montos_anid_adjudicados,1827663000,CLP,"Suma adjudicada por ANID en el año de fallo, en pesos nominales (la base publica miles de pesos; aquí se convierte)",https://raw.githubusercontent.com/ANID-GITHUB/Historico-de-Proyectos-Adjudicados/master/BDH_HISTORICA.csv,2026-09-25T05:05:34+00:00,requests
anid,Universidad de Los Lagos,2023,,proyectos_anid_adjudicados,17,proyectos,Iniciativas adjudicadas en el año de fallo,https://raw.githubusercontent.com/ANID-GITHUB/Historico-de-Proyectos-Adjudicados/master/BDH_HISTORICA.csv,2026-09-25T05:05:34+00:00,requests
anid,Universidad de Los Lagos,2023,,montos_anid_con_industria,200000000,CLP,Parte adjudicada en instrumentos que suponen participación de empresas o transferencia,https://raw.githubusercontent.com/ANID-GITHUB/Historico-de-Proyectos-Adjudicados/master/BDH_HISTORICA.csv,2026-09-25T05:05:34+00:00,requests
anid,Universidad de Los Lagos,2024,,montos_anid_adjudicados,2351559960,CLP,"Suma adjudicada por ANID en el año de fallo, en pesos nominales (la base publica miles de pesos; aquí se convierte)",https://raw.githubusercontent.com/ANID-GITHUB/Historico-de-Proyectos-Adjudicados/master/BDH_HISTORICA.csv,2026-09-25T05:05:34+00:00,requests
anid,Universidad de Los Lagos,2024,,proyectos_anid_adjudicados,15,proyectos,Iniciativas adjudicadas en el año de fallo,https://raw.githubusercontent.com/ANID-GITHUB/Historico-de-Proyectos-Adjudicados/master/BDH_HISTORICA.csv,2026-09-25T05:05:34+00:00,requests
anid,Universidad de Los Lagos,2024,,montos_anid_con_industria,681043960,CLP,Parte adjudicada en instrumentos que suponen participación de empresas o transferencia,https://raw.githubusercontent.com/ANID-GITHUB/Historico-de-Proyectos-Adjudicados/master/BDH_HISTORICA.csv,2026-09-25T05:05:34+00:00,requests
anid,Universidad de Los Lagos,2025,,montos_anid_adjudicados,2510738000,CLP,"Suma adjudicada por ANID en el año de fallo, en pesos nominales (la base publica miles de pesos; aquí se convierte)",https://raw.githubusercontent.com/ANID-GITHUB/Historico-de-Proyectos-Adjudicados/master/BDH_HISTORICA.csv,2026-09-25T05:05:34+00:00,requests
anid,Universidad de Los Lagos,2025,,proyectos_anid_adjudicados,16,proyectos,Iniciativas adjudicadas en el año de fallo,https://raw.githubusercontent.com/ANID-GITHUB/Historico-de-Proyectos-Adjudicados/master/BDH_HISTORICA.csv,2026-09-25T05:05:34+00:00,requests
anid,Universidad de Los Lagos,2025,,montos_anid_con_industria,237263000,CLP,Parte adjudicada en instrumentos que suponen participación de empresas o transferencia,https://raw.githubusercontent.com/ANID-GITHUB/Historico-de-Proyectos-Adjudicados/master/BDH_HISTORICA.csv,2026-09-25T05:05:34+00:00,requests
anid,Universidad de Los Lagos,2026,,montos_anid_adjudicados,1625622000,CLP,"Suma adjudicada por ANID en el año de fallo, en pesos nominales (la base publica miles de pesos; aquí se convierte)",https://raw.githubusercontent.com/ANID-GITHUB/Historico-de-Proyectos-Adjudicados/master/BDH_HISTORICA.csv,2026-09-25T05:05:34+00:00,requests
anid,Universidad de Los Lagos,2026,,proyectos_anid_adjudicados,8,proyectos,Iniciativas adjudicadas en el año de fallo,https://raw.githubusercontent.com/ANID-GITHUB/Historico-de-Proyectos-Adjudicados/master/BDH_HISTORICA.csv,2026-09-25T05:05:34+00:00,requests
anid,Universidad de Los Lagos,2026,,montos_anid_con_industria,455200000,CLP,Parte adjudicada en instrumentos que suponen participación de empresas o transferencia,https://raw.githubusercontent.com/ANID-GITHUB/Historico-de-Proyectos-Adjudicados/master/BDH_HISTORICA.csv,2026-09-25T05:05:34+00:00,requests
anid,Universidad de Magallanes,2015,,montos_anid_adjudicados,626345000,CLP,"Suma adjudicada por ANID en el año de fallo, en pesos nominales (la base publica miles de pesos; aquí se convierte)",https://raw.githubusercontent.com/ANID-GITHUB/Historico-de-Proyectos-Adjudicados/master/BDH_HISTORICA.csv,2026-09-25T05:05:34+00:00,requests
anid,Universidad de Magallanes,2015,,proyectos_anid_adjudicados,8,proyectos,Iniciativas adjudicadas en el año de fallo,https://raw.githubusercontent.com/ANID-GITHUB/Historico-de-Proyectos-Adjudicados/master/BDH_HISTORICA.csv,2026-09-25T05:05:34+00:00,requests
anid,Universidad de Magallanes,2015,,montos_anid_con_industria,154000000,CLP,Parte adjudicada en instrumentos que suponen participación de empresas o transferencia,https://raw.githubusercontent.com/ANID-GITHUB/Historico-de-Proyectos-Adjudicados/master/BDH_HISTORICA.csv,2026-09-25T05:05:34+00:00,requests
anid,Universidad de Magallanes,2016,,montos_anid_adjudicados,1205921000,CLP,"Suma adjudicada por ANID en el año de fallo, en pesos nominales (la base publica miles de pesos; aquí se convierte)",https://raw.githubusercontent.com/ANID-GITHUB/Historico-de-Proyectos-Adjudicados/master/BDH_HISTORICA.csv,2026-09-25T05:05:34+00:00,requests
anid,Universidad de Magallanes,2016,,proyectos_anid_adjudicados,14,proyectos,Iniciativas adjudicadas en el año de fallo,https://raw.githubusercontent.com/ANID-GITHUB/Historico-de-Proyectos-Adjudicados/master/BDH_HISTORICA.csv,2026-09-25T05:05:34+00:00,requests
anid,Universidad de Magallanes,2016,,montos_anid_con_industria,32000000,CLP,Parte adjudicada en instrumentos que suponen participación de empresas o transferencia,https://raw.githubusercontent.com/ANID-GITHUB/Historico-de-Proyectos-Adjudicados/master/BDH_HISTORICA.csv,2026-09-25T05:05:34+00:00,requests
anid,Universidad de Magallanes,2017,,montos_anid_adjudicados,1165513000,CLP,"Suma adjudicada por ANID en el año de fallo, en pesos nominales (la base publica miles de pesos; aquí se convierte)",https://raw.githubusercontent.com/ANID-GITHUB/Historico-de-Proyectos-Adjudicados/master/BDH_HISTORICA.csv,2026-09-25T05:05:34+00:00,requests
anid,Universidad de Magallanes,2017,,proyectos_anid_adjudicados,13,proyectos,Iniciativas adjudicadas en el año de fallo,https://raw.githubusercontent.com/ANID-GITHUB/Historico-de-Proyectos-Adjudicados/master/BDH_HISTORICA.csv,2026-09-25T05:05:34+00:00,requests
anid,Universidad de Magallanes,2017,,montos_anid_con_industria,2000000,CLP,Parte adjudicada en instrumentos que suponen participación de empresas o transferencia,https://raw.githubusercontent.com/ANID-GITHUB/Historico-de-Proyectos-Adjudicados/master/BDH_HISTORICA.csv,2026-09-25T05:05:34+00:00,requests
anid,Universidad de Magallanes,2018,,montos_anid_adjudicados,2021316000,CLP,"Suma adjudicada por ANID en el año de fallo, en pesos nominales (la base publica miles de pesos; aquí se convierte)",https://raw.githubusercontent.com/ANID-GITHUB/Historico-de-Proyectos-Adjudicados/master/BDH_HISTORICA.csv,2026-09-25T05:05:34+00:00,requests
anid,Universidad de Magallanes,2018,,proyectos_anid_adjudicados,13,proyectos,Iniciativas adjudicadas en el año de fallo,https://raw.githubusercontent.com/ANID-GITHUB/Historico-de-Proyectos-Adjudicados/master/BDH_HISTORICA.csv,2026-09-25T05:05:34+00:00,requests
anid,Universidad de Magallanes,2018,,montos_anid_con_industria,200000000,CLP,Parte adjudicada en instrumentos que suponen participación de empresas o transferencia,https://raw.githubusercontent.com/ANID-GITHUB/Historico-de-Proyectos-Adjudicados/master/BDH_HISTORICA.csv,2026-09-25T05:05:34+00:00,requests
anid,Universidad de Magallanes,2019,,montos_anid_adjudicados,996182000,CLP,"Suma adjudicada por ANID en el año de fallo, en pesos nominales (la base publica miles de pesos; aquí se convierte)",https://raw.githubusercontent.com/ANID-GITHUB/Historico-de-Proyectos-Adjudicados/master/BDH_HISTORICA.csv,2026-09-25T05:05:34+00:00,requests
anid,Universidad de Magallanes,2019,,proyectos_anid_adjudicados,7,proyectos,Iniciativas adjudicadas en el año de fallo,https://raw.githubusercontent.com/ANID-GITHUB/Historico-de-Proyectos-Adjudicados/master/BDH_HISTORICA.csv,2026-09-25T05:05:34+00:00,requests
anid,Universidad de Magallanes,2019,,montos_anid_con_industria,163249000,CLP,Parte adjudicada en instrumentos que suponen participación de empresas o transferencia,https://raw.githubusercontent.com/ANID-GITHUB/Historico-de-Proyectos-Adjudicados/master/BDH_HISTORICA.csv,2026-09-25T05:05:34+00:00,requests
anid,Universidad de Magallanes,2020,,montos_anid_adjudicados,1811238000,CLP,"Suma adjudicada por ANID en el año de fallo, en pesos nominales (la base publica miles de pesos; aquí se convierte)",https://raw.githubusercontent.com/ANID-GITHUB/Historico-de-Proyectos-Adjudicados/master/BDH_HISTORICA.csv,2026-09-25T05:05:34+00:00,requests
anid,Universidad de Magallanes,2020,,proyectos_anid_adjudicados,13,proyectos,Iniciativas adjudicadas en el año de fallo,https://raw.githubusercontent.com/ANID-GITHUB/Historico-de-Proyectos-Adjudicados/master/BDH_HISTORICA.csv,2026-09-25T05:05:34+00:00,requests
anid,Universidad de Magallanes,2020,,montos_anid_con_industria,199880000,CLP,Parte adjudicada en instrumentos que suponen participación de empresas o transferencia,https://raw.githubusercontent.com/ANID-GITHUB/Historico-de-Proyectos-Adjudicados/master/BDH_HISTORICA.csv,2026-09-25T05:05:34+00:00,requests
anid,Universidad de Magallanes,2021,,montos_anid_adjudicados,8750238000,CLP,"Suma adjudicada por ANID en el año de fallo, en pesos nominales (la base publica miles de pesos; aquí se convierte)",https://raw.githubusercontent.com/ANID-GITHUB/Historico-de-Proyectos-Adjudicados/master/BDH_HISTORICA.csv,2026-09-25T05:05:34+00:00,requests
anid,Universidad de Magallanes,2021,,proyectos_anid_adjudicados,10,proyectos,Iniciativas adjudicadas en el año de fallo,https://raw.githubusercontent.com/ANID-GITHUB/Historico-de-Proyectos-Adjudicados/master/BDH_HISTORICA.csv,2026-09-25T05:05:34+00:00,requests
anid,Universidad de Magallanes,2021,,montos_anid_con_industria,199379000,CLP,Parte adjudicada en instrumentos que suponen participación de empresas o transferencia,https://raw.githubusercontent.com/ANID-GITHUB/Historico-de-Proyectos-Adjudicados/master/BDH_HISTORICA.csv,2026-09-25T05:05:34+00:00,requests
anid,Universidad de Magallanes,2022,,montos_anid_adjudicados,3101587000,CLP,"Suma adjudicada por ANID en el año de fallo, en pesos nominales (la base publica miles de pesos; aquí se convierte)",https://raw.githubusercontent.com/ANID-GITHUB/Historico-de-Proyectos-Adjudicados/master/BDH_HISTORICA.csv,2026-09-25T05:05:34+00:00,requests
anid,Universidad de Magallanes,2022,,proyectos_anid_adjudicados,18,proyectos,Iniciativas adjudicadas en el año de fallo,https://raw.githubusercontent.com/ANID-GITHUB/Historico-de-Proyectos-Adjudicados/master/BDH_HISTORICA.csv,2026-09-25T05:05:34+00:00,requests
anid,Universidad de Magallanes,2022,,montos_anid_con_industria,199995000,CLP,Parte adjudicada en instrumentos que suponen participación de empresas o transferencia,https://raw.githubusercontent.com/ANID-GITHUB/Historico-de-Proyectos-Adjudicados/master/BDH_HISTORICA.csv,2026-09-25T05:05:34+00:00,requests
anid,Universidad de Magallanes,2023,,montos_anid_adjudicados,2194603000,CLP,"Suma adjudicada por ANID en el año de fallo, en pesos nominales (la base publica miles de pesos; aquí se convierte)",https://raw.githubusercontent.com/ANID-GITHUB/Historico-de-Proyectos-Adjudicados/master/BDH_HISTORICA.csv,2026-09-25T05:05:34+00:00,requests
anid,Universidad de Magallanes,2023,,proyectos_anid_adjudicados,8,proyectos,Iniciativas adjudicadas en el año de fallo,https://raw.githubusercontent.com/ANID-GITHUB/Historico-de-Proyectos-Adjudicados/master/BDH_HISTORICA.csv,2026-09-25T05:05:34+00:00,requests
anid,Universidad de Magallanes,2023,,montos_anid_con_industria,837500000,CLP,Parte adjudicada en instrumentos que suponen participación de empresas o transferencia,https://raw.githubusercontent.com/ANID-GITHUB/Historico-de-Proyectos-Adjudicados/master/BDH_HISTORICA.csv,2026-09-25T05:05:34+00:00,requests
anid,Universidad de Magallanes,2024,,montos_anid_adjudicados,2105059400,CLP,"Suma adjudicada por ANID en el año de fallo, en pesos nominales (la base publica miles de pesos; aquí se convierte)",https://raw.githubusercontent.com/ANID-GITHUB/Historico-de-Proyectos-Adjudicados/master/BDH_HISTORICA.csv,2026-09-25T05:05:34+00:00,requests
anid,Universidad de Magallanes,2024,,proyectos_anid_adjudicados,15,proyectos,Iniciativas adjudicadas en el año de fallo,https://raw.githubusercontent.com/ANID-GITHUB/Historico-de-Proyectos-Adjudicados/master/BDH_HISTORICA.csv,2026-09-25T05:05:34+00:00,requests
anid,Universidad de Magallanes,2024,,montos_anid_con_industria,376180400,CLP,Parte adjudicada en instrumentos que suponen participación de empresas o transferencia,https://raw.githubusercontent.com/ANID-GITHUB/Historico-de-Proyectos-Adjudicados/master/BDH_HISTORICA.csv,2026-09-25T05:05:34+00:00,requests
anid,Universidad de Magallanes,2025,,montos_anid_adjudicados,2209742000,CLP,"Suma adjudicada por ANID en el año de fallo, en pesos nominales (la base publica miles de pesos; aquí se convierte)",https://raw.githubusercontent.com/ANID-GITHUB/Historico-de-Proyectos-Adjudicados/master/BDH_HISTORICA.csv,2026-09-25T05:05:34+00:00,requests
anid,Universidad de Magallanes,2025,,proyectos_anid_adjudicados,9,proyectos,Iniciativas adjudicadas en el año de fallo,https://raw.githubusercontent.com/ANID-GITHUB/Historico-de-Proyectos-Adjudicados/master/BDH_HISTORICA.csv,2026-09-25T05:05:34+00:00,requests
anid,Universidad de Magallanes,2025,,montos_anid_con_industria,280000000,CLP,Parte adjudicada en instrumentos que suponen participación de empresas o transferencia,https://raw.githubusercontent.com/ANID-GITHUB/Historico-de-Proyectos-Adjudicados/master/BDH_HISTORICA.csv,2026-09-25T05:05:34+00:00,requests
anid,Universidad de Magallanes,2026,,montos_anid_adjudicados,1785800000,CLP,"Suma adjudicada por ANID en el año de fallo, en pesos nominales (la base publica miles de pesos; aquí se convierte)",https://raw.githubusercontent.com/ANID-GITHUB/Historico-de-Proyectos-Adjudicados/master/BDH_HISTORICA.csv,2026-09-25T05:05:34+00:00,requests
anid,Universidad de Magallanes,2026,,proyectos_anid_adjudicados,7,proyectos,Iniciativas adjudicadas en el año de fallo,https://raw.githubusercontent.com/ANID-GITHUB/Historico-de-Proyectos-Adjudicados/master/BDH_HISTORICA.csv,2026-09-25T05:05:34+00:00,requests
anid,Universidad de Magallanes,2026,,montos_anid_con_industria,238982000,CLP,Parte adjudicada en instrumentos que suponen participación de empresas o transferencia,https://raw.githubusercontent.com/ANID-GITHUB/Historico-de-Proyectos-Adjudicados/master/BDH_HISTORICA.csv,2026-09-25T05:05:34+00:00,requests
anid,Universidad de Playa Ancha,2022,,montos_anid_adjudicados,639218000,CLP,"Suma adjudicada por ANID en el año de fallo, en pesos nominales (la base publica miles de pesos; aquí se convierte)",https://raw.githubusercontent.com/ANID-GITHUB/Historico-de-Proyectos-Adjudicados/master/BDH_HISTORICA.csv,2026-09-25T05:05:34+00:00,requests
anid,Universidad de Playa Ancha,2022,,proyectos_anid_adjudicados,2,proyectos,Iniciativas adjudicadas en el año de fallo,https://raw.githubusercontent.com/ANID-GITHUB/Historico-de-Proyectos-Adjudicados/master/BDH_HISTORICA.csv,2026-09-25T05:05:34+00:00,requests
anid,Universidad de Playa Ancha,2022,,montos_anid_con_industria,200000000,CLP,Parte adjudicada en instrumentos que suponen participación de empresas o transferencia,https://raw.githubusercontent.com/ANID-GITHUB/Historico-de-Proyectos-Adjudicados/master/BDH_HISTORICA.csv,2026-09-25T05:05:34+00:00,requests
anid,Universidad de Santiago de Chile,2015,,montos_anid_adjudicados,14877291000,CLP,"Suma adjudicada por ANID en el año de fallo, en pesos nominales (la base publica miles de pesos; aquí se convierte)",https://raw.githubusercontent.com/ANID-GITHUB/Historico-de-Proyectos-Adjudicados/master/BDH_HISTORICA.csv,2026-09-25T05:05:34+00:00,requests
anid,Universidad de Santiago de Chile,2015,,proyectos_anid_adjudicados,85,proyectos,Iniciativas adjudicadas en el año de fallo,https://raw.githubusercontent.com/ANID-GITHUB/Historico-de-Proyectos-Adjudicados/master/BDH_HISTORICA.csv,2026-09-25T05:05:34+00:00,requests
anid,Universidad de Santiago de Chile,2015,,montos_anid_con_industria,879522000,CLP,Parte adjudicada en instrumentos que suponen participación de empresas o transferencia,https://raw.githubusercontent.com/ANID-GITHUB/Historico-de-Proyectos-Adjudicados/master/BDH_HISTORICA.csv,2026-09-25T05:05:34+00:00,requests
anid,Universidad de Santiago de Chile,2016,,montos_anid_adjudicados,8035400000,CLP,"Suma adjudicada por ANID en el año de fallo, en pesos nominales (la base publica miles de pesos; aquí se convierte)",https://raw.githubusercontent.com/ANID-GITHUB/Historico-de-Proyectos-Adjudicados/master/BDH_HISTORICA.csv,2026-09-25T05:05:34+00:00,requests
anid,Universidad de Santiago de Chile,2016,,proyectos_anid_adjudicados,81,proyectos,Iniciativas adjudicadas en el año de fallo,https://raw.githubusercontent.com/ANID-GITHUB/Historico-de-Proyectos-Adjudicados/master/BDH_HISTORICA.csv,2026-09-25T05:05:34+00:00,requests
anid,Universidad de Santiago de Chile,2016,,montos_anid_con_industria,284605000,CLP,Parte adjudicada en instrumentos que suponen participación de empresas o transferencia,https://raw.githubusercontent.com/ANID-GITHUB/Historico-de-Proyectos-Adjudicados/master/BDH_HISTORICA.csv,2026-09-25T05:05:34+00:00,requests
anid,Universidad de Santiago de Chile,2017,,montos_anid_adjudicados,9234977000,CLP,"Suma adjudicada por ANID en el año de fallo, en pesos nominales (la base publica miles de pesos; aquí se convierte)",https://raw.githubusercontent.com/ANID-GITHUB/Historico-de-Proyectos-Adjudicados/master/BDH_HISTORICA.csv,2026-09-25T05:05:34+00:00,requests
anid,Universidad de Santiago de Chile,2017,,proyectos_anid_adjudicados,98,proyectos,Iniciativas adjudicadas en el año de fallo,https://raw.githubusercontent.com/ANID-GITHUB/Historico-de-Proyectos-Adjudicados/master/BDH_HISTORICA.csv,2026-09-25T05:05:34+00:00,requests
anid,Universidad de Santiago de Chile,2017,,montos_anid_con_industria,1340134000,CLP,Parte adjudicada en instrumentos que suponen participación de empresas o transferencia,https://raw.githubusercontent.com/ANID-GITHUB/Historico-de-Proyectos-Adjudicados/master/BDH_HISTORICA.csv,2026-09-25T05:05:34+00:00,requests
anid,Universidad de Santiago de Chile,2018,,montos_anid_adjudicados,8020034000,CLP,"Suma adjudicada por ANID en el año de fallo, en pesos nominales (la base publica miles de pesos; aquí se convierte)",https://raw.githubusercontent.com/ANID-GITHUB/Historico-de-Proyectos-Adjudicados/master/BDH_HISTORICA.csv,2026-09-25T05:05:34+00:00,requests
anid,Universidad de Santiago de Chile,2018,,proyectos_anid_adjudicados,84,proyectos,Iniciativas adjudicadas en el año de fallo,https://raw.githubusercontent.com/ANID-GITHUB/Historico-de-Proyectos-Adjudicados/master/BDH_HISTORICA.csv,2026-09-25T05:05:34+00:00,requests
anid,Universidad de Santiago de Chile,2018,,montos_anid_con_industria,864402000,CLP,Parte adjudicada en instrumentos que suponen participación de empresas o transferencia,https://raw.githubusercontent.com/ANID-GITHUB/Historico-de-Proyectos-Adjudicados/master/BDH_HISTORICA.csv,2026-09-25T05:05:34+00:00,requests
anid,Universidad de Santiago de Chile,2019,,montos_anid_adjudicados,8514698000,CLP,"Suma adjudicada por ANID en el año de fallo, en pesos nominales (la base publica miles de pesos; aquí se convierte)",https://raw.githubusercontent.com/ANID-GITHUB/Historico-de-Proyectos-Adjudicados/master/BDH_HISTORICA.csv,2026-09-25T05:05:34+00:00,requests
anid,Universidad de Santiago de Chile,2019,,proyectos_anid_adjudicados,83,proyectos,Iniciativas adjudicadas en el año de fallo,https://raw.githubusercontent.com/ANID-GITHUB/Historico-de-Proyectos-Adjudicados/master/BDH_HISTORICA.csv,2026-09-25T05:05:34+00:00,requests
anid,Universidad de Santiago de Chile,2019,,montos_anid_con_industria,1245110000,CLP,Parte adjudicada en instrumentos que suponen participación de empresas o transferencia,https://raw.githubusercontent.com/ANID-GITHUB/Historico-de-Proyectos-Adjudicados/master/BDH_HISTORICA.csv,2026-09-25T05:05:34+00:00,requests
anid,Universidad de Santiago de Chile,2020,,montos_anid_adjudicados,8432796000,CLP,"Suma adjudicada por ANID en el año de fallo, en pesos nominales (la base publica miles de pesos; aquí se convierte)",https://raw.githubusercontent.com/ANID-GITHUB/Historico-de-Proyectos-Adjudicados/master/BDH_HISTORICA.csv,2026-09-25T05:05:34+00:00,requests
anid,Universidad de Santiago de Chile,2020,,proyectos_anid_adjudicados,75,proyectos,Iniciativas adjudicadas en el año de fallo,https://raw.githubusercontent.com/ANID-GITHUB/Historico-de-Proyectos-Adjudicados/master/BDH_HISTORICA.csv,2026-09-25T05:05:34+00:00,requests
anid,Universidad de Santiago de Chile,2020,,montos_anid_con_industria,833089000,CLP,Parte adjudicada en instrumentos que suponen participación de empresas o transferencia,https://raw.githubusercontent.com/ANID-GITHUB/Historico-de-Proyectos-Adjudicados/master/BDH_HISTORICA.csv,2026-09-25T05:05:34+00:00,requests
anid,Universidad de Santiago de Chile,2021,,montos_anid_adjudicados,11596754000,CLP,"Suma adjudicada por ANID en el año de fallo, en pesos nominales (la base publica miles de pesos; aquí se convierte)",https://raw.githubusercontent.com/ANID-GITHUB/Historico-de-Proyectos-Adjudicados/master/BDH_HISTORICA.csv,2026-09-25T05:05:34+00:00,requests
anid,Universidad de Santiago de Chile,2021,,proyectos_anid_adjudicados,75,proyectos,Iniciativas adjudicadas en el año de fallo,https://raw.githubusercontent.com/ANID-GITHUB/Historico-de-Proyectos-Adjudicados/master/BDH_HISTORICA.csv,2026-09-25T05:05:34+00:00,requests
anid,Universidad de Santiago de Chile,2021,,montos_anid_con_industria,1789494000,CLP,Parte adjudicada en instrumentos que suponen participación de empresas o transferencia,https://raw.githubusercontent.com/ANID-GITHUB/Historico-de-Proyectos-Adjudicados/master/BDH_HISTORICA.csv,2026-09-25T05:05:34+00:00,requests
anid,Universidad de Santiago de Chile,2022,,montos_anid_adjudicados,11850760000,CLP,"Suma adjudicada por ANID en el año de fallo, en pesos nominales (la base publica miles de pesos; aquí se convierte)",https://raw.githubusercontent.com/ANID-GITHUB/Historico-de-Proyectos-Adjudicados/master/BDH_HISTORICA.csv,2026-09-25T05:05:34+00:00,requests
anid,Universidad de Santiago de Chile,2022,,proyectos_anid_adjudicados,77,proyectos,Iniciativas adjudicadas en el año de fallo,https://raw.githubusercontent.com/ANID-GITHUB/Historico-de-Proyectos-Adjudicados/master/BDH_HISTORICA.csv,2026-09-25T05:05:34+00:00,requests
anid,Universidad de Santiago de Chile,2022,,montos_anid_con_industria,1308100000,CLP,Parte adjudicada en instrumentos que suponen participación de empresas o transferencia,https://raw.githubusercontent.com/ANID-GITHUB/Historico-de-Proyectos-Adjudicados/master/BDH_HISTORICA.csv,2026-09-25T05:05:34+00:00,requests
anid,Universidad de Santiago de Chile,2023,,montos_anid_adjudicados,12269876000,CLP,"Suma adjudicada por ANID en el año de fallo, en pesos nominales (la base publica miles de pesos; aquí se convierte)",https://raw.githubusercontent.com/ANID-GITHUB/Historico-de-Proyectos-Adjudicados/master/BDH_HISTORICA.csv,2026-09-25T05:05:34+00:00,requests
anid,Universidad de Santiago de Chile,2023,,proyectos_anid_adjudicados,74,proyectos,Iniciativas adjudicadas en el año de fallo,https://raw.githubusercontent.com/ANID-GITHUB/Historico-de-Proyectos-Adjudicados/master/BDH_HISTORICA.csv,2026-09-25T05:05:34+00:00,requests
anid,Universidad de Santiago de Chile,2023,,montos_anid_con_industria,1870428000,CLP,Parte adjudicada en instrumentos que suponen participación de empresas o transferencia,https://raw.githubusercontent.com/ANID-GITHUB/Historico-de-Proyectos-Adjudicados/master/BDH_HISTORICA.csv,2026-09-25T05:05:34+00:00,requests
anid,Universidad de Santiago de Chile,2024,,montos_anid_adjudicados,12903439025,CLP,"Suma adjudicada por ANID en el año de fallo, en pesos nominales (la base publica miles de pesos; aquí se convierte)",https://raw.githubusercontent.com/ANID-GITHUB/Historico-de-Proyectos-Adjudicados/master/BDH_HISTORICA.csv,2026-09-25T05:05:34+00:00,requests
anid,Universidad de Santiago de Chile,2024,,proyectos_anid_adjudicados,91,proyectos,Iniciativas adjudicadas en el año de fallo,https://raw.githubusercontent.com/ANID-GITHUB/Historico-de-Proyectos-Adjudicados/master/BDH_HISTORICA.csv,2026-09-25T05:05:34+00:00,requests
anid,Universidad de Santiago de Chile,2024,,montos_anid_con_industria,1591473025,CLP,Parte adjudicada en instrumentos que suponen participación de empresas o transferencia,https://raw.githubusercontent.com/ANID-GITHUB/Historico-de-Proyectos-Adjudicados/master/BDH_HISTORICA.csv,2026-09-25T05:05:34+00:00,requests
anid,Universidad de Santiago de Chile,2025,,montos_anid_adjudicados,28746218000,CLP,"Suma adjudicada por ANID en el año de fallo, en pesos nominales (la base publica miles de pesos; aquí se convierte)",https://raw.githubusercontent.com/ANID-GITHUB/Historico-de-Proyectos-Adjudicados/master/BDH_HISTORICA.csv,2026-09-25T05:05:34+00:00,requests
anid,Universidad de Santiago de Chile,2025,,proyectos_anid_adjudicados,90,proyectos,Iniciativas adjudicadas en el año de fallo,https://raw.githubusercontent.com/ANID-GITHUB/Historico-de-Proyectos-Adjudicados/master/BDH_HISTORICA.csv,2026-09-25T05:05:34+00:00,requests
anid,Universidad de Santiago de Chile,2025,,montos_anid_con_industria,2822698000,CLP,Parte adjudicada en instrumentos que suponen participación de empresas o transferencia,https://raw.githubusercontent.com/ANID-GITHUB/Historico-de-Proyectos-Adjudicados/master/BDH_HISTORICA.csv,2026-09-25T05:05:34+00:00,requests
anid,Universidad de Santiago de Chile,2026,,montos_anid_adjudicados,9160677000,CLP,"Suma adjudicada por ANID en el año de fallo, en pesos nominales (la base publica miles de pesos; aquí se convierte)",https://raw.githubusercontent.com/ANID-GITHUB/Historico-de-Proyectos-Adjudicados/master/BDH_HISTORICA.csv,2026-09-25T05:05:34+00:00,requests
anid,Universidad de Santiago de Chile,2026,,proyectos_anid_adjudicados,63,proyectos,Iniciativas adjudicadas en el año de fallo,https://raw.githubusercontent.com/ANID-GITHUB/Historico-de-Proyectos-Adjudicados/master/BDH_HISTORICA.csv,2026-09-25T05:05:34+00:00,requests
anid,Universidad de Santiago de Chile,2026,,montos_anid_con_industria,454436000,CLP,Parte adjudicada en instrumentos que suponen participación de empresas o transferencia,https://raw.githubusercontent.com/ANID-GITHUB/Historico-de-Proyectos-Adjudicados/master/BDH_HISTORICA.csv,2026-09-25T05:05:34+00:00,requests
anid,Universidad de Talca,2015,,montos_anid_adjudicados,3562507000,CLP,"Suma adjudicada por ANID en el año de fallo, en pesos nominales (la base publica miles de pesos; aquí se convierte)",https://raw.githubusercontent.com/ANID-GITHUB/Historico-de-Proyectos-Adjudicados/master/BDH_HISTORICA.csv,2026-09-25T05:05:34+00:00,requests
anid,Universidad de Talca,2015,,proyectos_anid_adjudicados,52,proyectos,Iniciativas adjudicadas en el año de fallo,https://raw.githubusercontent.com/ANID-GITHUB/Historico-de-Proyectos-Adjudicados/master/BDH_HISTORICA.csv,2026-09-25T05:05:34+00:00,requests
anid,Universidad de Talca,2015,,montos_anid_con_industria,306643000,CLP,Parte adjudicada en instrumentos que suponen participación de empresas o transferencia,https://raw.githubusercontent.com/ANID-GITHUB/Historico-de-Proyectos-Adjudicados/master/BDH_HISTORICA.csv,2026-09-25T05:05:34+00:00,requests
anid,Universidad de Talca,2016,,montos_anid_adjudicados,5267272000,CLP,"Suma adjudicada por ANID en el año de fallo, en pesos nominales (la base publica miles de pesos; aquí se convierte)",https://raw.githubusercontent.com/ANID-GITHUB/Historico-de-Proyectos-Adjudicados/master/BDH_HISTORICA.csv,2026-09-25T05:05:34+00:00,requests
anid,Universidad de Talca,2016,,proyectos_anid_adjudicados,67,proyectos,Iniciativas adjudicadas en el año de fallo,https://raw.githubusercontent.com/ANID-GITHUB/Historico-de-Proyectos-Adjudicados/master/BDH_HISTORICA.csv,2026-09-25T05:05:34+00:00,requests
anid,Universidad de Talca,2016,,montos_anid_con_industria,457760000,CLP,Parte adjudicada en instrumentos que suponen participación de empresas o transferencia,https://raw.githubusercontent.com/ANID-GITHUB/Historico-de-Proyectos-Adjudicados/master/BDH_HISTORICA.csv,2026-09-25T05:05:34+00:00,requests
anid,Universidad de Talca,2017,,montos_anid_adjudicados,4577921000,CLP,"Suma adjudicada por ANID en el año de fallo, en pesos nominales (la base publica miles de pesos; aquí se convierte)",https://raw.githubusercontent.com/ANID-GITHUB/Historico-de-Proyectos-Adjudicados/master/BDH_HISTORICA.csv,2026-09-25T05:05:34+00:00,requests
anid,Universidad de Talca,2017,,proyectos_anid_adjudicados,50,proyectos,Iniciativas adjudicadas en el año de fallo,https://raw.githubusercontent.com/ANID-GITHUB/Historico-de-Proyectos-Adjudicados/master/BDH_HISTORICA.csv,2026-09-25T05:05:34+00:00,requests
anid,Universidad de Talca,2017,,montos_anid_con_industria,156000000,CLP,Parte adjudicada en instrumentos que suponen participación de empresas o transferencia,https://raw.githubusercontent.com/ANID-GITHUB/Historico-de-Proyectos-Adjudicados/master/BDH_HISTORICA.csv,2026-09-25T05:05:34+00:00,requests
anid,Universidad de Talca,2018,,montos_anid_adjudicados,4730823000,CLP,"Suma adjudicada por ANID en el año de fallo, en pesos nominales (la base publica miles de pesos; aquí se convierte)",https://raw.githubusercontent.com/ANID-GITHUB/Historico-de-Proyectos-Adjudicados/master/BDH_HISTORICA.csv,2026-09-25T05:05:34+00:00,requests
anid,Universidad de Talca,2018,,proyectos_anid_adjudicados,50,proyectos,Iniciativas adjudicadas en el año de fallo,https://raw.githubusercontent.com/ANID-GITHUB/Historico-de-Proyectos-Adjudicados/master/BDH_HISTORICA.csv,2026-09-25T05:05:34+00:00,requests
anid,Universidad de Talca,2018,,montos_anid_con_industria,837676000,CLP,Parte adjudicada en instrumentos que suponen participación de empresas o transferencia,https://raw.githubusercontent.com/ANID-GITHUB/Historico-de-Proyectos-Adjudicados/master/BDH_HISTORICA.csv,2026-09-25T05:05:34+00:00,requests
anid,Universidad de Talca,2019,,montos_anid_adjudicados,4229527000,CLP,"Suma adjudicada por ANID en el año de fallo, en pesos nominales (la base publica miles de pesos; aquí se convierte)",https://raw.githubusercontent.com/ANID-GITHUB/Historico-de-Proyectos-Adjudicados/master/BDH_HISTORICA.csv,2026-09-25T05:05:34+00:00,requests
anid,Universidad de Talca,2019,,proyectos_anid_adjudicados,41,proyectos,Iniciativas adjudicadas en el año de fallo,https://raw.githubusercontent.com/ANID-GITHUB/Historico-de-Proyectos-Adjudicados/master/BDH_HISTORICA.csv,2026-09-25T05:05:34+00:00,requests
anid,Universidad de Talca,2019,,montos_anid_con_industria,6000000,CLP,Parte adjudicada en instrumentos que suponen participación de empresas o transferencia,https://raw.githubusercontent.com/ANID-GITHUB/Historico-de-Proyectos-Adjudicados/master/BDH_HISTORICA.csv,2026-09-25T05:05:34+00:00,requests
anid,Universidad de Talca,2020,,montos_anid_adjudicados,4711555000,CLP,"Suma adjudicada por ANID en el año de fallo, en pesos nominales (la base publica miles de pesos; aquí se convierte)",https://raw.githubusercontent.com/ANID-GITHUB/Historico-de-Proyectos-Adjudicados/master/BDH_HISTORICA.csv,2026-09-25T05:05:34+00:00,requests
anid,Universidad de Talca,2020,,proyectos_anid_adjudicados,43,proyectos,Iniciativas adjudicadas en el año de fallo,https://raw.githubusercontent.com/ANID-GITHUB/Historico-de-Proyectos-Adjudicados/master/BDH_HISTORICA.csv,2026-09-25T05:05:34+00:00,requests
anid,Universidad de Talca,2020,,montos_anid_con_industria,253981000,CLP,Parte adjudicada en instrumentos que suponen participación de empresas o transferencia,https://raw.githubusercontent.com/ANID-GITHUB/Historico-de-Proyectos-Adjudicados/master/BDH_HISTORICA.csv,2026-09-25T05:05:34+00:00,requests
anid,Universidad de Talca,2021,,montos_anid_adjudicados,7515360000,CLP,"Suma adjudicada por ANID en el año de fallo, en pesos nominales (la base publica miles de pesos; aquí se convierte)",https://raw.githubusercontent.com/ANID-GITHUB/Historico-de-Proyectos-Adjudicados/master/BDH_HISTORICA.csv,2026-09-25T05:05:34+00:00,requests
anid,Universidad de Talca,2021,,proyectos_anid_adjudicados,40,proyectos,Iniciativas adjudicadas en el año de fallo,https://raw.githubusercontent.com/ANID-GITHUB/Historico-de-Proyectos-Adjudicados/master/BDH_HISTORICA.csv,2026-09-25T05:05:34+00:00,requests
anid,Universidad de Talca,2021,,montos_anid_con_industria,398044000,CLP,Parte adjudicada en instrumentos que suponen participación de empresas o transferencia,https://raw.githubusercontent.com/ANID-GITHUB/Historico-de-Proyectos-Adjudicados/master/BDH_HISTORICA.csv,2026-09-25T05:05:34+00:00,requests
anid,Universidad de Talca,2022,,montos_anid_adjudicados,7350747000,CLP,"Suma adjudicada por ANID en el año de fallo, en pesos nominales (la base publica miles de pesos; aquí se convierte)",https://raw.githubusercontent.com/ANID-GITHUB/Historico-de-Proyectos-Adjudicados/master/BDH_HISTORICA.csv,2026-09-25T05:05:34+00:00,requests
anid,Universidad de Talca,2022,,proyectos_anid_adjudicados,51,proyectos,Iniciativas adjudicadas en el año de fallo,https://raw.githubusercontent.com/ANID-GITHUB/Historico-de-Proyectos-Adjudicados/master/BDH_HISTORICA.csv,2026-09-25T05:05:34+00:00,requests
anid,Universidad de Talca,2022,,montos_anid_con_industria,39989000,CLP,Parte adjudicada en instrumentos que suponen participación de empresas o transferencia,https://raw.githubusercontent.com/ANID-GITHUB/Historico-de-Proyectos-Adjudicados/master/BDH_HISTORICA.csv,2026-09-25T05:05:34+00:00,requests
anid,Universidad de Talca,2023,,montos_anid_adjudicados,6782672000,CLP,"Suma adjudicada por ANID en el año de fallo, en pesos nominales (la base publica miles de pesos; aquí se convierte)",https://raw.githubusercontent.com/ANID-GITHUB/Historico-de-Proyectos-Adjudicados/master/BDH_HISTORICA.csv,2026-09-25T05:05:34+00:00,requests
anid,Universidad de Talca,2023,,proyectos_anid_adjudicados,52,proyectos,Iniciativas adjudicadas en el año de fallo,https://raw.githubusercontent.com/ANID-GITHUB/Historico-de-Proyectos-Adjudicados/master/BDH_HISTORICA.csv,2026-09-25T05:05:34+00:00,requests
anid,Universidad de Talca,2023,,montos_anid_con_industria,244666000,CLP,Parte adjudicada en instrumentos que suponen participación de empresas o transferencia,https://raw.githubusercontent.com/ANID-GITHUB/Historico-de-Proyectos-Adjudicados/master/BDH_HISTORICA.csv,2026-09-25T05:05:34+00:00,requests
anid,Universidad de Talca,2024,,montos_anid_adjudicados,9139925000,CLP,"Suma adjudicada por ANID en el año de fallo, en pesos nominales (la base publica miles de pesos; aquí se convierte)",https://raw.githubusercontent.com/ANID-GITHUB/Historico-de-Proyectos-Adjudicados/master/BDH_HISTORICA.csv,2026-09-25T05:05:34+00:00,requests
anid,Universidad de Talca,2024,,proyectos_anid_adjudicados,62,proyectos,Iniciativas adjudicadas en el año de fallo,https://raw.githubusercontent.com/ANID-GITHUB/Historico-de-Proyectos-Adjudicados/master/BDH_HISTORICA.csv,2026-09-25T05:05:34+00:00,requests
anid,Universidad de Talca,2024,,montos_anid_con_industria,266820000,CLP,Parte adjudicada en instrumentos que suponen participación de empresas o transferencia,https://raw.githubusercontent.com/ANID-GITHUB/Historico-de-Proyectos-Adjudicados/master/BDH_HISTORICA.csv,2026-09-25T05:05:34+00:00,requests
anid,Universidad de Talca,2025,,montos_anid_adjudicados,11423260000,CLP,"Suma adjudicada por ANID en el año de fallo, en pesos nominales (la base publica miles de pesos; aquí se convierte)",https://raw.githubusercontent.com/ANID-GITHUB/Historico-de-Proyectos-Adjudicados/master/BDH_HISTORICA.csv,2026-09-25T05:05:34+00:00,requests
anid,Universidad de Talca,2025,,proyectos_anid_adjudicados,53,proyectos,Iniciativas adjudicadas en el año de fallo,https://raw.githubusercontent.com/ANID-GITHUB/Historico-de-Proyectos-Adjudicados/master/BDH_HISTORICA.csv,2026-09-25T05:05:34+00:00,requests
anid,Universidad de Talca,2025,,montos_anid_con_industria,845426000,CLP,Parte adjudicada en instrumentos que suponen participación de empresas o transferencia,https://raw.githubusercontent.com/ANID-GITHUB/Historico-de-Proyectos-Adjudicados/master/BDH_HISTORICA.csv,2026-09-25T05:05:34+00:00,requests
anid,Universidad de Talca,2026,,montos_anid_adjudicados,7235737000,CLP,"Suma adjudicada por ANID en el año de fallo, en pesos nominales (la base publica miles de pesos; aquí se convierte)",https://raw.githubusercontent.com/ANID-GITHUB/Historico-de-Proyectos-Adjudicados/master/BDH_HISTORICA.csv,2026-09-25T05:05:34+00:00,requests
anid,Universidad de Talca,2026,,proyectos_anid_adjudicados,49,proyectos,Iniciativas adjudicadas en el año de fallo,https://raw.githubusercontent.com/ANID-GITHUB/Historico-de-Proyectos-Adjudicados/master/BDH_HISTORICA.csv,2026-09-25T05:05:34+00:00,requests
anid,Universidad de Tarapaca,2015,,montos_anid_adjudicados,699223000,CLP,"Suma adjudicada por ANID en el año de fallo, en pesos nominales (la base publica miles de pesos; aquí se convierte)",https://raw.githubusercontent.com/ANID-GITHUB/Historico-de-Proyectos-Adjudicados/master/BDH_HISTORICA.csv,2026-09-25T05:05:34+00:00,requests
anid,Universidad de Tarapaca,2015,,proyectos_anid_adjudicados,12,proyectos,Iniciativas adjudicadas en el año de fallo,https://raw.githubusercontent.com/ANID-GITHUB/Historico-de-Proyectos-Adjudicados/master/BDH_HISTORICA.csv,2026-09-25T05:05:34+00:00,requests
anid,Universidad de Tarapaca,2016,,montos_anid_adjudicados,1350599000,CLP,"Suma adjudicada por ANID en el año de fallo, en pesos nominales (la base publica miles de pesos; aquí se convierte)",https://raw.githubusercontent.com/ANID-GITHUB/Historico-de-Proyectos-Adjudicados/master/BDH_HISTORICA.csv,2026-09-25T05:05:34+00:00,requests
anid,Universidad de Tarapaca,2016,,proyectos_anid_adjudicados,18,proyectos,Iniciativas adjudicadas en el año de fallo,https://raw.githubusercontent.com/ANID-GITHUB/Historico-de-Proyectos-Adjudicados/master/BDH_HISTORICA.csv,2026-09-25T05:05:34+00:00,requests
anid,Universidad de Tarapaca,2016,,montos_anid_con_industria,4000000,CLP,Parte adjudicada en instrumentos que suponen participación de empresas o transferencia,https://raw.githubusercontent.com/ANID-GITHUB/Historico-de-Proyectos-Adjudicados/master/BDH_HISTORICA.csv,2026-09-25T05:05:34+00:00,requests
anid,Universidad de Tarapaca,2017,,montos_anid_adjudicados,1331569857,CLP,"Suma adjudicada por ANID en el año de fallo, en pesos nominales (la base publica miles de pesos; aquí se convierte)",https://raw.githubusercontent.com/ANID-GITHUB/Historico-de-Proyectos-Adjudicados/master/BDH_HISTORICA.csv,2026-09-25T05:05:34+00:00,requests
anid,Universidad de Tarapaca,2017,,proyectos_anid_adjudicados,17,proyectos,Iniciativas adjudicadas en el año de fallo,https://raw.githubusercontent.com/ANID-GITHUB/Historico-de-Proyectos-Adjudicados/master/BDH_HISTORICA.csv,2026-09-25T05:05:34+00:00,requests
anid,Universidad de Tarapaca,2017,,montos_anid_con_industria,23998857,CLP,Parte adjudicada en instrumentos que suponen participación de empresas o transferencia,https://raw.githubusercontent.com/ANID-GITHUB/Historico-de-Proyectos-Adjudicados/master/BDH_HISTORICA.csv,2026-09-25T05:05:34+00:00,requests
anid,Universidad de Tarapaca,2018,,montos_anid_adjudicados,1173553000,CLP,"Suma adjudicada por ANID en el año de fallo, en pesos nominales (la base publica miles de pesos; aquí se convierte)",https://raw.githubusercontent.com/ANID-GITHUB/Historico-de-Proyectos-Adjudicados/master/BDH_HISTORICA.csv,2026-09-25T05:05:34+00:00,requests
anid,Universidad de Tarapaca,2018,,proyectos_anid_adjudicados,15,proyectos,Iniciativas adjudicadas en el año de fallo,https://raw.githubusercontent.com/ANID-GITHUB/Historico-de-Proyectos-Adjudicados/master/BDH_HISTORICA.csv,2026-09-25T05:05:34+00:00,requests
anid,Universidad de Tarapaca,2018,,montos_anid_con_industria,2000000,CLP,Parte adjudicada en instrumentos que suponen participación de empresas o transferencia,https://raw.githubusercontent.com/ANID-GITHUB/Historico-de-Proyectos-Adjudicados/master/BDH_HISTORICA.csv,2026-09-25T05:05:34+00:00,requests
anid,Universidad de Tarapaca,2019,,montos_anid_adjudicados,2154173000,CLP,"Suma adjudicada por ANID en el año de fallo, en pesos nominales (la base publica miles de pesos; aquí se convierte)",https://raw.githubusercontent.com/ANID-GITHUB/Historico-de-Proyectos-Adjudicados/master/BDH_HISTORICA.csv,2026-09-25T05:05:34+00:00,requests
anid,Universidad de Tarapaca,2019,,proyectos_anid_adjudicados,18,proyectos,Iniciativas adjudicadas en el año de fallo,https://raw.githubusercontent.com/ANID-GITHUB/Historico-de-Proyectos-Adjudicados/master/BDH_HISTORICA.csv,2026-09-25T05:05:34+00:00,requests
anid,Universidad de Tarapaca,2019,,montos_anid_con_industria,24000000,CLP,Parte adjudicada en instrumentos que suponen participación de empresas o transferencia,https://raw.githubusercontent.com/ANID-GITHUB/Historico-de-Proyectos-Adjudicados/master/BDH_HISTORICA.csv,2026-09-25T05:05:34+00:00,requests
anid,Universidad de Tarapaca,2020,,montos_anid_adjudicados,2025473000,CLP,"Suma adjudicada por ANID en el año de fallo, en pesos nominales (la base publica miles de pesos; aquí se convierte)",https://raw.githubusercontent.com/ANID-GITHUB/Historico-de-Proyectos-Adjudicados/master/BDH_HISTORICA.csv,2026-09-25T05:05:34+00:00,requests
anid,Universidad de Tarapaca,2020,,proyectos_anid_adjudicados,18,proyectos,Iniciativas adjudicadas en el año de fallo,https://raw.githubusercontent.com/ANID-GITHUB/Historico-de-Proyectos-Adjudicados/master/BDH_HISTORICA.csv,2026-09-25T05:05:34+00:00,requests
anid,Universidad de Tarapaca,2021,,montos_anid_adjudicados,2515066000,CLP,"Suma adjudicada por ANID en el año de fallo, en pesos nominales (la base publica miles de pesos; aquí se convierte)",https://raw.githubusercontent.com/ANID-GITHUB/Historico-de-Proyectos-Adjudicados/master/BDH_HISTORICA.csv,2026-09-25T05:05:34+00:00,requests
anid,Universidad de Tarapaca,2021,,proyectos_anid_adjudicados,18,proyectos,Iniciativas adjudicadas en el año de fallo,https://raw.githubusercontent.com/ANID-GITHUB/Historico-de-Proyectos-Adjudicados/master/BDH_HISTORICA.csv,2026-09-25T05:05:34+00:00,requests
anid,Universidad de Tarapaca,2022,,montos_anid_adjudicados,6256563000,CLP,"Suma adjudicada por ANID en el año de fallo, en pesos nominales (la base publica miles de pesos; aquí se convierte)",https://raw.githubusercontent.com/ANID-GITHUB/Historico-de-Proyectos-Adjudicados/master/BDH_HISTORICA.csv,2026-09-25T05:05:34+00:00,requests
anid,Universidad de Tarapaca,2022,,proyectos_anid_adjudicados,28,proyectos,Iniciativas adjudicadas en el año de fallo,https://raw.githubusercontent.com/ANID-GITHUB/Historico-de-Proyectos-Adjudicados/master/BDH_HISTORICA.csv,2026-09-25T05:05:34+00:00,requests
anid,Universidad de Tarapaca,2022,,montos_anid_con_industria,192988000,CLP,Parte adjudicada en instrumentos que suponen participación de empresas o transferencia,https://raw.githubusercontent.com/ANID-GITHUB/Historico-de-Proyectos-Adjudicados/master/BDH_HISTORICA.csv,2026-09-25T05:05:34+00:00,requests
anid,Universidad de Tarapaca,2023,,montos_anid_adjudicados,3291578000,CLP,"Suma adjudicada por ANID en el año de fallo, en pesos nominales (la base publica miles de pesos; aquí se convierte)",https://raw.githubusercontent.com/ANID-GITHUB/Historico-de-Proyectos-Adjudicados/master/BDH_HISTORICA.csv,2026-09-25T05:05:34+00:00,requests
anid,Universidad de Tarapaca,2023,,proyectos_anid_adjudicados,31,proyectos,Iniciativas adjudicadas en el año de fallo,https://raw.githubusercontent.com/ANID-GITHUB/Historico-de-Proyectos-Adjudicados/master/BDH_HISTORICA.csv,2026-09-25T05:05:34+00:00,requests
anid,Universidad de Tarapaca,2024,,montos_anid_adjudicados,2037451000,CLP,"Suma adjudicada por ANID en el año de fallo, en pesos nominales (la base publica miles de pesos; aquí se convierte)",https://raw.githubusercontent.com/ANID-GITHUB/Historico-de-Proyectos-Adjudicados/master/BDH_HISTORICA.csv,2026-09-25T05:05:34+00:00,requests
anid,Universidad de Tarapaca,2024,,proyectos_anid_adjudicados,17,proyectos,Iniciativas adjudicadas en el año de fallo,https://raw.githubusercontent.com/ANID-GITHUB/Historico-de-Proyectos-Adjudicados/master/BDH_HISTORICA.csv,2026-09-25T05:05:34+00:00,requests
anid,Universidad de Tarapaca,2025,,montos_anid_adjudicados,7115215000,CLP,"Suma adjudicada por ANID en el año de fallo, en pesos nominales (la base publica miles de pesos; aquí se convierte)",https://raw.githubusercontent.com/ANID-GITHUB/Historico-de-Proyectos-Adjudicados/master/BDH_HISTORICA.csv,2026-09-25T05:05:34+00:00,requests
anid,Universidad de Tarapaca,2025,,proyectos_anid_adjudicados,29,proyectos,Iniciativas adjudicadas en el año de fallo,https://raw.githubusercontent.com/ANID-GITHUB/Historico-de-Proyectos-Adjudicados/master/BDH_HISTORICA.csv,2026-09-25T05:05:34+00:00,requests
anid,Universidad de Tarapaca,2026,,montos_anid_adjudicados,5044142000,CLP,"Suma adjudicada por ANID en el año de fallo, en pesos nominales (la base publica miles de pesos; aquí se convierte)",https://raw.githubusercontent.com/ANID-GITHUB/Historico-de-Proyectos-Adjudicados/master/BDH_HISTORICA.csv,2026-09-25T05:05:34+00:00,requests
anid,Universidad de Tarapaca,2026,,proyectos_anid_adjudicados,30,proyectos,Iniciativas adjudicadas en el año de fallo,https://raw.githubusercontent.com/ANID-GITHUB/Historico-de-Proyectos-Adjudicados/master/BDH_HISTORICA.csv,2026-09-25T05:05:34+00:00,requests
anid,Universidad de Tarapaca,2026,,montos_anid_con_industria,232886000,CLP,Parte adjudicada en instrumentos que suponen participación de empresas o transferencia,https://raw.githubusercontent.com/ANID-GITHUB/Historico-de-Proyectos-Adjudicados/master/BDH_HISTORICA.csv,2026-09-25T05:05:34+00:00,requests
anid,Universidad de Valparaiso,2015,,montos_anid_adjudicados,2838160000,CLP,"Suma adjudicada por ANID en el año de fallo, en pesos nominales (la base publica miles de pesos; aquí se convierte)",https://raw.githubusercontent.com/ANID-GITHUB/Historico-de-Proyectos-Adjudicados/master/BDH_HISTORICA.csv,2026-09-25T05:05:34+00:00,requests
anid,Universidad de Valparaiso,2015,,proyectos_anid_adjudicados,49,proyectos,Iniciativas adjudicadas en el año de fallo,https://raw.githubusercontent.com/ANID-GITHUB/Historico-de-Proyectos-Adjudicados/master/BDH_HISTORICA.csv,2026-09-25T05:05:34+00:00,requests
anid,Universidad de Valparaiso,2015,,montos_anid_con_industria,171854000,CLP,Parte adjudicada en instrumentos que suponen participación de empresas o transferencia,https://raw.githubusercontent.com/ANID-GITHUB/Historico-de-Proyectos-Adjudicados/master/BDH_HISTORICA.csv,2026-09-25T05:05:34+00:00,requests
anid,Universidad de Valparaiso,2016,,montos_anid_adjudicados,4865035000,CLP,"Suma adjudicada por ANID en el año de fallo, en pesos nominales (la base publica miles de pesos; aquí se convierte)",https://raw.githubusercontent.com/ANID-GITHUB/Historico-de-Proyectos-Adjudicados/master/BDH_HISTORICA.csv,2026-09-25T05:05:34+00:00,requests
anid,Universidad de Valparaiso,2016,,proyectos_anid_adjudicados,67,proyectos,Iniciativas adjudicadas en el año de fallo,https://raw.githubusercontent.com/ANID-GITHUB/Historico-de-Proyectos-Adjudicados/master/BDH_HISTORICA.csv,2026-09-25T05:05:34+00:00,requests
anid,Universidad de Valparaiso,2016,,montos_anid_con_industria,346715000,CLP,Parte adjudicada en instrumentos que suponen participación de empresas o transferencia,https://raw.githubusercontent.com/ANID-GITHUB/Historico-de-Proyectos-Adjudicados/master/BDH_HISTORICA.csv,2026-09-25T05:05:34+00:00,requests
anid,Universidad de Valparaiso,2017,,montos_anid_adjudicados,4205986000,CLP,"Suma adjudicada por ANID en el año de fallo, en pesos nominales (la base publica miles de pesos; aquí se convierte)",https://raw.githubusercontent.com/ANID-GITHUB/Historico-de-Proyectos-Adjudicados/master/BDH_HISTORICA.csv,2026-09-25T05:05:34+00:00,requests
anid,Universidad de Valparaiso,2017,,proyectos_anid_adjudicados,74,proyectos,Iniciativas adjudicadas en el año de fallo,https://raw.githubusercontent.com/ANID-GITHUB/Historico-de-Proyectos-Adjudicados/master/BDH_HISTORICA.csv,2026-09-25T05:05:34+00:00,requests
anid,Universidad de Valparaiso,2017,,montos_anid_con_industria,4000000,CLP,Parte adjudicada en instrumentos que suponen participación de empresas o transferencia,https://raw.githubusercontent.com/ANID-GITHUB/Historico-de-Proyectos-Adjudicados/master/BDH_HISTORICA.csv,2026-09-25T05:05:34+00:00,requests
anid,Universidad de Valparaiso,2018,,montos_anid_adjudicados,4383938000,CLP,"Suma adjudicada por ANID en el año de fallo, en pesos nominales (la base publica miles de pesos; aquí se convierte)",https://raw.githubusercontent.com/ANID-GITHUB/Historico-de-Proyectos-Adjudicados/master/BDH_HISTORICA.csv,2026-09-25T05:05:34+00:00,requests
anid,Universidad de Valparaiso,2018,,proyectos_anid_adjudicados,70,proyectos,Iniciativas adjudicadas en el año de fallo,https://raw.githubusercontent.com/ANID-GITHUB/Historico-de-Proyectos-Adjudicados/master/BDH_HISTORICA.csv,2026-09-25T05:05:34+00:00,requests
anid,Universidad de Valparaiso,2018,,montos_anid_con_industria,569032000,CLP,Parte adjudicada en instrumentos que suponen participación de empresas o transferencia,https://raw.githubusercontent.com/ANID-GITHUB/Historico-de-Proyectos-Adjudicados/master/BDH_HISTORICA.csv,2026-09-25T05:05:34+00:00,requests
anid,Universidad de Valparaiso,2019,,montos_anid_adjudicados,4260692000,CLP,"Suma adjudicada por ANID en el año de fallo, en pesos nominales (la base publica miles de pesos; aquí se convierte)",https://raw.githubusercontent.com/ANID-GITHUB/Historico-de-Proyectos-Adjudicados/master/BDH_HISTORICA.csv,2026-09-25T05:05:34+00:00,requests
anid,Universidad de Valparaiso,2019,,proyectos_anid_adjudicados,62,proyectos,Iniciativas adjudicadas en el año de fallo,https://raw.githubusercontent.com/ANID-GITHUB/Historico-de-Proyectos-Adjudicados/master/BDH_HISTORICA.csv,2026-09-25T05:05:34+00:00,requests
anid,Universidad de Valparaiso,2019,,montos_anid_con_industria,552579000,CLP,Parte adjudicada en instrumentos que suponen participación de empresas o transferencia,https://raw.githubusercontent.com/ANID-GITHUB/Historico-de-Proyectos-Adjudicados/master/BDH_HISTORICA.csv,2026-09-25T05:05:34+00:00,requests
anid,Universidad de Valparaiso,2020,,montos_anid_adjudicados,4375795000,CLP,"Suma adjudicada por ANID en el año de fallo, en pesos nominales (la base publica miles de pesos; aquí se convierte)",https://raw.githubusercontent.com/ANID-GITHUB/Historico-de-Proyectos-Adjudicados/master/BDH_HISTORICA.csv,2026-09-25T05:05:34+00:00,requests
anid,Universidad de Valparaiso,2020,,proyectos_anid_adjudicados,46,proyectos,Iniciativas adjudicadas en el año de fallo,https://raw.githubusercontent.com/ANID-GITHUB/Historico-de-Proyectos-Adjudicados/master/BDH_HISTORICA.csv,2026-09-25T05:05:34+00:00,requests
anid,Universidad de Valparaiso,2020,,montos_anid_con_industria,459990000,CLP,Parte adjudicada en instrumentos que suponen participación de empresas o transferencia,https://raw.githubusercontent.com/ANID-GITHUB/Historico-de-Proyectos-Adjudicados/master/BDH_HISTORICA.csv,2026-09-25T05:05:34+00:00,requests
anid,Universidad de Valparaiso,2021,,montos_anid_adjudicados,6121967000,CLP,"Suma adjudicada por ANID en el año de fallo, en pesos nominales (la base publica miles de pesos; aquí se convierte)",https://raw.githubusercontent.com/ANID-GITHUB/Historico-de-Proyectos-Adjudicados/master/BDH_HISTORICA.csv,2026-09-25T05:05:34+00:00,requests
anid,Universidad de Valparaiso,2021,,proyectos_anid_adjudicados,57,proyectos,Iniciativas adjudicadas en el año de fallo,https://raw.githubusercontent.com/ANID-GITHUB/Historico-de-Proyectos-Adjudicados/master/BDH_HISTORICA.csv,2026-09-25T05:05:34+00:00,requests
anid,Universidad de Valparaiso,2021,,montos_anid_con_industria,1022831000,CLP,Parte adjudicada en instrumentos que suponen participación de empresas o transferencia,https://raw.githubusercontent.com/ANID-GITHUB/Historico-de-Proyectos-Adjudicados/master/BDH_HISTORICA.csv,2026-09-25T05:05:34+00:00,requests
anid,Universidad de Valparaiso,2022,,montos_anid_adjudicados,11483862000,CLP,"Suma adjudicada por ANID en el año de fallo, en pesos nominales (la base publica miles de pesos; aquí se convierte)",https://raw.githubusercontent.com/ANID-GITHUB/Historico-de-Proyectos-Adjudicados/master/BDH_HISTORICA.csv,2026-09-25T05:05:34+00:00,requests
anid,Universidad de Valparaiso,2022,,proyectos_anid_adjudicados,62,proyectos,Iniciativas adjudicadas en el año de fallo,https://raw.githubusercontent.com/ANID-GITHUB/Historico-de-Proyectos-Adjudicados/master/BDH_HISTORICA.csv,2026-09-25T05:05:34+00:00,requests
anid,Universidad de Valparaiso,2022,,montos_anid_con_industria,649063000,CLP,Parte adjudicada en instrumentos que suponen participación de empresas o transferencia,https://raw.githubusercontent.com/ANID-GITHUB/Historico-de-Proyectos-Adjudicados/master/BDH_HISTORICA.csv,2026-09-25T05:05:34+00:00,requests
anid,Universidad de Valparaiso,2023,,montos_anid_adjudicados,7197571000,CLP,"Suma adjudicada por ANID en el año de fallo, en pesos nominales (la base publica miles de pesos; aquí se convierte)",https://raw.githubusercontent.com/ANID-GITHUB/Historico-de-Proyectos-Adjudicados/master/BDH_HISTORICA.csv,2026-09-25T05:05:34+00:00,requests
anid,Universidad de Valparaiso,2023,,proyectos_anid_adjudicados,58,proyectos,Iniciativas adjudicadas en el año de fallo,https://raw.githubusercontent.com/ANID-GITHUB/Historico-de-Proyectos-Adjudicados/master/BDH_HISTORICA.csv,2026-09-25T05:05:34+00:00,requests
anid,Universidad de Valparaiso,2023,,montos_anid_con_industria,869792000,CLP,Parte adjudicada en instrumentos que suponen participación de empresas o transferencia,https://raw.githubusercontent.com/ANID-GITHUB/Historico-de-Proyectos-Adjudicados/master/BDH_HISTORICA.csv,2026-09-25T05:05:34+00:00,requests
anid,Universidad de Valparaiso,2024,,montos_anid_adjudicados,6687001100,CLP,"Suma adjudicada por ANID en el año de fallo, en pesos nominales (la base publica miles de pesos; aquí se convierte)",https://raw.githubusercontent.com/ANID-GITHUB/Historico-de-Proyectos-Adjudicados/master/BDH_HISTORICA.csv,2026-09-25T05:05:34+00:00,requests
anid,Universidad de Valparaiso,2024,,proyectos_anid_adjudicados,49,proyectos,Iniciativas adjudicadas en el año de fallo,https://raw.githubusercontent.com/ANID-GITHUB/Historico-de-Proyectos-Adjudicados/master/BDH_HISTORICA.csv,2026-09-25T05:05:34+00:00,requests
anid,Universidad de Valparaiso,2024,,montos_anid_con_industria,918063100,CLP,Parte adjudicada en instrumentos que suponen participación de empresas o transferencia,https://raw.githubusercontent.com/ANID-GITHUB/Historico-de-Proyectos-Adjudicados/master/BDH_HISTORICA.csv,2026-09-25T05:05:34+00:00,requests
anid,Universidad de Valparaiso,2025,,montos_anid_adjudicados,8813244000,CLP,"Suma adjudicada por ANID en el año de fallo, en pesos nominales (la base publica miles de pesos; aquí se convierte)",https://raw.githubusercontent.com/ANID-GITHUB/Historico-de-Proyectos-Adjudicados/master/BDH_HISTORICA.csv,2026-09-25T05:05:34+00:00,requests
anid,Universidad de Valparaiso,2025,,proyectos_anid_adjudicados,47,proyectos,Iniciativas adjudicadas en el año de fallo,https://raw.githubusercontent.com/ANID-GITHUB/Historico-de-Proyectos-Adjudicados/master/BDH_HISTORICA.csv,2026-09-25T05:05:34+00:00,requests
anid,Universidad de Valparaiso,2025,,montos_anid_con_industria,1221149000,CLP,Parte adjudicada en instrumentos que suponen participación de empresas o transferencia,https://raw.githubusercontent.com/ANID-GITHUB/Historico-de-Proyectos-Adjudicados/master/BDH_HISTORICA.csv,2026-09-25T05:05:34+00:00,requests
anid,Universidad de Valparaiso,2026,,montos_anid_adjudicados,3522877000,CLP,"Suma adjudicada por ANID en el año de fallo, en pesos nominales (la base publica miles de pesos; aquí se convierte)",https://raw.githubusercontent.com/ANID-GITHUB/Historico-de-Proyectos-Adjudicados/master/BDH_HISTORICA.csv,2026-09-25T05:05:34+00:00,requests
anid,Universidad de Valparaiso,2026,,proyectos_anid_adjudicados,31,proyectos,Iniciativas adjudicadas en el año de fallo,https://raw.githubusercontent.com/ANID-GITHUB/Historico-de-Proyectos-Adjudicados/master/BDH_HISTORICA.csv,2026-09-25T05:05:34+00:00,requests
anid,Universidad de la Frontera,2015,,montos_anid_adjudicados,5970955000,CLP,"Suma adjudicada por ANID en el año de fallo, en pesos nominales (la base publica miles de pesos; aquí se convierte)",https://raw.githubusercontent.com/ANID-GITHUB/Historico-de-Proyectos-Adjudicados/master/BDH_HISTORICA.csv,2026-09-25T05:05:34+00:00,requests
anid,Universidad de la Frontera,2015,,proyectos_anid_adjudicados,66,proyectos,Iniciativas adjudicadas en el año de fallo,https://raw.githubusercontent.com/ANID-GITHUB/Historico-de-Proyectos-Adjudicados/master/BDH_HISTORICA.csv,2026-09-25T05:05:34+00:00,requests
anid,Universidad de la Frontera,2015,,montos_anid_con_industria,699504000,CLP,Parte adjudicada en instrumentos que suponen participación de empresas o transferencia,https://raw.githubusercontent.com/ANID-GITHUB/Historico-de-Proyectos-Adjudicados/master/BDH_HISTORICA.csv,2026-09-25T05:05:34+00:00,requests
anid,Universidad de la Frontera,2016,,montos_anid_adjudicados,5405318000,CLP,"Suma adjudicada por ANID en el año de fallo, en pesos nominales (la base publica miles de pesos; aquí se convierte)",https://raw.githubusercontent.com/ANID-GITHUB/Historico-de-Proyectos-Adjudicados/master/BDH_HISTORICA.csv,2026-09-25T05:05:34+00:00,requests
anid,Universidad de la Frontera,2016,,proyectos_anid_adjudicados,68,proyectos,Iniciativas adjudicadas en el año de fallo,https://raw.githubusercontent.com/ANID-GITHUB/Historico-de-Proyectos-Adjudicados/master/BDH_HISTORICA.csv,2026-09-25T05:05:34+00:00,requests
anid,Universidad de la Frontera,2016,,montos_anid_con_industria,665349000,CLP,Parte adjudicada en instrumentos que suponen participación de empresas o transferencia,https://raw.githubusercontent.com/ANID-GITHUB/Historico-de-Proyectos-Adjudicados/master/BDH_HISTORICA.csv,2026-09-25T05:05:34+00:00,requests
anid,Universidad de la Frontera,2017,,montos_anid_adjudicados,6066478000,CLP,"Suma adjudicada por ANID en el año de fallo, en pesos nominales (la base publica miles de pesos; aquí se convierte)",https://raw.githubusercontent.com/ANID-GITHUB/Historico-de-Proyectos-Adjudicados/master/BDH_HISTORICA.csv,2026-09-25T05:05:34+00:00,requests
anid,Universidad de la Frontera,2017,,proyectos_anid_adjudicados,78,proyectos,Iniciativas adjudicadas en el año de fallo,https://raw.githubusercontent.com/ANID-GITHUB/Historico-de-Proyectos-Adjudicados/master/BDH_HISTORICA.csv,2026-09-25T05:05:34+00:00,requests
anid,Universidad de la Frontera,2017,,montos_anid_con_industria,536133000,CLP,Parte adjudicada en instrumentos que suponen participación de empresas o transferencia,https://raw.githubusercontent.com/ANID-GITHUB/Historico-de-Proyectos-Adjudicados/master/BDH_HISTORICA.csv,2026-09-25T05:05:34+00:00,requests
anid,Universidad de la Frontera,2018,,montos_anid_adjudicados,5932898000,CLP,"Suma adjudicada por ANID en el año de fallo, en pesos nominales (la base publica miles de pesos; aquí se convierte)",https://raw.githubusercontent.com/ANID-GITHUB/Historico-de-Proyectos-Adjudicados/master/BDH_HISTORICA.csv,2026-09-25T05:05:34+00:00,requests
anid,Universidad de la Frontera,2018,,proyectos_anid_adjudicados,80,proyectos,Iniciativas adjudicadas en el año de fallo,https://raw.githubusercontent.com/ANID-GITHUB/Historico-de-Proyectos-Adjudicados/master/BDH_HISTORICA.csv,2026-09-25T05:05:34+00:00,requests
anid,Universidad de la Frontera,2018,,montos_anid_con_industria,1217505000,CLP,Parte adjudicada en instrumentos que suponen participación de empresas o transferencia,https://raw.githubusercontent.com/ANID-GITHUB/Historico-de-Proyectos-Adjudicados/master/BDH_HISTORICA.csv,2026-09-25T05:05:34+00:00,requests
anid,Universidad de la Frontera,2019,,montos_anid_adjudicados,5017954000,CLP,"Suma adjudicada por ANID en el año de fallo, en pesos nominales (la base publica miles de pesos; aquí se convierte)",https://raw.githubusercontent.com/ANID-GITHUB/Historico-de-Proyectos-Adjudicados/master/BDH_HISTORICA.csv,2026-09-25T05:05:34+00:00,requests
anid,Universidad de la Frontera,2019,,proyectos_anid_adjudicados,63,proyectos,Iniciativas adjudicadas en el año de fallo,https://raw.githubusercontent.com/ANID-GITHUB/Historico-de-Proyectos-Adjudicados/master/BDH_HISTORICA.csv,2026-09-25T05:05:34+00:00,requests
anid,Universidad de la Frontera,2019,,montos_anid_con_industria,702439000,CLP,Parte adjudicada en instrumentos que suponen participación de empresas o transferencia,https://raw.githubusercontent.com/ANID-GITHUB/Historico-de-Proyectos-Adjudicados/master/BDH_HISTORICA.csv,2026-09-25T05:05:34+00:00,requests
anid,Universidad de la Frontera,2020,,montos_anid_adjudicados,6701816000,CLP,"Suma adjudicada por ANID en el año de fallo, en pesos nominales (la base publica miles de pesos; aquí se convierte)",https://raw.githubusercontent.com/ANID-GITHUB/Historico-de-Proyectos-Adjudicados/master/BDH_HISTORICA.csv,2026-09-25T05:05:34+00:00,requests
anid,Universidad de la Frontera,2020,,proyectos_anid_adjudicados,67,proyectos,Iniciativas adjudicadas en el año de fallo,https://raw.githubusercontent.com/ANID-GITHUB/Historico-de-Proyectos-Adjudicados/master/BDH_HISTORICA.csv,2026-09-25T05:05:34+00:00,requests
anid,Universidad de la Frontera,2020,,montos_anid_con_industria,1259947000,CLP,Parte adjudicada en instrumentos que suponen participación de empresas o transferencia,https://raw.githubusercontent.com/ANID-GITHUB/Historico-de-Proyectos-Adjudicados/master/BDH_HISTORICA.csv,2026-09-25T05:05:34+00:00,requests
anid,Universidad de la Frontera,2021,,montos_anid_adjudicados,8517269000,CLP,"Suma adjudicada por ANID en el año de fallo, en pesos nominales (la base publica miles de pesos; aquí se convierte)",https://raw.githubusercontent.com/ANID-GITHUB/Historico-de-Proyectos-Adjudicados/master/BDH_HISTORICA.csv,2026-09-25T05:05:34+00:00,requests
anid,Universidad de la Frontera,2021,,proyectos_anid_adjudicados,58,proyectos,Iniciativas adjudicadas en el año de fallo,https://raw.githubusercontent.com/ANID-GITHUB/Historico-de-Proyectos-Adjudicados/master/BDH_HISTORICA.csv,2026-09-25T05:05:34+00:00,requests
anid,Universidad de la Frontera,2021,,montos_anid_con_industria,882730000,CLP,Parte adjudicada en instrumentos que suponen participación de empresas o transferencia,https://raw.githubusercontent.com/ANID-GITHUB/Historico-de-Proyectos-Adjudicados/master/BDH_HISTORICA.csv,2026-09-25T05:05:34+00:00,requests
anid,Universidad de la Frontera,2022,,montos_anid_adjudicados,9707290000,CLP,"Suma adjudicada por ANID en el año de fallo, en pesos nominales (la base publica miles de pesos; aquí se convierte)",https://raw.githubusercontent.com/ANID-GITHUB/Historico-de-Proyectos-Adjudicados/master/BDH_HISTORICA.csv,2026-09-25T05:05:34+00:00,requests
anid,Universidad de la Frontera,2022,,proyectos_anid_adjudicados,63,proyectos,Iniciativas adjudicadas en el año de fallo,https://raw.githubusercontent.com/ANID-GITHUB/Historico-de-Proyectos-Adjudicados/master/BDH_HISTORICA.csv,2026-09-25T05:05:34+00:00,requests
anid,Universidad de la Frontera,2022,,montos_anid_con_industria,1209027000,CLP,Parte adjudicada en instrumentos que suponen participación de empresas o transferencia,https://raw.githubusercontent.com/ANID-GITHUB/Historico-de-Proyectos-Adjudicados/master/BDH_HISTORICA.csv,2026-09-25T05:05:34+00:00,requests
anid,Universidad de la Frontera,2023,,montos_anid_adjudicados,12881914000,CLP,"Suma adjudicada por ANID en el año de fallo, en pesos nominales (la base publica miles de pesos; aquí se convierte)",https://raw.githubusercontent.com/ANID-GITHUB/Historico-de-Proyectos-Adjudicados/master/BDH_HISTORICA.csv,2026-09-25T05:05:34+00:00,requests
anid,Universidad de la Frontera,2023,,proyectos_anid_adjudicados,90,proyectos,Iniciativas adjudicadas en el año de fallo,https://raw.githubusercontent.com/ANID-GITHUB/Historico-de-Proyectos-Adjudicados/master/BDH_HISTORICA.csv,2026-09-25T05:05:34+00:00,requests
anid,Universidad de la Frontera,2023,,montos_anid_con_industria,2044071000,CLP,Parte adjudicada en instrumentos que suponen participación de empresas o transferencia,https://raw.githubusercontent.com/ANID-GITHUB/Historico-de-Proyectos-Adjudicados/master/BDH_HISTORICA.csv,2026-09-25T05:05:34+00:00,requests
anid,Universidad de la Frontera,2024,,montos_anid_adjudicados,12011589105,CLP,"Suma adjudicada por ANID en el año de fallo, en pesos nominales (la base publica miles de pesos; aquí se convierte)",https://raw.githubusercontent.com/ANID-GITHUB/Historico-de-Proyectos-Adjudicados/master/BDH_HISTORICA.csv,2026-09-25T05:05:34+00:00,requests
anid,Universidad de la Frontera,2024,,proyectos_anid_adjudicados,73,proyectos,Iniciativas adjudicadas en el año de fallo,https://raw.githubusercontent.com/ANID-GITHUB/Historico-de-Proyectos-Adjudicados/master/BDH_HISTORICA.csv,2026-09-25T05:05:34+00:00,requests
anid,Universidad de la Frontera,2024,,montos_anid_con_industria,2140088105,CLP,Parte adjudicada en instrumentos que suponen participación de empresas o transferencia,https://raw.githubusercontent.com/ANID-GITHUB/Historico-de-Proyectos-Adjudicados/master/BDH_HISTORICA.csv,2026-09-25T05:05:34+00:00,requests
anid,Universidad de la Frontera,2025,,montos_anid_adjudicados,13549556000,CLP,"Suma adjudicada por ANID en el año de fallo, en pesos nominales (la base publica miles de pesos; aquí se convierte)",https://raw.githubusercontent.com/ANID-GITHUB/Historico-de-Proyectos-Adjudicados/master/BDH_HISTORICA.csv,2026-09-25T05:05:34+00:00,requests
anid,Universidad de la Frontera,2025,,proyectos_anid_adjudicados,81,proyectos,Iniciativas adjudicadas en el año de fallo,https://raw.githubusercontent.com/ANID-GITHUB/Historico-de-Proyectos-Adjudicados/master/BDH_HISTORICA.csv,2026-09-25T05:05:34+00:00,requests
anid,Universidad de la Frontera,2025,,montos_anid_con_industria,2822283000,CLP,Parte adjudicada en instrumentos que suponen participación de empresas o transferencia,https://raw.githubusercontent.com/ANID-GITHUB/Historico-de-Proyectos-Adjudicados/master/BDH_HISTORICA.csv,2026-09-25T05:05:34+00:00,requests
anid,Universidad de la Frontera,2026,,montos_anid_adjudicados,8798493000,CLP,"Suma adjudicada por ANID en el año de fallo, en pesos nominales (la base publica miles de pesos; aquí se convierte)",https://raw.githubusercontent.com/ANID-GITHUB/Historico-de-Proyectos-Adjudicados/master/BDH_HISTORICA.csv,2026-09-25T05:05:34+00:00,requests
anid,Universidad de la Frontera,2026,,proyectos_anid_adjudicados,53,proyectos,Iniciativas adjudicadas en el año de fallo,https://raw.githubusercontent.com/ANID-GITHUB/Historico-de-Proyectos-Adjudicados/master/BDH_HISTORICA.csv,2026-09-25T05:05:34+00:00,requests
anid,Universidad de la Frontera,2026,,montos_anid_con_industria,1364746000,CLP,Parte adjudicada en instrumentos que suponen participación de empresas o transferencia,https://raw.githubusercontent.com/ANID-GITHUB/Historico-de-Proyectos-Adjudicados/master/BDH_HISTORICA.csv,2026-09-25T05:05:34+00:00,requests
anid,Universidad de los Andes,2015,,montos_anid_adjudicados,1770487000,CLP,"Suma adjudicada por ANID en el año de fallo, en pesos nominales (la base publica miles de pesos; aquí se convierte)",https://raw.githubusercontent.com/ANID-GITHUB/Historico-de-Proyectos-Adjudicados/master/BDH_HISTORICA.csv,2026-09-25T05:05:34+00:00,requests
anid,Universidad de los Andes,2015,,proyectos_anid_adjudicados,27,proyectos,Iniciativas adjudicadas en el año de fallo,https://raw.githubusercontent.com/ANID-GITHUB/Historico-de-Proyectos-Adjudicados/master/BDH_HISTORICA.csv,2026-09-25T05:05:34+00:00,requests
anid,Universidad de los Andes,2015,,montos_anid_con_industria,149851000,CLP,Parte adjudicada en instrumentos que suponen participación de empresas o transferencia,https://raw.githubusercontent.com/ANID-GITHUB/Historico-de-Proyectos-Adjudicados/master/BDH_HISTORICA.csv,2026-09-25T05:05:34+00:00,requests
anid,Universidad de los Andes,2016,,montos_anid_adjudicados,2593807000,CLP,"Suma adjudicada por ANID en el año de fallo, en pesos nominales (la base publica miles de pesos; aquí se convierte)",https://raw.githubusercontent.com/ANID-GITHUB/Historico-de-Proyectos-Adjudicados/master/BDH_HISTORICA.csv,2026-09-25T05:05:34+00:00,requests
anid,Universidad de los Andes,2016,,proyectos_anid_adjudicados,27,proyectos,Iniciativas adjudicadas en el año de fallo,https://raw.githubusercontent.com/ANID-GITHUB/Historico-de-Proyectos-Adjudicados/master/BDH_HISTORICA.csv,2026-09-25T05:05:34+00:00,requests
anid,Universidad de los Andes,2016,,montos_anid_con_industria,601529000,CLP,Parte adjudicada en instrumentos que suponen participación de empresas o transferencia,https://raw.githubusercontent.com/ANID-GITHUB/Historico-de-Proyectos-Adjudicados/master/BDH_HISTORICA.csv,2026-09-25T05:05:34+00:00,requests
anid,Universidad de los Andes,2017,,montos_anid_adjudicados,2119147000,CLP,"Suma adjudicada por ANID en el año de fallo, en pesos nominales (la base publica miles de pesos; aquí se convierte)",https://raw.githubusercontent.com/ANID-GITHUB/Historico-de-Proyectos-Adjudicados/master/BDH_HISTORICA.csv,2026-09-25T05:05:34+00:00,requests
anid,Universidad de los Andes,2017,,proyectos_anid_adjudicados,21,proyectos,Iniciativas adjudicadas en el año de fallo,https://raw.githubusercontent.com/ANID-GITHUB/Historico-de-Proyectos-Adjudicados/master/BDH_HISTORICA.csv,2026-09-25T05:05:34+00:00,requests
anid,Universidad de los Andes,2017,,montos_anid_con_industria,749490000,CLP,Parte adjudicada en instrumentos que suponen participación de empresas o transferencia,https://raw.githubusercontent.com/ANID-GITHUB/Historico-de-Proyectos-Adjudicados/master/BDH_HISTORICA.csv,2026-09-25T05:05:34+00:00,requests
anid,Universidad de los Andes,2018,,montos_anid_adjudicados,1640374000,CLP,"Suma adjudicada por ANID en el año de fallo, en pesos nominales (la base publica miles de pesos; aquí se convierte)",https://raw.githubusercontent.com/ANID-GITHUB/Historico-de-Proyectos-Adjudicados/master/BDH_HISTORICA.csv,2026-09-25T05:05:34+00:00,requests
anid,Universidad de los Andes,2018,,proyectos_anid_adjudicados,22,proyectos,Iniciativas adjudicadas en el año de fallo,https://raw.githubusercontent.com/ANID-GITHUB/Historico-de-Proyectos-Adjudicados/master/BDH_HISTORICA.csv,2026-09-25T05:05:34+00:00,requests
anid,Universidad de los Andes,2018,,montos_anid_con_industria,143078000,CLP,Parte adjudicada en instrumentos que suponen participación de empresas o transferencia,https://raw.githubusercontent.com/ANID-GITHUB/Historico-de-Proyectos-Adjudicados/master/BDH_HISTORICA.csv,2026-09-25T05:05:34+00:00,requests
anid,Universidad de los Andes,2019,,montos_anid_adjudicados,2346352000,CLP,"Suma adjudicada por ANID en el año de fallo, en pesos nominales (la base publica miles de pesos; aquí se convierte)",https://raw.githubusercontent.com/ANID-GITHUB/Historico-de-Proyectos-Adjudicados/master/BDH_HISTORICA.csv,2026-09-25T05:05:34+00:00,requests
anid,Universidad de los Andes,2019,,proyectos_anid_adjudicados,26,proyectos,Iniciativas adjudicadas en el año de fallo,https://raw.githubusercontent.com/ANID-GITHUB/Historico-de-Proyectos-Adjudicados/master/BDH_HISTORICA.csv,2026-09-25T05:05:34+00:00,requests
anid,Universidad de los Andes,2019,,montos_anid_con_industria,399987000,CLP,Parte adjudicada en instrumentos que suponen participación de empresas o transferencia,https://raw.githubusercontent.com/ANID-GITHUB/Historico-de-Proyectos-Adjudicados/master/BDH_HISTORICA.csv,2026-09-25T05:05:34+00:00,requests
anid,Universidad de los Andes,2020,,montos_anid_adjudicados,3303770000,CLP,"Suma adjudicada por ANID en el año de fallo, en pesos nominales (la base publica miles de pesos; aquí se convierte)",https://raw.githubusercontent.com/ANID-GITHUB/Historico-de-Proyectos-Adjudicados/master/BDH_HISTORICA.csv,2026-09-25T05:05:34+00:00,requests
anid,Universidad de los Andes,2020,,proyectos_anid_adjudicados,33,proyectos,Iniciativas adjudicadas en el año de fallo,https://raw.githubusercontent.com/ANID-GITHUB/Historico-de-Proyectos-Adjudicados/master/BDH_HISTORICA.csv,2026-09-25T05:05:34+00:00,requests
anid,Universidad de los Andes,2020,,montos_anid_con_industria,149995000,CLP,Parte adjudicada en instrumentos que suponen participación de empresas o transferencia,https://raw.githubusercontent.com/ANID-GITHUB/Historico-de-Proyectos-Adjudicados/master/BDH_HISTORICA.csv,2026-09-25T05:05:34+00:00,requests
anid,Universidad de los Andes,2021,,montos_anid_adjudicados,10400005000,CLP,"Suma adjudicada por ANID en el año de fallo, en pesos nominales (la base publica miles de pesos; aquí se convierte)",https://raw.githubusercontent.com/ANID-GITHUB/Historico-de-Proyectos-Adjudicados/master/BDH_HISTORICA.csv,2026-09-25T05:05:34+00:00,requests
anid,Universidad de los Andes,2021,,proyectos_anid_adjudicados,25,proyectos,Iniciativas adjudicadas en el año de fallo,https://raw.githubusercontent.com/ANID-GITHUB/Historico-de-Proyectos-Adjudicados/master/BDH_HISTORICA.csv,2026-09-25T05:05:34+00:00,requests
anid,Universidad de los Andes,2021,,montos_anid_con_industria,1039974000,CLP,Parte adjudicada en instrumentos que suponen participación de empresas o transferencia,https://raw.githubusercontent.com/ANID-GITHUB/Historico-de-Proyectos-Adjudicados/master/BDH_HISTORICA.csv,2026-09-25T05:05:34+00:00,requests
anid,Universidad de los Andes,2022,,montos_anid_adjudicados,6027520000,CLP,"Suma adjudicada por ANID en el año de fallo, en pesos nominales (la base publica miles de pesos; aquí se convierte)",https://raw.githubusercontent.com/ANID-GITHUB/Historico-de-Proyectos-Adjudicados/master/BDH_HISTORICA.csv,2026-09-25T05:05:34+00:00,requests
anid,Universidad de los Andes,2022,,proyectos_anid_adjudicados,43,proyectos,Iniciativas adjudicadas en el año de fallo,https://raw.githubusercontent.com/ANID-GITHUB/Historico-de-Proyectos-Adjudicados/master/BDH_HISTORICA.csv,2026-09-25T05:05:34+00:00,requests
anid,Universidad de los Andes,2022,,montos_anid_con_industria,1189320000,CLP,Parte adjudicada en instrumentos que suponen participación de empresas o transferencia,https://raw.githubusercontent.com/ANID-GITHUB/Historico-de-Proyectos-Adjudicados/master/BDH_HISTORICA.csv,2026-09-25T05:05:34+00:00,requests
anid,Universidad de los Andes,2023,,montos_anid_adjudicados,4694443000,CLP,"Suma adjudicada por ANID en el año de fallo, en pesos nominales (la base publica miles de pesos; aquí se convierte)",https://raw.githubusercontent.com/ANID-GITHUB/Historico-de-Proyectos-Adjudicados/master/BDH_HISTORICA.csv,2026-09-25T05:05:34+00:00,requests
anid,Universidad de los Andes,2023,,proyectos_anid_adjudicados,43,proyectos,Iniciativas adjudicadas en el año de fallo,https://raw.githubusercontent.com/ANID-GITHUB/Historico-de-Proyectos-Adjudicados/master/BDH_HISTORICA.csv,2026-09-25T05:05:34+00:00,requests
anid,Universidad de los Andes,2023,,montos_anid_con_industria,1480262000,CLP,Parte adjudicada en instrumentos que suponen participación de empresas o transferencia,https://raw.githubusercontent.com/ANID-GITHUB/Historico-de-Proyectos-Adjudicados/master/BDH_HISTORICA.csv,2026-09-25T05:05:34+00:00,requests
anid,Universidad de los Andes,2024,,montos_anid_adjudicados,5607238000,CLP,"Suma adjudicada por ANID en el año de fallo, en pesos nominales (la base publica miles de pesos; aquí se convierte)",https://raw.githubusercontent.com/ANID-GITHUB/Historico-de-Proyectos-Adjudicados/master/BDH_HISTORICA.csv,2026-09-25T05:05:34+00:00,requests
anid,Universidad de los Andes,2024,,proyectos_anid_adjudicados,40,proyectos,Iniciativas adjudicadas en el año de fallo,https://raw.githubusercontent.com/ANID-GITHUB/Historico-de-Proyectos-Adjudicados/master/BDH_HISTORICA.csv,2026-09-25T05:05:34+00:00,requests
anid,Universidad de los Andes,2024,,montos_anid_con_industria,1375099000,CLP,Parte adjudicada en instrumentos que suponen participación de empresas o transferencia,https://raw.githubusercontent.com/ANID-GITHUB/Historico-de-Proyectos-Adjudicados/master/BDH_HISTORICA.csv,2026-09-25T05:05:34+00:00,requests
anid,Universidad de los Andes,2025,,montos_anid_adjudicados,6513328000,CLP,"Suma adjudicada por ANID en el año de fallo, en pesos nominales (la base publica miles de pesos; aquí se convierte)",https://raw.githubusercontent.com/ANID-GITHUB/Historico-de-Proyectos-Adjudicados/master/BDH_HISTORICA.csv,2026-09-25T05:05:34+00:00,requests
anid,Universidad de los Andes,2025,,proyectos_anid_adjudicados,46,proyectos,Iniciativas adjudicadas en el año de fallo,https://raw.githubusercontent.com/ANID-GITHUB/Historico-de-Proyectos-Adjudicados/master/BDH_HISTORICA.csv,2026-09-25T05:05:34+00:00,requests
anid,Universidad de los Andes,2025,,montos_anid_con_industria,1492866000,CLP,Parte adjudicada en instrumentos que suponen participación de empresas o transferencia,https://raw.githubusercontent.com/ANID-GITHUB/Historico-de-Proyectos-Adjudicados/master/BDH_HISTORICA.csv,2026-09-25T05:05:34+00:00,requests
anid,Universidad de los Andes,2026,,montos_anid_adjudicados,5175549000,CLP,"Suma adjudicada por ANID en el año de fallo, en pesos nominales (la base publica miles de pesos; aquí se convierte)",https://raw.githubusercontent.com/ANID-GITHUB/Historico-de-Proyectos-Adjudicados/master/BDH_HISTORICA.csv,2026-09-25T05:05:34+00:00,requests
anid,Universidad de los Andes,2026,,proyectos_anid_adjudicados,34,proyectos,Iniciativas adjudicadas en el año de fallo,https://raw.githubusercontent.com/ANID-GITHUB/Historico-de-Proyectos-Adjudicados/master/BDH_HISTORICA.csv,2026-09-25T05:05:34+00:00,requests
anid,Universidad de los Andes,2026,,montos_anid_con_industria,1138497000,CLP,Parte adjudicada en instrumentos que suponen participación de empresas o transferencia,https://raw.githubusercontent.com/ANID-GITHUB/Historico-de-Proyectos-Adjudicados/master/BDH_HISTORICA.csv,2026-09-25T05:05:34+00:00,requests
anid,Universidad del Bio-Bio,2015,,montos_anid_adjudicados,1589454000,CLP,"Suma adjudicada por ANID en el año de fallo, en pesos nominales (la base publica miles de pesos; aquí se convierte)",https://raw.githubusercontent.com/ANID-GITHUB/Historico-de-Proyectos-Adjudicados/master/BDH_HISTORICA.csv,2026-09-25T05:05:34+00:00,requests
anid,Universidad del Bio-Bio,2015,,proyectos_anid_adjudicados,37,proyectos,Iniciativas adjudicadas en el año de fallo,https://raw.githubusercontent.com/ANID-GITHUB/Historico-de-Proyectos-Adjudicados/master/BDH_HISTORICA.csv,2026-09-25T05:05:34+00:00,requests
anid,Universidad del Bio-Bio,2015,,montos_anid_con_industria,562685000,CLP,Parte adjudicada en instrumentos que suponen participación de empresas o transferencia,https://raw.githubusercontent.com/ANID-GITHUB/Historico-de-Proyectos-Adjudicados/master/BDH_HISTORICA.csv,2026-09-25T05:05:34+00:00,requests
anid,Universidad del Bio-Bio,2016,,montos_anid_adjudicados,1497080000,CLP,"Suma adjudicada por ANID en el año de fallo, en pesos nominales (la base publica miles de pesos; aquí se convierte)",https://raw.githubusercontent.com/ANID-GITHUB/Historico-de-Proyectos-Adjudicados/master/BDH_HISTORICA.csv,2026-09-25T05:05:34+00:00,requests
anid,Universidad del Bio-Bio,2016,,proyectos_anid_adjudicados,32,proyectos,Iniciativas adjudicadas en el año de fallo,https://raw.githubusercontent.com/ANID-GITHUB/Historico-de-Proyectos-Adjudicados/master/BDH_HISTORICA.csv,2026-09-25T05:05:34+00:00,requests
anid,Universidad del Bio-Bio,2016,,montos_anid_con_industria,317965000,CLP,Parte adjudicada en instrumentos que suponen participación de empresas o transferencia,https://raw.githubusercontent.com/ANID-GITHUB/Historico-de-Proyectos-Adjudicados/master/BDH_HISTORICA.csv,2026-09-25T05:05:34+00:00,requests
anid,Universidad del Bio-Bio,2017,,montos_anid_adjudicados,2159042000,CLP,"Suma adjudicada por ANID en el año de fallo, en pesos nominales (la base publica miles de pesos; aquí se convierte)",https://raw.githubusercontent.com/ANID-GITHUB/Historico-de-Proyectos-Adjudicados/master/BDH_HISTORICA.csv,2026-09-25T05:05:34+00:00,requests
anid,Universidad del Bio-Bio,2017,,proyectos_anid_adjudicados,24,proyectos,Iniciativas adjudicadas en el año de fallo,https://raw.githubusercontent.com/ANID-GITHUB/Historico-de-Proyectos-Adjudicados/master/BDH_HISTORICA.csv,2026-09-25T05:05:34+00:00,requests
anid,Universidad del Bio-Bio,2017,,montos_anid_con_industria,673991000,CLP,Parte adjudicada en instrumentos que suponen participación de empresas o transferencia,https://raw.githubusercontent.com/ANID-GITHUB/Historico-de-Proyectos-Adjudicados/master/BDH_HISTORICA.csv,2026-09-25T05:05:34+00:00,requests
anid,Universidad del Bio-Bio,2018,,montos_anid_adjudicados,1967953000,CLP,"Suma adjudicada por ANID en el año de fallo, en pesos nominales (la base publica miles de pesos; aquí se convierte)",https://raw.githubusercontent.com/ANID-GITHUB/Historico-de-Proyectos-Adjudicados/master/BDH_HISTORICA.csv,2026-09-25T05:05:34+00:00,requests
anid,Universidad del Bio-Bio,2018,,proyectos_anid_adjudicados,26,proyectos,Iniciativas adjudicadas en el año de fallo,https://raw.githubusercontent.com/ANID-GITHUB/Historico-de-Proyectos-Adjudicados/master/BDH_HISTORICA.csv,2026-09-25T05:05:34+00:00,requests
anid,Universidad del Bio-Bio,2018,,montos_anid_con_industria,710944000,CLP,Parte adjudicada en instrumentos que suponen participación de empresas o transferencia,https://raw.githubusercontent.com/ANID-GITHUB/Historico-de-Proyectos-Adjudicados/master/BDH_HISTORICA.csv,2026-09-25T05:05:34+00:00,requests
anid,Universidad del Bio-Bio,2019,,montos_anid_adjudicados,3459574000,CLP,"Suma adjudicada por ANID en el año de fallo, en pesos nominales (la base publica miles de pesos; aquí se convierte)",https://raw.githubusercontent.com/ANID-GITHUB/Historico-de-Proyectos-Adjudicados/master/BDH_HISTORICA.csv,2026-09-25T05:05:34+00:00,requests
anid,Universidad del Bio-Bio,2019,,proyectos_anid_adjudicados,40,proyectos,Iniciativas adjudicadas en el año de fallo,https://raw.githubusercontent.com/ANID-GITHUB/Historico-de-Proyectos-Adjudicados/master/BDH_HISTORICA.csv,2026-09-25T05:05:34+00:00,requests
anid,Universidad del Bio-Bio,2019,,montos_anid_con_industria,716817000,CLP,Parte adjudicada en instrumentos que suponen participación de empresas o transferencia,https://raw.githubusercontent.com/ANID-GITHUB/Historico-de-Proyectos-Adjudicados/master/BDH_HISTORICA.csv,2026-09-25T05:05:34+00:00,requests
anid,Universidad del Bio-Bio,2020,,montos_anid_adjudicados,2569494000,CLP,"Suma adjudicada por ANID en el año de fallo, en pesos nominales (la base publica miles de pesos; aquí se convierte)",https://raw.githubusercontent.com/ANID-GITHUB/Historico-de-Proyectos-Adjudicados/master/BDH_HISTORICA.csv,2026-09-25T05:05:34+00:00,requests
anid,Universidad del Bio-Bio,2020,,proyectos_anid_adjudicados,27,proyectos,Iniciativas adjudicadas en el año de fallo,https://raw.githubusercontent.com/ANID-GITHUB/Historico-de-Proyectos-Adjudicados/master/BDH_HISTORICA.csv,2026-09-25T05:05:34+00:00,requests
anid,Universidad del Bio-Bio,2020,,montos_anid_con_industria,355999000,CLP,Parte adjudicada en instrumentos que suponen participación de empresas o transferencia,https://raw.githubusercontent.com/ANID-GITHUB/Historico-de-Proyectos-Adjudicados/master/BDH_HISTORICA.csv,2026-09-25T05:05:34+00:00,requests
anid,Universidad del Bio-Bio,2021,,montos_anid_adjudicados,3764291000,CLP,"Suma adjudicada por ANID en el año de fallo, en pesos nominales (la base publica miles de pesos; aquí se convierte)",https://raw.githubusercontent.com/ANID-GITHUB/Historico-de-Proyectos-Adjudicados/master/BDH_HISTORICA.csv,2026-09-25T05:05:34+00:00,requests
anid,Universidad del Bio-Bio,2021,,proyectos_anid_adjudicados,27,proyectos,Iniciativas adjudicadas en el año de fallo,https://raw.githubusercontent.com/ANID-GITHUB/Historico-de-Proyectos-Adjudicados/master/BDH_HISTORICA.csv,2026-09-25T05:05:34+00:00,requests
anid,Universidad del Bio-Bio,2021,,montos_anid_con_industria,729734000,CLP,Parte adjudicada en instrumentos que suponen participación de empresas o transferencia,https://raw.githubusercontent.com/ANID-GITHUB/Historico-de-Proyectos-Adjudicados/master/BDH_HISTORICA.csv,2026-09-25T05:05:34+00:00,requests
anid,Universidad del Bio-Bio,2022,,montos_anid_adjudicados,5094320000,CLP,"Suma adjudicada por ANID en el año de fallo, en pesos nominales (la base publica miles de pesos; aquí se convierte)",https://raw.githubusercontent.com/ANID-GITHUB/Historico-de-Proyectos-Adjudicados/master/BDH_HISTORICA.csv,2026-09-25T05:05:34+00:00,requests
anid,Universidad del Bio-Bio,2022,,proyectos_anid_adjudicados,41,proyectos,Iniciativas adjudicadas en el año de fallo,https://raw.githubusercontent.com/ANID-GITHUB/Historico-de-Proyectos-Adjudicados/master/BDH_HISTORICA.csv,2026-09-25T05:05:34+00:00,requests
anid,Universidad del Bio-Bio,2022,,montos_anid_con_industria,1327406000,CLP,Parte adjudicada en instrumentos que suponen participación de empresas o transferencia,https://raw.githubusercontent.com/ANID-GITHUB/Historico-de-Proyectos-Adjudicados/master/BDH_HISTORICA.csv,2026-09-25T05:05:34+00:00,requests
anid,Universidad del Bio-Bio,2023,,montos_anid_adjudicados,4761146000,CLP,"Suma adjudicada por ANID en el año de fallo, en pesos nominales (la base publica miles de pesos; aquí se convierte)",https://raw.githubusercontent.com/ANID-GITHUB/Historico-de-Proyectos-Adjudicados/master/BDH_HISTORICA.csv,2026-09-25T05:05:34+00:00,requests
anid,Universidad del Bio-Bio,2023,,proyectos_anid_adjudicados,35,proyectos,Iniciativas adjudicadas en el año de fallo,https://raw.githubusercontent.com/ANID-GITHUB/Historico-de-Proyectos-Adjudicados/master/BDH_HISTORICA.csv,2026-09-25T05:05:34+00:00,requests
anid,Universidad del Bio-Bio,2023,,montos_anid_con_industria,1476964000,CLP,Parte adjudicada en instrumentos que suponen participación de empresas o transferencia,https://raw.githubusercontent.com/ANID-GITHUB/Historico-de-Proyectos-Adjudicados/master/BDH_HISTORICA.csv,2026-09-25T05:05:34+00:00,requests
anid,Universidad del Bio-Bio,2024,,montos_anid_adjudicados,5067020080,CLP,"Suma adjudicada por ANID en el año de fallo, en pesos nominales (la base publica miles de pesos; aquí se convierte)",https://raw.githubusercontent.com/ANID-GITHUB/Historico-de-Proyectos-Adjudicados/master/BDH_HISTORICA.csv,2026-09-25T05:05:34+00:00,requests
anid,Universidad del Bio-Bio,2024,,proyectos_anid_adjudicados,29,proyectos,Iniciativas adjudicadas en el año de fallo,https://raw.githubusercontent.com/ANID-GITHUB/Historico-de-Proyectos-Adjudicados/master/BDH_HISTORICA.csv,2026-09-25T05:05:34+00:00,requests
anid,Universidad del Bio-Bio,2024,,montos_anid_con_industria,1145787080,CLP,Parte adjudicada en instrumentos que suponen participación de empresas o transferencia,https://raw.githubusercontent.com/ANID-GITHUB/Historico-de-Proyectos-Adjudicados/master/BDH_HISTORICA.csv,2026-09-25T05:05:34+00:00,requests
anid,Universidad del Bio-Bio,2025,,montos_anid_adjudicados,6184392000,CLP,"Suma adjudicada por ANID en el año de fallo, en pesos nominales (la base publica miles de pesos; aquí se convierte)",https://raw.githubusercontent.com/ANID-GITHUB/Historico-de-Proyectos-Adjudicados/master/BDH_HISTORICA.csv,2026-09-25T05:05:34+00:00,requests
anid,Universidad del Bio-Bio,2025,,proyectos_anid_adjudicados,44,proyectos,Iniciativas adjudicadas en el año de fallo,https://raw.githubusercontent.com/ANID-GITHUB/Historico-de-Proyectos-Adjudicados/master/BDH_HISTORICA.csv,2026-09-25T05:05:34+00:00,requests
anid,Universidad del Bio-Bio,2025,,montos_anid_con_industria,2917874000,CLP,Parte adjudicada en instrumentos que suponen participación de empresas o transferencia,https://raw.githubusercontent.com/ANID-GITHUB/Historico-de-Proyectos-Adjudicados/master/BDH_HISTORICA.csv,2026-09-25T05:05:34+00:00,requests
anid,Universidad del Bio-Bio,2026,,montos_anid_adjudicados,3053862000,CLP,"Suma adjudicada por ANID en el año de fallo, en pesos nominales (la base publica miles de pesos; aquí se convierte)",https://raw.githubusercontent.com/ANID-GITHUB/Historico-de-Proyectos-Adjudicados/master/BDH_HISTORICA.csv,2026-09-25T05:05:34+00:00,requests
anid,Universidad del Bio-Bio,2026,,proyectos_anid_adjudicados,22,proyectos,Iniciativas adjudicadas en el año de fallo,https://raw.githubusercontent.com/ANID-GITHUB/Historico-de-Proyectos-Adjudicados/master/BDH_HISTORICA.csv,2026-09-25T05:05:34+00:00,requests
anid,Universidad del Bio-Bio,2026,,montos_anid_con_industria,1366180000,CLP,Parte adjudicada en instrumentos que suponen participación de empresas o transferencia,https://raw.githubusercontent.com/ANID-GITHUB/Historico-de-Proyectos-Adjudicados/master/BDH_HISTORICA.csv,2026-09-25T05:05:34+00:00,requests
anid,Universidad del Desarrollo,2015,,montos_anid_adjudicados,1160512000,CLP,"Suma adjudicada por ANID en el año de fallo, en pesos nominales (la base publica miles de pesos; aquí se convierte)",https://raw.githubusercontent.com/ANID-GITHUB/Historico-de-Proyectos-Adjudicados/master/BDH_HISTORICA.csv,2026-09-25T05:05:34+00:00,requests
anid,Universidad del Desarrollo,2015,,proyectos_anid_adjudicados,13,proyectos,Iniciativas adjudicadas en el año de fallo,https://raw.githubusercontent.com/ANID-GITHUB/Historico-de-Proyectos-Adjudicados/master/BDH_HISTORICA.csv,2026-09-25T05:05:34+00:00,requests
anid,Universidad del Desarrollo,2016,,montos_anid_adjudicados,1041829000,CLP,"Suma adjudicada por ANID en el año de fallo, en pesos nominales (la base publica miles de pesos; aquí se convierte)",https://raw.githubusercontent.com/ANID-GITHUB/Historico-de-Proyectos-Adjudicados/master/BDH_HISTORICA.csv,2026-09-25T05:05:34+00:00,requests
anid,Universidad del Desarrollo,2016,,proyectos_anid_adjudicados,9,proyectos,Iniciativas adjudicadas en el año de fallo,https://raw.githubusercontent.com/ANID-GITHUB/Historico-de-Proyectos-Adjudicados/master/BDH_HISTORICA.csv,2026-09-25T05:05:34+00:00,requests
anid,Universidad del Desarrollo,2016,,montos_anid_con_industria,146810000,CLP,Parte adjudicada en instrumentos que suponen participación de empresas o transferencia,https://raw.githubusercontent.com/ANID-GITHUB/Historico-de-Proyectos-Adjudicados/master/BDH_HISTORICA.csv,2026-09-25T05:05:34+00:00,requests
anid,Universidad del Desarrollo,2017,,montos_anid_adjudicados,1382823000,CLP,"Suma adjudicada por ANID en el año de fallo, en pesos nominales (la base publica miles de pesos; aquí se convierte)",https://raw.githubusercontent.com/ANID-GITHUB/Historico-de-Proyectos-Adjudicados/master/BDH_HISTORICA.csv,2026-09-25T05:05:34+00:00,requests
anid,Universidad del Desarrollo,2017,,proyectos_anid_adjudicados,17,proyectos,Iniciativas adjudicadas en el año de fallo,https://raw.githubusercontent.com/ANID-GITHUB/Historico-de-Proyectos-Adjudicados/master/BDH_HISTORICA.csv,2026-09-25T05:05:34+00:00,requests
anid,Universidad del Desarrollo,2017,,montos_anid_con_industria,122530000,CLP,Parte adjudicada en instrumentos que suponen participación de empresas o transferencia,https://raw.githubusercontent.com/ANID-GITHUB/Historico-de-Proyectos-Adjudicados/master/BDH_HISTORICA.csv,2026-09-25T05:05:34+00:00,requests
anid,Universidad del Desarrollo,2018,,montos_anid_adjudicados,2201086000,CLP,"Suma adjudicada por ANID en el año de fallo, en pesos nominales (la base publica miles de pesos; aquí se convierte)",https://raw.githubusercontent.com/ANID-GITHUB/Historico-de-Proyectos-Adjudicados/master/BDH_HISTORICA.csv,2026-09-25T05:05:34+00:00,requests
anid,Universidad del Desarrollo,2018,,proyectos_anid_adjudicados,28,proyectos,Iniciativas adjudicadas en el año de fallo,https://raw.githubusercontent.com/ANID-GITHUB/Historico-de-Proyectos-Adjudicados/master/BDH_HISTORICA.csv,2026-09-25T05:05:34+00:00,requests
anid,Universidad del Desarrollo,2018,,montos_anid_con_industria,52000000,CLP,Parte adjudicada en instrumentos que suponen participación de empresas o transferencia,https://raw.githubusercontent.com/ANID-GITHUB/Historico-de-Proyectos-Adjudicados/master/BDH_HISTORICA.csv,2026-09-25T05:05:34+00:00,requests
anid,Universidad del Desarrollo,2019,,montos_anid_adjudicados,2328661000,CLP,"Suma adjudicada por ANID en el año de fallo, en pesos nominales (la base publica miles de pesos; aquí se convierte)",https://raw.githubusercontent.com/ANID-GITHUB/Historico-de-Proyectos-Adjudicados/master/BDH_HISTORICA.csv,2026-09-25T05:05:34+00:00,requests
anid,Universidad del Desarrollo,2019,,proyectos_anid_adjudicados,23,proyectos,Iniciativas adjudicadas en el año de fallo,https://raw.githubusercontent.com/ANID-GITHUB/Historico-de-Proyectos-Adjudicados/master/BDH_HISTORICA.csv,2026-09-25T05:05:34+00:00,requests
anid,Universidad del Desarrollo,2019,,montos_anid_con_industria,586266000,CLP,Parte adjudicada en instrumentos que suponen participación de empresas o transferencia,https://raw.githubusercontent.com/ANID-GITHUB/Historico-de-Proyectos-Adjudicados/master/BDH_HISTORICA.csv,2026-09-25T05:05:34+00:00,requests
anid,Universidad del Desarrollo,2020,,montos_anid_adjudicados,2571180000,CLP,"Suma adjudicada por ANID en el año de fallo, en pesos nominales (la base publica miles de pesos; aquí se convierte)",https://raw.githubusercontent.com/ANID-GITHUB/Historico-de-Proyectos-Adjudicados/master/BDH_HISTORICA.csv,2026-09-25T05:05:34+00:00,requests
anid,Universidad del Desarrollo,2020,,proyectos_anid_adjudicados,15,proyectos,Iniciativas adjudicadas en el año de fallo,https://raw.githubusercontent.com/ANID-GITHUB/Historico-de-Proyectos-Adjudicados/master/BDH_HISTORICA.csv,2026-09-25T05:05:34+00:00,requests
anid,Universidad del Desarrollo,2020,,montos_anid_con_industria,24000000,CLP,Parte adjudicada en instrumentos que suponen participación de empresas o transferencia,https://raw.githubusercontent.com/ANID-GITHUB/Historico-de-Proyectos-Adjudicados/master/BDH_HISTORICA.csv,2026-09-25T05:05:34+00:00,requests
anid,Universidad del Desarrollo,2021,,montos_anid_adjudicados,2580218000,CLP,"Suma adjudicada por ANID en el año de fallo, en pesos nominales (la base publica miles de pesos; aquí se convierte)",https://raw.githubusercontent.com/ANID-GITHUB/Historico-de-Proyectos-Adjudicados/master/BDH_HISTORICA.csv,2026-09-25T05:05:34+00:00,requests
anid,Universidad del Desarrollo,2021,,proyectos_anid_adjudicados,16,proyectos,Iniciativas adjudicadas en el año de fallo,https://raw.githubusercontent.com/ANID-GITHUB/Historico-de-Proyectos-Adjudicados/master/BDH_HISTORICA.csv,2026-09-25T05:05:34+00:00,requests
anid,Universidad del Desarrollo,2021,,montos_anid_con_industria,370846000,CLP,Parte adjudicada en instrumentos que suponen participación de empresas o transferencia,https://raw.githubusercontent.com/ANID-GITHUB/Historico-de-Proyectos-Adjudicados/master/BDH_HISTORICA.csv,2026-09-25T05:05:34+00:00,requests
anid,Universidad del Desarrollo,2022,,montos_anid_adjudicados,4816915000,CLP,"Suma adjudicada por ANID en el año de fallo, en pesos nominales (la base publica miles de pesos; aquí se convierte)",https://raw.githubusercontent.com/ANID-GITHUB/Historico-de-Proyectos-Adjudicados/master/BDH_HISTORICA.csv,2026-09-25T05:05:34+00:00,requests
anid,Universidad del Desarrollo,2022,,proyectos_anid_adjudicados,34,proyectos,Iniciativas adjudicadas en el año de fallo,https://raw.githubusercontent.com/ANID-GITHUB/Historico-de-Proyectos-Adjudicados/master/BDH_HISTORICA.csv,2026-09-25T05:05:34+00:00,requests
anid,Universidad del Desarrollo,2022,,montos_anid_con_industria,381512000,CLP,Parte adjudicada en instrumentos que suponen participación de empresas o transferencia,https://raw.githubusercontent.com/ANID-GITHUB/Historico-de-Proyectos-Adjudicados/master/BDH_HISTORICA.csv,2026-09-25T05:05:34+00:00,requests
anid,Universidad del Desarrollo,2023,,montos_anid_adjudicados,3610332000,CLP,"Suma adjudicada por ANID en el año de fallo, en pesos nominales (la base publica miles de pesos; aquí se convierte)",https://raw.githubusercontent.com/ANID-GITHUB/Historico-de-Proyectos-Adjudicados/master/BDH_HISTORICA.csv,2026-09-25T05:05:34+00:00,requests
anid,Universidad del Desarrollo,2023,,proyectos_anid_adjudicados,21,proyectos,Iniciativas adjudicadas en el año de fallo,https://raw.githubusercontent.com/ANID-GITHUB/Historico-de-Proyectos-Adjudicados/master/BDH_HISTORICA.csv,2026-09-25T05:05:34+00:00,requests
anid,Universidad del Desarrollo,2023,,montos_anid_con_industria,346712000,CLP,Parte adjudicada en instrumentos que suponen participación de empresas o transferencia,https://raw.githubusercontent.com/ANID-GITHUB/Historico-de-Proyectos-Adjudicados/master/BDH_HISTORICA.csv,2026-09-25T05:05:34+00:00,requests
anid,Universidad del Desarrollo,2024,,montos_anid_adjudicados,2974651000,CLP,"Suma adjudicada por ANID en el año de fallo, en pesos nominales (la base publica miles de pesos; aquí se convierte)",https://raw.githubusercontent.com/ANID-GITHUB/Historico-de-Proyectos-Adjudicados/master/BDH_HISTORICA.csv,2026-09-25T05:05:34+00:00,requests
anid,Universidad del Desarrollo,2024,,proyectos_anid_adjudicados,19,proyectos,Iniciativas adjudicadas en el año de fallo,https://raw.githubusercontent.com/ANID-GITHUB/Historico-de-Proyectos-Adjudicados/master/BDH_HISTORICA.csv,2026-09-25T05:05:34+00:00,requests
anid,Universidad del Desarrollo,2024,,montos_anid_con_industria,453500000,CLP,Parte adjudicada en instrumentos que suponen participación de empresas o transferencia,https://raw.githubusercontent.com/ANID-GITHUB/Historico-de-Proyectos-Adjudicados/master/BDH_HISTORICA.csv,2026-09-25T05:05:34+00:00,requests
anid,Universidad del Desarrollo,2025,,montos_anid_adjudicados,3831129000,CLP,"Suma adjudicada por ANID en el año de fallo, en pesos nominales (la base publica miles de pesos; aquí se convierte)",https://raw.githubusercontent.com/ANID-GITHUB/Historico-de-Proyectos-Adjudicados/master/BDH_HISTORICA.csv,2026-09-25T05:05:34+00:00,requests
anid,Universidad del Desarrollo,2025,,proyectos_anid_adjudicados,23,proyectos,Iniciativas adjudicadas en el año de fallo,https://raw.githubusercontent.com/ANID-GITHUB/Historico-de-Proyectos-Adjudicados/master/BDH_HISTORICA.csv,2026-09-25T05:05:34+00:00,requests
anid,Universidad del Desarrollo,2025,,montos_anid_con_industria,70000000,CLP,Parte adjudicada en instrumentos que suponen participación de empresas o transferencia,https://raw.githubusercontent.com/ANID-GITHUB/Historico-de-Proyectos-Adjudicados/master/BDH_HISTORICA.csv,2026-09-25T05:05:34+00:00,requests
anid,Universidad del Desarrollo,2026,,montos_anid_adjudicados,4582616000,CLP,"Suma adjudicada por ANID en el año de fallo, en pesos nominales (la base publica miles de pesos; aquí se convierte)",https://raw.githubusercontent.com/ANID-GITHUB/Historico-de-Proyectos-Adjudicados/master/BDH_HISTORICA.csv,2026-09-25T05:05:34+00:00,requests
anid,Universidad del Desarrollo,2026,,proyectos_anid_adjudicados,27,proyectos,Iniciativas adjudicadas en el año de fallo,https://raw.githubusercontent.com/ANID-GITHUB/Historico-de-Proyectos-Adjudicados/master/BDH_HISTORICA.csv,2026-09-25T05:05:34+00:00,requests
anid,Universidad del Desarrollo,2026,,montos_anid_con_industria,224352000,CLP,Parte adjudicada en instrumentos que suponen participación de empresas o transferencia,https://raw.githubusercontent.com/ANID-GITHUB/Historico-de-Proyectos-Adjudicados/master/BDH_HISTORICA.csv,2026-09-25T05:05:34+00:00,requests
anid,Universidad del Pacifico,2016,,montos_anid_adjudicados,200000000,CLP,"Suma adjudicada por ANID en el año de fallo, en pesos nominales (la base publica miles de pesos; aquí se convierte)",https://raw.githubusercontent.com/ANID-GITHUB/Historico-de-Proyectos-Adjudicados/master/BDH_HISTORICA.csv,2026-09-25T05:05:34+00:00,requests
anid,Universidad del Pacifico,2016,,proyectos_anid_adjudicados,1,proyectos,Iniciativas adjudicadas en el año de fallo,https://raw.githubusercontent.com/ANID-GITHUB/Historico-de-Proyectos-Adjudicados/master/BDH_HISTORICA.csv,2026-09-25T05:05:34+00:00,requests
